inheritor_id,name,gender,ethnicity,project_code,project_code_raw,child_num,project_name,category,region_raw,province,inheritor_batch_no,publish_year,source_url,collected_at,raw_record_id
inheritor_716,王安江,男,苗族,I-1,I-1,I-001_01_522630,苗族古歌,民间文学,贵州省台江县,贵州省,1,2007,http://www.ihchina.cn/art/representative.html?limit=100&p=1,2026-08-06T10:35:17+00:00,716
inheritor_717,刘永洪,男,苗族,I-1,I-1,I-001_01_522630,苗族古歌,民间文学,贵州省台江县,贵州省,1,2007,http://www.ihchina.cn/art/representative.html?limit=100&p=1,2026-08-06T10:35:17+00:00,717
inheritor_718,龙通珍,女,苗族,I-1,I-1,I-001_01_522622,苗族古歌,民间文学,贵州省黄平县,贵州省,1,2007,http://www.ihchina.cn/art/representative.html?limit=100&p=1,2026-08-06T10:35:17+00:00,718
inheritor_719,王明芝,女,苗族,I-1,I-1,I-001_01_522622,苗族古歌,民间文学,贵州省黄平县,贵州省,1,2007,http://www.ihchina.cn/art/representative.html?limit=100&p=1,2026-08-06T10:35:17+00:00,719
inheritor_720,曹明宽,男,阿昌族,I-3,I-3,I-003_01_533122,遮帕麻和遮咪麻,民间文学,云南省梁河县,云南省,1,2007,http://www.ihchina.cn/art/representative.html?limit=100&p=1,2026-08-06T10:35:17+00:00,720
inheritor_721,李扎戈,男,拉祜族,I-4,I-4,I-004_01_530802,牡帕密帕,民间文学,云南省普洱市,云南省,1,2007,http://www.ihchina.cn/art/representative.html?limit=100&p=1,2026-08-06T10:35:17+00:00,721
inheritor_722,李扎倮,男,拉祜族,I-4,I-4,I-004_01_530802,牡帕密帕,民间文学,云南省普洱市,云南省,1,2007,http://www.ihchina.cn/art/representative.html?limit=100&p=1,2026-08-06T10:35:17+00:00,722
inheritor_723,石光明,男,苗族,I-5,I-5,I-005_01_522623,刻道,民间文学,贵州省施秉县,贵州省,1,2007,http://www.ihchina.cn/art/representative.html?limit=100&p=1,2026-08-06T10:35:17+00:00,723
inheritor_724,吴治光,男,苗族,I-5,I-5,I-005_01_522623,刻道,民间文学,贵州省施秉县,贵州省,1,2007,http://www.ihchina.cn/art/representative.html?limit=100&p=1,2026-08-06T10:35:17+00:00,724
inheritor_725,乔玉安,男,汉族,I-13,I-13,I-013_01_620902,河西宝卷,民间文学,甘肃省酒泉市肃州区,甘肃省,1,2007,http://www.ihchina.cn/art/representative.html?limit=100&p=1,2026-08-06T10:35:17+00:00,725
inheritor_726,靳景祥,男,汉族,I-14,I-14,I-014_01_130182,耿村民间故事,民间文学,河北省藁城市,河北省,1,2007,http://www.ihchina.cn/art/representative.html?limit=100&p=1,2026-08-06T10:35:17+00:00,726
inheritor_727,靳正新,男,汉族,I-14,I-14,I-014_01_130182,耿村民间故事,民间文学,河北省藁城市,河北省,1,2007,http://www.ihchina.cn/art/representative.html?limit=100&p=1,2026-08-06T10:35:17+00:00,727
inheritor_728,刘德方,男,汉族,I-16,I-16,I-016_01_420506,下堡坪民间故事,民间文学,湖北省宜昌市夷陵区,湖北省,1,2007,http://www.ihchina.cn/art/representative.html?limit=100&p=1,2026-08-06T10:35:17+00:00,728
inheritor_729,魏显德,男,汉族,I-17,I-17,I-017_01_500107,走马镇民间故事,民间文学,重庆市九龙坡区,重庆市,1,2007,http://www.ihchina.cn/art/representative.html?limit=100&p=1,2026-08-06T10:35:17+00:00,729
inheritor_730,谭振山,男,汉族,I-20,I-20,I-020_01_210181,谭振山民间故事,民间文学,辽宁省新民市,辽宁省,1,2007,http://www.ihchina.cn/art/representative.html?limit=100&p=1,2026-08-06T10:35:17+00:00,730
inheritor_731,陆瑞英,女,汉族,I-22,I-22,I-022_01_320500,吴歌,民间文学,江苏省苏州市,江苏省,1,2007,http://www.ihchina.cn/art/representative.html?limit=100&p=1,2026-08-06T10:35:17+00:00,731
inheritor_732,杨文英,女,汉族,I-22,I-22,I-022_01_320500,吴歌,民间文学,江苏省苏州市,江苏省,1,2007,http://www.ihchina.cn/art/representative.html?limit=100&p=1,2026-08-06T10:35:17+00:00,732
inheritor_733,朱小和,男,哈尼族,I-24,I-24,I-024_01_532500,四季生产调,民间文学,云南省红河哈尼族彝族自治州,云南省,1,2007,http://www.ihchina.cn/art/representative.html?limit=100&p=1,2026-08-06T10:35:17+00:00,733
inheritor_734,居素甫·玛玛依,男,柯尔克孜族,I-25,I-25,I-025_01_650000,玛纳斯,民间文学,新疆维吾尔自治区克孜勒苏柯尔克孜自治州、新疆维吾尔自治区文联民间文艺家协会,新疆维吾尔自治区,1,2007,http://www.ihchina.cn/art/representative.html?limit=100&p=1,2026-08-06T10:35:17+00:00,734
inheritor_735,沙尔塔洪·卡德尔,男,柯尔克孜族,I-25,I-25,I-025_01_650000,玛纳斯,民间文学,新疆维吾尔自治区克孜勒苏柯尔克孜自治州、新疆维吾尔自治区文联民间文艺家协会,新疆维吾尔自治区,1,2007,http://www.ihchina.cn/art/representative.html?limit=100&p=1,2026-08-06T10:35:17+00:00,735
inheritor_736,加·朱乃,男,蒙古族,I-26,I-26,I-026_01_654226,江格尔,民间文学,新疆维吾尔自治区和布克赛尔蒙古自治县,新疆维吾尔自治区,1,2007,http://www.ihchina.cn/art/representative.html?limit=100&p=1,2026-08-06T10:35:17+00:00,736
inheritor_737,李日甫,男,蒙古族,I-26,I-26,I-026_01_650000,江格尔,民间文学,新疆维吾尔自治区巴音郭楞蒙古自治州、新疆维吾尔自治区文联民间文艺家协会,新疆维吾尔自治区,1,2007,http://www.ihchina.cn/art/representative.html?limit=100&p=1,2026-08-06T10:35:17+00:00,737
inheritor_738,夏日尼曼,男,蒙古族,I-26,I-26,I-026_01_650000,江格尔,民间文学,新疆维吾尔自治区巴音郭楞蒙古自治州、新疆维吾尔自治区文联民间文艺家协会,新疆维吾尔自治区,1,2007,http://www.ihchina.cn/art/representative.html?limit=100&p=1,2026-08-06T10:35:17+00:00,738
inheritor_739,次仁占堆,男,藏族,I-27,I-27,I-027_01_540000,格萨(斯)尔,民间文学,西藏自治区,西藏自治区,1,2007,http://www.ihchina.cn/art/representative.html?limit=100&p=1,2026-08-06T10:35:17+00:00,739
inheritor_740,才让旺堆,男,藏族,I-27,I-27,I-027_01_630000,格萨(斯)尔,民间文学,青海省,青海省,1,2007,http://www.ihchina.cn/art/representative.html?limit=100&p=1,2026-08-06T10:35:17+00:00,740
inheritor_741,达哇扎巴,男,藏族,I-27,I-27,I-027_01_630000,格萨(斯)尔,民间文学,青海省,青海省,1,2007,http://www.ihchina.cn/art/representative.html?limit=100&p=1,2026-08-06T10:35:17+00:00,741
inheritor_742,王永福,男,土族,I-27,I-27,I-027_01_620000,格萨(斯)尔,民间文学,甘肃省,甘肃省,1,2007,http://www.ihchina.cn/art/representative.html?limit=100&p=1,2026-08-06T10:35:17+00:00,742
inheritor_743,阿尼,男,藏族,I-27,I-27,I-027_01_510000,格萨(斯)尔,民间文学,四川省,四川省,1,2007,http://www.ihchina.cn/art/representative.html?limit=100&p=1,2026-08-06T10:35:17+00:00,743
inheritor_744,吕日甫,男,蒙古族,I-27,I-27,I-027_01_650000,格萨(斯)尔,民间文学,新疆维吾尔自治区,新疆维吾尔自治区,1,2007,http://www.ihchina.cn/art/representative.html?limit=100&p=1,2026-08-06T10:35:17+00:00,744
inheritor_745,毕华玉,男,彝族,I-28,I-28,I-028_01_530126,阿诗玛,民间文学,云南省石林彝族自治县,云南省,1,2007,http://www.ihchina.cn/art/representative.html?limit=100&p=1,2026-08-06T10:35:17+00:00,745
inheritor_746,王玉芳,女,彝族,I-28,I-28,I-028_01_530126,阿诗玛,民间文学,云南省石林彝族自治县,云南省,1,2007,http://www.ihchina.cn/art/representative.html?limit=100&p=1,2026-08-06T10:35:17+00:00,746
inheritor_747,何全梅,女,土族,I-29,I-29,I-029_01_630223,拉仁布与吉门索,民间文学,青海省互助土族自治县,青海省,1,2007,http://www.ihchina.cn/art/representative.html?limit=100&p=1,2026-08-06T10:35:17+00:00,747
inheritor_2508,王保合,男,汉族,VI-1,VI-1,VI-001_01_130928,吴桥杂技,传统体育、游艺与杂技,河北省吴桥县,河北省,1,2007,http://www.ihchina.cn/art/representative.html?limit=100&p=1,2026-08-06T10:35:17+00:00,2508
inheritor_2509,傅文刚,男,汉族,VI-3,VI-3,VI-003_01_110000,天桥中幡,传统体育、游艺与杂技,北京市,北京市,1,2007,http://www.ihchina.cn/art/representative.html?limit=100&p=1,2026-08-06T10:35:17+00:00,2509
inheritor_2510,张国良,男,汉族,VI-4,VI-4,VI-004_01_110102,抖空竹,传统体育、游艺与杂技,北京市宣武区,北京市,1,2007,http://www.ihchina.cn/art/representative.html?limit=100&p=1,2026-08-06T10:35:17+00:00,2510
inheritor_2511,李连元,男,汉族,VI-4,VI-4,VI-004_01_110102,抖空竹,传统体育、游艺与杂技,北京市宣武区,北京市,1,2007,http://www.ihchina.cn/art/representative.html?limit=100&p=1,2026-08-06T10:35:17+00:00,2511
inheritor_2512,阿迪力·吾休尔,男,维吾尔族,VI-5,VI-5,VI-005_01_650000,维吾尔族达瓦孜,传统体育、游艺与杂技,新疆维吾尔自治区,新疆维吾尔自治区,1,2007,http://www.ihchina.cn/art/representative.html?limit=100&p=1,2026-08-06T10:35:17+00:00,2512
inheritor_2513,赵剑英,女,汉族,VI-8,VI-8,VI-008_01_420300,武当武术,传统体育、游艺与杂技,湖北省十堰市,湖北省,1,2007,http://www.ihchina.cn/art/representative.html?limit=100&p=1,2026-08-06T10:35:17+00:00,2513
inheritor_2514,曹仕杰,男,回族,VI-9,VI-9,VI-009_01_120000,回族重刀武术,传统体育、游艺与杂技,天津市,天津市,1,2007,http://www.ihchina.cn/art/representative.html?limit=100&p=1,2026-08-06T10:35:17+00:00,2514
inheritor_2515,石同鼎,男,回族,VI-10,VI-10,VI-010_01_130900,沧州武术,传统体育、游艺与杂技,河北省沧州市,河北省,1,2007,http://www.ihchina.cn/art/representative.html?limit=100&p=1,2026-08-06T10:35:17+00:00,2515
inheritor_2516,杨振河,男,汉族,VI-11,VI-11,VI-011_01_130429,太极拳(杨氏太极拳),传统体育、游艺与杂技,河北省永年县,河北省,1,2007,http://www.ihchina.cn/art/representative.html?limit=100&p=1,2026-08-06T10:35:17+00:00,2516
inheritor_2517,韩会明,男,汉族,VI-11,VI-11,VI-011_01_130429,太极拳(杨氏太极拳),传统体育、游艺与杂技,河北省永年县,河北省,1,2007,http://www.ihchina.cn/art/representative.html?limit=100&p=1,2026-08-06T10:35:17+00:00,2517
inheritor_2518,王西安,男,汉族,VI-11,VI-11,VI-011_01_410800,太极拳(陈氏太级拳),传统体育、游艺与杂技,河南省焦作市,河南省,1,2007,http://www.ihchina.cn/art/representative.html?limit=100&p=1,2026-08-06T10:35:17+00:00,2518
inheritor_2519,朱天才,男,汉族,VI-11,VI-11,VI-011_01_410800,太极拳(陈氏太级拳),传统体育、游艺与杂技,河南省焦作市,河南省,1,2007,http://www.ihchina.cn/art/representative.html?limit=100&p=1,2026-08-06T10:35:17+00:00,2519
inheritor_2520,张西岭,男,汉族,VI-12,VI-12,VI-012_01_130500,邢台梅花拳,传统体育、游艺与杂技,河北省邢台市,河北省,1,2007,http://www.ihchina.cn/art/representative.html?limit=100&p=1,2026-08-06T10:35:17+00:00,2520
inheritor_2521,李玉琢,男,汉族,VI-12,VI-12,VI-012_01_130500,邢台梅花拳,传统体育、游艺与杂技,河北省邢台市,河北省,1,2007,http://www.ihchina.cn/art/representative.html?limit=100&p=1,2026-08-06T10:35:17+00:00,2521
inheritor_2522,胡道正,男,汉族,VI-13,VI-13,VI-013_01_130582,沙河藤牌阵,传统体育、游艺与杂技,河北省沙河市,河北省,1,2007,http://www.ihchina.cn/art/representative.html?limit=100&p=1,2026-08-06T10:35:17+00:00,2522
inheritor_2596,霍庆顺,男,汉族,VII-1,VII-1,VII-001_01_120000,杨柳青木版年画,传统美术,天津市,天津市,1,2007,http://www.ihchina.cn/art/representative.html?limit=100&p=1,2026-08-06T10:35:17+00:00,2596
inheritor_2597,霍庆有,男,汉族,VII-1,VII-1,VII-001_01_120000,杨柳青木版年画,传统美术,天津市,天津市,1,2007,http://www.ihchina.cn/art/representative.html?limit=100&p=1,2026-08-06T10:35:17+00:00,2597
inheritor_2598,冯庆矩,男,汉族,VII-1,VII-1,VII-001_01_120000,杨柳青木版年画,传统美术,天津市,天津市,1,2007,http://www.ihchina.cn/art/representative.html?limit=100&p=1,2026-08-06T10:35:17+00:00,2598
inheritor_2599,王文达,男,汉族,VII-1,VII-1,VII-001_01_120000,杨柳青木版年画,传统美术,天津市,天津市,1,2007,http://www.ihchina.cn/art/representative.html?limit=100&p=1,2026-08-06T10:35:17+00:00,2599
inheritor_2600,马习钦,男,汉族,VII-2,VII-2,VII-002_01_131123,武强木版年画,传统美术,河北省武强县,河北省,1,2007,http://www.ihchina.cn/art/representative.html?limit=100&p=1,2026-08-06T10:35:17+00:00,2600
inheritor_2601,杨洛书,男,汉族,VII-5,VII-5,VII-005_01_370700,杨家埠木版年画,传统美术,山东省潍坊市,山东省,1,2007,http://www.ihchina.cn/art/representative.html?limit=100&p=1,2026-08-06T10:35:17+00:00,2601
inheritor_2602,吕臻立,男,汉族,VII-6,VII-6,VII-006_01_370785,高密扑灰年画,传统美术,山东省高密市,山东省,1,2007,http://www.ihchina.cn/art/representative.html?limit=100&p=1,2026-08-06T10:35:17+00:00,2602
inheritor_2603,郭泰运,男,汉族,VII-7,VII-7,VII-007_01_410200,朱仙镇木版年画,传统美术,河南省开封市,河南省,1,2007,http://www.ihchina.cn/art/representative.html?limit=100&p=1,2026-08-06T10:35:17+00:00,2603
inheritor_2604,钟海仙,男,汉族,VII-8,VII-8,VII-008_01_430524,滩头木版年画,传统美术,湖南省隆回县,湖南省,1,2007,http://www.ihchina.cn/art/representative.html?limit=100&p=1,2026-08-06T10:35:17+00:00,2604
inheritor_2605,李咸陆,男,汉族,VII-8,VII-8,VII-008_01_430524,滩头木版年画,传统美术,湖南省隆回县,湖南省,1,2007,http://www.ihchina.cn/art/representative.html?limit=100&p=1,2026-08-06T10:35:17+00:00,2605
inheritor_2606,冯炳棠,男,汉族,VII-9,VII-9,VII-009_01_440600,佛山木版年画,传统美术,广东省佛山市,广东省,1,2007,http://www.ihchina.cn/art/representative.html?limit=100&p=1,2026-08-06T10:35:17+00:00,2606
inheritor_2607,陈兴才,男,汉族,VII-11,VII-11,VII-011_01_510600,绵竹木版年画,传统美术,四川省德阳市,四川省,1,2007,http://www.ihchina.cn/art/representative.html?limit=100&p=1,2026-08-06T10:35:17+00:00,2607
inheritor_2608,邰瑜,男,汉族,VII-12,VII-12,VII-012_01_610322,凤翔木版年画,传统美术,陕西省凤翔县,陕西省,1,2007,http://www.ihchina.cn/art/representative.html?limit=100&p=1,2026-08-06T10:35:17+00:00,2608
inheritor_2609,邰立平,男,汉族,VII-12,VII-12,VII-012_01_610322,凤翔木版年画,传统美术,陕西省凤翔县,陕西省,1,2007,http://www.ihchina.cn/art/representative.html?limit=100&p=1,2026-08-06T10:35:17+00:00,2609
inheritor_2610,和训,男,纳西族,VII-13,VII-13,VII-013_01_530700,纳西族东巴画,传统美术,云南省丽江市,云南省,1,2007,http://www.ihchina.cn/art/representative.html?limit=100&p=1,2026-08-06T10:35:17+00:00,2610
inheritor_2611,丹巴绕旦,男,藏族,VII-14,VII-14,VII-014_01_540000a,藏族唐卡(勉唐画派),传统美术,西藏自治区,西藏自治区,1,2007,http://www.ihchina.cn/art/representative.html?limit=100&p=1,2026-08-06T10:35:17+00:00,2611
inheritor_2612,格桑次旦,男,藏族,VII-14,VII-14,VII-014_01_540000a,藏族唐卡(勉唐画派),传统美术,西藏自治区,西藏自治区,1,2007,http://www.ihchina.cn/art/representative.html?limit=100&p=1,2026-08-06T10:35:17+00:00,2612
inheritor_2613,王习三,男,汉族,VII-15,VII-15,VII-015_01_131100,衡水内画,传统美术,河北省衡水市,河北省,1,2007,http://www.ihchina.cn/art/representative.html?limit=100&p=1,2026-08-06T10:35:17+00:00,2613
inheritor_2614,周兆明,男,汉族,VII-16,VII-16,VII-016_01_130726,剪纸(蔚县剪纸),传统美术,河北省蔚县,河北省,1,2007,http://www.ihchina.cn/art/representative.html?limit=100&p=1,2026-08-06T10:35:17+00:00,2614
inheritor_2615,张冬阁,男,满族,VII-16,VII-16,VII-016_01_130826,剪纸(丰宁满族剪纸),传统美术,河北省丰宁满族自治县,河北省,1,2007,http://www.ihchina.cn/art/representative.html?limit=100&p=1,2026-08-06T10:35:17+00:00,2615
inheritor_2616,王计汝,女,汉族,VII-16,VII-16,VII-016_01_141129,剪纸(中阳剪纸),传统美术,山西省中阳县,山西省,1,2007,http://www.ihchina.cn/art/representative.html?limit=100&p=1,2026-08-06T10:35:17+00:00,2616
inheritor_2617,汪秀霞,女,满族,VII-16,VII-16,VII-016_01_210700,剪纸(医巫闾山满族剪纸),传统美术,辽宁省锦州市,辽宁省,1,2007,http://www.ihchina.cn/art/representative.html?limit=100&p=1,2026-08-06T10:35:17+00:00,2617
inheritor_2618,赵志国,男,汉族,VII-16,VII-16,VII-016_01_210700,剪纸(医巫闾山满族剪纸),传统美术,辽宁省锦州市,辽宁省,1,2007,http://www.ihchina.cn/art/representative.html?limit=100&p=1,2026-08-06T10:35:17+00:00,2618
inheritor_2619,张秀芳,女,汉族,VII-16,VII-16,VII-016_01_321000,剪纸(扬州剪纸),传统美术,江苏省扬州市,江苏省,1,2007,http://www.ihchina.cn/art/representative.html?limit=100&p=1,2026-08-06T10:35:17+00:00,2619
inheritor_2620,林邦栋,男,汉族,VII-16,VII-16,VII-016_01_330382,剪纸(乐清细纹刻纸),传统美术,浙江省乐清市,浙江省,1,2007,http://www.ihchina.cn/art/representative.html?limit=100&p=1,2026-08-06T10:35:17+00:00,2620
inheritor_2621,陈余华,男,汉族,VII-16,VII-16,VII-016_01_330382,剪纸(乐清细纹刻纸),传统美术,浙江省乐清市,浙江省,1,2007,http://www.ihchina.cn/art/representative.html?limit=100&p=1,2026-08-06T10:35:17+00:00,2621
inheritor_2622,思华章,男,傣族,VII-16,VII-16,VII-016_01_533103,剪纸(傣族剪纸),传统美术,云南省潞西市,云南省,1,2007,http://www.ihchina.cn/art/representative.html?limit=100&p=1,2026-08-06T10:35:17+00:00,2622
inheritor_2623,李秀芳,女,汉族,VII-16,VII-16,VII-016_01_610624,剪纸(安塞剪纸),传统美术,陕西省安塞县,陕西省,1,2007,http://www.ihchina.cn/art/representative.html?limit=100&p=1,2026-08-06T10:35:17+00:00,2623
inheritor_2624,高金爱,女,汉族,VII-16,VII-16,VII-016_01_610624,剪纸(安塞剪纸),传统美术,陕西省安塞县,陕西省,1,2007,http://www.ihchina.cn/art/representative.html?limit=100&p=1,2026-08-06T10:35:17+00:00,2624
inheritor_2625,戴明教,女,汉族,VII-17,VII-17,VII-017_01_310117,顾绣,传统美术,上海市松江区,上海市,1,2007,http://www.ihchina.cn/art/representative.html?limit=100&p=1,2026-08-06T10:35:17+00:00,2625
inheritor_2626,李娥瑛,女,汉族,VII-18,VII-18,VII-018_01_320500,苏绣,传统美术,江苏省苏州市,江苏省,1,2007,http://www.ihchina.cn/art/representative.html?limit=100&p=1,2026-08-06T10:35:17+00:00,2626
inheritor_2627,顾文霞,女,汉族,VII-18,VII-18,VII-018_01_320500,苏绣,传统美术,江苏省苏州市,江苏省,1,2007,http://www.ihchina.cn/art/representative.html?limit=100&p=1,2026-08-06T10:35:17+00:00,2627
inheritor_2628,刘爱云,女,汉族,VII-19,VII-19,VII-019_01_430100,湘绣,传统美术,湖南省长沙市,湖南省,1,2007,http://www.ihchina.cn/art/representative.html?limit=100&p=1,2026-08-06T10:35:17+00:00,2628
inheritor_2629,陈少芳,女,汉族,VII-20,VII-20,VII-020_01_440100,粤绣(广绣),传统美术,广东省广州市,广东省,1,2007,http://www.ihchina.cn/art/representative.html?limit=100&p=1,2026-08-06T10:35:17+00:00,2629
inheritor_2630,林智成,男,汉族,VII-20,VII-20,VII-020_01_445100,粤绣(潮绣),传统美术,广东省潮州市,广东省,1,2007,http://www.ihchina.cn/art/representative.html?limit=100&p=1,2026-08-06T10:35:17+00:00,2630
inheritor_2631,郝淑萍,女,汉族,VII-21,VII-21,VII-021_01_510100,蜀绣,传统美术,四川省成都市,四川省,1,2007,http://www.ihchina.cn/art/representative.html?limit=100&p=1,2026-08-06T10:35:17+00:00,2631
inheritor_2632,李发秀,女,土族,VII-24,VII-24,VII-024_01_630223,土族盘绣,传统美术,青海省互助土族自治县,青海省,1,2007,http://www.ihchina.cn/art/representative.html?limit=100&p=1,2026-08-06T10:35:17+00:00,2632
inheritor_2633,石九梅,女,汉族,VII-25,VII-25,VII-025_01_421127,挑花(黄梅挑花),传统美术,湖北省黄梅县,湖北省,1,2007,http://www.ihchina.cn/art/representative.html?limit=100&p=1,2026-08-06T10:35:17+00:00,2633
inheritor_2634,奉雪妹,女,瑶族,VII-25,VII-25,VII-025_01_430524,挑花(花瑶挑花),传统美术,湖南省隆回县,湖南省,1,2007,http://www.ihchina.cn/art/representative.html?limit=100&p=1,2026-08-06T10:35:17+00:00,2634
inheritor_2635,贺梅英,女,汉族,VII-26,VII-26,VII-026_01_621000,庆阳香包绣制,传统美术,甘肃省庆阳市,甘肃省,1,2007,http://www.ihchina.cn/art/representative.html?limit=100&p=1,2026-08-06T10:35:17+00:00,2635
inheritor_2636,孙森,男,汉族,VII-27,VII-27,VII-027_01_110101,象牙雕刻,传统美术,北京市崇文区,北京市,1,2007,http://www.ihchina.cn/art/representative.html?limit=100&p=1,2026-08-06T10:35:17+00:00,2636
inheritor_2637,王树文,男,汉族,VII-27,VII-27,VII-027_01_110101,象牙雕刻,传统美术,北京市崇文区,北京市,1,2007,http://www.ihchina.cn/art/representative.html?limit=100&p=1,2026-08-06T10:35:17+00:00,2637
inheritor_2638,江春源,男,汉族,VII-28,VII-28,VII-028_01_321000,扬州玉雕,传统美术,江苏省扬州市,江苏省,1,2007,http://www.ihchina.cn/art/representative.html?limit=100&p=1,2026-08-06T10:35:17+00:00,2638
inheritor_2639,顾永骏,男,汉族,VII-28,VII-28,VII-028_01_321000,扬州玉雕,传统美术,江苏省扬州市,江苏省,1,2007,http://www.ihchina.cn/art/representative.html?limit=100&p=1,2026-08-06T10:35:17+00:00,2639
inheritor_2640,王运岫,男,满族,VII-29,VII-29,VII-029_01_210323,岫岩玉雕,传统美术,辽宁省岫岩满族自治县,辽宁省,1,2007,http://www.ihchina.cn/art/representative.html?limit=100&p=1,2026-08-06T10:35:17+00:00,2640
inheritor_2641,李洪斌,男,汉族,VII-30,VII-30,VII-030_01_210900,阜新玛瑙雕,传统美术,辽宁省阜新市,辽宁省,1,2007,http://www.ihchina.cn/art/representative.html?limit=100&p=1,2026-08-06T10:35:17+00:00,2641
inheritor_2642,黄越肃,男,汉族,VII-31,VII-31,VII-031_01_620900,夜光杯雕,传统美术,甘肃省酒泉市,甘肃省,1,2007,http://www.ihchina.cn/art/representative.html?limit=100&p=1,2026-08-06T10:35:17+00:00,2642
inheritor_2643,卢进桥,男,汉族,VII-34,VII-34,VII-034_01_130634,曲阳石雕,传统美术,河北省曲阳县,河北省,1,2007,http://www.ihchina.cn/art/representative.html?limit=100&p=1,2026-08-06T10:35:17+00:00,2643
inheritor_2644,甄彦苍,男,汉族,VII-34,VII-34,VII-034_01_130634,曲阳石雕,传统美术,河北省曲阳县,河北省,1,2007,http://www.ihchina.cn/art/representative.html?limit=100&p=1,2026-08-06T10:35:17+00:00,2644
inheritor_2645,冯久和,男,汉族,VII-35,VII-35,VII-035_01_350100,寿山石雕,传统美术,福建省福州市,福建省,1,2007,http://www.ihchina.cn/art/representative.html?limit=100&p=1,2026-08-06T10:35:17+00:00,2645
inheritor_2646,林亨云,男,汉族,VII-35,VII-35,VII-035_01_350100,寿山石雕,传统美术,福建省福州市,福建省,1,2007,http://www.ihchina.cn/art/representative.html?limit=100&p=1,2026-08-06T10:35:17+00:00,2646
inheritor_2647,方新中,男,汉族,VII-37,VII-37,VII-037_01_341000,徽州三雕,传统美术,安徽省黄山市,安徽省,1,2007,http://www.ihchina.cn/art/representative.html?limit=100&p=1,2026-08-06T10:35:17+00:00,2647
inheritor_2648,冯有进,男,汉族,VII-37,VII-37,VII-037_01_341000,徽州三雕,传统美术,安徽省黄山市,安徽省,1,2007,http://www.ihchina.cn/art/representative.html?limit=100&p=1,2026-08-06T10:35:17+00:00,2648
inheritor_2649,李得浓,男,汉族,VII-40,VII-40,VII-040_01_445100,潮州木雕,传统美术,广东省潮州市,广东省,1,2007,http://www.ihchina.cn/art/representative.html?limit=100&p=2,2026-08-06T10:35:19+00:00,2649
inheritor_2650,陈培臣,男,汉族,VII-40,VII-40,VII-040_01_445100,潮州木雕,传统美术,广东省潮州市,广东省,1,2007,http://www.ihchina.cn/art/representative.html?limit=100&p=2,2026-08-06T10:35:19+00:00,2650
inheritor_2651,陆光正,男,汉族,VII-43,VII-43,VII-043_01_330783,东阳木雕,传统美术,浙江省东阳市,浙江省,1,2007,http://www.ihchina.cn/art/representative.html?limit=100&p=2,2026-08-06T10:35:19+00:00,2651
inheritor_2652,冯文土,男,汉族,VII-43,VII-43,VII-043_01_330783,东阳木雕,传统美术,浙江省东阳市,浙江省,1,2007,http://www.ihchina.cn/art/representative.html?limit=100&p=2,2026-08-06T10:35:19+00:00,2652
inheritor_2653,徐竹初,男,汉族,VII-44,VII-44,VII-044_01_350600,漳州木偶头雕刻,传统美术,福建省漳州市,福建省,1,2007,http://www.ihchina.cn/art/representative.html?limit=100&p=2,2026-08-06T10:35:19+00:00,2653
inheritor_2654,徐聪亮,男,汉族,VII-44,VII-44,VII-044_01_350600,漳州木偶头雕刻,传统美术,福建省漳州市,福建省,1,2007,http://www.ihchina.cn/art/representative.html?limit=100&p=2,2026-08-06T10:35:19+00:00,2654
inheritor_2655,曾剑潭,男,汉族,VII-46,VII-46,VII-046_01_430500,竹刻(宝庆竹刻),传统美术,湖南省邵阳市,湖南省,1,2007,http://www.ihchina.cn/art/representative.html?limit=100&p=2,2026-08-06T10:35:19+00:00,2655
inheritor_2656,喻湘涟,女,汉族,VII-47,VII-47,VII-047_01_320200,泥塑(惠山泥人),传统美术,江苏省无锡市,江苏省,1,2007,http://www.ihchina.cn/art/representative.html?limit=100&p=2,2026-08-06T10:35:19+00:00,2656
inheritor_2657,王南仙,女,汉族,VII-47,VII-47,VII-047_01_320200,泥塑(惠山泥人),传统美术,江苏省无锡市,江苏省,1,2007,http://www.ihchina.cn/art/representative.html?limit=100&p=2,2026-08-06T10:35:19+00:00,2657
inheritor_2658,胡深,男,汉族,VII-47,VII-47,VII-047_01_610322,泥塑(凤翔泥塑),传统美术,陕西省凤翔县,陕西省,1,2007,http://www.ihchina.cn/art/representative.html?limit=100&p=2,2026-08-06T10:35:19+00:00,2658
inheritor_2659,王学锋,男,汉族,VII-47,VII-47,VII-047_01_410621,泥塑(浚县泥咕咕),传统美术,河南省浚县,河南省,1,2007,http://www.ihchina.cn/art/representative.html?limit=100&p=2,2026-08-06T10:35:19+00:00,2659
inheritor_2660,更登达吉,男,藏族,VII-49,VII-49,VII-049_01_632321,热贡艺术,传统美术,青海省同仁县,青海省,1,2007,http://www.ihchina.cn/art/representative.html?limit=100&p=2,2026-08-06T10:35:19+00:00,2660
inheritor_2661,启加,男,藏族,VII-49,VII-49,VII-049_01_632321,热贡艺术,传统美术,青海省同仁县,青海省,1,2007,http://www.ihchina.cn/art/representative.html?limit=100&p=2,2026-08-06T10:35:19+00:00,2661
inheritor_2662,李湘满,男,汉族,VII-50,VII-50,VII-050_01_331024,灯彩(仙居花灯),传统美术,浙江省仙居县,浙江省,1,2007,http://www.ihchina.cn/art/representative.html?limit=100&p=2,2026-08-06T10:35:19+00:00,2662
inheritor_2663,陈伟炎,男,汉族,VII-50,VII-50,VII-050_01_330481,灯彩(硖石灯彩),传统美术,浙江省海宁市,浙江省,1,2007,http://www.ihchina.cn/art/representative.html?limit=100&p=2,2026-08-06T10:35:19+00:00,2663
inheritor_2664,李珠琴,女,汉族,VII-50,VII-50,VII-050_01_350500,灯彩(泉州花灯),传统美术,福建省泉州市,福建省,1,2007,http://www.ihchina.cn/art/representative.html?limit=100&p=2,2026-08-06T10:35:19+00:00,2664
inheritor_2665,蔡炳汉,男,汉族,VII-50,VII-50,VII-050_01_350500,灯彩(泉州花灯),传统美术,福建省泉州市,福建省,1,2007,http://www.ihchina.cn/art/representative.html?limit=100&p=2,2026-08-06T10:35:19+00:00,2665
inheritor_2666,杨增贵,男,汉族,VII-50,VII-50,VII-050_01_630123,灯彩(湟源排灯),传统美术,青海省湟源县,青海省,1,2007,http://www.ihchina.cn/art/representative.html?limit=100&p=2,2026-08-06T10:35:19+00:00,2666
inheritor_2667,俞樟根,男,汉族,VII-51,VII-51,VII-051_01_330683,嵊州竹编,传统美术,浙江省嵊州市,浙江省,1,2007,http://www.ihchina.cn/art/representative.html?limit=100&p=2,2026-08-06T10:35:19+00:00,2667
inheritor_2974,汪寅仙,女,汉族,VIII-1,VIII-1,VIII-001_01_320282,宜兴紫砂陶制作技艺,传统技艺,江苏省宜兴市,江苏省,1,2007,http://www.ihchina.cn/art/representative.html?limit=100&p=2,2026-08-06T10:35:19+00:00,2974
inheritor_2975,王京胜,男,汉族,VIII-2,VIII-2,VIII-002_01_341282,界首彩陶烧制技艺,传统技艺,安徽省界首市,安徽省,1,2007,http://www.ihchina.cn/art/representative.html?limit=100&p=2,2026-08-06T10:35:19+00:00,2975
inheritor_2976,卢群山,男,汉族,VIII-2,VIII-2,VIII-002_01_341282,界首彩陶烧制技艺,传统技艺,安徽省界首市,安徽省,1,2007,http://www.ihchina.cn/art/representative.html?limit=100&p=2,2026-08-06T10:35:19+00:00,2976
inheritor_2977,刘泽棉,男,汉族,VIII-3,VIII-3,VIII-003_01_440600,石湾陶塑技艺,传统技艺,广东省佛山市,广东省,1,2007,http://www.ihchina.cn/art/representative.html?limit=100&p=2,2026-08-06T10:35:19+00:00,2977
inheritor_2978,羊拜亮,女,黎族,VIII-4,VIII-4,VIII-004_01_469026,黎族原始制陶技艺,传统技艺,海南省昌江黎族自治县,海南省,1,2007,http://www.ihchina.cn/art/representative.html?limit=100&p=2,2026-08-06T10:35:19+00:00,2978
inheritor_2979,阿不都热合曼·买买提明,男,维吾尔族,VIII-6,VIII-6,VIII-006_01_653123,维吾尔族模制法土陶烧制技艺,传统技艺,新疆维吾尔自治区英吉沙县,新疆维吾尔自治区,1,2007,http://www.ihchina.cn/art/representative.html?limit=100&p=2,2026-08-06T10:35:19+00:00,2979
inheritor_2980,孟树锋,男,汉族,VIII-8,VIII-8,VIII-008_01_610200,耀州窑陶瓷烧制技艺,传统技艺,陕西省铜川市,陕西省,1,2007,http://www.ihchina.cn/art/representative.html?limit=100&p=2,2026-08-06T10:35:19+00:00,2980
inheritor_2981,徐朝兴,男,汉族,VIII-9,VIII-9,VIII-009_01_331181,龙泉青瓷烧制技艺,传统技艺,浙江省龙泉市,浙江省,1,2007,http://www.ihchina.cn/art/representative.html?limit=100&p=2,2026-08-06T10:35:19+00:00,2981
inheritor_2982,刘立忠,男,汉族,VIII-10,VIII-10,VIII-010_01_130406,磁州窑烧制技艺,传统技艺,河北省峰峰矿区,河北省,1,2007,http://www.ihchina.cn/art/representative.html?limit=100&p=2,2026-08-06T10:35:19+00:00,2982
inheritor_2983,苏清河,男,汉族,VIII-11,VIII-11,VIII-011_01_350526,德化瓷烧制技艺,传统技艺,福建省德化县,福建省,1,2007,http://www.ihchina.cn/art/representative.html?limit=100&p=2,2026-08-06T10:35:19+00:00,2983
inheritor_2984,李义仓,男,汉族,VIII-12,VIII-12,VIII-012_01_610525,澄城尧头陶瓷烧制技艺,传统技艺,陕西省澄城县,陕西省,1,2007,http://www.ihchina.cn/art/representative.html?limit=100&p=2,2026-08-06T10:35:19+00:00,2984
inheritor_2985,朱枫,男,汉族,VIII-13,VIII-13,VIII-013_01_320100,南京云锦木机妆花手工织造技艺,传统技艺,江苏省南京市,江苏省,1,2007,http://www.ihchina.cn/art/representative.html?limit=100&p=2,2026-08-06T10:35:19+00:00,2985
inheritor_2986,钱小萍,女,汉族,VIII-14,VIII-14,VIII-014_01_320500,宋锦织造技艺,传统技艺,江苏省苏州市,江苏省,1,2007,http://www.ihchina.cn/art/representative.html?limit=100&p=2,2026-08-06T10:35:19+00:00,2986
inheritor_2987,王金山,男,汉族,VIII-15,VIII-15,VIII-015_01_320500,苏州缂丝织造技艺,传统技艺,江苏省苏州市,江苏省,1,2007,http://www.ihchina.cn/art/representative.html?limit=100&p=2,2026-08-06T10:35:19+00:00,2987
inheritor_2988,叶永洲,男,汉族,VIII-16,VIII-16,VIII-016_01_510100,蜀锦织造技艺,传统技艺,四川省成都市,四川省,1,2007,http://www.ihchina.cn/art/representative.html?limit=100&p=2,2026-08-06T10:35:19+00:00,2988
inheritor_2989,刘晨曦,男,汉族,VIII-16,VIII-16,VIII-016_01_510100,蜀锦织造技艺,传统技艺,四川省成都市,四川省,1,2007,http://www.ihchina.cn/art/representative.html?limit=100&p=2,2026-08-06T10:35:19+00:00,2989
inheritor_2990,康新琴,女,汉族,VIII-17,VIII-17,VIII-017_01_310104,乌泥泾手工棉纺织技艺,传统技艺,上海市徐汇区,上海市,1,2007,http://www.ihchina.cn/art/representative.html?limit=100&p=2,2026-08-06T10:35:19+00:00,2990
inheritor_2991,叶水云,女,土家族,VIII-18,VIII-18,VIII-018_01_433100,土家族织锦技艺,传统技艺,湖南省湘西土家族苗族自治州,湖南省,1,2007,http://www.ihchina.cn/art/representative.html?limit=100&p=2,2026-08-06T10:35:19+00:00,2991
inheritor_2992,刘代娥,女,土家族,VIII-18,VIII-18,VIII-018_01_433100,土家族织锦技艺,传统技艺,湖南省湘西土家族苗族自治州,湖南省,1,2007,http://www.ihchina.cn/art/representative.html?limit=100&p=2,2026-08-06T10:35:19+00:00,2992
inheritor_2993,容亚美,女,黎族,VIII-19,VIII-19,VIII-019_01_469027,黎族传统纺染织绣技艺,传统技艺,海南省乐东黎族自治县,海南省,1,2007,http://www.ihchina.cn/art/representative.html?limit=100&p=2,2026-08-06T10:35:19+00:00,2993
inheritor_2994,格桑,男,藏族,VIII-21,VIII-21,VIII-021_01_542200,藏族邦典、卡垫织造技艺,传统技艺,西藏自治区山南地区,西藏自治区,1,2007,http://www.ihchina.cn/art/representative.html?limit=100&p=2,2026-08-06T10:35:19+00:00,2994
inheritor_2995,杨永良,男,汉族,VIII-22,VIII-22,VIII-022_01_630122,加牙藏族织毯技艺,传统技艺,青海省湟中县,青海省,1,2007,http://www.ihchina.cn/art/representative.html?limit=100&p=2,2026-08-06T10:35:19+00:00,2995
inheritor_2996,牙生·阿不都热合曼,男,维吾尔族,VIII-23,VIII-23,VIII-023_01_652100,维吾尔族花毡、印花布织染技艺,传统技艺,新疆维吾尔自治区吐鲁番地区,新疆维吾尔自治区,1,2007,http://www.ihchina.cn/art/representative.html?limit=100&p=2,2026-08-06T10:35:19+00:00,2996
inheritor_2997,尧尔达西·阿洪,男,维吾尔族,VIII-23,VIII-23,VIII-023_01_652100,维吾尔族花毡、印花布织染技艺,传统技艺,新疆维吾尔自治区吐鲁番地区,新疆维吾尔自治区,1,2007,http://www.ihchina.cn/art/representative.html?limit=100&p=2,2026-08-06T10:35:19+00:00,2997
inheritor_2998,吴元新,男,汉族,VIII-24,VIII-24,VIII-024_01_320600,南通蓝印花布印染技艺,传统技艺,江苏省南通市,江苏省,1,2007,http://www.ihchina.cn/art/representative.html?limit=100&p=2,2026-08-06T10:35:19+00:00,2998
inheritor_2999,张仕绅,男,白族,VIII-26,VIII-26,VIII-026_01_532901,白族扎染技艺,传统技艺,云南省大理市,云南省,1,2007,http://www.ihchina.cn/art/representative.html?limit=100&p=2,2026-08-06T10:35:19+00:00,2999
inheritor_3000,薛福鑫,男,汉族,VIII-27,VIII-27,VIII-027_01_320500,香山帮传统建筑营造技艺,传统技艺,江苏省苏州市,江苏省,1,2007,http://www.ihchina.cn/art/representative.html?limit=100&p=2,2026-08-06T10:35:19+00:00,3000
inheritor_3001,陆耀祖,男,汉族,VIII-27,VIII-27,VIII-027_01_320500,香山帮传统建筑营造技艺,传统技艺,江苏省苏州市,江苏省,1,2007,http://www.ihchina.cn/art/representative.html?limit=100&p=2,2026-08-06T10:35:19+00:00,3001
inheritor_3002,徐松生,男,汉族,VIII-28,VIII-28,VIII-028_01_350800,客家土楼营造技艺,传统技艺,福建省龙岩市,福建省,1,2007,http://www.ihchina.cn/art/representative.html?limit=100&p=2,2026-08-06T10:35:19+00:00,3002
inheritor_3003,杨似玉,男,侗族,VIII-30,VIII-30,VIII-030_01_450226,侗族木构建筑营造技艺,传统技艺,广西壮族自治区三江侗族自治县,广西壮族自治区,1,2007,http://www.ihchina.cn/art/representative.html?limit=100&p=2,2026-08-06T10:35:19+00:00,3003
inheritor_3004,金梅泉,男,汉族,VIII-32,VIII-32,VIII-032_01_320500,苏州御窑金砖制作技艺,传统技艺,江苏省苏州市,江苏省,1,2007,http://www.ihchina.cn/art/representative.html?limit=100&p=2,2026-08-06T10:35:19+00:00,3004
inheritor_3005,莫厌学,男,苗族,VIII-33,VIII-33,VIII-033_01_522634,苗族芦笙制作技艺,传统技艺,贵州省雷山县,贵州省,1,2007,http://www.ihchina.cn/art/representative.html?limit=100&p=2,2026-08-06T10:35:19+00:00,3005
inheritor_3006,王杰锋,男,苗族,VIII-33,VIII-33,VIII-033_01_530624,苗族芦笙制作技艺,传统技艺,云南省大关县,云南省,1,2007,http://www.ihchina.cn/art/representative.html?limit=100&p=2,2026-08-06T10:35:19+00:00,3006
inheritor_3007,刘泽松,男,侗族,VIII-34,VIII-34,VIII-034_01_520622,玉屏箫笛制作技艺,传统技艺,贵州省玉屏侗族自治县,贵州省,1,2007,http://www.ihchina.cn/art/representative.html?limit=100&p=2,2026-08-06T10:35:19+00:00,3007
inheritor_3008,姚茂禄,男,侗族,VIII-34,VIII-34,VIII-034_01_520622,玉屏箫笛制作技艺,传统技艺,贵州省玉屏侗族自治县,贵州省,1,2007,http://www.ihchina.cn/art/representative.html?limit=100&p=2,2026-08-06T10:35:19+00:00,3008
inheritor_3009,吉抓住,男,汉族,VIII-35,VIII-35,VIII-035_01_140522,阳城生铁冶铸技艺,传统技艺,山西省阳城县,山西省,1,2007,http://www.ihchina.cn/art/representative.html?limit=100&p=2,2026-08-06T10:35:19+00:00,3009
inheritor_3010,沈新培,男,汉族,VIII-37,VIII-37,VIII-037_01_331181,龙泉宝剑锻制技艺,传统技艺,浙江省龙泉市,浙江省,1,2007,http://www.ihchina.cn/art/representative.html?limit=100&p=2,2026-08-06T10:35:19+00:00,3010
inheritor_3011,施金水,男,汉族,VIII-38,VIII-38,VIII-038_01_330100,张小泉剪刀锻制技艺,传统技艺,浙江省杭州市,浙江省,1,2007,http://www.ihchina.cn/art/representative.html?limit=100&p=2,2026-08-06T10:35:19+00:00,3011
inheritor_3012,徐祖兴,男,汉族,VIII-38,VIII-38,VIII-038_01_330100,张小泉剪刀锻制技艺,传统技艺,浙江省杭州市,浙江省,1,2007,http://www.ihchina.cn/art/representative.html?limit=100&p=2,2026-08-06T10:35:19+00:00,3012
inheritor_3013,杨光辉,男,汉族,VIII-39,VIII-39,VIII-039_01_340200,芜湖铁画锻制技艺,传统技艺,安徽省芜湖市,安徽省,1,2007,http://www.ihchina.cn/art/representative.html?limit=100&p=2,2026-08-06T10:35:19+00:00,3013
inheritor_3014,杨光宾,男,苗族,VIII-40,VIII-40,VIII-040_01_522634,苗族银饰锻制技艺,传统技艺,贵州省雷山县,贵州省,1,2007,http://www.ihchina.cn/art/representative.html?limit=100&p=2,2026-08-06T10:35:19+00:00,3014
inheritor_3015,项老赛,男,阿昌族,VIII-41,VIII-41,VIII-041_01_533124,阿昌族户撒刀锻制技艺,传统技艺,云南省陇川县,云南省,1,2007,http://www.ihchina.cn/art/representative.html?limit=100&p=2,2026-08-06T10:35:19+00:00,3015
inheritor_3016,马维雄,男,保安族,VIII-42,VIII-42,VIII-042_01_622927,保安族腰刀锻制技艺,传统技艺,甘肃省积石山保安族东乡族撒拉族自治县,甘肃省,1,2007,http://www.ihchina.cn/art/representative.html?limit=100&p=2,2026-08-06T10:35:19+00:00,3016
inheritor_3017,冶古白,男,保安族,VIII-42,VIII-42,VIII-042_01_622927,保安族腰刀锻制技艺,传统技艺,甘肃省积石山保安族东乡族撒拉族自治县,甘肃省,1,2007,http://www.ihchina.cn/art/representative.html?limit=100&p=2,2026-08-06T10:35:19+00:00,3017
inheritor_3018,钱美华,女,汉族,VIII-43,VIII-43,VIII-043_01_110101,景泰蓝制作技艺,传统技艺,北京市崇文区,北京市,1,2007,http://www.ihchina.cn/art/representative.html?limit=100&p=2,2026-08-06T10:35:19+00:00,3018
inheritor_3019,张同禄,男,汉族,VIII-43,VIII-43,VIII-043_01_110101,景泰蓝制作技艺,传统技艺,北京市崇文区,北京市,1,2007,http://www.ihchina.cn/art/representative.html?limit=100&p=2,2026-08-06T10:35:19+00:00,3019
inheritor_3020,杨福喜,男,满族,VIII-44,VIII-44,VIII-044_01_110105,聚元号弓箭制作技艺,传统技艺,北京市朝阳区,北京市,1,2007,http://www.ihchina.cn/art/representative.html?limit=100&p=2,2026-08-06T10:35:19+00:00,3020
inheritor_3021,文乾刚,男,汉族,VIII-50,VIII-50,VIII-050_01_110101,雕漆技艺,传统技艺,北京市崇文区,北京市,1,2007,http://www.ihchina.cn/art/representative.html?limit=100&p=2,2026-08-06T10:35:19+00:00,3021
inheritor_3022,张宇,男,汉族,VIII-52,VIII-52,VIII-052_01_321000,扬州漆器髹饰技艺,传统技艺,江苏省扬州市,江苏省,1,2007,http://www.ihchina.cn/art/representative.html?limit=100&p=2,2026-08-06T10:35:19+00:00,3022
inheritor_3023,赵如柏,男,汉族,VIII-52,VIII-52,VIII-052_01_321000,扬州漆器髹饰技艺,传统技艺,江苏省扬州市,江苏省,1,2007,http://www.ihchina.cn/art/representative.html?limit=100&p=2,2026-08-06T10:35:19+00:00,3023
inheritor_3024,郑益坤,男,汉族,VIII-54,VIII-54,VIII-054_01_350100,福州脱胎漆器髹饰技艺,传统技艺,福建省福州市,福建省,1,2007,http://www.ihchina.cn/art/representative.html?limit=100&p=2,2026-08-06T10:35:19+00:00,3024
inheritor_3025,蔡水况,男,汉族,VIII-55,VIII-55,VIII-055_01_350200,厦门漆线雕技艺,传统技艺,福建省厦门市,福建省,1,2007,http://www.ihchina.cn/art/representative.html?limit=100&p=2,2026-08-06T10:35:19+00:00,3025
inheritor_3026,宋西平,女,汉族,VIII-56,VIII-56,VIII-056_01_510100,成都漆艺,传统技艺,四川省成都市,四川省,1,2007,http://www.ihchina.cn/art/representative.html?limit=100&p=2,2026-08-06T10:35:19+00:00,3026
inheritor_3027,尹利萍,女,汉族,VIII-56,VIII-56,VIII-056_01_510100,成都漆艺,传统技艺,四川省成都市,四川省,1,2007,http://www.ihchina.cn/art/representative.html?limit=100&p=2,2026-08-06T10:35:19+00:00,3027
inheritor_3028,赖高淮,男,汉族,VIII-58,VIII-58,VIII-058_01_510500,泸州老窖酒酿制技艺,传统技艺,四川省泸州市,四川省,1,2007,http://www.ihchina.cn/art/representative.html?limit=100&p=2,2026-08-06T10:35:19+00:00,3028
inheritor_3029,沈才洪,男,汉族,VIII-58,VIII-58,VIII-058_01_510500,泸州老窖酒酿制技艺,传统技艺,四川省泸州市,四川省,1,2007,http://www.ihchina.cn/art/representative.html?limit=100&p=2,2026-08-06T10:35:19+00:00,3029
inheritor_3030,王阿牛,男,汉族,VIII-60,VIII-60,VIII-060_01_330600,绍兴黄酒酿制技艺,传统技艺,浙江省绍兴市,浙江省,1,2007,http://www.ihchina.cn/art/representative.html?limit=100&p=2,2026-08-06T10:35:19+00:00,3030
inheritor_3031,严昌武,男,汉族,VIII-64,VIII-64,VIII-064_01_510923,自贡井盐深钻汲制技艺,传统技艺,四川省大英县,四川省,1,2007,http://www.ihchina.cn/art/representative.html?limit=100&p=2,2026-08-06T10:35:19+00:00,3031
inheritor_3032,邢春荣,男,汉族,VIII-65,VIII-65,VIII-065_01_341823,宣纸制作技艺,传统技艺,安徽省泾县,安徽省,1,2007,http://www.ihchina.cn/art/representative.html?limit=100&p=2,2026-08-06T10:35:19+00:00,3032
inheritor_3033,罗守全,男,布依族,VIII-67,VIII-67,VIII-067_01_520100,皮纸制作技艺,传统技艺,贵州省贵阳市,贵州省,1,2007,http://www.ihchina.cn/art/representative.html?limit=100&p=2,2026-08-06T10:35:19+00:00,3033
inheritor_3034,刘世阳,男,汉族,VIII-67,VIII-67,VIII-067_01_522325,皮纸制作技艺,传统技艺,贵州省贞丰县,贵州省,1,2007,http://www.ihchina.cn/art/representative.html?limit=100&p=2,2026-08-06T10:35:19+00:00,3034
inheritor_3035,和志本,男,纳西族,VIII-68,VIII-68,VIII-068_01_533421,傣族、纳西族手工造纸技艺,传统技艺,云南省香格里拉县,云南省,1,2007,http://www.ihchina.cn/art/representative.html?limit=100&p=2,2026-08-06T10:35:19+00:00,3035
inheritor_3036,托乎提·吐尔迪,男,维吾尔族,VIII-70,VIII-70,VIII-070_01_652100,维吾尔族桑皮纸制作技艺,传统技艺,新疆维吾尔自治区吐鲁番地区,新疆维吾尔自治区,1,2007,http://www.ihchina.cn/art/representative.html?limit=100&p=2,2026-08-06T10:35:19+00:00,3036
inheritor_3037,杨占尧,男,汉族,VIII-71,VIII-71,VIII-071_01_511126,竹纸制作技艺,传统技艺,四川省夹江县,四川省,1,2007,http://www.ihchina.cn/art/representative.html?limit=100&p=2,2026-08-06T10:35:19+00:00,3037
inheritor_3038,庄富泉,男,汉族,VIII-71,VIII-71,VIII-071_01_330183,竹纸制作技艺,传统技艺,浙江省富阳市,浙江省,1,2007,http://www.ihchina.cn/art/representative.html?limit=100&p=2,2026-08-06T10:35:19+00:00,3038
inheritor_3039,邱昌明,男,汉族,VIII-72,VIII-72,VIII-072_01_330500,湖笔制作技艺,传统技艺,浙江省湖州市,浙江省,1,2007,http://www.ihchina.cn/art/representative.html?limit=100&p=2,2026-08-06T10:35:19+00:00,3039
inheritor_3040,周美洪,男,汉族,VIII-73,VIII-73,VIII-073_01_341021,徽墨制作技艺,传统技艺,安徽省歙县,安徽省,1,2007,http://www.ihchina.cn/art/representative.html?limit=100&p=2,2026-08-06T10:35:19+00:00,3040
inheritor_3041,曹阶铭,男,汉族,VIII-74,VIII-74,VIII-074_01_341021,歙砚制作技艺,传统技艺,安徽省歙县,安徽省,1,2007,http://www.ihchina.cn/art/representative.html?limit=100&p=2,2026-08-06T10:35:19+00:00,3041
inheritor_3042,程文,男,汉族,VIII-75,VIII-75,VIII-075_01_441200,端砚制作技艺,传统技艺,广东省肇庆市,广东省,1,2007,http://www.ihchina.cn/art/representative.html?limit=100&p=2,2026-08-06T10:35:19+00:00,3042
inheritor_3043,崇德福,男,满族,VIII-77,VIII-77,VIII-077_01_110102,木版水印技艺,传统技艺,北京市荣宝斋,北京市,1,2007,http://www.ihchina.cn/art/representative.html?limit=100&p=2,2026-08-06T10:35:19+00:00,3043
inheritor_3044,王丽菊,女,汉族,VIII-77,VIII-77,VIII-077_01_110102,木版水印技艺,传统技艺,北京市荣宝斋,北京市,1,2007,http://www.ihchina.cn/art/representative.html?limit=100&p=2,2026-08-06T10:35:19+00:00,3044
inheritor_3045,陈义时,男,汉族,VIII-78,VIII-78,VIII-078_01_321000,雕版印刷技艺,传统技艺,江苏省扬州市,江苏省,1,2007,http://www.ihchina.cn/art/representative.html?limit=100&p=2,2026-08-06T10:35:19+00:00,3045
inheritor_3046,彭措泽仁,男,藏族,VIII-80,VIII-80,VIII-080_01_513330,德格印经院藏族雕版印刷技艺,传统技艺,四川省德格县,四川省,1,2007,http://www.ihchina.cn/art/representative.html?limit=100&p=2,2026-08-06T10:35:19+00:00,3046
inheritor_3047,徐义林,男,汉族,VIII-81,VIII-81,VIII-081_01_320500,制扇技艺,传统技艺,江苏省苏州市,江苏省,1,2007,http://www.ihchina.cn/art/representative.html?limit=100&p=2,2026-08-06T10:35:19+00:00,3047
inheritor_3048,李荣森,男,汉族,VIII-82,VIII-82,VIII-082_01_320500,剧装戏具制作技艺,传统技艺,江苏省苏州市,江苏省,1,2007,http://www.ihchina.cn/art/representative.html?limit=100&p=2,2026-08-06T10:35:19+00:00,3048
inheritor_3049,付占祥,男,赫哲族,VIII-83,VIII-83,VIII-083_01_230000,桦树皮制作技艺,传统技艺,黑龙江省,黑龙江省,1,2007,http://www.ihchina.cn/art/representative.html?limit=100&p=2,2026-08-06T10:35:19+00:00,3049
inheritor_3050,尤文凤,女,赫哲族,VIII-85,VIII-85,VIII-085_01_230000,赫哲族鱼皮制作技艺,传统技艺,黑龙江省,黑龙江省,1,2007,http://www.ihchina.cn/art/representative.html?limit=100&p=2,2026-08-06T10:35:19+00:00,3050
inheritor_3051,郭承毅,男,汉族,VIII-88,VIII-88,VIII-088_01_320600,风筝制作技艺(南通板鹞风筝),传统技艺,江苏省南通市,江苏省,1,2007,http://www.ihchina.cn/art/representative.html?limit=100&p=2,2026-08-06T10:35:19+00:00,3051
inheritor_3492,路志正,男,汉族,IX-1,IX-1,IX-001_01_110101,中医生命与疾病认知方法,传统医药,中国中医科学院,未知,1,2007,http://www.ihchina.cn/art/representative.html?limit=100&p=2,2026-08-06T10:35:19+00:00,3492
inheritor_3493,王绵之,男,汉族,IX-1,IX-1,IX-001_01_110101,中医生命与疾病认知方法,传统医药,中国中医科学院,未知,1,2007,http://www.ihchina.cn/art/representative.html?limit=100&p=2,2026-08-06T10:35:19+00:00,3493
inheritor_3494,颜德馨,男,汉族,IX-1,IX-1,IX-001_01_110101,中医生命与疾病认知方法,传统医药,中国中医科学院,未知,1,2007,http://www.ihchina.cn/art/representative.html?limit=100&p=2,2026-08-06T10:35:19+00:00,3494
inheritor_3495,曹洪欣,男,汉族,IX-1,IX-1,IX-001_01_110101,中医生命与疾病认知方法,传统医药,中国中医科学院,未知,1,2007,http://www.ihchina.cn/art/representative.html?limit=100&p=3,2026-08-06T10:35:21+00:00,3495
inheritor_3496,吴咸中,男,满族,IX-1,IX-1,IX-001_01_110101,中医生命与疾病认知方法,传统医药,中国中医科学院,未知,1,2007,http://www.ihchina.cn/art/representative.html?limit=100&p=3,2026-08-06T10:35:21+00:00,3496
inheritor_3497,陈可冀,男,汉族,IX-1,IX-1,IX-001_01_110101,中医生命与疾病认知方法,传统医药,中国中医科学院,未知,1,2007,http://www.ihchina.cn/art/representative.html?limit=100&p=3,2026-08-06T10:35:21+00:00,3497
inheritor_3498,邓铁涛,男,汉族,IX-2,IX-2,IX-002_01_110101,中医诊法,传统医药,中国中医科学院,未知,1,2007,http://www.ihchina.cn/art/representative.html?limit=100&p=3,2026-08-06T10:35:21+00:00,3498
inheritor_3499,周仲瑛,男,汉族,IX-2,IX-2,IX-002_01_110101,中医诊法,传统医药,中国中医科学院,未知,1,2007,http://www.ihchina.cn/art/representative.html?limit=100&p=3,2026-08-06T10:35:21+00:00,3499
inheritor_3500,王孝涛,男,汉族,IX-3,IX-3,IX-003_01_110101a,中药炮制技术,传统医药,中国中医科学院,未知,1,2007,http://www.ihchina.cn/art/representative.html?limit=100&p=3,2026-08-06T10:35:21+00:00,3500
inheritor_3501,金世元,男,汉族,IX-3,IX-3,IX-003_01_110101b,中药炮制技术,传统医药,中国中药协会,未知,1,2007,http://www.ihchina.cn/art/representative.html?limit=100&p=3,2026-08-06T10:35:21+00:00,3501
inheritor_3502,颜正华,男,汉族,IX-4,IX-4,IX-004_01_110101a,中医传统制剂方法,传统医药,中国中医科学院,未知,1,2007,http://www.ihchina.cn/art/representative.html?limit=100&p=3,2026-08-06T10:35:21+00:00,3502
inheritor_3503,张伯礼,男,汉族,IX-4,IX-4,IX-004_01_110101b,中医传统制剂方法,传统医药,中国中药协会,未知,1,2007,http://www.ihchina.cn/art/representative.html?limit=100&p=3,2026-08-06T10:35:21+00:00,3503
inheritor_3504,王雪苔,男,汉族,IX-5,IX-5,IX-005_01_110101,针灸,传统医药,中国中医科学院,未知,1,2007,http://www.ihchina.cn/art/representative.html?limit=100&p=3,2026-08-06T10:35:21+00:00,3504
inheritor_3505,贺普仁,男,汉族,IX-5,IX-5,IX-005_01_110108,针灸,传统医药,中国针灸学会,未知,1,2007,http://www.ihchina.cn/art/representative.html?limit=100&p=3,2026-08-06T10:35:21+00:00,3505
inheritor_3506,郭维淮,男,汉族,IX-6,IX-6,IX-006_01_110101,中医正骨疗法,传统医药,中国中医科学院,未知,1,2007,http://www.ihchina.cn/art/representative.html?limit=100&p=3,2026-08-06T10:35:21+00:00,3506
inheritor_3507,孙树椿,男,汉族,IX-6,IX-6,IX-006_01_110101,中医正骨疗法,传统医药,中国中医科学院,未知,1,2007,http://www.ihchina.cn/art/representative.html?limit=100&p=3,2026-08-06T10:35:21+00:00,3507
inheritor_3508,施杞,男,汉族,IX-6,IX-6,IX-006_01_110101,中医正骨疗法,传统医药,中国中医科学院,未知,1,2007,http://www.ihchina.cn/art/representative.html?limit=100&p=3,2026-08-06T10:35:21+00:00,3508
inheritor_3509,卢广荣,女,汉族,IX-7,IX-7,IX-007_01_110105,同仁堂中医药文化,传统医药,中国北京同仁堂(集团)有限责任公司,北京市,1,2007,http://www.ihchina.cn/art/representative.html?limit=100&p=3,2026-08-06T10:35:21+00:00,3509
inheritor_3510,金霭英,女,满族,IX-7,IX-7,IX-007_01_110105,同仁堂中医药文化,传统医药,中国北京同仁堂(集团)有限责任公司,北京市,1,2007,http://www.ihchina.cn/art/representative.html?limit=100&p=3,2026-08-06T10:35:21+00:00,3510
inheritor_3511,关庆维,男,汉族,IX-7,IX-7,IX-007_01_110105,同仁堂中医药文化,传统医药,中国北京同仁堂(集团)有限责任公司,北京市,1,2007,http://www.ihchina.cn/art/representative.html?limit=100&p=3,2026-08-06T10:35:21+00:00,3511
inheritor_3512,田瑞华,男,汉族,IX-7,IX-7,IX-007_01_110105,同仁堂中医药文化,传统医药,中国北京同仁堂(集团)有限责任公司,北京市,1,2007,http://www.ihchina.cn/art/representative.html?limit=100&p=3,2026-08-06T10:35:21+00:00,3512
inheritor_3513,冯根生,男,汉族,IX-8,IX-8,IX-008_01_330102,胡庆余堂中药文化,传统医药,浙江省杭州市,浙江省,1,2007,http://www.ihchina.cn/art/representative.html?limit=100&p=3,2026-08-06T10:35:21+00:00,3513
inheritor_3514,强巴赤列,男,藏族,IX-9,IX-9,IX-009_01_540100,藏医药(拉萨北派藏医水银洗炼法和藏药仁青常觉配伍技艺),传统医药,西藏自治区,西藏自治区,1,2007,http://www.ihchina.cn/art/representative.html?limit=100&p=3,2026-08-06T10:35:21+00:00,3514
inheritor_3515,尼玛次仁,男,藏族,IX-9,IX-9,IX-009_01_540100,藏医药(拉萨北派藏医水银洗炼法和藏药仁青常觉配伍技艺),传统医药,西藏自治区,西藏自治区,1,2007,http://www.ihchina.cn/art/representative.html?limit=100&p=3,2026-08-06T10:35:21+00:00,3515
inheritor_3516,索朗其美,男,藏族,IX-9,IX-9,IX-009_01_540100,藏医药(拉萨北派藏医水银洗炼法和藏药仁青常觉配伍技艺),传统医药,西藏自治区,西藏自治区,1,2007,http://www.ihchina.cn/art/representative.html?limit=100&p=3,2026-08-06T10:35:21+00:00,3516
inheritor_3517,嘎务,男,藏族,IX-9,IX-9,IX-009_01_540100,藏医药(拉萨北派藏医水银洗炼法和藏药仁青常觉配伍技艺),传统医药,西藏自治区,西藏自治区,1,2007,http://www.ihchina.cn/art/representative.html?limit=100&p=3,2026-08-06T10:35:21+00:00,3517
inheritor_3518,多吉,男,藏族,IX-9,IX-9,IX-009_01_540100,藏医药(拉萨北派藏医水银洗炼法和藏药仁青常觉配伍技艺),传统医药,西藏自治区,西藏自治区,1,2007,http://www.ihchina.cn/art/representative.html?limit=100&p=3,2026-08-06T10:35:21+00:00,3518
inheritor_3519,唐卡·昂翁降措,男,藏族,IX-9,IX-9,IX-009_01_513300,藏医药(甘孜州南派藏医药),传统医药,四川省甘孜藏族自治州,四川省,1,2007,http://www.ihchina.cn/art/representative.html?limit=100&p=3,2026-08-06T10:35:21+00:00,3519
inheritor_3520,格桑尼玛,男,藏族,IX-9,IX-9,IX-009_01_513300,藏医药(甘孜州南派藏医药),传统医药,四川省甘孜藏族自治州,四川省,1,2007,http://www.ihchina.cn/art/representative.html?limit=100&p=3,2026-08-06T10:35:21+00:00,3520
inheritor_839,辛里生,男,汉族,II-2,II-2,II-002_01_140930,河曲民歌,传统音乐,山西省河曲县,山西省,2,2008,http://www.ihchina.cn/art/representative.html?limit=100&p=3,2026-08-06T10:35:21+00:00,839
inheritor_840,吕桂英,女,汉族,II-2,II-2,II-002_01_140930,河曲民歌,传统音乐,山西省河曲县,山西省,2,2008,http://www.ihchina.cn/art/representative.html?limit=100&p=3,2026-08-06T10:35:21+00:00,840
inheritor_841,巴德玛,女,藏族,II-3,II-3,II-003_01_150000,蒙古族长调民歌,传统音乐,内蒙古自治区,内蒙古自治区,2,2008,http://www.ihchina.cn/art/representative.html?limit=100&p=3,2026-08-06T10:35:21+00:00,841
inheritor_842,额日格吉德玛,女,蒙古族,II-3,II-3,II-003_01_150000,蒙古族长调民歌,传统音乐,内蒙古自治区,内蒙古自治区,2,2008,http://www.ihchina.cn/art/representative.html?limit=100&p=3,2026-08-06T10:35:21+00:00,842
inheritor_843,莫德格,女,蒙古族,II-3,II-3,II-003_01_150000,蒙古族长调民歌,传统音乐,内蒙古自治区,内蒙古自治区,2,2008,http://www.ihchina.cn/art/representative.html?limit=100&p=3,2026-08-06T10:35:21+00:00,843
inheritor_844,宝音德力格尔,女,蒙古族,II-3,II-3,II-003_01_150000,蒙古族长调民歌,传统音乐,内蒙古自治区,内蒙古自治区,2,2008,http://www.ihchina.cn/art/representative.html?limit=100&p=3,2026-08-06T10:35:21+00:00,844
inheritor_845,徐盛久,男,汉族,II-8,II-8,II-008_01_360732,兴国山歌,传统音乐,江西省兴国县,江西省,2,2008,http://www.ihchina.cn/art/representative.html?limit=100&p=3,2026-08-06T10:35:21+00:00,845
inheritor_846,陈家珍,女,汉族,II-9,II-9,II-009_01_420526,兴山民歌,传统音乐,湖北省兴山县,湖北省,2,2008,http://www.ihchina.cn/art/representative.html?limit=100&p=3,2026-08-06T10:35:21+00:00,846
inheritor_847,余耀南,男,汉族,II-11,II-11,II-011_01_441400,梅州客家山歌,传统音乐,广东省梅州市,广东省,2,2008,http://www.ihchina.cn/art/representative.html?limit=100&p=3,2026-08-06T10:35:21+00:00,847
inheritor_848,吴志辉,男,汉族,II-12,II-12,II-012_01_442000,中山咸水歌,传统音乐,广东省中山市,广东省,2,2008,http://www.ihchina.cn/art/representative.html?limit=100&p=3,2026-08-06T10:35:21+00:00,848
inheritor_849,唐宝山,男,汉族,II-14,II-14,II-014_01_469003,儋州调声,传统音乐,海南省儋州市,海南省,2,2008,http://www.ihchina.cn/art/representative.html?limit=100&p=3,2026-08-06T10:35:21+00:00,849
inheritor_850,刘永斌,男,土家族,II-15,II-15,II-015_01_500240,石柱土家啰儿调,传统音乐,重庆市石柱土家族自治县,重庆市,2,2008,http://www.ihchina.cn/art/representative.html?limit=100&p=3,2026-08-06T10:35:21+00:00,850
inheritor_851,陈治华,男,汉族,II-16,II-16,II-016_01_511900,巴山背二歌,传统音乐,四川省巴中市,四川省,2,2008,http://www.ihchina.cn/art/representative.html?limit=100&p=3,2026-08-06T10:35:21+00:00,851
inheritor_852,王利,男,傈僳族,II-17,II-17,II-017_01_533321,傈僳族民歌,传统音乐,云南省泸水县,云南省,2,2008,http://www.ihchina.cn/art/representative.html?limit=100&p=3,2026-08-06T10:35:21+00:00,852
inheritor_853,马金山,男,东乡族,II-20,II-20,II-020_01_622925,花儿(松鸣岩花儿会),传统音乐,甘肃省和政县,甘肃省,2,2008,http://www.ihchina.cn/art/representative.html?limit=100&p=3,2026-08-06T10:35:21+00:00,853
inheritor_854,马得林,男,回族,II-20,II-20,II-020_01_630121,花儿(老爷山花儿会),传统音乐,青海省大通回族土族自治县,青海省,2,2008,http://www.ihchina.cn/art/representative.html?limit=100&p=3,2026-08-06T10:35:21+00:00,854
inheritor_855,马明山,女,土族,II-20,II-20,II-020_01_630223,花儿(丹麻土族花儿会),传统音乐,青海省互助土族自治县,青海省,2,2008,http://www.ihchina.cn/art/representative.html?limit=100&p=3,2026-08-06T10:35:21+00:00,855
inheritor_856,赵存禄,男,东乡族,II-20,II-20,II-020_01_630222,花儿(七里寺花儿会),传统音乐,青海省民和回族土族自治县,青海省,2,2008,http://www.ihchina.cn/art/representative.html?limit=100&p=3,2026-08-06T10:35:21+00:00,856
inheritor_857,张英芝,女,土族,II-20,II-20,II-020_01_630222,花儿(七里寺花儿会),传统音乐,青海省民和回族土族自治县,青海省,2,2008,http://www.ihchina.cn/art/representative.html?limit=100&p=3,2026-08-06T10:35:21+00:00,857
inheritor_858,王存福,男,汉族,II-20,II-20,II-020_01_630202,花儿(瞿昙寺花儿会),传统音乐,青海省乐都县,青海省,2,2008,http://www.ihchina.cn/art/representative.html?limit=100&p=3,2026-08-06T10:35:21+00:00,858
inheritor_859,马生林,男,东乡族,II-20,II-20,II-020_01_640000,花儿(宁夏回族山花儿),传统音乐,宁夏回族自治区,宁夏回族自治区,2,2008,http://www.ihchina.cn/art/representative.html?limit=100&p=3,2026-08-06T10:35:21+00:00,859
inheritor_860,切吉卓玛,女,藏族,II-21,II-21,II-021_01_632500,藏族拉伊,传统音乐,青海省海南藏族自治州,海南省,2,2008,http://www.ihchina.cn/art/representative.html?limit=100&p=3,2026-08-06T10:35:21+00:00,860
inheritor_861,蒲章俊,男,汉族,II-22,II-22,II-022_01_370300,聊斋俚曲,传统音乐,山东省淄博市,山东省,2,2008,http://www.ihchina.cn/art/representative.html?limit=100&p=3,2026-08-06T10:35:21+00:00,861
inheritor_862,杨正泽,男,土家族,II-25,II-25,II-025_01_500114,南溪号子,传统音乐,重庆市黔江区,重庆市,2,2008,http://www.ihchina.cn/art/representative.html?limit=100&p=3,2026-08-06T10:35:21+00:00,862
inheritor_863,潘中民,男,汉族,II-26,II-26,II-026_01_500113,木洞山歌,传统音乐,重庆市巴南区,重庆市,2,2008,http://www.ihchina.cn/art/representative.html?limit=100&p=3,2026-08-06T10:35:21+00:00,863
inheritor_864,王绍兴,男,汉族,II-27,II-27,II-027_01_510822,川北薅草锣鼓,传统音乐,四川省青川县,四川省,2,2008,http://www.ihchina.cn/art/representative.html?limit=100&p=3,2026-08-06T10:35:21+00:00,864
inheritor_865,吴品仙,女,侗族,II-28,II-28,II-028_01_522631,侗族大歌,传统音乐,贵州省黎平县,贵州省,2,2008,http://www.ihchina.cn/art/representative.html?limit=100&p=3,2026-08-06T10:35:21+00:00,865
inheritor_866,吴光祖,男,侗族,II-28,II-28,II-028_01_450226,侗族大歌,传统音乐,广西壮族自治区三江侗族自治县,广西壮族自治区,2,2008,http://www.ihchina.cn/art/representative.html?limit=100&p=3,2026-08-06T10:35:21+00:00,866
inheritor_867,覃奶号,女,侗族,II-28,II-28,II-028_01_450226,侗族大歌,传统音乐,广西壮族自治区三江侗族自治县,广西壮族自治区,2,2008,http://www.ihchina.cn/art/representative.html?limit=100&p=3,2026-08-06T10:35:21+00:00,867
inheritor_868,吴家兴,男,侗族,II-29,II-29,II-029_01_522632,侗族琵琶歌,传统音乐,贵州省榕江县,贵州省,2,2008,http://www.ihchina.cn/art/representative.html?limit=100&p=3,2026-08-06T10:35:21+00:00,868
inheritor_869,吴玉竹,女,侗族,II-29,II-29,II-029_01_522631,侗族琵琶歌,传统音乐,贵州省黎平县,贵州省,2,2008,http://www.ihchina.cn/art/representative.html?limit=100&p=3,2026-08-06T10:35:21+00:00,869
inheritor_870,车格,女,哈尼族,II-30,II-30,II-030_01_532529,哈尼族多声部民歌,传统音乐,云南省红河哈尼族彝族自治州,云南省,2,2008,http://www.ihchina.cn/art/representative.html?limit=100&p=3,2026-08-06T10:35:21+00:00,870
inheritor_871,陈习娘,男,哈尼族,II-30,II-30,II-030_01_532529,哈尼族多声部民歌,传统音乐,云南省红河哈尼族彝族自治州,云南省,2,2008,http://www.ihchina.cn/art/representative.html?limit=100&p=3,2026-08-06T10:35:21+00:00,871
inheritor_872,后宝云,男,彝族,II-31,II-31,II-031_01_532500,彝族海菜腔,传统音乐,云南省红河哈尼族彝族自治州,云南省,2,2008,http://www.ihchina.cn/art/representative.html?limit=100&p=3,2026-08-06T10:35:21+00:00,872
inheritor_873,阿家文,男,彝族,II-32,II-32,II-031_01_532500,彝族海菜腔,传统音乐,云南省红河哈尼族彝族自治州,云南省,2,2008,http://www.ihchina.cn/art/representative.html?limit=100&p=3,2026-08-06T10:35:21+00:00,873
inheritor_874,罗景超,男,壮族,II-32,II-32,II-032_01_451026,那坡壮族民歌,传统音乐,广西壮族自治区那坡县,广西壮族自治区,2,2008,http://www.ihchina.cn/art/representative.html?limit=100&p=3,2026-08-06T10:35:21+00:00,874
inheritor_875,郑珉中,男,汉族,II-34,II-34,II-034_01_110105,古琴艺术,传统音乐,中国艺术研究院,未知,2,2008,http://www.ihchina.cn/art/representative.html?limit=100&p=3,2026-08-06T10:35:21+00:00,875
inheritor_876,陈长林,男,汉族,II-34,II-34,II-034_01_110105,古琴艺术,传统音乐,中国艺术研究院,未知,2,2008,http://www.ihchina.cn/art/representative.html?limit=100&p=3,2026-08-06T10:35:21+00:00,876
inheritor_877,吴钊,男,汉族,II-34,II-34,II-034_01_110105,古琴艺术,传统音乐,中国艺术研究院,未知,2,2008,http://www.ihchina.cn/art/representative.html?limit=100&p=3,2026-08-06T10:35:21+00:00,877
inheritor_878,姚公白,男,汉族,II-34,II-34,II-034_01_110105,古琴艺术,传统音乐,中国艺术研究院,未知,2,2008,http://www.ihchina.cn/art/representative.html?limit=100&p=3,2026-08-06T10:35:21+00:00,878
inheritor_879,刘赤城,男,汉族,II-34,II-34,II-034_01_110105,古琴艺术,传统音乐,中国艺术研究院,未知,2,2008,http://www.ihchina.cn/art/representative.html?limit=100&p=3,2026-08-06T10:35:21+00:00,879
inheritor_880,李璠,男,汉族,II-34,II-34,II-034_01_110105,古琴艺术,传统音乐,中国艺术研究院,未知,2,2008,http://www.ihchina.cn/art/representative.html?limit=100&p=3,2026-08-06T10:35:21+00:00,880
inheritor_881,吴文光,男,汉族,II-34,II-34,II-034_01_110105,古琴艺术,传统音乐,中国艺术研究院,未知,2,2008,http://www.ihchina.cn/art/representative.html?limit=100&p=3,2026-08-06T10:35:21+00:00,881
inheritor_882,林友仁,男,汉族,II-34,II-34,II-034_01_110105,古琴艺术,传统音乐,中国艺术研究院,未知,2,2008,http://www.ihchina.cn/art/representative.html?limit=100&p=3,2026-08-06T10:35:21+00:00,882
inheritor_883,李祥霆,男,满族,II-34,II-34,II-034_01_110105,古琴艺术,传统音乐,中国艺术研究院,未知,2,2008,http://www.ihchina.cn/art/representative.html?limit=100&p=3,2026-08-06T10:35:21+00:00,883
inheritor_884,龚一,男,汉族,II-34,II-34,II-034_01_110105,古琴艺术,传统音乐,中国艺术研究院,未知,2,2008,http://www.ihchina.cn/art/representative.html?limit=100&p=3,2026-08-06T10:35:21+00:00,884
inheritor_885,齐·宝力高,男,蒙古族,II-35,II-35,II-035_01_150000,蒙古族马头琴音乐,传统音乐,内蒙古自治区,内蒙古自治区,2,2008,http://www.ihchina.cn/art/representative.html?limit=100&p=3,2026-08-06T10:35:21+00:00,885
inheritor_886,吴云龙,男,蒙古族,II-36,II-36,II-036_01_150000,蒙古族四胡音乐,传统音乐,内蒙古自治区通辽市,内蒙古自治区,2,2008,http://www.ihchina.cn/art/representative.html?limit=100&p=3,2026-08-06T10:35:21+00:00,886
inheritor_887,特格喜都楞,男,蒙古族,II-36,II-36,II-036_01_150000,蒙古族四胡音乐,传统音乐,内蒙古自治区通辽市,内蒙古自治区,2,2008,http://www.ihchina.cn/art/representative.html?limit=100&p=3,2026-08-06T10:35:21+00:00,887
inheritor_888,贺德义,男,汉族,II-37,II-37,II-037_01_410882,唢呐艺术,传统音乐,河南省沁阳市,河南省,2,2008,http://www.ihchina.cn/art/representative.html?limit=100&p=3,2026-08-06T10:35:21+00:00,888
inheritor_889,李金海,男,汉族,II-37,II-37,II-037_01_410882,唢呐艺术,传统音乐,河南省沁阳市,河南省,2,2008,http://www.ihchina.cn/art/representative.html?limit=100&p=3,2026-08-06T10:35:21+00:00,889
inheritor_890,龚代仁,男,羌族,II-38,II-38,II-038_01_513223,羌笛演奏及制作技艺,传统音乐,四川省茂县,四川省,2,2008,http://www.ihchina.cn/art/representative.html?limit=100&p=3,2026-08-06T10:35:21+00:00,890
inheritor_891,刘振义,男,汉族,II-39,II-39,II-039_01_210000,辽宁鼓乐,传统音乐,辽宁省,辽宁省,2,2008,http://www.ihchina.cn/art/representative.html?limit=100&p=3,2026-08-06T10:35:21+00:00,891
inheritor_892,陆春龄,男,汉族,II-40,II-40,II-040_01_310000,江南丝竹,传统音乐,上海市,上海市,2,2008,http://www.ihchina.cn/art/representative.html?limit=100&p=3,2026-08-06T10:35:21+00:00,892
inheritor_893,周皓,男,汉族,II-40,II-40,II-040_01_310000,江南丝竹,传统音乐,上海市,上海市,2,2008,http://www.ihchina.cn/art/representative.html?limit=100&p=3,2026-08-06T10:35:21+00:00,893
inheritor_894,赵绍康,男,汉族,II-41,II-41,II-041_01_320700,海州五大宫调,传统音乐,江苏省连云港市,江苏省,2,2008,http://www.ihchina.cn/art/representative.html?limit=100&p=3,2026-08-06T10:35:21+00:00,894
inheritor_895,刘长兰,女,汉族,II-41,II-41,II-041_01_320700,海州五大宫调,传统音乐,江苏省连云港市,江苏省,2,2008,http://www.ihchina.cn/art/representative.html?limit=100&p=3,2026-08-06T10:35:21+00:00,895
inheritor_896,尹功祥,男,汉族,II-42,II-42,II-042_01_330683,嵊州吹打,传统音乐,浙江省嵊州市,浙江省,2,2008,http://www.ihchina.cn/art/representative.html?limit=100&p=3,2026-08-06T10:35:21+00:00,896
inheritor_897,高如丰,男,汉族,II-43,II-43,II-043_01_330900,舟山锣鼓,传统音乐,浙江省舟山市,浙江省,2,2008,http://www.ihchina.cn/art/representative.html?limit=100&p=3,2026-08-06T10:35:21+00:00,897
inheritor_898,陈英木,男,汉族,II-44,II-44,II-044_01_350100,十番音乐(茶亭十番音乐),传统音乐,福建省福州市,福建省,2,2008,http://www.ihchina.cn/art/representative.html?limit=100&p=3,2026-08-06T10:35:21+00:00,898
inheritor_899,伊双来,男,汉族,II-45,II-45,II-045_01_370829,鲁西南鼓吹乐,传统音乐,山东省嘉祥县,山东省,2,2008,http://www.ihchina.cn/art/representative.html?limit=100&p=3,2026-08-06T10:35:21+00:00,899
inheritor_900,宋光生,男,汉族,II-46,II-46,II-046_01_411300,板头曲,传统音乐,河南省南阳市,河南省,2,2008,http://www.ihchina.cn/art/representative.html?limit=100&p=3,2026-08-06T10:35:21+00:00,900
inheritor_901,黄太柏,男,汉族,II-47,II-47,II-047_01_420506,宜昌丝竹,传统音乐,湖北省宜昌市夷陵区,湖北省,2,2008,http://www.ihchina.cn/art/representative.html?limit=100&p=3,2026-08-06T10:35:21+00:00,901
inheritor_902,杜海涛,男,汉族,II-48,II-48,II-048_01_420583,枝江民间吹打乐,传统音乐,湖北省枝江市,湖北省,2,2008,http://www.ihchina.cn/art/representative.html?limit=100&p=3,2026-08-06T10:35:21+00:00,902
inheritor_903,陈哲深,男,汉族,II-49,II-49,II-049_01_440781,广东音乐,传统音乐,广东省台山市,广东省,2,2008,http://www.ihchina.cn/art/representative.html?limit=100&p=3,2026-08-06T10:35:21+00:00,903
inheritor_904,黄义孝,男,汉族,II-50,II-50,II-050_01_445100,潮州音乐,传统音乐,广东省潮州市,广东省,2,2008,http://www.ihchina.cn/art/representative.html?limit=100&p=3,2026-08-06T10:35:21+00:00,904
inheritor_905,林立言,男,汉族,II-50,II-50,II-050_01_440500,潮州音乐,传统音乐,广东省汕头市,广东省,2,2008,http://www.ihchina.cn/art/representative.html?limit=100&p=3,2026-08-06T10:35:21+00:00,905
inheritor_906,杨秀明,男,汉族,II-50,II-50,II-050_01_440500,潮州音乐,传统音乐,广东省汕头市,广东省,2,2008,http://www.ihchina.cn/art/representative.html?limit=100&p=3,2026-08-06T10:35:21+00:00,906
inheritor_907,罗邦龙,男,汉族,II-51,II-51,II-051_01_441422,广东汉乐,传统音乐,广东省大埔县,广东省,2,2008,http://www.ihchina.cn/art/representative.html?limit=100&p=3,2026-08-06T10:35:21+00:00,907
inheritor_908,唐佑伦,男,汉族,II-52,II-52,II-052_01_500113,吹打(接龙吹打),传统音乐,重庆市巴南区,重庆市,2,2008,http://www.ihchina.cn/art/representative.html?limit=100&p=3,2026-08-06T10:35:21+00:00,908
inheritor_909,张登洋,男,汉族,II-52,II-52,II-052_01_500000,吹打(金桥吹打),传统音乐,重庆市万盛区,重庆市,2,2008,http://www.ihchina.cn/art/representative.html?limit=100&p=3,2026-08-06T10:35:21+00:00,909
inheritor_910,刘官胜,男,汉族,II-53,II-53,II-053_01_500228,梁平癞子锣鼓,传统音乐,重庆市梁平县,重庆市,2,2008,http://www.ihchina.cn/art/representative.html?limit=100&p=3,2026-08-06T10:35:21+00:00,910
inheritor_911,罗仕碧,男,汉族,II-54,II-54,II-054_01_433100,土家族打溜子,传统音乐,湖南省湘西土家族苗族自治州,湖南省,2,2008,http://www.ihchina.cn/art/representative.html?limit=100&p=3,2026-08-06T10:35:21+00:00,911
inheritor_912,田隆信,男,土家族,II-54,II-54,II-054_01_433100,土家族打溜子,传统音乐,湖南省湘西土家族苗族自治州,湖南省,2,2008,http://www.ihchina.cn/art/representative.html?limit=100&p=3,2026-08-06T10:35:21+00:00,912
inheritor_913,刘红升,男,汉族,II-55,II-55,II-055_01_130429,河北鼓吹乐,传统音乐,河北省永年县,河北省,2,2008,http://www.ihchina.cn/art/representative.html?limit=100&p=4,2026-08-06T10:35:23+00:00,913
inheritor_914,冯月池,男,汉族,II-59,II-59,II-059_01_131022,冀中笙管乐(屈家营音乐会),传统音乐,河北省固安县,河北省,2,2008,http://www.ihchina.cn/art/representative.html?limit=100&p=4,2026-08-06T10:35:23+00:00,914
inheritor_915,蔡玉润,男,汉族,II-59,II-59,II-059_01_130623,冀中笙管乐(高洛音乐会),传统音乐,河北省涞水县,河北省,2,2008,http://www.ihchina.cn/art/representative.html?limit=100&p=4,2026-08-06T10:35:23+00:00,915
inheritor_916,尚学智,男,汉族,II-59,II-59,II-059_01_131081a,冀中笙管乐(高桥音乐会),传统音乐,河北省霸州市,河北省,2,2008,http://www.ihchina.cn/art/representative.html?limit=100&p=4,2026-08-06T10:35:23+00:00,916
inheritor_917,胡德明,男,汉族,II-59,II-59,II-059_01_131081b,冀中笙管乐(胜芳音乐会),传统音乐,河北省霸州市,河北省,2,2008,http://www.ihchina.cn/art/representative.html?limit=100&p=4,2026-08-06T10:35:23+00:00,917
inheritor_918,王芳仁,男,布依族,II-60,II-60,II-060_01_520423,铜鼓十二调,传统音乐,贵州省镇宁布依族苗族自治县,贵州省,2,2008,http://www.ihchina.cn/art/representative.html?limit=100&p=4,2026-08-06T10:35:23+00:00,918
inheritor_919,王永占,男,布依族,II-60,II-60,II-060_01_522325,铜鼓十二调,传统音乐,贵州省贞丰县,贵州省,2,2008,http://www.ihchina.cn/art/representative.html?limit=100&p=4,2026-08-06T10:35:23+00:00,919
inheritor_920,赵庚辰,男,汉族,II-61,II-61,II-061_01_610000,西安鼓乐,传统音乐,陕西省,陕西省,2,2008,http://www.ihchina.cn/art/representative.html?limit=100&p=4,2026-08-06T10:35:23+00:00,920
inheritor_921,顾景昭,男,汉族,II-61,II-61,II-061_01_610000,西安鼓乐,传统音乐,陕西省,陕西省,2,2008,http://www.ihchina.cn/art/representative.html?limit=100&p=4,2026-08-06T10:35:23+00:00,921
inheritor_922,田中禾,男,汉族,II-61,II-61,II-061_01_610000,西安鼓乐,传统音乐,陕西省,陕西省,2,2008,http://www.ihchina.cn/art/representative.html?limit=100&p=4,2026-08-06T10:35:23+00:00,922
inheritor_923,马兰花,女,回族,II-63,II-63,II-063_01_640000,回族民间器乐,传统音乐,宁夏回族自治区,宁夏回族自治区,2,2008,http://www.ihchina.cn/art/representative.html?limit=100&p=4,2026-08-06T10:35:23+00:00,923
inheritor_924,张本兴,男,汉族,II-65,II-65,II-065_01_110000,智化寺京音乐,传统音乐,北京市,北京市,2,2008,http://www.ihchina.cn/art/representative.html?limit=100&p=4,2026-08-06T10:35:23+00:00,924
inheritor_925,毛良善,男,汉族,II-68,II-68,II-068_01_320500,苏州玄妙观道教音乐,传统音乐,江苏省苏州市,江苏省,2,2008,http://www.ihchina.cn/art/representative.html?limit=100&p=4,2026-08-06T10:35:23+00:00,925
inheritor_926,薛桂元,男,汉族,II-68,II-68,II-068_01_320500,苏州玄妙观道教音乐,传统音乐,江苏省苏州市,江苏省,2,2008,http://www.ihchina.cn/art/representative.html?limit=100&p=4,2026-08-06T10:35:23+00:00,926
inheritor_927,玉素甫·托合提,男,维吾尔族,II-70,II-70,II-070_01_650000,新疆维吾尔木卡姆艺术(十二木卡姆),传统音乐,新疆维吾尔自治区,新疆维吾尔自治区,2,2008,http://www.ihchina.cn/art/representative.html?limit=100&p=4,2026-08-06T10:35:23+00:00,927
inheritor_928,阿布来提赛来,男,维吾尔族,II-70,II-70,II-070_01_650000,新疆维吾尔木卡姆艺术(十二木卡姆),传统音乐,新疆维吾尔自治区,新疆维吾尔自治区,2,2008,http://www.ihchina.cn/art/representative.html?limit=100&p=4,2026-08-06T10:35:23+00:00,928
inheritor_929,吐尼莎·萨拉依丁,女,维吾尔族,II-70,II-70,II-070_01_650000,新疆维吾尔木卡姆艺术(十二木卡姆),传统音乐,新疆维吾尔自治区,新疆维吾尔自治区,2,2008,http://www.ihchina.cn/art/representative.html?limit=100&p=4,2026-08-06T10:35:23+00:00,929
inheritor_930,乌斯曼·艾买提,男,维吾尔族,II-70,II-70,II-070_01_650000,新疆维吾尔木卡姆艺术(十二木卡姆),传统音乐,新疆维吾尔自治区,新疆维吾尔自治区,2,2008,http://www.ihchina.cn/art/representative.html?limit=100&p=4,2026-08-06T10:35:23+00:00,930
inheritor_931,买买提·吾拉音,男,维吾尔族,II-70,II-70,II-070_01_652122,新疆维吾尔木卡姆艺术(吐鲁番木卡姆),传统音乐,新疆维吾尔自治区鄯善县,新疆维吾尔自治区,2,2008,http://www.ihchina.cn/art/representative.html?limit=100&p=4,2026-08-06T10:35:23+00:00,931
inheritor_932,吐尔逊·司马义,男,维吾尔族,II-70,II-70,II-070_01_652122,新疆维吾尔木卡姆艺术(吐鲁番木卡姆),传统音乐,新疆维吾尔自治区鄯善县,新疆维吾尔自治区,2,2008,http://www.ihchina.cn/art/representative.html?limit=100&p=4,2026-08-06T10:35:23+00:00,932
inheritor_933,艾赛提·莫合塔尔,男,维吾尔族,II-70,II-70,II-070_01_652200,新疆维吾尔木卡姆艺术(哈密木卡姆),传统音乐,新疆维吾尔自治区哈密地区,新疆维吾尔自治区,2,2008,http://www.ihchina.cn/art/representative.html?limit=100&p=4,2026-08-06T10:35:23+00:00,933
inheritor_934,玉苏因·亚亚,男,维吾尔族,II-70,II-70,II-070_01_653127,新疆维吾尔木卡姆艺术(刀郎木卡姆),传统音乐,新疆维吾尔自治区麦盖提县,新疆维吾尔自治区,2,2008,http://www.ihchina.cn/art/representative.html?limit=100&p=4,2026-08-06T10:35:23+00:00,934
inheritor_935,阿不都吉力力·肉孜,男,维吾尔族,II-70,II-70,II-070_01_653127,新疆维吾尔木卡姆艺术(刀郎木卡姆),传统音乐,新疆维吾尔自治区麦盖提县,新疆维吾尔自治区,2,2008,http://www.ihchina.cn/art/representative.html?limit=100&p=4,2026-08-06T10:35:23+00:00,935
inheritor_936,黄淑英,女,汉族,II-71,II-71,II-071_01_350500,南音,传统音乐,福建省泉州市,福建省,2,2008,http://www.ihchina.cn/art/representative.html?limit=100&p=4,2026-08-06T10:35:23+00:00,936
inheritor_937,苏统谋,男,汉族,II-71,II-71,II-071_01_350500,南音,传统音乐,福建省泉州市,福建省,2,2008,http://www.ihchina.cn/art/representative.html?limit=100&p=4,2026-08-06T10:35:23+00:00,937
inheritor_938,吴彦造,男,汉族,II-71,II-71,II-071_01_350500,南音,传统音乐,福建省泉州市,福建省,2,2008,http://www.ihchina.cn/art/representative.html?limit=100&p=4,2026-08-06T10:35:23+00:00,938
inheritor_939,丁水清,男,回族,II-71,II-71,II-071_01_350500,南音,传统音乐,福建省泉州市,福建省,2,2008,http://www.ihchina.cn/art/representative.html?limit=100&p=4,2026-08-06T10:35:23+00:00,939
inheritor_940,苏诗永,女,汉族,II-71,II-71,II-071_01_350500,南音,传统音乐,福建省泉州市,福建省,2,2008,http://www.ihchina.cn/art/representative.html?limit=100&p=4,2026-08-06T10:35:23+00:00,940
inheritor_941,夏永西,男,汉族,II-71,II-71,II-071_01_350500,南音,传统音乐,福建省泉州市,福建省,2,2008,http://www.ihchina.cn/art/representative.html?limit=100&p=4,2026-08-06T10:35:23+00:00,941
inheritor_942,吴世安,男,汉族,II-71,II-71,II-071_01_350200,南音,传统音乐,福建省厦门市,福建省,2,2008,http://www.ihchina.cn/art/representative.html?limit=100&p=4,2026-08-06T10:35:23+00:00,942
inheritor_1219,高洪伟,男,汉族,III-1,III-1,III-001_01_110109,京西太平鼓,传统舞蹈,北京市门头沟区,北京市,2,2008,http://www.ihchina.cn/art/representative.html?limit=100&p=4,2026-08-06T10:35:23+00:00,1219
inheritor_1220,周贺华,男,汉族,III-2,III-2,III-002_01_130322,秧歌(昌黎地秧歌),传统舞蹈,河北省昌黎县,河北省,2,2008,http://www.ihchina.cn/art/representative.html?limit=100&p=4,2026-08-06T10:35:23+00:00,1220
inheritor_1221,于振江,男,汉族,III-2,III-2,III-002_01_130322,秧歌(昌黎地秧歌),传统舞蹈,河北省昌黎县,河北省,2,2008,http://www.ihchina.cn/art/representative.html?limit=100&p=4,2026-08-06T10:35:23+00:00,1221
inheritor_1222,杨克胜,男,汉族,III-2,III-2,III-002_01_370126,秧歌(鼓子秧歌),传统舞蹈,山东省商河县,山东省,2,2008,http://www.ihchina.cn/art/representative.html?limit=100&p=4,2026-08-06T10:35:23+00:00,1222
inheritor_1223,吴英民,男,汉族,III-2,III-2,III-002_01_370281,秧歌(胶州秧歌),传统舞蹈,山东省胶州市,山东省,2,2008,http://www.ihchina.cn/art/representative.html?limit=100&p=4,2026-08-06T10:35:23+00:00,1223
inheritor_1224,王发,男,汉族,III-2,III-2,III-002_01_370687,秧歌(海阳大秧歌),传统舞蹈,山东省海阳市,山东省,2,2008,http://www.ihchina.cn/art/representative.html?limit=100&p=4,2026-08-06T10:35:23+00:00,1224
inheritor_1225,鞠洪钧,男,汉族,III-2,III-2,III-002_01_370687,秧歌(海阳大秧歌),传统舞蹈,山东省海阳市,山东省,2,2008,http://www.ihchina.cn/art/representative.html?limit=100&p=4,2026-08-06T10:35:23+00:00,1225
inheritor_1226,李增恒,男,汉族,III-2,III-2,III-002_01_610826,秧歌(陕北秧歌),传统舞蹈,陕西省绥德县,陕西省,2,2008,http://www.ihchina.cn/art/representative.html?limit=100&p=4,2026-08-06T10:35:23+00:00,1226
inheritor_1227,武新全,男,汉族,III-3,III-3,III-003_01_130121,井陉拉花,传统舞蹈,河北省井陉县,河北省,2,2008,http://www.ihchina.cn/art/representative.html?limit=100&p=4,2026-08-06T10:35:23+00:00,1227
inheritor_1228,黄廷炎,男,汉族,III-4,III-4,III-004_01_500000,龙舞(铜梁龙舞),传统舞蹈,重庆市,重庆市,2,2008,http://www.ihchina.cn/art/representative.html?limit=100&p=4,2026-08-06T10:35:23+00:00,1228
inheritor_1229,黄锐胜,男,汉族,III-4,III-4,III-004_01_441500,龙舞(汕尾滚地金龙),传统舞蹈,广东省汕尾市,广东省,2,2008,http://www.ihchina.cn/art/representative.html?limit=100&p=4,2026-08-06T10:35:23+00:00,1229
inheritor_1230,谈小明,男,汉族,III-4,III-4,III-004_01_330522,龙舞(长兴百叶龙),传统舞蹈,浙江省长兴县,浙江省,2,2008,http://www.ihchina.cn/art/representative.html?limit=100&p=4,2026-08-06T10:35:23+00:00,1230
inheritor_1231,陈行国,男,汉族,III-4,III-4,III-004_01_330283,龙舞(奉化布龙),传统舞蹈,浙江省奉化市,浙江省,2,2008,http://www.ihchina.cn/art/representative.html?limit=100&p=4,2026-08-06T10:35:23+00:00,1231
inheritor_1232,罗德书,男,汉族,III-4,III-4,III-004_01_510521,龙舞(泸州雨坛彩龙),传统舞蹈,四川省泸县,四川省,2,2008,http://www.ihchina.cn/art/representative.html?limit=100&p=4,2026-08-06T10:35:23+00:00,1232
inheritor_1233,王利忠,男,汉族,III-5,III-5,III-005_01_130625,狮舞(徐水狮舞),传统舞蹈,河北省徐水县,河北省,2,2008,http://www.ihchina.cn/art/representative.html?limit=100&p=4,2026-08-06T10:35:23+00:00,1233
inheritor_1234,李登山,男,汉族,III-5,III-5,III-005_01_141023,狮舞(天塔狮舞),传统舞蹈,山西省襄汾县,山西省,2,2008,http://www.ihchina.cn/art/representative.html?limit=100&p=4,2026-08-06T10:35:23+00:00,1234
inheritor_1235,王曰友,男,汉族,III-5,III-5,III-005_01_331082,狮舞(黄沙狮子),传统舞蹈,浙江省临海市,浙江省,2,2008,http://www.ihchina.cn/art/representative.html?limit=100&p=4,2026-08-06T10:35:23+00:00,1235
inheritor_1236,李荣仔,男,汉族,III-5,III-5,III-005_01_440823,狮舞(广东醒狮),传统舞蹈,广东省遂溪县,广东省,2,2008,http://www.ihchina.cn/art/representative.html?limit=100&p=4,2026-08-06T10:35:23+00:00,1236
inheritor_1237,冯国佩,男,汉族,III-6,III-6,III-006_01_340300,花鼓灯(蚌埠花鼓灯),传统舞蹈,安徽省蚌埠市,安徽省,2,2008,http://www.ihchina.cn/art/representative.html?limit=100&p=4,2026-08-06T10:35:23+00:00,1237
inheritor_1238,郑九如,男,汉族,III-6,III-6,III-006_01_340300,花鼓灯(蚌埠花鼓灯),传统舞蹈,安徽省蚌埠市,安徽省,2,2008,http://www.ihchina.cn/art/representative.html?limit=100&p=4,2026-08-06T10:35:23+00:00,1238
inheritor_1239,陈敬芝,男,汉族,III-6,III-6,III-006_01_340421,花鼓灯(凤台花鼓灯),传统舞蹈,安徽省凤台县,安徽省,2,2008,http://www.ihchina.cn/art/representative.html?limit=100&p=4,2026-08-06T10:35:23+00:00,1239
inheritor_1240,王传先,男,汉族,III-6,III-6,III-006_01_341226,花鼓灯(颍上花鼓灯),传统舞蹈,安徽省颍上县,安徽省,2,2008,http://www.ihchina.cn/art/representative.html?limit=100&p=4,2026-08-06T10:35:23+00:00,1240
inheritor_1241,罗会武,男,汉族,III-7,III-7,III-007_01_361023,傩舞(南丰跳傩),传统舞蹈,江西省南丰县,江西省,2,2008,http://www.ihchina.cn/art/representative.html?limit=100&p=4,2026-08-06T10:35:23+00:00,1241
inheritor_1242,胡振坤,男,汉族,III-7,III-7,III-007_01_361130,傩舞(婺源傩舞),传统舞蹈,江西省婺源县,江西省,2,2008,http://www.ihchina.cn/art/representative.html?limit=100&p=4,2026-08-06T10:35:23+00:00,1242
inheritor_1243,陈来发,男,汉族,III-8,III-8,III-008_01_445200,英歌(普宁英歌),传统舞蹈,广东省揭阳市,广东省,2,2008,http://www.ihchina.cn/art/representative.html?limit=100&p=4,2026-08-06T10:35:23+00:00,1243
inheritor_1244,杨卫,男,汉族,III-8,III-8,III-008_01_440500,英歌(潮阳英歌),传统舞蹈,广东省汕头市,广东省,2,2008,http://www.ihchina.cn/art/representative.html?limit=100&p=4,2026-08-06T10:35:23+00:00,1244
inheritor_1245,邢传佩,男,汉族,III-9,III-9,III-009_01_210381,高跷(海城高跷),传统舞蹈,辽宁省海城市,辽宁省,2,2008,http://www.ihchina.cn/art/representative.html?limit=100&p=4,2026-08-06T10:35:23+00:00,1245
inheritor_1246,吴三桂,男,汉族,III-10,III-10,III-010_01_360830,永新盾牌舞,传统舞蹈,江西省永新县,江西省,2,2008,http://www.ihchina.cn/art/representative.html?limit=100&p=4,2026-08-06T10:35:23+00:00,1246
inheritor_1247,杨作梁,男,汉族,III-11,III-11,III-011_01_141022,翼城花鼓,传统舞蹈,山西省翼城县,山西省,2,2008,http://www.ihchina.cn/art/representative.html?limit=100&p=4,2026-08-06T10:35:23+00:00,1247
inheritor_1248,曹怀荣,男,汉族,III-13,III-13,III-013_01_610624,安塞腰鼓,传统舞蹈,陕西省安塞县,陕西省,2,2008,http://www.ihchina.cn/art/representative.html?limit=100&p=4,2026-08-06T10:35:23+00:00,1248
inheritor_1249,张万玖,男,汉族,III-14,III-14,III-014_01_610629,洛川蹩鼓,传统舞蹈,陕西省洛川县,陕西省,2,2008,http://www.ihchina.cn/art/representative.html?limit=100&p=4,2026-08-06T10:35:23+00:00,1249
inheritor_1250,缪正发,男,汉族,III-15,III-15,III-015_01_620100,兰州太平鼓,传统舞蹈,甘肃省兰州市,甘肃省,2,2008,http://www.ihchina.cn/art/representative.html?limit=100&p=4,2026-08-06T10:35:23+00:00,1250
inheritor_1251,田仁信,男,土家族,III-17,III-17,III-017_01_433100,土家族摆手舞,传统舞蹈,湖南省湘西土家族苗族自治州,湖南省,2,2008,http://www.ihchina.cn/art/representative.html?limit=100&p=4,2026-08-06T10:35:23+00:00,1251
inheritor_1252,张明光,男,土家族,III-17,III-17,III-017_01_433100,土家族摆手舞,传统舞蹈,湖南省湘西土家族苗族自治州,湖南省,2,2008,http://www.ihchina.cn/art/representative.html?limit=100&p=4,2026-08-06T10:35:23+00:00,1252
inheritor_1253,覃自友,男,土家族,III-18,III-18,III-018_01_420528,土家族撒叶儿嗬,传统舞蹈,湖北省长阳土家族自治县,湖北省,2,2008,http://www.ihchina.cn/art/representative.html?limit=100&p=4,2026-08-06T10:35:23+00:00,1253
inheritor_1254,张言科,男,土家族,III-18,III-18,III-018_01_420528,土家族撒叶儿嗬,传统舞蹈,湖北省长阳土家族自治县,湖北省,2,2008,http://www.ihchina.cn/art/representative.html?limit=100&p=4,2026-08-06T10:35:23+00:00,1254
inheritor_1255,次仁旺堆,男,藏族,III-19,III-19,III-019_01_540000,弦子舞(芒康弦子舞),传统舞蹈,西藏自治区,西藏自治区,2,2008,http://www.ihchina.cn/art/representative.html?limit=100&p=4,2026-08-06T10:35:23+00:00,1255
inheritor_1256,江措,男,藏族,III-19,III-19,III-019_01_540000,弦子舞(芒康弦子舞),传统舞蹈,西藏自治区,西藏自治区,2,2008,http://www.ihchina.cn/art/representative.html?limit=100&p=4,2026-08-06T10:35:23+00:00,1256
inheritor_1257,达珍区批,男,藏族,III-20,III-20,III-020_01_533400,锅庄舞(迪庆锅庄舞),传统舞蹈,云南省迪庆藏族自治州,云南省,2,2008,http://www.ihchina.cn/art/representative.html?limit=100&p=4,2026-08-06T10:35:23+00:00,1257
inheritor_1258,徐桂莲,女,藏族,III-20,III-20,III-020_01_533400,锅庄舞(迪庆锅庄舞),传统舞蹈,云南省迪庆藏族自治州,云南省,2,2008,http://www.ihchina.cn/art/representative.html?limit=100&p=4,2026-08-06T10:35:23+00:00,1258
inheritor_1259,松吉扎西,男,藏族,III-20,III-20,III-020_01_540000,锅庄舞(昌都锅庄舞),传统舞蹈,西藏自治区,西藏自治区,2,2008,http://www.ihchina.cn/art/representative.html?limit=100&p=4,2026-08-06T10:35:23+00:00,1259
inheritor_1260,洛松江村,男,藏族,III-20,III-20,III-020_01_540000,锅庄舞(昌都锅庄舞),传统舞蹈,西藏自治区,西藏自治区,2,2008,http://www.ihchina.cn/art/representative.html?limit=100&p=4,2026-08-06T10:35:23+00:00,1260
inheritor_1261,昂加措,男,藏族,III-20,III-20,III-020_01_632700,锅庄舞(玉树卓舞),传统舞蹈,青海省玉树藏族自治州,青海省,2,2008,http://www.ihchina.cn/art/representative.html?limit=100&p=4,2026-08-06T10:35:23+00:00,1261
inheritor_1262,丹增曲塔,男,藏族,III-21,III-21,III-021_01_540000a,热巴舞(丁青热巴),传统舞蹈,西藏自治区,西藏自治区,2,2008,http://www.ihchina.cn/art/representative.html?limit=100&p=4,2026-08-06T10:35:23+00:00,1262
inheritor_1263,四郎曲珍,女,藏族,III-21,III-21,III-021_01_540000a,热巴舞(丁青热巴),传统舞蹈,西藏自治区,西藏自治区,2,2008,http://www.ihchina.cn/art/representative.html?limit=100&p=4,2026-08-06T10:35:23+00:00,1263
inheritor_1264,嘎鸟,男,藏族,III-21,III-21,III-021_01_540000b,热巴舞(那曲比如丁嘎热巴),传统舞蹈,西藏自治区,西藏自治区,2,2008,http://www.ihchina.cn/art/representative.html?limit=100&p=4,2026-08-06T10:35:23+00:00,1264
inheritor_1265,喇嘛·次仁,男,藏族,III-22,III-22,III-022_01_540000,日喀则扎什伦布寺羌姆,传统舞蹈,西藏自治区,西藏自治区,2,2008,http://www.ihchina.cn/art/representative.html?limit=100&p=4,2026-08-06T10:35:23+00:00,1265
inheritor_1266,喇嘛·米玛,男,藏族,III-22,III-22,III-022_01_540000,日喀则扎什伦布寺羌姆,传统舞蹈,西藏自治区,西藏自治区,2,2008,http://www.ihchina.cn/art/representative.html?limit=100&p=4,2026-08-06T10:35:23+00:00,1266
inheritor_1267,李金英,女,苗族,III-23,III-23,III-023_01_522636,苗族芦笙舞(锦鸡舞),传统舞蹈,贵州省丹寨县,贵州省,2,2008,http://www.ihchina.cn/art/representative.html?limit=100&p=4,2026-08-06T10:35:23+00:00,1267
inheritor_1268,余贵周,男,苗族,III-23,III-23,III-023_01_522636,苗族芦笙舞(锦鸡舞),传统舞蹈,贵州省丹寨县,贵州省,2,2008,http://www.ihchina.cn/art/representative.html?limit=100&p=4,2026-08-06T10:35:23+00:00,1268
inheritor_1269,王景才,男,苗族,III-23,III-23,III-023_01_520525,苗族芦笙舞(滚山珠),传统舞蹈,贵州省纳雍县,贵州省,2,2008,http://www.ihchina.cn/art/representative.html?limit=100&p=4,2026-08-06T10:35:23+00:00,1269
inheritor_1270,金明春,男,朝鲜族,III-24,III-24,III-024_01_222400,朝鲜族农乐舞(象帽舞),传统舞蹈,吉林省延边朝鲜族自治州,吉林省,2,2008,http://www.ihchina.cn/art/representative.html?limit=100&p=4,2026-08-06T10:35:23+00:00,1270
inheritor_1271,万政文,男,苗族,III-25,III-25,III-025_01_522630,木鼓舞(反排苗族木鼓舞),传统舞蹈,贵州省台江县,贵州省,2,2008,http://www.ihchina.cn/art/representative.html?limit=100&p=4,2026-08-06T10:35:23+00:00,1271
inheritor_1272,陆孝宗,男,彝族,III-26,III-26,III-026_01_532600,铜鼓舞(文山壮族、彝族铜鼓舞),传统舞蹈,云南省文山壮族苗族自治州,云南省,2,2008,http://www.ihchina.cn/art/representative.html?limit=100&p=4,2026-08-06T10:35:23+00:00,1272
inheritor_1273,黄正武,男,彝族,III-26,III-26,III-026_01_532600,铜鼓舞(文山壮族、彝族铜鼓舞),传统舞蹈,云南省文山壮族苗族自治州,云南省,2,2008,http://www.ihchina.cn/art/representative.html?limit=100&p=4,2026-08-06T10:35:23+00:00,1273
inheritor_1274,约相,男,傣族,III-27,III-27,III-027_01_533102,傣族孔雀舞,传统舞蹈,云南省瑞丽市,云南省,2,2008,http://www.ihchina.cn/art/representative.html?limit=100&p=4,2026-08-06T10:35:23+00:00,1274
inheritor_1275,旺腊,男,傣族,III-27,III-27,III-027_01_533102,傣族孔雀舞,传统舞蹈,云南省瑞丽市,云南省,2,2008,http://www.ihchina.cn/art/representative.html?limit=100&p=4,2026-08-06T10:35:23+00:00,1275
inheritor_1276,那仁满都拉,男,蒙古族,III-29,III-29,III-029_01_150524,蒙古族安代舞,传统舞蹈,内蒙古自治区库伦旗,内蒙古自治区,2,2008,http://www.ihchina.cn/art/representative.html?limit=100&p=4,2026-08-06T10:35:23+00:00,1276
inheritor_1277,洪富强,男,苗族,III-30,III-30,III-030_01_433100,湘西苗族鼓舞,传统舞蹈,湖南省湘西土家族苗族自治州,湖南省,2,2008,http://www.ihchina.cn/art/representative.html?limit=100&p=4,2026-08-06T10:35:23+00:00,1277
inheritor_1278,石顺民,女,苗族,III-30,III-30,III-030_01_433100,湘西苗族鼓舞,传统舞蹈,湖南省湘西土家族苗族自治州,湖南省,2,2008,http://www.ihchina.cn/art/representative.html?limit=100&p=4,2026-08-06T10:35:23+00:00,1278
inheritor_1279,彭英威,男,土家族,III-31,III-31,III-031_01_433100,湘西土家族毛古斯舞,传统舞蹈,湖南省湘西土家族苗族自治州,湖南省,2,2008,http://www.ihchina.cn/art/representative.html?limit=100&p=4,2026-08-06T10:35:23+00:00,1279
inheritor_1280,黄家近,男,黎族,III-32,III-32,III-032_01_460200,黎族打柴舞,传统舞蹈,海南省三亚市,海南省,2,2008,http://www.ihchina.cn/art/representative.html?limit=100&p=4,2026-08-06T10:35:23+00:00,1280
inheritor_1281,斯旦真,男,藏族,III-33,III-33,III-033_01_513228,卡斯达温舞,传统舞蹈,四川省黑水县,四川省,2,2008,http://www.ihchina.cn/art/representative.html?limit=100&p=4,2026-08-06T10:35:23+00:00,1281
inheritor_1282,熊自义,男,傈僳族,III-35,III-35,III-035_01_533423,傈僳族阿尺木刮,传统舞蹈,云南省维西傈僳族自治县,云南省,2,2008,http://www.ihchina.cn/art/representative.html?limit=100&p=4,2026-08-06T10:35:23+00:00,1282
inheritor_1283,钟天珍,女,彝族,III-36,III-36,III-036_01_532600,彝族葫芦笙舞,传统舞蹈,云南省文山壮族苗族自治州,云南省,2,2008,http://www.ihchina.cn/art/representative.html?limit=100&p=4,2026-08-06T10:35:23+00:00,1283
inheritor_1284,杨应金,男,彝族,III-36,III-36,III-036_01_532600,彝族葫芦笙舞,传统舞蹈,云南省文山壮族苗族自治州,云南省,2,2008,http://www.ihchina.cn/art/representative.html?limit=100&p=4,2026-08-06T10:35:23+00:00,1284
inheritor_1285,施万恒,男,彝族,III-37,III-37,III-037_01_532500,彝族烟盒舞,传统舞蹈,云南省红河哈尼族彝族自治州,云南省,2,2008,http://www.ihchina.cn/art/representative.html?limit=100&p=4,2026-08-06T10:35:23+00:00,1285
inheritor_1286,索朗,男,藏族,III-39,III-39,III-039_01_540000,山南昌果卓舞,传统舞蹈,西藏自治区,西藏自治区,2,2008,http://www.ihchina.cn/art/representative.html?limit=100&p=4,2026-08-06T10:35:23+00:00,1286
inheritor_1287,边巴次仁,男,藏族,III-39,III-39,III-039_01_540000,山南昌果卓舞,传统舞蹈,西藏自治区,西藏自治区,2,2008,http://www.ihchina.cn/art/representative.html?limit=100&p=4,2026-08-06T10:35:23+00:00,1287
inheritor_1288,阿吾,男,土族,III-40,III-40,III-040_01_632321,土族於菟,传统舞蹈,青海省同仁县,青海省,2,2008,http://www.ihchina.cn/art/representative.html?limit=100&p=4,2026-08-06T10:35:23+00:00,1288
inheritor_1289,库尔班·托合塔什,男,塔吉克族,III-41,III-41,III-041_01_653131,塔吉克族鹰舞,传统舞蹈,新疆维吾尔自治区塔什库尔干塔吉克自治县,新疆维吾尔自治区,2,2008,http://www.ihchina.cn/art/representative.html?limit=100&p=5,2026-08-06T10:35:25+00:00,1289
inheritor_1290,买热木汗·阿地力,女,塔吉克族,III-42,III-42,III-041_01_653131,塔吉克族鹰舞,传统舞蹈,新疆维吾尔自治区塔什库尔干塔吉克自治县,新疆维吾尔自治区,2,2008,http://www.ihchina.cn/art/representative.html?limit=100&p=5,2026-08-06T10:35:25+00:00,1290
inheritor_1517,张继青,女,汉族,IV-1,IV-1,IV-001_01_320000,昆曲,传统戏剧,江苏省,江苏省,2,2008,http://www.ihchina.cn/art/representative.html?limit=100&p=5,2026-08-06T10:35:25+00:00,1517
inheritor_1518,王芳,女,汉族,IV-1,IV-1,IV-001_01_320000,昆曲,传统戏剧,江苏省,江苏省,2,2008,http://www.ihchina.cn/art/representative.html?limit=100&p=5,2026-08-06T10:35:25+00:00,1518
inheritor_1519,林天文,男,汉族,IV-1,IV-1,IV-001_01_330000,昆曲,传统戏剧,浙江省,浙江省,2,2008,http://www.ihchina.cn/art/representative.html?limit=100&p=5,2026-08-06T10:35:25+00:00,1519
inheritor_1520,汪世瑜,男,汉族,IV-1,IV-1,IV-001_01_330000,昆曲,传统戏剧,浙江省,浙江省,2,2008,http://www.ihchina.cn/art/representative.html?limit=100&p=5,2026-08-06T10:35:25+00:00,1520
inheritor_1521,林为林,男,汉族,IV-1,IV-1,IV-001_01_330000,昆曲,传统戏剧,浙江省,浙江省,2,2008,http://www.ihchina.cn/art/representative.html?limit=100&p=5,2026-08-06T10:35:25+00:00,1521
inheritor_1522,蔡正仁,男,汉族,IV-1,IV-1,IV-001_01_310000,昆曲,传统戏剧,上海市,上海市,2,2008,http://www.ihchina.cn/art/representative.html?limit=100&p=5,2026-08-06T10:35:25+00:00,1522
inheritor_1523,计镇华,男,汉族,IV-1,IV-1,IV-001_01_310000,昆曲,传统戏剧,上海市,上海市,2,2008,http://www.ihchina.cn/art/representative.html?limit=100&p=5,2026-08-06T10:35:25+00:00,1523
inheritor_1524,倪传钺,男,汉族,IV-1,IV-1,IV-001_01_310000,昆曲,传统戏剧,上海市,上海市,2,2008,http://www.ihchina.cn/art/representative.html?limit=100&p=5,2026-08-06T10:35:25+00:00,1524
inheritor_1525,梁谷音,女,汉族,IV-1,IV-1,IV-001_01_310000,昆曲,传统戏剧,上海市,上海市,2,2008,http://www.ihchina.cn/art/representative.html?limit=100&p=5,2026-08-06T10:35:25+00:00,1525
inheritor_1526,张洵澎,女,汉族,IV-1,IV-1,IV-001_01_310000,昆曲,传统戏剧,上海市,上海市,2,2008,http://www.ihchina.cn/art/representative.html?limit=100&p=5,2026-08-06T10:35:25+00:00,1526
inheritor_1527,刘异龙,男,汉族,IV-1,IV-1,IV-001_01_310000,昆曲,传统戏剧,上海市,上海市,2,2008,http://www.ihchina.cn/art/representative.html?limit=100&p=5,2026-08-06T10:35:25+00:00,1527
inheritor_1528,岳美缇,女,汉族,IV-1,IV-1,IV-001_01_310000,昆曲,传统戏剧,上海市,上海市,2,2008,http://www.ihchina.cn/art/representative.html?limit=100&p=5,2026-08-06T10:35:25+00:00,1528
inheritor_1529,张静娴,女,汉族,IV-1,IV-1,IV-001_01_310000,昆曲,传统戏剧,上海市,上海市,2,2008,http://www.ihchina.cn/art/representative.html?limit=100&p=5,2026-08-06T10:35:25+00:00,1529
inheritor_1530,侯少奎,男,汉族,IV-1,IV-1,IV-001_01_110000,昆曲,传统戏剧,北京市,北京市,2,2008,http://www.ihchina.cn/art/representative.html?limit=100&p=5,2026-08-06T10:35:25+00:00,1530
inheritor_1531,杨凤一,女,汉族,IV-1,IV-1,IV-001_01_110000,昆曲,传统戏剧,北京市,北京市,2,2008,http://www.ihchina.cn/art/representative.html?limit=100&p=5,2026-08-06T10:35:25+00:00,1531
inheritor_1532,傅艺萍,女,汉族,IV-1,IV-1,IV-001_01_430000,昆曲,传统戏剧,湖南省,湖南省,2,2008,http://www.ihchina.cn/art/representative.html?limit=100&p=5,2026-08-06T10:35:25+00:00,1532
inheritor_1533,张富光,男,汉族,IV-1,IV-1,IV-001_01_430000,昆曲,传统戏剧,湖南省,湖南省,2,2008,http://www.ihchina.cn/art/representative.html?limit=100&p=5,2026-08-06T10:35:25+00:00,1533
inheritor_1534,许天相,男,汉族,IV-2,IV-2,IV-002_01_350500,梨园戏,传统戏剧,福建省泉州市,福建省,2,2008,http://www.ihchina.cn/art/representative.html?limit=100&p=5,2026-08-06T10:35:25+00:00,1534
inheritor_1535,曾静萍,女,汉族,IV-2,IV-2,IV-002_01_350500,梨园戏,传统戏剧,福建省泉州市,福建省,2,2008,http://www.ihchina.cn/art/representative.html?limit=100&p=5,2026-08-06T10:35:25+00:00,1535
inheritor_1536,黄宝珍,女,汉族,IV-3,IV-3,IV-003_01_350300,莆仙戏,传统戏剧,福建省莆田市,福建省,2,2008,http://www.ihchina.cn/art/representative.html?limit=100&p=5,2026-08-06T10:35:25+00:00,1536
inheritor_1537,朱石凤,男,汉族,IV-3,IV-3,IV-003_01_350300,莆仙戏,传统戏剧,福建省莆田市,福建省,2,2008,http://www.ihchina.cn/art/representative.html?limit=100&p=5,2026-08-06T10:35:25+00:00,1537
inheritor_1538,方展荣,男,汉族,IV-4,IV-4,IV-004_01_440500,潮剧,传统戏剧,广东省汕头市,广东省,2,2008,http://www.ihchina.cn/art/representative.html?limit=100&p=5,2026-08-06T10:35:25+00:00,1538
inheritor_1539,姚璇秋,女,汉族,IV-4,IV-4,IV-004_01_440500,潮剧,传统戏剧,广东省汕头市,广东省,2,2008,http://www.ihchina.cn/art/representative.html?limit=100&p=5,2026-08-06T10:35:25+00:00,1539
inheritor_1540,陈鹏,男,汉族,IV-4,IV-4,IV-004_01_445100,潮剧,传统戏剧,广东省潮州市,广东省,2,2008,http://www.ihchina.cn/art/representative.html?limit=100&p=5,2026-08-06T10:35:25+00:00,1540
inheritor_1541,郑舜英,女,汉族,IV-4,IV-4,IV-004_01_445100,潮剧,传统戏剧,广东省潮州市,广东省,2,2008,http://www.ihchina.cn/art/representative.html?limit=100&p=5,2026-08-06T10:35:25+00:00,1541
inheritor_1542,汪正科,男,汉族,IV-6,IV-6,IV-006_01_341723,青阳腔,传统戏剧,安徽省青阳县,安徽省,2,2008,http://www.ihchina.cn/art/representative.html?limit=100&p=5,2026-08-06T10:35:25+00:00,1542
inheritor_1543,殷武焕,男,汉族,IV-6,IV-6,IV-006_01_360429,青阳腔,传统戏剧,江西省湖口县,江西省,2,2008,http://www.ihchina.cn/art/representative.html?limit=100&p=5,2026-08-06T10:35:25+00:00,1543
inheritor_1544,严帮镇,男,汉族,IV-7,IV-7,IV-007_01_330800,高腔(西安高腔),传统戏剧,浙江省衢州市,浙江省,2,2008,http://www.ihchina.cn/art/representative.html?limit=100&p=5,2026-08-06T10:35:25+00:00,1544
inheritor_1545,汪家惠,男,汉族,IV-7,IV-7,IV-007_01_330800,高腔(西安高腔),传统戏剧,浙江省衢州市,浙江省,2,2008,http://www.ihchina.cn/art/representative.html?limit=100&p=5,2026-08-06T10:35:25+00:00,1545
inheritor_1546,吴陈基,男,汉族,IV-7,IV-7,IV-007_01_331124,高腔(松阳高腔),传统戏剧,浙江省松阳县,浙江省,2,2008,http://www.ihchina.cn/art/representative.html?limit=100&p=5,2026-08-06T10:35:25+00:00,1546
inheritor_1547,陈春林,男,汉族,IV-7,IV-7,IV-007_01_331124,高腔(松阳高腔),传统戏剧,浙江省松阳县,浙江省,2,2008,http://www.ihchina.cn/art/representative.html?limit=100&p=5,2026-08-06T10:35:25+00:00,1547
inheritor_1548,蒋小送,男,汉族,IV-7,IV-7,IV-007_01_340828,高腔(岳西高腔),传统戏剧,安徽省岳西县,安徽省,2,2008,http://www.ihchina.cn/art/representative.html?limit=100&p=5,2026-08-06T10:35:25+00:00,1548
inheritor_1549,王琦福,男,汉族,IV-7,IV-7,IV-007_01_340828,高腔(岳西高腔),传统戏剧,安徽省岳西县,安徽省,2,2008,http://www.ihchina.cn/art/representative.html?limit=100&p=5,2026-08-06T10:35:25+00:00,1549
inheritor_1550,陈刚,男,汉族,IV-7,IV-7,IV-007_01_431223,高腔(辰河高腔),传统戏剧,湖南省辰溪县,湖南省,2,2008,http://www.ihchina.cn/art/representative.html?limit=100&p=5,2026-08-06T10:35:25+00:00,1550
inheritor_1551,向荣,男,汉族,IV-7,IV-7,IV-007_01_433122,高腔(辰河高腔),传统戏剧,湖南省泸溪县,湖南省,2,2008,http://www.ihchina.cn/art/representative.html?limit=100&p=5,2026-08-06T10:35:25+00:00,1551
inheritor_1552,龚锦云,女,汉族,IV-7,IV-7,IV-007_01_430700,高腔(常德高腔),传统戏剧,湖南省常德市,湖南省,2,2008,http://www.ihchina.cn/art/representative.html?limit=100&p=5,2026-08-06T10:35:25+00:00,1552
inheritor_1553,李少先,男,汉族,IV-7,IV-7,IV-007_01_430700,高腔(常德高腔),传统戏剧,湖南省常德市,湖南省,2,2008,http://www.ihchina.cn/art/representative.html?limit=100&p=5,2026-08-06T10:35:25+00:00,1553
inheritor_1554,章华琴,女,汉族,IV-8,IV-8,IV-008_01_330624,新昌调腔,传统戏剧,浙江省新昌县,浙江省,2,2008,http://www.ihchina.cn/art/representative.html?limit=100&p=5,2026-08-06T10:35:25+00:00,1554
inheritor_1555,蔡德锦,男,汉族,IV-8,IV-8,IV-008_01_330624,新昌调腔,传统戏剧,浙江省新昌县,浙江省,2,2008,http://www.ihchina.cn/art/representative.html?limit=100&p=5,2026-08-06T10:35:25+00:00,1555
inheritor_1556,熊德钦,男,汉族,IV-10,IV-10,IV-010_01_350481,永安大腔戏,传统戏剧,福建省永安市,福建省,2,2008,http://www.ihchina.cn/art/representative.html?limit=100&p=5,2026-08-06T10:35:25+00:00,1556
inheritor_1557,邢承榜,男,汉族,IV-10,IV-10,IV-010_01_350481,永安大腔戏,传统戏剧,福建省永安市,福建省,2,2008,http://www.ihchina.cn/art/representative.html?limit=100&p=5,2026-08-06T10:35:25+00:00,1557
inheritor_1558,陈秀雨,女,汉族,IV-11,IV-11,IV-011_01_350923,四平戏,传统戏剧,福建省屏南县,福建省,2,2008,http://www.ihchina.cn/art/representative.html?limit=100&p=5,2026-08-06T10:35:25+00:00,1558
inheritor_1559,陈大并,男,汉族,IV-11,IV-11,IV-011_01_350923,四平戏,传统戏剧,福建省屏南县,福建省,2,2008,http://www.ihchina.cn/art/representative.html?limit=100&p=5,2026-08-06T10:35:25+00:00,1559
inheritor_1560,张孝友,男,汉族,IV-11,IV-11,IV-011_01_350725,四平戏,传统戏剧,福建省政和县,福建省,2,2008,http://www.ihchina.cn/art/representative.html?limit=100&p=5,2026-08-06T10:35:25+00:00,1560
inheritor_1561,李式青,男,汉族,IV-11,IV-11,IV-011_01_350725,四平戏,传统戏剧,福建省政和县,福建省,2,2008,http://www.ihchina.cn/art/representative.html?limit=100&p=5,2026-08-06T10:35:25+00:00,1561
inheritor_1562,陈智林,男,汉族,IV-12,IV-12,IV-012_01_510000,川剧,传统戏剧,四川省,四川省,2,2008,http://www.ihchina.cn/art/representative.html?limit=100&p=5,2026-08-06T10:35:25+00:00,1562
inheritor_1563,陈巧茹,女,汉族,IV-12,IV-12,IV-012_01_510000,川剧,传统戏剧,四川省,四川省,2,2008,http://www.ihchina.cn/art/representative.html?limit=100&p=5,2026-08-06T10:35:25+00:00,1563
inheritor_1564,晓艇,男,汉族,IV-12,IV-12,IV-012_01_510000,川剧,传统戏剧,四川省,四川省,2,2008,http://www.ihchina.cn/art/representative.html?limit=100&p=5,2026-08-06T10:35:25+00:00,1564
inheritor_1565,陈安业,男,汉族,IV-12,IV-12,IV-012_01_500000,川剧,传统戏剧,重庆市,重庆市,2,2008,http://www.ihchina.cn/art/representative.html?limit=100&p=5,2026-08-06T10:35:25+00:00,1565
inheritor_1566,夏庭光,男,汉族,IV-12,IV-12,IV-012_01_500000,川剧,传统戏剧,重庆市,重庆市,2,2008,http://www.ihchina.cn/art/representative.html?limit=100&p=5,2026-08-06T10:35:25+00:00,1566
inheritor_1567,沈铁梅,女,汉族,IV-12,IV-12,IV-012_01_500000,川剧,传统戏剧,重庆市,重庆市,2,2008,http://www.ihchina.cn/art/representative.html?limit=100&p=5,2026-08-06T10:35:25+00:00,1567
inheritor_1568,谭东波,男,汉族,IV-13,IV-13,IV-013_01_430400,湘剧,传统戏剧,湖南省衡阳市,湖南省,2,2008,http://www.ihchina.cn/art/representative.html?limit=100&p=5,2026-08-06T10:35:25+00:00,1568
inheritor_1569,夏传进,男,汉族,IV-13,IV-13,IV-013_01_430400,湘剧,传统戏剧,湖南省衡阳市,湖南省,2,2008,http://www.ihchina.cn/art/representative.html?limit=100&p=5,2026-08-06T10:35:25+00:00,1569
inheritor_1570,李安平,男,汉族,IV-14,IV-14,IV-014_01_361030,广昌孟戏,传统戏剧,江西省广昌县,江西省,2,2008,http://www.ihchina.cn/art/representative.html?limit=100&p=5,2026-08-06T10:35:25+00:00,1570
inheritor_1571,曾国林,男,汉族,IV-14,IV-14,IV-014_01_361030,广昌孟戏,传统戏剧,江西省广昌县,江西省,2,2008,http://www.ihchina.cn/art/representative.html?limit=100&p=5,2026-08-06T10:35:25+00:00,1571
inheritor_1572,彭美英,女,汉族,IV-15,IV-15,IV-015_01_441581,正字戏,传统戏剧,广东省陆丰市,广东省,2,2008,http://www.ihchina.cn/art/representative.html?limit=100&p=5,2026-08-06T10:35:25+00:00,1572
inheritor_1573,黄壮营,男,汉族,IV-15,IV-15,IV-015_01_441581,正字戏,传统戏剧,广东省陆丰市,广东省,2,2008,http://www.ihchina.cn/art/representative.html?limit=100&p=5,2026-08-06T10:35:25+00:00,1573
inheritor_1574,陶和清,男,汉族,IV-17,IV-17,IV-017_01_610700,汉调桄桄,传统戏剧,陕西省汉中市,陕西省,2,2008,http://www.ihchina.cn/art/representative.html?limit=100&p=5,2026-08-06T10:35:25+00:00,1574
inheritor_1575,许新萍,女,汉族,IV-17,IV-17,IV-017_01_610700,汉调桄桄,传统戏剧,陕西省汉中市,陕西省,2,2008,http://www.ihchina.cn/art/representative.html?limit=100&p=5,2026-08-06T10:35:25+00:00,1575
inheritor_1576,李天明,男,汉族,IV-17,IV-17,IV-017_01_610700,汉调桄桄,传统戏剧,陕西省汉中市,陕西省,2,2008,http://www.ihchina.cn/art/representative.html?limit=100&p=5,2026-08-06T10:35:25+00:00,1576
inheritor_1577,牛桂英,女,汉族,IV-18,IV-18,IV-018_01_140000,晋剧,传统戏剧,山西省,山西省,2,2008,http://www.ihchina.cn/art/representative.html?limit=100&p=5,2026-08-06T10:35:25+00:00,1577
inheritor_1578,郭彩萍,女,汉族,IV-18,IV-18,IV-018_01_140000,晋剧,传统戏剧,山西省,山西省,2,2008,http://www.ihchina.cn/art/representative.html?limit=100&p=5,2026-08-06T10:35:25+00:00,1578
inheritor_1579,王爱爱,女,汉族,IV-18,IV-18,IV-018_01_140000,晋剧,传统戏剧,山西省,山西省,2,2008,http://www.ihchina.cn/art/representative.html?limit=100&p=5,2026-08-06T10:35:25+00:00,1579
inheritor_1580,武忠,男,汉族,IV-18,IV-18,IV-018_01_140000,晋剧,传统戏剧,山西省,山西省,2,2008,http://www.ihchina.cn/art/representative.html?limit=100&p=5,2026-08-06T10:35:25+00:00,1580
inheritor_1581,张峰,男,汉族,IV-19,IV-19,IV-019_01_141000,蒲州梆子,传统戏剧,山西省临汾市,山西省,2,2008,http://www.ihchina.cn/art/representative.html?limit=100&p=5,2026-08-06T10:35:25+00:00,1581
inheritor_1582,任跟心,女,汉族,IV-19,IV-19,IV-019_01_141000,蒲州梆子,传统戏剧,山西省临汾市,山西省,2,2008,http://www.ihchina.cn/art/representative.html?limit=100&p=5,2026-08-06T10:35:25+00:00,1582
inheritor_1583,郭泽民,男,汉族,IV-19,IV-19,IV-019_01_141000,蒲州梆子,传统戏剧,山西省临汾市,山西省,2,2008,http://www.ihchina.cn/art/representative.html?limit=100&p=5,2026-08-06T10:35:25+00:00,1583
inheritor_1584,武俊英,女,汉族,IV-19,IV-19,IV-019_01_140800,蒲州梆子,传统戏剧,山西省运城市,山西省,2,2008,http://www.ihchina.cn/art/representative.html?limit=100&p=5,2026-08-06T10:35:25+00:00,1584
inheritor_1585,王秀兰,女,汉族,IV-19,IV-19,IV-019_01_140800,蒲州梆子,传统戏剧,山西省运城市,山西省,2,2008,http://www.ihchina.cn/art/representative.html?limit=100&p=5,2026-08-06T10:35:25+00:00,1585
inheritor_1586,李万林,男,汉族,IV-20,IV-20,IV-020_01_140900,北路梆子,传统戏剧,山西省忻州市,山西省,2,2008,http://www.ihchina.cn/art/representative.html?limit=100&p=5,2026-08-06T10:35:25+00:00,1586
inheritor_1587,翟效安,男,汉族,IV-20,IV-20,IV-020_01_140900,北路梆子,传统戏剧,山西省忻州市,山西省,2,2008,http://www.ihchina.cn/art/representative.html?limit=100&p=5,2026-08-06T10:35:25+00:00,1587
inheritor_1588,马正瑞,男,汉族,IV-21,IV-21,IV-021_01_140500,上党梆子,传统戏剧,山西省晋城市,山西省,2,2008,http://www.ihchina.cn/art/representative.html?limit=100&p=5,2026-08-06T10:35:25+00:00,1588
inheritor_1589,齐花坦,女,汉族,IV-22,IV-22,IV-022_01_130000,河北梆子,传统戏剧,河北省,河北省,2,2008,http://www.ihchina.cn/art/representative.html?limit=100&p=5,2026-08-06T10:35:25+00:00,1589
inheritor_1590,张惠云,女,汉族,IV-22,IV-22,IV-022_01_130000,河北梆子,传统戏剧,河北省,河北省,2,2008,http://www.ihchina.cn/art/representative.html?limit=100&p=5,2026-08-06T10:35:25+00:00,1590
inheritor_1591,裴艳玲,女,汉族,IV-22,IV-22,IV-022_01_130000,河北梆子,传统戏剧,河北省,河北省,2,2008,http://www.ihchina.cn/art/representative.html?limit=100&p=5,2026-08-06T10:35:25+00:00,1591
inheritor_1592,马金凤,女,汉族,IV-23,IV-23,IV-023_01_410000,豫剧,传统戏剧,河南省,河南省,2,2008,http://www.ihchina.cn/art/representative.html?limit=100&p=5,2026-08-06T10:35:25+00:00,1592
inheritor_1593,张宝英,女,汉族,IV-23,IV-23,IV-023_01_410000,豫剧,传统戏剧,河南省,河南省,2,2008,http://www.ihchina.cn/art/representative.html?limit=100&p=5,2026-08-06T10:35:25+00:00,1593
inheritor_1594,虎美玲,女,回族,IV-23,IV-23,IV-023_01_410000,豫剧,传统戏剧,河南省,河南省,2,2008,http://www.ihchina.cn/art/representative.html?limit=100&p=5,2026-08-06T10:35:25+00:00,1594
inheritor_1595,吴碧波,女,汉族,IV-23,IV-23,IV-023_01_410000,豫剧,传统戏剧,河南省,河南省,2,2008,http://www.ihchina.cn/art/representative.html?limit=100&p=5,2026-08-06T10:35:25+00:00,1595
inheritor_1596,贾廷聚,男,汉族,IV-23,IV-23,IV-023_01_410000,豫剧,传统戏剧,河南省,河南省,2,2008,http://www.ihchina.cn/art/representative.html?limit=100&p=5,2026-08-06T10:35:25+00:00,1596
inheritor_1597,张梅贞,女,汉族,IV-23,IV-23,IV-023_01_410000,豫剧,传统戏剧,河南省,河南省,2,2008,http://www.ihchina.cn/art/representative.html?limit=100&p=5,2026-08-06T10:35:25+00:00,1597
inheritor_1598,李树建,男,汉族,IV-23,IV-23,IV-023_01_410000,豫剧,传统戏剧,河南省,河南省,2,2008,http://www.ihchina.cn/art/representative.html?limit=100&p=5,2026-08-06T10:35:25+00:00,1598
inheritor_1599,周成顺,男,汉族,IV-24,IV-24,IV-024_01_411325,宛梆,传统戏剧,河南省内乡县,河南省,2,2008,http://www.ihchina.cn/art/representative.html?limit=100&p=5,2026-08-06T10:35:25+00:00,1599
inheritor_1600,程建坤,男,汉族,IV-24,IV-24,IV-024_01_411325,宛梆,传统戏剧,河南省内乡县,河南省,2,2008,http://www.ihchina.cn/art/representative.html?limit=100&p=5,2026-08-06T10:35:25+00:00,1600
inheritor_1601,赵玉清,女,汉族,IV-25,IV-25,IV-025_01_410882,怀梆,传统戏剧,河南省沁阳市,河南省,2,2008,http://www.ihchina.cn/art/representative.html?limit=100&p=5,2026-08-06T10:35:25+00:00,1601
inheritor_1602,郭全仁,男,汉族,IV-25,IV-25,IV-025_01_410882,怀梆,传统戏剧,河南省沁阳市,河南省,2,2008,http://www.ihchina.cn/art/representative.html?limit=100&p=5,2026-08-06T10:35:25+00:00,1602
inheritor_1603,张相彬,男,汉族,IV-26,IV-26,IV-026_01_410928,大平调,传统戏剧,河南省濮阳县,河南省,2,2008,http://www.ihchina.cn/art/representative.html?limit=100&p=5,2026-08-06T10:35:25+00:00,1603
inheritor_1604,魏守现,男,汉族,IV-26,IV-26,IV-026_01_410526,大平调,传统戏剧,河南省滑县,河南省,2,2008,http://www.ihchina.cn/art/representative.html?limit=100&p=5,2026-08-06T10:35:25+00:00,1604
inheritor_1605,杜学周,男,汉族,IV-26,IV-26,IV-026_01_410726,大平调,传统戏剧,河南省延津县,河南省,2,2008,http://www.ihchina.cn/art/representative.html?limit=100&p=5,2026-08-06T10:35:25+00:00,1605
inheritor_1606,曹秀芝,女,汉族,IV-26,IV-26,IV-026_01_410726,大平调,传统戏剧,河南省延津县,河南省,2,2008,http://www.ihchina.cn/art/representative.html?limit=100&p=5,2026-08-06T10:35:25+00:00,1606
inheritor_1607,何全志,男,汉族,IV-27,IV-27,IV-027_01_411600,越调,传统戏剧,河南省周口市,河南省,2,2008,http://www.ihchina.cn/art/representative.html?limit=100&p=5,2026-08-06T10:35:25+00:00,1607
inheritor_1608,李世济,女,汉族,IV-28,IV-28,IV-028_01_110102,京剧,传统戏剧,中国京剧院,未知,2,2008,http://www.ihchina.cn/art/representative.html?limit=100&p=5,2026-08-06T10:35:25+00:00,1608
inheritor_1609,张春华,男,汉族,IV-28,IV-28,IV-028_01_110102,京剧,传统戏剧,中国京剧院,未知,2,2008,http://www.ihchina.cn/art/representative.html?limit=100&p=5,2026-08-06T10:35:25+00:00,1609
inheritor_1610,刘秀荣,女,汉族,IV-28,IV-28,IV-028_01_110102,京剧,传统戏剧,中国京剧院,未知,2,2008,http://www.ihchina.cn/art/representative.html?limit=100&p=5,2026-08-06T10:35:25+00:00,1610
inheritor_1611,刘长瑜,女,汉族,IV-28,IV-28,IV-028_01_110102,京剧,传统戏剧,中国京剧院,未知,2,2008,http://www.ihchina.cn/art/representative.html?limit=100&p=5,2026-08-06T10:35:25+00:00,1611
inheritor_1612,李金泉,男,汉族,IV-28,IV-28,IV-028_01_110102,京剧,传统戏剧,中国京剧院,未知,2,2008,http://www.ihchina.cn/art/representative.html?limit=100&p=5,2026-08-06T10:35:25+00:00,1612
inheritor_1613,杜近芳,女,汉族,IV-28,IV-28,IV-028_01_110102,京剧,传统戏剧,中国京剧院,未知,2,2008,http://www.ihchina.cn/art/representative.html?limit=100&p=5,2026-08-06T10:35:25+00:00,1613
inheritor_1614,杨秋玲,女,汉族,IV-28,IV-28,IV-028_01_110102,京剧,传统戏剧,中国京剧院,未知,2,2008,http://www.ihchina.cn/art/representative.html?limit=100&p=5,2026-08-06T10:35:25+00:00,1614
inheritor_1615,谭元寿,男,汉族,IV-28,IV-28,IV-028_01_110000,京剧,传统戏剧,北京市,北京市,2,2008,http://www.ihchina.cn/art/representative.html?limit=100&p=6,2026-08-06T10:35:27+00:00,1615
inheritor_1616,梅葆玖,男,汉族,IV-28,IV-28,IV-028_01_110000,京剧,传统戏剧,北京市,北京市,2,2008,http://www.ihchina.cn/art/representative.html?limit=100&p=6,2026-08-06T10:35:27+00:00,1616
inheritor_1617,孙毓敏,女,汉族,IV-28,IV-28,IV-028_01_110000,京剧,传统戏剧,北京市,北京市,2,2008,http://www.ihchina.cn/art/representative.html?limit=100&p=6,2026-08-06T10:35:27+00:00,1617
inheritor_1618,赵燕侠,女,汉族,IV-28,IV-28,IV-028_01_110000,京剧,传统戏剧,北京市,北京市,2,2008,http://www.ihchina.cn/art/representative.html?limit=100&p=6,2026-08-06T10:35:27+00:00,1618
inheritor_1619,李维康,女,汉族,IV-28,IV-28,IV-028_01_110000,京剧,传统戏剧,北京市,北京市,2,2008,http://www.ihchina.cn/art/representative.html?limit=100&p=6,2026-08-06T10:35:27+00:00,1619
inheritor_1620,叶少兰,男,汉族,IV-28,IV-28,IV-028_01_110102,京剧,传统戏剧,北京市,北京市,2,2008,http://www.ihchina.cn/art/representative.html?limit=100&p=6,2026-08-06T10:35:27+00:00,1620
inheritor_1621,王金璐,男,汉族,IV-28,IV-28,IV-028_01_110000,京剧,传统戏剧,北京市,北京市,2,2008,http://www.ihchina.cn/art/representative.html?limit=100&p=6,2026-08-06T10:35:27+00:00,1621
inheritor_1622,李长春,男,汉族,IV-28,IV-28,IV-028_01_110000,京剧,传统戏剧,北京市,北京市,2,2008,http://www.ihchina.cn/art/representative.html?limit=100&p=6,2026-08-06T10:35:27+00:00,1622
inheritor_1623,张幼麟,男,汉族,IV-28,IV-28,IV-028_01_120000,京剧,传统戏剧,天津市,天津市,2,2008,http://www.ihchina.cn/art/representative.html?limit=100&p=6,2026-08-06T10:35:27+00:00,1623
inheritor_1624,李荣威,男,回族,IV-28,IV-28,IV-028_01_120000,京剧,传统戏剧,天津市,天津市,2,2008,http://www.ihchina.cn/art/representative.html?limit=100&p=6,2026-08-06T10:35:27+00:00,1624
inheritor_1625,周仲博,男,汉族,IV-28,IV-28,IV-028_01_210000,京剧,传统戏剧,辽宁省,辽宁省,2,2008,http://www.ihchina.cn/art/representative.html?limit=100&p=6,2026-08-06T10:35:27+00:00,1625
inheritor_1626,汪庆元,男,汉族,IV-28,IV-28,IV-028_01_210000,京剧,传统戏剧,辽宁省,辽宁省,2,2008,http://www.ihchina.cn/art/representative.html?limit=100&p=6,2026-08-06T10:35:27+00:00,1626
inheritor_1627,尚长荣,男,汉族,IV-28,IV-28,IV-028_01_310000,京剧,传统戏剧,上海市,上海市,2,2008,http://www.ihchina.cn/art/representative.html?limit=100&p=6,2026-08-06T10:35:27+00:00,1627
inheritor_1628,陈少云,男,汉族,IV-28,IV-28,IV-028_01_310000,京剧,传统戏剧,上海市,上海市,2,2008,http://www.ihchina.cn/art/representative.html?limit=100&p=6,2026-08-06T10:35:27+00:00,1628
inheritor_1629,王梦云,女,汉族,IV-28,IV-28,IV-028_01_310000,京剧,传统戏剧,上海市,上海市,2,2008,http://www.ihchina.cn/art/representative.html?limit=100&p=6,2026-08-06T10:35:27+00:00,1629
inheritor_1630,孙正阳,男,汉族,IV-28,IV-28,IV-028_01_310000,京剧,传统戏剧,上海市,上海市,2,2008,http://www.ihchina.cn/art/representative.html?limit=100&p=6,2026-08-06T10:35:27+00:00,1630
inheritor_1631,关栋天,男,汉族,IV-28,IV-28,IV-028_01_310000,京剧,传统戏剧,上海市,上海市,2,2008,http://www.ihchina.cn/art/representative.html?limit=100&p=6,2026-08-06T10:35:27+00:00,1631
inheritor_1632,章其祥,男,汉族,IV-29,IV-29,IV-029_01_340000,徽剧,传统戏剧,安徽省,安徽省,2,2008,http://www.ihchina.cn/art/representative.html?limit=100&p=6,2026-08-06T10:35:27+00:00,1632
inheritor_1633,李龙斌,男,汉族,IV-29,IV-29,IV-029_01_340000,徽剧,传统戏剧,安徽省,安徽省,2,2008,http://www.ihchina.cn/art/representative.html?limit=100&p=6,2026-08-06T10:35:27+00:00,1633
inheritor_1634,江裕民,男,汉族,IV-29,IV-29,IV-029_01_361130,徽剧,传统戏剧,江西省婺源县,江西省,2,2008,http://www.ihchina.cn/art/representative.html?limit=100&p=6,2026-08-06T10:35:27+00:00,1634
inheritor_1635,江湘璈,男,汉族,IV-29,IV-29,IV-029_01_361130,徽剧,传统戏剧,江西省婺源县,江西省,2,2008,http://www.ihchina.cn/art/representative.html?limit=100&p=6,2026-08-06T10:35:27+00:00,1635
inheritor_1636,陈伯华,女,汉族,IV-30,IV-30,IV-030_01_420100,汉剧,传统戏剧,湖北省武汉市,湖北省,2,2008,http://www.ihchina.cn/art/representative.html?limit=100&p=6,2026-08-06T10:35:27+00:00,1636
inheritor_1637,王发芸,女,汉族,IV-31,IV-31,IV-031_01_610900,汉调二簧,传统戏剧,陕西省安康市,陕西省,2,2008,http://www.ihchina.cn/art/representative.html?limit=100&p=6,2026-08-06T10:35:27+00:00,1637
inheritor_1638,龚尚武,男,汉族,IV-31,IV-31,IV-031_01_610900,汉调二簧,传统戏剧,陕西省安康市,陕西省,2,2008,http://www.ihchina.cn/art/representative.html?limit=100&p=6,2026-08-06T10:35:27+00:00,1638
inheritor_1639,黎秀珍,男,汉族,IV-32,IV-32,IV-032_01_350429,泰宁梅林戏,传统戏剧,福建省泰宁县,福建省,2,2008,http://www.ihchina.cn/art/representative.html?limit=100&p=6,2026-08-06T10:35:27+00:00,1639
inheritor_1640,张又君,男,汉族,IV-35,IV-35,IV-035_01_430723,荆河戏,传统戏剧,湖南省澧县,湖南省,2,2008,http://www.ihchina.cn/art/representative.html?limit=100&p=6,2026-08-06T10:35:27+00:00,1640
inheritor_1641,萧耀庭,男,汉族,IV-35,IV-35,IV-035_01_430723,荆河戏,传统戏剧,湖南省澧县,湖南省,2,2008,http://www.ihchina.cn/art/representative.html?limit=100&p=6,2026-08-06T10:35:27+00:00,1641
inheritor_1642,陈剑声,男,汉族,IV-36,IV-36,IV-036_01_810000,粤剧,传统戏剧,香港特别行政区,香港特别行政区,2,2008,http://www.ihchina.cn/art/representative.html?limit=100&p=6,2026-08-06T10:35:27+00:00,1642
inheritor_1643,红线女,女,汉族,IV-36,IV-36,IV-036_01_440100,粤剧,传统戏剧,广东省广州市,广东省,2,2008,http://www.ihchina.cn/art/representative.html?limit=100&p=6,2026-08-06T10:35:27+00:00,1643
inheritor_1644,秦彩霞,女,汉族,IV-37,IV-37,IV-037_01_450000,桂剧,传统戏剧,广西壮族自治区,广西壮族自治区,2,2008,http://www.ihchina.cn/art/representative.html?limit=100&p=6,2026-08-06T10:35:27+00:00,1644
inheritor_1645,周小兰魁,男,汉族,IV-37,IV-37,IV-037_01_450000,桂剧,传统戏剧,广西壮族自治区,广西壮族自治区,2,2008,http://www.ihchina.cn/art/representative.html?limit=100&p=6,2026-08-06T10:35:27+00:00,1645
inheritor_1646,许定龙,男,汉族,IV-39,IV-39,IV-039_01_331000,乱弹,传统戏剧,浙江省台州市,浙江省,2,2008,http://www.ihchina.cn/art/representative.html?limit=100&p=6,2026-08-06T10:35:27+00:00,1646
inheritor_1647,傅林华,男,汉族,IV-39,IV-39,IV-039_01_331000,乱弹,传统戏剧,浙江省台州市,浙江省,2,2008,http://www.ihchina.cn/art/representative.html?limit=100&p=6,2026-08-06T10:35:27+00:00,1647
inheritor_1648,边树森,男,汉族,IV-40,IV-40,IV-040_01_130100,石家庄丝弦,传统戏剧,河北省石家庄市,河北省,2,2008,http://www.ihchina.cn/art/representative.html?limit=100&p=6,2026-08-06T10:35:27+00:00,1648
inheritor_1649,张鹤林,男,汉族,IV-40,IV-40,IV-040_01_130100,石家庄丝弦,传统戏剧,河北省石家庄市,河北省,2,2008,http://www.ihchina.cn/art/representative.html?limit=100&p=6,2026-08-06T10:35:27+00:00,1649
inheritor_1650,薛瑞红,女,汉族,IV-41,IV-41,IV-041_01_140200,雁北耍孩儿,传统戏剧,山西省大同市,山西省,2,2008,http://www.ihchina.cn/art/representative.html?limit=100&p=6,2026-08-06T10:35:27+00:00,1650
inheritor_1651,王斌祥,男,汉族,IV-41,IV-41,IV-041_01_140200,雁北耍孩儿,传统戏剧,山西省大同市,山西省,2,2008,http://www.ihchina.cn/art/representative.html?limit=100&p=6,2026-08-06T10:35:27+00:00,1651
inheritor_1652,李艳珍,女,汉族,IV-43,IV-43,IV-043_01_370000,柳子戏,传统戏剧,山东省,山东省,2,2008,http://www.ihchina.cn/art/representative.html?limit=100&p=6,2026-08-06T10:35:27+00:00,1652
inheritor_1653,黄遵宪,男,汉族,IV-43,IV-43,IV-043_01_370000,柳子戏,传统戏剧,山东省,山东省,2,2008,http://www.ihchina.cn/art/representative.html?limit=100&p=6,2026-08-06T10:35:27+00:00,1653
inheritor_1654,韩庆山,男,汉族,IV-44,IV-44,IV-044_01_410526,大弦戏,传统戏剧,河南省滑县,河南省,2,2008,http://www.ihchina.cn/art/representative.html?limit=100&p=6,2026-08-06T10:35:27+00:00,1654
inheritor_1655,戴建平,男,汉族,IV-44,IV-44,IV-044_01_410928,大弦戏,传统戏剧,河南省濮阳县,河南省,2,2008,http://www.ihchina.cn/art/representative.html?limit=100&p=6,2026-08-06T10:35:27+00:00,1655
inheritor_1656,林培新,男,汉族,IV-45,IV-45,IV-045_01_350100,闽剧,传统戏剧,福建省福州市,福建省,2,2008,http://www.ihchina.cn/art/representative.html?limit=100&p=6,2026-08-06T10:35:27+00:00,1656
inheritor_1657,林瑛,女,汉族,IV-45,IV-45,IV-045_01_350100,闽剧,传统戏剧,福建省福州市,福建省,2,2008,http://www.ihchina.cn/art/representative.html?limit=100&p=6,2026-08-06T10:35:27+00:00,1657
inheritor_1658,缪清奇,男,汉族,IV-46,IV-46,IV-046_01_350924,寿宁北路戏,传统戏剧,福建省寿宁县,福建省,2,2008,http://www.ihchina.cn/art/representative.html?limit=100&p=6,2026-08-06T10:35:27+00:00,1658
inheritor_1659,刘经仓,男,汉族,IV-46,IV-46,IV-046_01_350924,寿宁北路戏,传统戏剧,福建省寿宁县,福建省,2,2008,http://www.ihchina.cn/art/representative.html?limit=100&p=6,2026-08-06T10:35:27+00:00,1659
inheritor_1660,吕维平,男,汉族,IV-47,IV-47,IV-047_01_441521,西秦戏,传统戏剧,广东省海丰县,广东省,2,2008,http://www.ihchina.cn/art/representative.html?limit=100&p=6,2026-08-06T10:35:27+00:00,1660
inheritor_1661,赖宗卯,男,汉族,IV-48,IV-48,IV-048_01_350500,高甲戏,传统戏剧,福建省泉州市,福建省,2,2008,http://www.ihchina.cn/art/representative.html?limit=100&p=6,2026-08-06T10:35:27+00:00,1661
inheritor_1662,曾文杰,男,汉族,IV-48,IV-48,IV-048_01_350500,高甲戏,传统戏剧,福建省泉州市,福建省,2,2008,http://www.ihchina.cn/art/representative.html?limit=100&p=6,2026-08-06T10:35:27+00:00,1662
inheritor_1663,颜佩琼,女,汉族,IV-48,IV-48,IV-048_01_350500,高甲戏,传统戏剧,福建省泉州市,福建省,2,2008,http://www.ihchina.cn/art/representative.html?limit=100&p=6,2026-08-06T10:35:27+00:00,1663
inheritor_1664,纪亚福,男,汉族,IV-48,IV-48,IV-048_01_350200,高甲戏,传统戏剧,福建省厦门市,福建省,2,2008,http://www.ihchina.cn/art/representative.html?limit=100&p=6,2026-08-06T10:35:27+00:00,1664
inheritor_1665,陈炳聪,男,汉族,IV-48,IV-48,IV-048_01_350200,高甲戏,传统戏剧,福建省厦门市,福建省,2,2008,http://www.ihchina.cn/art/representative.html?limit=100&p=6,2026-08-06T10:35:27+00:00,1665
inheritor_1666,张建琴,女,汉族,IV-49,IV-49,IV-049_01_141181,碗碗腔(孝义碗碗腔),传统戏剧,山西省孝义市,山西省,2,2008,http://www.ihchina.cn/art/representative.html?limit=100&p=6,2026-08-06T10:35:27+00:00,1666
inheritor_1667,田学思,男,汉族,IV-49,IV-49,IV-049_01_141181,碗碗腔(孝义碗碗腔),传统戏剧,山西省孝义市,山西省,2,2008,http://www.ihchina.cn/art/representative.html?limit=100&p=6,2026-08-06T10:35:27+00:00,1667
inheritor_1668,邹爱琴,女,汉族,IV-50,IV-50,IV-050_01_411400,四平调,传统戏剧,河南省商丘市,河南省,2,2008,http://www.ihchina.cn/art/representative.html?limit=100&p=6,2026-08-06T10:35:27+00:00,1668
inheritor_1669,拜金荣,女,汉族,IV-50,IV-50,IV-050_01_411400,四平调,传统戏剧,河南省商丘市,河南省,2,2008,http://www.ihchina.cn/art/representative.html?limit=100&p=6,2026-08-06T10:35:27+00:00,1669
inheritor_1670,崔太先,男,汉族,IV-50,IV-50,IV-050_01_410900,四平调,传统戏剧,河南省濮阳市,河南省,2,2008,http://www.ihchina.cn/art/representative.html?limit=100&p=6,2026-08-06T10:35:27+00:00,1670
inheritor_1671,张绪斌,男,汉族,IV-50,IV-50,IV-050_01_410900,四平调,传统戏剧,河南省濮阳市,河南省,2,2008,http://www.ihchina.cn/art/representative.html?limit=100&p=6,2026-08-06T10:35:27+00:00,1671
inheritor_1672,刘秀荣,女,汉族,IV-51,IV-51,IV-051_01_130224,评剧,传统戏剧,河北省,河北省,2,2008,http://www.ihchina.cn/art/representative.html?limit=100&p=6,2026-08-06T10:35:27+00:00,1672
inheritor_1673,洪影,女,汉族,IV-51,IV-51,IV-051_01_130224,评剧,传统戏剧,河北省,河北省,2,2008,http://www.ihchina.cn/art/representative.html?limit=100&p=6,2026-08-06T10:35:27+00:00,1673
inheritor_1674,冯玉萍,女,汉族,IV-51,IV-51,IV-051_01_210100,评剧,传统戏剧,辽宁省沈阳市,辽宁省,2,2008,http://www.ihchina.cn/art/representative.html?limit=100&p=6,2026-08-06T10:35:27+00:00,1674
inheritor_1675,筱俊亭,女,汉族,IV-51,IV-51,IV-051_01_210100,评剧,传统戏剧,辽宁省沈阳市,辽宁省,2,2008,http://www.ihchina.cn/art/representative.html?limit=100&p=6,2026-08-06T10:35:27+00:00,1675
inheritor_1676,杜银方,男,汉族,IV-52,IV-52,IV-052_01_130481,武安平调落子,传统戏剧,河北省武安市,河北省,2,2008,http://www.ihchina.cn/art/representative.html?limit=100&p=6,2026-08-06T10:35:27+00:00,1676
inheritor_1677,陈淮山,男,汉族,IV-52,IV-52,IV-052_01_130481,武安平调落子,传统戏剧,河北省武安市,河北省,2,2008,http://www.ihchina.cn/art/representative.html?limit=100&p=6,2026-08-06T10:35:27+00:00,1677
inheritor_1678,茅威涛,女,汉族,IV-53,IV-53,IV-053_01_330683,越剧,传统戏剧,浙江省,浙江省,2,2008,http://www.ihchina.cn/art/representative.html?limit=100&p=6,2026-08-06T10:35:27+00:00,1678
inheritor_1679,董柯娣,女,汉族,IV-53,IV-53,IV-053_01_330683,越剧,传统戏剧,浙江省,浙江省,2,2008,http://www.ihchina.cn/art/representative.html?limit=100&p=6,2026-08-06T10:35:27+00:00,1679
inheritor_1680,袁雪芬,女,汉族,IV-53,IV-53,IV-053_01_310000,越剧,传统戏剧,上海市,上海市,2,2008,http://www.ihchina.cn/art/representative.html?limit=100&p=6,2026-08-06T10:35:27+00:00,1680
inheritor_1681,徐玉兰,女,汉族,IV-53,IV-53,IV-053_01_310000,越剧,传统戏剧,上海市,上海市,2,2008,http://www.ihchina.cn/art/representative.html?limit=100&p=6,2026-08-06T10:35:27+00:00,1681
inheritor_1682,傅全香,女,汉族,IV-53,IV-53,IV-053_01_310000,越剧,传统戏剧,上海市,上海市,2,2008,http://www.ihchina.cn/art/representative.html?limit=100&p=6,2026-08-06T10:35:27+00:00,1682
inheritor_1683,王文娟,女,汉族,IV-53,IV-53,IV-053_01_310000,越剧,传统戏剧,上海市,上海市,2,2008,http://www.ihchina.cn/art/representative.html?limit=100&p=6,2026-08-06T10:35:27+00:00,1683
inheritor_1684,范瑞娟,女,汉族,IV-53,IV-53,IV-053_01_310000,越剧,传统戏剧,上海市,上海市,2,2008,http://www.ihchina.cn/art/representative.html?limit=100&p=6,2026-08-06T10:35:27+00:00,1684
inheritor_1685,张桂凤,女,汉族,IV-53,IV-53,IV-053_01_310000,越剧,传统戏剧,上海市,上海市,2,2008,http://www.ihchina.cn/art/representative.html?limit=100&p=6,2026-08-06T10:35:27+00:00,1685
inheritor_1686,杨飞飞,女,汉族,IV-54,IV-54,IV-054_01_310000,沪剧,传统戏剧,上海市,上海市,2,2008,http://www.ihchina.cn/art/representative.html?limit=100&p=6,2026-08-06T10:35:27+00:00,1686
inheritor_1687,马莉莉,女,汉族,IV-54,IV-54,IV-054_01_310000,沪剧,传统戏剧,上海市,上海市,2,2008,http://www.ihchina.cn/art/representative.html?limit=100&p=6,2026-08-06T10:35:27+00:00,1687
inheritor_1688,王盘声,男,汉族,IV-54,IV-54,IV-054_01_310000,沪剧,传统戏剧,上海市,上海市,2,2008,http://www.ihchina.cn/art/representative.html?limit=100&p=6,2026-08-06T10:35:27+00:00,1688
inheritor_1689,陈瑜,女,汉族,IV-54,IV-54,IV-054_01_310000,沪剧,传统戏剧,上海市,上海市,2,2008,http://www.ihchina.cn/art/representative.html?limit=100&p=6,2026-08-06T10:35:27+00:00,1689
inheritor_1690,蒋玉芳,女,汉族,IV-55,IV-55,IV-055_01_320500,苏剧,传统戏剧,江苏省苏州市,江苏省,2,2008,http://www.ihchina.cn/art/representative.html?limit=100&p=6,2026-08-06T10:35:27+00:00,1690
inheritor_1691,尹斯明,女,汉族,IV-55,IV-55,IV-055_01_320500,苏剧,传统戏剧,江苏省苏州市,江苏省,2,2008,http://www.ihchina.cn/art/representative.html?limit=100&p=6,2026-08-06T10:35:27+00:00,1691
inheritor_1692,李开敏,女,汉族,IV-56,IV-56,IV-056_01_321000,扬剧,传统戏剧,江苏省扬州市,江苏省,2,2008,http://www.ihchina.cn/art/representative.html?limit=100&p=6,2026-08-06T10:35:27+00:00,1692
inheritor_1693,汪琴,女,汉族,IV-56,IV-56,IV-056_01_321000,扬剧,传统戏剧,江苏省扬州市,江苏省,2,2008,http://www.ihchina.cn/art/representative.html?limit=100&p=6,2026-08-06T10:35:27+00:00,1693
inheritor_1694,黄冰,男,汉族,IV-57,IV-57,IV-057_01_340100,庐剧,传统戏剧,安徽省合肥市,安徽省,2,2008,http://www.ihchina.cn/art/representative.html?limit=100&p=6,2026-08-06T10:35:27+00:00,1694
inheritor_1695,武克英,女,汉族,IV-57,IV-57,IV-057_01_341500,庐剧,传统戏剧,安徽省六安市,安徽省,2,2008,http://www.ihchina.cn/art/representative.html?limit=100&p=6,2026-08-06T10:35:27+00:00,1695
inheritor_1696,熊剑啸,男,汉族,IV-58,IV-58,IV-058_01_420000,楚剧,传统戏剧,湖北省,湖北省,2,2008,http://www.ihchina.cn/art/representative.html?limit=100&p=6,2026-08-06T10:35:27+00:00,1696
inheritor_1697,胡新中,男,汉族,IV-59,IV-59,IV-059_01_429005,荆州花鼓戏,传统戏剧,湖北省潜江市,湖北省,2,2008,http://www.ihchina.cn/art/representative.html?limit=100&p=6,2026-08-06T10:35:27+00:00,1697
inheritor_1698,韩再芬,女,汉族,IV-60,IV-60,IV-060_01_340800,黄梅戏,传统戏剧,安徽省,安徽省,2,2008,http://www.ihchina.cn/art/representative.html?limit=100&p=6,2026-08-06T10:35:27+00:00,1698
inheritor_1699,赵媛媛,女,汉族,IV-60,IV-60,IV-060_01_340800,黄梅戏,传统戏剧,安徽省,安徽省,2,2008,http://www.ihchina.cn/art/representative.html?limit=100&p=6,2026-08-06T10:35:27+00:00,1699
inheritor_1700,黄新德,男,汉族,IV-60,IV-60,IV-060_03_340100,黄梅戏,传统戏剧,安徽省,安徽省,2,2008,http://www.ihchina.cn/art/representative.html?limit=100&p=6,2026-08-06T10:35:27+00:00,1700
inheritor_1701,周洪年,男,汉族,IV-60,IV-60,IV-060_01_421127,黄梅戏,传统戏剧,湖北省黄梅县,湖北省,2,2008,http://www.ihchina.cn/art/representative.html?limit=100&p=6,2026-08-06T10:35:27+00:00,1701
inheritor_1702,陈若梅,女,汉族,IV-62,IV-62,IV-062_01_341300,泗州戏,传统戏剧,安徽省宿州市,安徽省,2,2008,http://www.ihchina.cn/art/representative.html?limit=100&p=6,2026-08-06T10:35:27+00:00,1702
inheritor_1703,李宝琴,女,汉族,IV-62,IV-62,IV-062_01_340300,泗州戏,传统戏剧,安徽省蚌埠市,安徽省,2,2008,http://www.ihchina.cn/art/representative.html?limit=100&p=6,2026-08-06T10:35:27+00:00,1703
inheritor_1704,鹿士彬,男,汉族,IV-62,IV-62,IV-062_01_340300,泗州戏,传统戏剧,安徽省蚌埠市,安徽省,2,2008,http://www.ihchina.cn/art/representative.html?limit=100&p=6,2026-08-06T10:35:27+00:00,1704
inheritor_1705,郑秀琴,女,汉族,IV-64,IV-64,IV-064_01_350600,歌仔戏,传统戏剧,福建省漳州市,福建省,2,2008,http://www.ihchina.cn/art/representative.html?limit=100&p=6,2026-08-06T10:35:27+00:00,1705
inheritor_1706,吴兹明,男,汉族,IV-64,IV-64,IV-064_01_350600,歌仔戏,传统戏剧,福建省漳州市,福建省,2,2008,http://www.ihchina.cn/art/representative.html?limit=100&p=6,2026-08-06T10:35:27+00:00,1706
inheritor_1707,纪招治,女,汉族,IV-64,IV-64,IV-064_01_350200,歌仔戏,传统戏剧,福建省厦门市,福建省,2,2008,http://www.ihchina.cn/art/representative.html?limit=100&p=6,2026-08-06T10:35:27+00:00,1707
inheritor_1708,陈志明,男,汉族,IV-64,IV-64,IV-064_01_350200,歌仔戏,传统戏剧,福建省厦门市,福建省,2,2008,http://www.ihchina.cn/art/representative.html?limit=100&p=6,2026-08-06T10:35:27+00:00,1708
inheritor_1709,陈声强,男,汉族,IV-65,IV-65,IV-065_01_450923,采茶戏(桂南采茶戏),传统戏剧,广西壮族自治区博白县,广西壮族自治区,2,2008,http://www.ihchina.cn/art/representative.html?limit=100&p=6,2026-08-06T10:35:27+00:00,1709
inheritor_1710,霍俊萍,女,汉族,IV-66,IV-66,IV-066_01_370300,五音戏,传统戏剧,山东省淄博市,山东省,2,2008,http://www.ihchina.cn/art/representative.html?limit=100&p=6,2026-08-06T10:35:27+00:00,1710
inheritor_1711,曾金凤,女,汉族,IV-67,IV-67,IV-067_01_370281,茂腔,传统戏剧,山东省胶州市,山东省,2,2008,http://www.ihchina.cn/art/representative.html?limit=100&p=6,2026-08-06T10:35:27+00:00,1711
inheritor_1712,马琪,男,汉族,IV-68,IV-68,IV-068_01_410000,曲剧,传统戏剧,河南省,河南省,2,2008,http://www.ihchina.cn/art/representative.html?limit=100&p=6,2026-08-06T10:35:27+00:00,1712
inheritor_1713,王秀玲,女,汉族,IV-68,IV-68,IV-068_01_410000,曲剧,传统戏剧,河南省,河南省,2,2008,http://www.ihchina.cn/art/representative.html?limit=100&p=6,2026-08-06T10:35:27+00:00,1713
inheritor_1714,康和,男,汉族,IV-69,IV-69,IV-069_01_620824,曲子戏(华亭曲子戏),传统戏剧,甘肃省华亭县,甘肃省,2,2008,http://www.ihchina.cn/art/representative.html?limit=100&p=6,2026-08-06T10:35:27+00:00,1714
inheritor_1715,刘巧菊,女,汉族,IV-70,IV-70,IV-070_01_130525,秧歌戏(隆尧秧歌戏),传统戏剧,河北省隆尧县,河北省,2,2008,http://www.ihchina.cn/art/representative.html?limit=100&p=7,2026-08-06T10:35:28+00:00,1715
inheritor_1716,吴年成,男,汉族,IV-70,IV-70,IV-070_01_130525,秧歌戏(隆尧秧歌戏),传统戏剧,河北省隆尧县,河北省,2,2008,http://www.ihchina.cn/art/representative.html?limit=100&p=7,2026-08-06T10:35:28+00:00,1716
inheritor_1717,张占元,男,汉族,IV-70,IV-70,IV-070_01_130682,秧歌戏(定州秧歌戏),传统戏剧,河北省定州市,河北省,2,2008,http://www.ihchina.cn/art/representative.html?limit=100&p=7,2026-08-06T10:35:28+00:00,1717
inheritor_1718,张元业,男,汉族,IV-70,IV-70,IV-070_01_140600,秧歌戏(朔州秧歌戏),传统戏剧,山西省朔州市,山西省,2,2008,http://www.ihchina.cn/art/representative.html?limit=100&p=7,2026-08-06T10:35:28+00:00,1718
inheritor_1719,张瑞锋,男,汉族,IV-71,IV-71,IV-071_01_141124,道情戏(临县道情戏),传统戏剧,山西省临县,山西省,2,2008,http://www.ihchina.cn/art/representative.html?limit=100&p=7,2026-08-06T10:35:28+00:00,1719
inheritor_1720,任林林,女,汉族,IV-71,IV-71,IV-071_01_141124,道情戏(临县道情戏),传统戏剧,山西省临县,山西省,2,2008,http://www.ihchina.cn/art/representative.html?limit=100&p=7,2026-08-06T10:35:28+00:00,1720
inheritor_1721,朱锡梅,女,汉族,IV-71,IV-71,IV-071_01_411627,道情戏(太康道情戏),传统戏剧,河南省太康县,河南省,2,2008,http://www.ihchina.cn/art/representative.html?limit=100&p=7,2026-08-06T10:35:28+00:00,1721
inheritor_1722,裘印昌,男,汉族,IV-72,IV-72,IV-072_01_130622,哈哈腔,传统戏剧,河北省清苑县,河北省,2,2008,http://www.ihchina.cn/art/representative.html?limit=100&p=7,2026-08-06T10:35:28+00:00,1722
inheritor_1723,王兰荣,女,汉族,IV-72,IV-72,IV-072_01_130622,哈哈腔,传统戏剧,河北省清苑县,河北省,2,2008,http://www.ihchina.cn/art/representative.html?limit=100&p=7,2026-08-06T10:35:28+00:00,1723
inheritor_1724,刘宗发,男,汉族,IV-72,IV-72,IV-072_01_130922,哈哈腔,传统戏剧,河北省青县,河北省,2,2008,http://www.ihchina.cn/art/representative.html?limit=100&p=7,2026-08-06T10:35:28+00:00,1724
inheritor_1725,冯来锁,男,汉族,IV-73,IV-73,IV-073_01_150100,二人台,传统戏剧,内蒙古自治区呼和浩特市,内蒙古自治区,2,2008,http://www.ihchina.cn/art/representative.html?limit=100&p=7,2026-08-06T10:35:28+00:00,1725
inheritor_1726,史万富,男,汉族,IV-73,IV-73,IV-073_01_130723,二人台,传统戏剧,河北省康保县,河北省,2,2008,http://www.ihchina.cn/art/representative.html?limit=100&p=7,2026-08-06T10:35:28+00:00,1726
inheritor_1727,冯俊才,男,汉族,IV-73,IV-73,IV-073_01_130723,二人台,传统戏剧,河北省康保县,河北省,2,2008,http://www.ihchina.cn/art/representative.html?limit=100&p=7,2026-08-06T10:35:28+00:00,1727
inheritor_1728,吴佩锦,男,汉族,IV-74,IV-74,IV-074_01_441521,白字戏,传统戏剧,广东省海丰县,广东省,2,2008,http://www.ihchina.cn/art/representative.html?limit=100&p=7,2026-08-06T10:35:28+00:00,1728
inheritor_1729,钟静洁,女,汉族,IV-74,IV-74,IV-074_01_441521,白字戏,传统戏剧,广东省海丰县,广东省,2,2008,http://www.ihchina.cn/art/representative.html?limit=100&p=7,2026-08-06T10:35:28+00:00,1729
inheritor_1730,傅锦华,女,苗族,IV-76,IV-76,IV-076_01_450000,彩调,传统戏剧,广西壮族自治区,广西壮族自治区,2,2008,http://www.ihchina.cn/art/representative.html?limit=100&p=7,2026-08-06T10:35:28+00:00,1730
inheritor_1731,陈德惠,女,汉族,IV-77,IV-77,IV-077_01_500228,灯戏(梁山灯戏),传统戏剧,重庆市梁平县,重庆市,2,2008,http://www.ihchina.cn/art/representative.html?limit=100&p=7,2026-08-06T10:35:28+00:00,1731
inheritor_1732,阙太纯,男,汉族,IV-77,IV-77,IV-077_01_500228,灯戏(梁山灯戏),传统戏剧,重庆市梁平县,重庆市,2,2008,http://www.ihchina.cn/art/representative.html?limit=100&p=7,2026-08-06T10:35:28+00:00,1732
inheritor_1733,彭涓,男,汉族,IV-77,IV-77,IV-077_01_511300,灯戏(川北灯戏),传统戏剧,四川省南充市,四川省,2,2008,http://www.ihchina.cn/art/representative.html?limit=100&p=7,2026-08-06T10:35:28+00:00,1733
inheritor_1734,汪洋,男,汉族,IV-77,IV-77,IV-077_01_511300,灯戏(川北灯戏),传统戏剧,四川省南充市,四川省,2,2008,http://www.ihchina.cn/art/representative.html?limit=100&p=7,2026-08-06T10:35:28+00:00,1734
inheritor_1735,秦治凤,女,苗族,IV-78,IV-78,IV-078_01_520624,花灯戏(思南花灯戏),传统戏剧,贵州省思南县,贵州省,2,2008,http://www.ihchina.cn/art/representative.html?limit=100&p=7,2026-08-06T10:35:28+00:00,1735
inheritor_1736,刘芳,女,侗族,IV-78,IV-78,IV-078_01_520624,花灯戏(思南花灯戏),传统戏剧,贵州省思南县,贵州省,2,2008,http://www.ihchina.cn/art/representative.html?limit=100&p=7,2026-08-06T10:35:28+00:00,1736
inheritor_1737,李鸿源,男,汉族,IV-78,IV-78,IV-078_01_520624,花灯戏(玉溪花灯戏),传统戏剧,云南省玉溪市,云南省,2,2008,http://www.ihchina.cn/art/representative.html?limit=100&p=7,2026-08-06T10:35:28+00:00,1737
inheritor_1738,陈克勤,男,汉族,IV-78,IV-78,IV-078_01_520624,花灯戏(玉溪花灯戏),传统戏剧,云南省玉溪市,云南省,2,2008,http://www.ihchina.cn/art/representative.html?limit=100&p=7,2026-08-06T10:35:28+00:00,1738
inheritor_1739,旦达,男,藏族,IV-80,IV-80,IV-080_01_540000a,藏戏(拉萨觉木隆),传统戏剧,西藏自治区,西藏自治区,2,2008,http://www.ihchina.cn/art/representative.html?limit=100&p=7,2026-08-06T10:35:28+00:00,1739
inheritor_1740,次旦多吉,男,藏族,IV-80,IV-80,IV-080_01_540000a,藏戏(拉萨觉木隆),传统戏剧,西藏自治区,西藏自治区,2,2008,http://www.ihchina.cn/art/representative.html?limit=100&p=7,2026-08-06T10:35:28+00:00,1740
inheritor_1741,朗杰次仁,男,藏族,IV-80,IV-80,IV-080_01_540000b,藏戏(日喀则迥巴),传统戏剧,西藏自治区,西藏自治区,2,2008,http://www.ihchina.cn/art/representative.html?limit=100&p=7,2026-08-06T10:35:28+00:00,1741
inheritor_1742,次多,男,藏族,IV-80,IV-80,IV-080_01_540000c,藏戏(日喀则南木林湘巴),传统戏剧,西藏自治区,西藏自治区,2,2008,http://www.ihchina.cn/art/representative.html?limit=100&p=7,2026-08-06T10:35:28+00:00,1742
inheritor_1743,次仁,男,藏族,IV-80,IV-80,IV-080_01_540000d,藏戏(日喀则仁布江嘎尔),传统戏剧,西藏自治区,西藏自治区,2,2008,http://www.ihchina.cn/art/representative.html?limit=100&p=7,2026-08-06T10:35:28+00:00,1743
inheritor_1744,次仁旺堆,男,藏族,IV-80,IV-80,IV-080_01_540000e,藏戏(山南雅隆扎西雪巴),传统戏剧,西藏自治区,西藏自治区,2,2008,http://www.ihchina.cn/art/representative.html?limit=100&p=7,2026-08-06T10:35:28+00:00,1744
inheritor_1745,尼玛次仁,男,藏族,IV-80,IV-80,IV-080_01_540000e,藏戏(山南雅隆扎西雪巴),传统戏剧,西藏自治区,西藏自治区,2,2008,http://www.ihchina.cn/art/representative.html?limit=100&p=7,2026-08-06T10:35:28+00:00,1745
inheritor_1746,嘎玛次仁,男,藏族,IV-80,IV-80,IV-080_01_540000f,藏戏(山南琼结卡卓扎西宾顿),传统戏剧,西藏自治区,西藏自治区,2,2008,http://www.ihchina.cn/art/representative.html?limit=100&p=7,2026-08-06T10:35:28+00:00,1746
inheritor_1747,白梅,男,藏族,IV-80,IV-80,IV-080_01_540000f,藏戏(山南琼结卡卓扎西宾顿),传统戏剧,西藏自治区,西藏自治区,2,2008,http://www.ihchina.cn/art/representative.html?limit=100&p=7,2026-08-06T10:35:28+00:00,1747
inheritor_1748,仁青加,男,藏族,IV-80,IV-80,IV-080_01_632300,藏戏(黄南藏戏),传统戏剧,青海省黄南藏族自治州,青海省,2,2008,http://www.ihchina.cn/art/representative.html?limit=100&p=7,2026-08-06T10:35:28+00:00,1748
inheritor_1749,多杰太,男,藏族,IV-80,IV-80,IV-080_01_632300,藏戏(黄南藏戏),传统戏剧,青海省黄南藏族自治州,青海省,2,2008,http://www.ihchina.cn/art/representative.html?limit=100&p=7,2026-08-06T10:35:28+00:00,1749
inheritor_1750,格桑旦增,男,门巴族,IV-81,IV-81,IV-081_01_540000,山南门巴戏,传统戏剧,西藏自治区,西藏自治区,2,2008,http://www.ihchina.cn/art/representative.html?limit=100&p=7,2026-08-06T10:35:28+00:00,1750
inheritor_1751,巴桑,男,藏族,IV-81,IV-81,IV-081_01_540000,山南门巴戏,传统戏剧,西藏自治区,西藏自治区,2,2008,http://www.ihchina.cn/art/representative.html?limit=100&p=7,2026-08-06T10:35:28+00:00,1751
inheritor_1752,张琴音,女,壮族,IV-82,IV-82,IV-082_01_450000,壮剧,传统戏剧,广西壮族自治区,广西壮族自治区,2,2008,http://www.ihchina.cn/art/representative.html?limit=100&p=7,2026-08-06T10:35:28+00:00,1752
inheritor_1753,闭克坚,男,壮族,IV-82,IV-82,IV-082_01_450000,壮剧,传统戏剧,广西壮族自治区,广西壮族自治区,2,2008,http://www.ihchina.cn/art/representative.html?limit=100&p=7,2026-08-06T10:35:28+00:00,1753
inheritor_1754,张启高,男,侗族,IV-83,IV-83,IV-083_01_522631,侗戏,传统戏剧,贵州省黎平县,贵州省,2,2008,http://www.ihchina.cn/art/representative.html?limit=100&p=7,2026-08-06T10:35:28+00:00,1754
inheritor_1755,吴胜章,男,侗族,IV-83,IV-83,IV-083_01_522631,侗戏,传统戏剧,贵州省黎平县,贵州省,2,2008,http://www.ihchina.cn/art/representative.html?limit=100&p=7,2026-08-06T10:35:28+00:00,1755
inheritor_1756,罗国宗,男,布依族,IV-84,IV-84,IV-084_01_522327,布依戏,传统戏剧,贵州省册亨县,贵州省,2,2008,http://www.ihchina.cn/art/representative.html?limit=100&p=7,2026-08-06T10:35:28+00:00,1756
inheritor_1757,黄朝宾,男,布依族,IV-84,IV-84,IV-084_01_522327,布依戏,传统戏剧,贵州省册亨县,贵州省,2,2008,http://www.ihchina.cn/art/representative.html?limit=100&p=7,2026-08-06T10:35:28+00:00,1757
inheritor_1759,文道华,男,彝族,IV-85,IV-85,IV-085_01_520526,彝族撮泰吉,传统戏剧,贵州省威宁彝族回族苗族自治县,贵州省,2,2008,http://www.ihchina.cn/art/representative.html?limit=100&p=7,2026-08-06T10:35:28+00:00,1759
inheritor_1760,刀保顺,男,傣族,IV-86,IV-86,IV-086_01_533100,傣剧,传统戏剧,云南省德宏傣族景颇族自治州,云南省,2,2008,http://www.ihchina.cn/art/representative.html?limit=100&p=7,2026-08-06T10:35:28+00:00,1760
inheritor_1761,王长松,男,汉族,IV-87,IV-87,IV-087_01_341024,目连戏(徽州目连戏),传统戏剧,安徽省祁门县,安徽省,2,2008,http://www.ihchina.cn/art/representative.html?limit=100&p=7,2026-08-06T10:35:28+00:00,1761
inheritor_1762,叶养滋,男,汉族,IV-87,IV-87,IV-087_01_341024,目连戏(徽州目连戏),传统戏剧,安徽省祁门县,安徽省,2,2008,http://www.ihchina.cn/art/representative.html?limit=100&p=7,2026-08-06T10:35:28+00:00,1762
inheritor_1763,周建斌,男,汉族,IV-87,IV-87,IV-087_01_431224,目连戏(辰河目连戏),传统戏剧,湖南省溆浦县,湖南省,2,2008,http://www.ihchina.cn/art/representative.html?limit=100&p=7,2026-08-06T10:35:28+00:00,1763
inheritor_1764,谢杳文,男,汉族,IV-87,IV-87,IV-087_01_431224,目连戏(辰河目连戏),传统戏剧,湖南省溆浦县,湖南省,2,2008,http://www.ihchina.cn/art/representative.html?limit=100&p=7,2026-08-06T10:35:28+00:00,1764
inheritor_1765,张占良,男,汉族,IV-87,IV-87,IV-087_01_410923,目连戏(南乐目连戏),传统戏剧,河南省南乐县,河南省,2,2008,http://www.ihchina.cn/art/representative.html?limit=100&p=7,2026-08-06T10:35:28+00:00,1765
inheritor_1766,贺书各,男,汉族,IV-87,IV-87,IV-087_01_410923,目连戏(南乐目连戏),传统戏剧,河南省南乐县,河南省,2,2008,http://www.ihchina.cn/art/representative.html?limit=100&p=7,2026-08-06T10:35:28+00:00,1766
inheritor_1767,李增旺,男,汉族,IV-89,IV-89,IV-089_01_130481,傩戏(武安傩戏),传统戏剧,河北省武安市,河北省,2,2008,http://www.ihchina.cn/art/representative.html?limit=100&p=7,2026-08-06T10:35:28+00:00,1767
inheritor_1768,刘臣瑜,男,汉族,IV-89,IV-89,IV-089_01_341700,傩戏(池州傩戏),传统戏剧,安徽省池州市,安徽省,2,2008,http://www.ihchina.cn/art/representative.html?limit=100&p=7,2026-08-06T10:35:28+00:00,1768
inheritor_1769,姚家伟,男,汉族,IV-89,IV-89,IV-089_01_341700,傩戏(池州傩戏),传统戏剧,安徽省池州市,安徽省,2,2008,http://www.ihchina.cn/art/representative.html?limit=100&p=7,2026-08-06T10:35:28+00:00,1769
inheritor_1770,龙子明,男,侗族,IV-89,IV-89,IV-089_01_431227,傩戏(侗族傩戏),传统戏剧,湖南省新晃侗族自治县,湖南省,2,2008,http://www.ihchina.cn/art/representative.html?limit=100&p=7,2026-08-06T10:35:28+00:00,1770
inheritor_1771,龙开春,男,侗族,IV-89,IV-89,IV-089_01_431227,傩戏(侗族傩戏),传统戏剧,湖南省新晃侗族自治县,湖南省,2,2008,http://www.ihchina.cn/art/representative.html?limit=100&p=7,2026-08-06T10:35:28+00:00,1771
inheritor_1772,李福国,男,土家族,IV-89,IV-89,IV-089_01_431222,傩戏(沅陵辰州傩戏),传统戏剧,湖南省沅陵县,湖南省,2,2008,http://www.ihchina.cn/art/representative.html?limit=100&p=7,2026-08-06T10:35:28+00:00,1772
inheritor_1773,张月福,男,土家族,IV-89,IV-89,IV-089_01_520626,傩戏(德江傩堂戏),传统戏剧,贵州省德江县,贵州省,2,2008,http://www.ihchina.cn/art/representative.html?limit=100&p=7,2026-08-06T10:35:28+00:00,1773
inheritor_1774,安永柏,男,土家族,IV-89,IV-89,IV-089_01_520626,傩戏(德江傩堂戏),传统戏剧,贵州省德江县,贵州省,2,2008,http://www.ihchina.cn/art/representative.html?limit=100&p=7,2026-08-06T10:35:28+00:00,1774
inheritor_1775,顾之炎,男,汉族,IV-90,IV-90,IV-090_01_520400,安顺地戏,传统戏剧,贵州省安顺市,贵州省,2,2008,http://www.ihchina.cn/art/representative.html?limit=100&p=7,2026-08-06T10:35:28+00:00,1775
inheritor_1776,詹学彦,男,汉族,IV-90,IV-90,IV-090_01_520400,安顺地戏,传统戏剧,贵州省安顺市,贵州省,2,2008,http://www.ihchina.cn/art/representative.html?limit=100&p=7,2026-08-06T10:35:28+00:00,1776
inheritor_1777,丁振耀,男,汉族,IV-91,IV-91,IV-091_01_130200,皮影戏(唐山皮影戏),传统戏剧,河北省唐山市,河北省,2,2008,http://www.ihchina.cn/art/representative.html?limit=100&p=7,2026-08-06T10:35:28+00:00,1777
inheritor_1778,齐永衡,男,汉族,IV-91,IV-91,IV-091_01_130200,皮影戏(唐山皮影戏),传统戏剧,河北省唐山市,河北省,2,2008,http://www.ihchina.cn/art/representative.html?limit=100&p=7,2026-08-06T10:35:28+00:00,1778
inheritor_1779,傅希贤,男,汉族,IV-91,IV-91,IV-091_01_130400,皮影戏(冀南皮影戏),传统戏剧,河北省邯郸市,河北省,2,2008,http://www.ihchina.cn/art/representative.html?limit=100&p=7,2026-08-06T10:35:28+00:00,1779
inheritor_1780,申国瑞,男,汉族,IV-91,IV-91,IV-091_01_130400,皮影戏(冀南皮影戏),传统戏剧,河北省邯郸市,河北省,2,2008,http://www.ihchina.cn/art/representative.html?limit=100&p=7,2026-08-06T10:35:28+00:00,1780
inheritor_1781,梁全民,男,汉族,IV-91,IV-91,IV-091_01_141181,皮影戏(孝义皮影戏),传统戏剧,山西省孝义市,山西省,2,2008,http://www.ihchina.cn/art/representative.html?limit=100&p=7,2026-08-06T10:35:28+00:00,1781
inheritor_1782,李世伟,男,汉族,IV-91,IV-91,IV-091_01_141181,皮影戏(孝义皮影戏),传统戏剧,山西省孝义市,山西省,2,2008,http://www.ihchina.cn/art/representative.html?limit=100&p=7,2026-08-06T10:35:28+00:00,1782
inheritor_1783,宋国超,男,汉族,IV-91,IV-91,IV-091_01_210281,皮影戏(复州皮影戏),传统戏剧,辽宁省瓦房店市,辽宁省,2,2008,http://www.ihchina.cn/art/representative.html?limit=100&p=7,2026-08-06T10:35:28+00:00,1783
inheritor_1784,孙德深,男,汉族,IV-91,IV-91,IV-091_01_210281,皮影戏(复州皮影戏),传统戏剧,辽宁省瓦房店市,辽宁省,2,2008,http://www.ihchina.cn/art/representative.html?limit=100&p=7,2026-08-06T10:35:28+00:00,1784
inheritor_1785,徐二男,男,汉族,IV-91,IV-91,IV-091_01_330481,皮影戏(海宁皮影戏),传统戏剧,浙江省海宁市,浙江省,2,2008,http://www.ihchina.cn/art/representative.html?limit=100&p=7,2026-08-06T10:35:28+00:00,1785
inheritor_1786,汤先成,男,汉族,IV-91,IV-91,IV-091_01_429005,皮影戏(江汉平原皮影戏),传统戏剧,湖北省潜江市,湖北省,2,2008,http://www.ihchina.cn/art/representative.html?limit=100&p=7,2026-08-06T10:35:28+00:00,1786
inheritor_1787,刘年华,男,汉族,IV-91,IV-91,IV-091_01_429005,皮影戏(江汉平原皮影戏),传统戏剧,湖北省潜江市,湖北省,2,2008,http://www.ihchina.cn/art/representative.html?limit=100&p=7,2026-08-06T10:35:28+00:00,1787
inheritor_1788,蔡锦镇,男,汉族,IV-91,IV-91,IV-091_01_441500,皮影戏(陆丰皮影戏),传统戏剧,广东省汕尾市,广东省,2,2008,http://www.ihchina.cn/art/representative.html?limit=100&p=7,2026-08-06T10:35:28+00:00,1788
inheritor_1789,彭忠,男,汉族,IV-91,IV-91,IV-091_01_441500,皮影戏(陆丰皮影戏),传统戏剧,广东省汕尾市,广东省,2,2008,http://www.ihchina.cn/art/representative.html?limit=100&p=7,2026-08-06T10:35:28+00:00,1789
inheritor_1790,刘华,男,汉族,IV-91,IV-91,IV-091_01_610500,皮影戏(华县皮影戏),传统戏剧,陕西省渭南市,陕西省,2,2008,http://www.ihchina.cn/art/representative.html?limit=100&p=7,2026-08-06T10:35:28+00:00,1790
inheritor_1791,魏金全,男,汉族,IV-91,IV-91,IV-091_01_610500,皮影戏(华县皮影戏),传统戏剧,陕西省渭南市,陕西省,2,2008,http://www.ihchina.cn/art/representative.html?limit=100&p=7,2026-08-06T10:35:28+00:00,1791
inheritor_1792,潘京乐,男,汉族,IV-91,IV-91,IV-091_01_610500,皮影戏(华县皮影戏),传统戏剧,陕西省渭南市,陕西省,2,2008,http://www.ihchina.cn/art/representative.html?limit=100&p=7,2026-08-06T10:35:28+00:00,1792
inheritor_1793,王振中,男,汉族,IV-91,IV-91,IV-091_01_610582,皮影戏(华阴老腔),传统戏剧,陕西省华阴市,陕西省,2,2008,http://www.ihchina.cn/art/representative.html?limit=100&p=7,2026-08-06T10:35:28+00:00,1793
inheritor_1794,张喜民,男,汉族,IV-91,IV-91,IV-091_01_610582,皮影戏(华阴老腔),传统戏剧,陕西省华阴市,陕西省,2,2008,http://www.ihchina.cn/art/representative.html?limit=100&p=7,2026-08-06T10:35:28+00:00,1794
inheritor_1795,李育亭,男,汉族,IV-91,IV-91,IV-091_01_610424,皮影戏(弦板腔),传统戏剧,陕西省乾县,陕西省,2,2008,http://www.ihchina.cn/art/representative.html?limit=100&p=7,2026-08-06T10:35:28+00:00,1795
inheritor_1796,丁碧霞,女,汉族,IV-91,IV-91,IV-091_01_610424,皮影戏(弦板腔),传统戏剧,陕西省乾县,陕西省,2,2008,http://www.ihchina.cn/art/representative.html?limit=100&p=7,2026-08-06T10:35:28+00:00,1796
inheritor_1797,史呈林,男,汉族,IV-91,IV-91,IV-091_01_621022,皮影戏(环县道情皮影戏),传统戏剧,甘肃省环县,甘肃省,2,2008,http://www.ihchina.cn/art/representative.html?limit=100&p=7,2026-08-06T10:35:28+00:00,1797
inheritor_1798,高清旺,男,汉族,IV-91,IV-91,IV-091_01_621022,皮影戏(环县道情皮影戏),传统戏剧,甘肃省环县,甘肃省,2,2008,http://www.ihchina.cn/art/representative.html?limit=100&p=7,2026-08-06T10:35:28+00:00,1798
inheritor_1799,徐积山,男,汉族,IV-91,IV-91,IV-091_01_211382,皮影戏(凌源皮影戏),传统戏剧,辽宁省凌源市,辽宁省,2,2008,http://www.ihchina.cn/art/representative.html?limit=100&p=7,2026-08-06T10:35:28+00:00,1799
inheritor_1800,刘景春,男,汉族,IV-91,IV-91,IV-091_01_211382,皮影戏(凌源皮影戏),传统戏剧,辽宁省凌源市,辽宁省,2,2008,http://www.ihchina.cn/art/representative.html?limit=100&p=7,2026-08-06T10:35:28+00:00,1800
inheritor_1801,陈应鸿,男,汉族,IV-92,IV-92,IV-092_01_350500,木偶戏(泉州提线木偶戏),传统戏剧,福建省泉州市,福建省,2,2008,http://www.ihchina.cn/art/representative.html?limit=100&p=7,2026-08-06T10:35:28+00:00,1801
inheritor_1802,陈志杰,男,汉族,IV-92,IV-92,IV-092_01_350500,木偶戏(泉州提线木偶戏),传统戏剧,福建省泉州市,福建省,2,2008,http://www.ihchina.cn/art/representative.html?limit=100&p=7,2026-08-06T10:35:28+00:00,1802
inheritor_1803,李伯芬,男,汉族,IV-92,IV-92,IV-092_01_350582,木偶戏(晋江布袋木偶戏),传统戏剧,福建省晋江市,福建省,2,2008,http://www.ihchina.cn/art/representative.html?limit=100&p=7,2026-08-06T10:35:28+00:00,1803
inheritor_1804,庄陈华,男,汉族,IV-92,IV-92,IV-092_01_350600,木偶戏(漳州布袋木偶戏),传统戏剧,福建省漳州市,福建省,2,2008,http://www.ihchina.cn/art/representative.html?limit=100&p=7,2026-08-06T10:35:28+00:00,1804
inheritor_1805,陈锦堂,男,汉族,IV-92,IV-92,IV-092_01_350600,木偶戏(漳州布袋木偶戏),传统戏剧,福建省漳州市,福建省,2,2008,http://www.ihchina.cn/art/representative.html?limit=100&p=7,2026-08-06T10:35:28+00:00,1805
inheritor_1806,王娜,女,汉族,IV-92,IV-92,IV-092_01_210700,木偶戏(辽西木偶戏),传统戏剧,辽宁省锦州市,辽宁省,2,2008,http://www.ihchina.cn/art/representative.html?limit=100&p=7,2026-08-06T10:35:28+00:00,1806
inheritor_1807,刘永安,男,汉族,IV-92,IV-92,IV-092_01_430500,木偶戏(邵阳布袋戏),传统戏剧,湖南省邵阳县,湖南省,2,2008,http://www.ihchina.cn/art/representative.html?limit=100&p=7,2026-08-06T10:35:28+00:00,1807
inheritor_1808,刘永章,男,汉族,IV-92,IV-92,IV-092_01_430500,木偶戏(邵阳布袋戏),传统戏剧,湖南省邵阳县,湖南省,2,2008,http://www.ihchina.cn/art/representative.html?limit=100&p=7,2026-08-06T10:35:28+00:00,1808
inheritor_1809,何文富,男,汉族,IV-92,IV-92,IV-092_01_440981,木偶戏(高州木偶戏),传统戏剧,广东省高州市,广东省,2,2008,http://www.ihchina.cn/art/representative.html?limit=100&p=7,2026-08-06T10:35:28+00:00,1809
inheritor_1810,曹章玲,女,汉族,IV-92,IV-92,IV-092_01_440981,木偶戏(高州木偶戏),传统戏剧,广东省高州市,广东省,2,2008,http://www.ihchina.cn/art/representative.html?limit=100&p=7,2026-08-06T10:35:28+00:00,1810
inheritor_1811,丁清波,男,汉族,IV-92,IV-92,IV-092_01_445100,木偶戏(潮州铁枝木偶戏),传统戏剧,广东省潮州市,广东省,2,2008,http://www.ihchina.cn/art/representative.html?limit=100&p=7,2026-08-06T10:35:28+00:00,1811
inheritor_1812,陈培森,男,汉族,IV-92,IV-92,IV-092_01_445100,木偶戏(潮州铁枝木偶戏),传统戏剧,广东省潮州市,广东省,2,2008,http://www.ihchina.cn/art/representative.html?limit=100&p=7,2026-08-06T10:35:28+00:00,1812
inheritor_1813,陈少金,女,汉族,IV-92,IV-92,IV-092_01_469024,木偶戏(临高人偶戏),传统戏剧,海南省临高县,海南省,2,2008,http://www.ihchina.cn/art/representative.html?limit=100&p=7,2026-08-06T10:35:28+00:00,1813
inheritor_1814,王春荣,男,汉族,IV-92,IV-92,IV-092_01_469024,木偶戏(临高人偶戏),传统戏剧,海南省临高县,海南省,2,2008,http://www.ihchina.cn/art/representative.html?limit=100&p=7,2026-08-06T10:35:28+00:00,1814
inheritor_1815,李泗元,男,汉族,IV-92,IV-92,IV-092_01_510000,木偶戏(川北大木偶戏),传统戏剧,四川省,四川省,2,2008,http://www.ihchina.cn/art/representative.html?limit=100&p=7,2026-08-06T10:35:28+00:00,1815
inheritor_1816,饶世光,男,仡佬族,IV-92,IV-92,IV-092_01_520623,木偶戏(石阡木偶戏),传统戏剧,贵州省石阡县,贵州省,2,2008,http://www.ihchina.cn/art/representative.html?limit=100&p=8,2026-08-06T10:35:30+00:00,1816
inheritor_1817,付正华,男,侗族,IV-92,IV-92,IV-092_01_520623,木偶戏(石阡木偶戏),传统戏剧,贵州省石阡县,贵州省,2,2008,http://www.ihchina.cn/art/representative.html?limit=100&p=8,2026-08-06T10:35:30+00:00,1817
inheritor_1818,王红民,男,汉族,IV-92,IV-92,IV-092_01_610000,木偶戏(郃阳提线木偶戏),传统戏剧,陕西省,陕西省,2,2008,http://www.ihchina.cn/art/representative.html?limit=100&p=8,2026-08-06T10:35:30+00:00,1818
inheritor_1819,肖朋芳,女,汉族,IV-92,IV-92,IV-092_01_610000,木偶戏(郃阳提线木偶戏),传统戏剧,陕西省,陕西省,2,2008,http://www.ihchina.cn/art/representative.html?limit=100&p=8,2026-08-06T10:35:30+00:00,1819
inheritor_1820,周尔禄,男,汉族,IV-92,IV-92,IV-092_01_330329,木偶戏(泰顺药发木偶戏),传统戏剧,浙江省泰顺县,浙江省,2,2008,http://www.ihchina.cn/art/representative.html?limit=100&p=8,2026-08-06T10:35:30+00:00,1820
inheritor_2301,邢晏芝,女,汉族,V-1,V-1,V-001_01_320500a,苏州评弹(苏州评话、苏州弹词),曲艺,江苏省苏州市,江苏省,2,2008,http://www.ihchina.cn/art/representative.html?limit=100&p=8,2026-08-06T10:35:30+00:00,2301
inheritor_2302,金丽生,男,回族,V-1,V-1,V-001_01_320500a,苏州评弹(苏州评话、苏州弹词),曲艺,江苏省苏州市,江苏省,2,2008,http://www.ihchina.cn/art/representative.html?limit=100&p=8,2026-08-06T10:35:30+00:00,2302
inheritor_2303,王丽堂,女,汉族,V-2,V-2,V-002_03_320100,扬州评话,曲艺,江苏省,江苏省,2,2008,http://www.ihchina.cn/art/representative.html?limit=100&p=8,2026-08-06T10:35:30+00:00,2303
inheritor_2304,李信堂,男,汉族,V-2,V-2,V-002_03_320100,扬州评话,曲艺,江苏省,江苏省,2,2008,http://www.ihchina.cn/art/representative.html?limit=100&p=8,2026-08-06T10:35:30+00:00,2304
inheritor_2305,陈如燕,女,汉族,V-3,V-3,V-003_01_350100,福州评话,曲艺,福建省福州市,福建省,2,2008,http://www.ihchina.cn/art/representative.html?limit=100&p=8,2026-08-06T10:35:30+00:00,2305
inheritor_2306,毛钦铭,男,汉族,V-3,V-3,V-003_01_350100,福州评话,曲艺,福建省福州市,福建省,2,2008,http://www.ihchina.cn/art/representative.html?limit=100&p=8,2026-08-06T10:35:30+00:00,2306
inheritor_2307,左玉华,女,回族,V-4,V-4,V-004_01_370000,山东大鼓,曲艺,山东省,山东省,2,2008,http://www.ihchina.cn/art/representative.html?limit=100&p=8,2026-08-06T10:35:30+00:00,2307
inheritor_2308,伍振英,女,汉族,V-5,V-5,V-005_01_130984,西河大鼓,曲艺,河北省,河北省,2,2008,http://www.ihchina.cn/art/representative.html?limit=100&p=8,2026-08-06T10:35:30+00:00,2308
inheritor_2309,张领娣,女,汉族,V-5,V-5,V-005_01_130984,西河大鼓,曲艺,河北省,河北省,2,2008,http://www.ihchina.cn/art/representative.html?limit=100&p=8,2026-08-06T10:35:30+00:00,2309
inheritor_2310,夏晓华,女,汉族,V-6,V-6,V-006_01_230000,东北大鼓,曲艺,黑龙江省,黑龙江省,2,2008,http://www.ihchina.cn/art/representative.html?limit=100&p=8,2026-08-06T10:35:30+00:00,2310
inheritor_2311,唐贵峰,男,汉族,V-7,V-7,V-007_01_130921,木板大鼓,曲艺,河北省沧县,河北省,2,2008,http://www.ihchina.cn/art/representative.html?limit=100&p=8,2026-08-06T10:35:30+00:00,2311
inheritor_2312,刘银河,男,汉族,V-7,V-7,V-007_01_130921,木板大鼓,曲艺,河北省沧县,河北省,2,2008,http://www.ihchina.cn/art/representative.html?limit=100&p=8,2026-08-06T10:35:30+00:00,2312
inheritor_2313,何建春,男,汉族,V-8,V-8,V-008_01_130225,乐亭大鼓,曲艺,河北省,河北省,2,2008,http://www.ihchina.cn/art/representative.html?limit=100&p=8,2026-08-06T10:35:30+00:00,2313
inheritor_2314,张近平,男,汉族,V-8,V-8,V-008_01_130225,乐亭大鼓,曲艺,河北省,河北省,2,2008,http://www.ihchina.cn/art/representative.html?limit=100&p=8,2026-08-06T10:35:30+00:00,2314
inheritor_2315,陆四辈,男,汉族,V-12,V-12,V-012_01_410300,河洛大鼓,曲艺,河南省洛阳市,河南省,2,2008,http://www.ihchina.cn/art/representative.html?limit=100&p=8,2026-08-06T10:35:30+00:00,2315
inheritor_2316,阮世池,男,汉族,V-13,V-13,V-013_01_330381,温州鼓词,曲艺,浙江省瑞安市,浙江省,2,2008,http://www.ihchina.cn/art/representative.html?limit=100&p=8,2026-08-06T10:35:30+00:00,2316
inheritor_2317,方克多,男,汉族,V-13,V-13,V-013_01_330381,温州鼓词,曲艺,浙江省瑞安市,浙江省,2,2008,http://www.ihchina.cn/art/representative.html?limit=100&p=8,2026-08-06T10:35:30+00:00,2317
inheritor_2318,韩应莲,女,汉族,V-14,V-14,V-014_01_610600,陕北说书,曲艺,陕西省延安市,陕西省,2,2008,http://www.ihchina.cn/art/representative.html?limit=100&p=8,2026-08-06T10:35:30+00:00,2318
inheritor_2319,解明生,男,汉族,V-14,V-14,V-014_01_610600,陕北说书,曲艺,陕西省延安市,陕西省,2,2008,http://www.ihchina.cn/art/representative.html?limit=100&p=8,2026-08-06T10:35:30+00:00,2319
inheritor_2320,钱振华,男,汉族,V-15,V-15,V-015_01_350100,福州伬艺,曲艺,福建省福州市,福建省,2,2008,http://www.ihchina.cn/art/representative.html?limit=100&p=8,2026-08-06T10:35:30+00:00,2320
inheritor_2321,强淑如,女,汉族,V-15,V-15,V-015_01_350100,福州伬艺,曲艺,福建省福州市,福建省,2,2008,http://www.ihchina.cn/art/representative.html?limit=100&p=8,2026-08-06T10:35:30+00:00,2321
inheritor_2322,郑关富,男,汉族,V-17,V-17,V-017_01_330600,绍兴平湖调,曲艺,浙江省绍兴市,浙江省,2,2008,http://www.ihchina.cn/art/representative.html?limit=100&p=8,2026-08-06T10:35:30+00:00,2322
inheritor_2323,王玉英,女,汉族,V-17,V-17,V-017_01_330600,绍兴平湖调,曲艺,浙江省绍兴市,浙江省,2,2008,http://www.ihchina.cn/art/representative.html?limit=100&p=8,2026-08-06T10:35:30+00:00,2323
inheritor_2324,冯兰芳,女,汉族,V-19,V-19,V-019_01_620600,贤孝(凉州贤孝),曲艺,甘肃省武威市,甘肃省,2,2008,http://www.ihchina.cn/art/representative.html?limit=100&p=8,2026-08-06T10:35:30+00:00,2324
inheritor_2325,刘宗琴,女,汉族,V-20,V-20,V-020_01_410000,河南坠子,曲艺,河南省,河南省,2,2008,http://www.ihchina.cn/art/representative.html?limit=100&p=8,2026-08-06T10:35:30+00:00,2325
inheritor_2326,李湘云,女,汉族,V-21,V-21,V-021_01_370000,山东琴书,曲艺,山东省,山东省,2,2008,http://www.ihchina.cn/art/representative.html?limit=100&p=8,2026-08-06T10:35:30+00:00,2326
inheritor_2327,姚忠贤,男,汉族,V-21,V-21,V-021_01_370000,山东琴书,曲艺,山东省,山东省,2,2008,http://www.ihchina.cn/art/representative.html?limit=100&p=8,2026-08-06T10:35:30+00:00,2327
inheritor_2328,谈敬德,男,汉族,V-22,V-22,V-022_01_310115,锣鼓书,曲艺,上海市南汇区,上海市,2,2008,http://www.ihchina.cn/art/representative.html?limit=100&p=8,2026-08-06T10:35:30+00:00,2328
inheritor_2329,康文英,女,汉族,V-22,V-22,V-022_01_310115,锣鼓书,曲艺,上海市南汇区,上海市,2,2008,http://www.ihchina.cn/art/representative.html?limit=100&p=8,2026-08-06T10:35:30+00:00,2329
inheritor_2330,胡兆海,男,汉族,V-23,V-23,V-023_01_330621,绍兴莲花落,曲艺,浙江省绍兴县,浙江省,2,2008,http://www.ihchina.cn/art/representative.html?limit=100&p=8,2026-08-06T10:35:30+00:00,2330
inheritor_2331,倪齐全,男,汉族,V-23,V-23,V-023_01_330621,绍兴莲花落,曲艺,浙江省绍兴县,浙江省,2,2008,http://www.ihchina.cn/art/representative.html?limit=100&p=8,2026-08-06T10:35:30+00:00,2331
inheritor_2332,谌晓辉,女,汉族,V-27,V-27,V-027_01_430700,常德丝弦,曲艺,湖南省常德市,湖南省,2,2008,http://www.ihchina.cn/art/representative.html?limit=100&p=8,2026-08-06T10:35:30+00:00,2332
inheritor_2333,朱晓玲,女,汉族,V-27,V-27,V-027_01_430700,常德丝弦,曲艺,湖南省常德市,湖南省,2,2008,http://www.ihchina.cn/art/representative.html?limit=100&p=8,2026-08-06T10:35:30+00:00,2333
inheritor_2334,林玉碧,男,汉族,V-28,V-28,V-028_01_610800,榆林小曲,曲艺,陕西省榆林市,陕西省,2,2008,http://www.ihchina.cn/art/representative.html?limit=100&p=8,2026-08-06T10:35:30+00:00,2334
inheritor_2335,王青,男,汉族,V-28,V-28,V-028_01_610800,榆林小曲,曲艺,陕西省榆林市,陕西省,2,2008,http://www.ihchina.cn/art/representative.html?limit=100&p=8,2026-08-06T10:35:30+00:00,2335
inheritor_2336,王毓宝,女,汉族,V-29,V-29,V-029_01_120000,天津时调,曲艺,天津市,天津市,2,2008,http://www.ihchina.cn/art/representative.html?limit=100&p=8,2026-08-06T10:35:30+00:00,2336
inheritor_2337,郭天禄,男,汉族,V-30,V-30,V-030_01_652300,新疆曲子,曲艺,新疆维吾尔自治区昌吉回族自治州,新疆维吾尔自治区,2,2008,http://www.ihchina.cn/art/representative.html?limit=100&p=8,2026-08-06T10:35:30+00:00,2337
inheritor_2338,侯毓敏,男,汉族,V-30,V-30,V-030_01_652300,新疆曲子,曲艺,新疆维吾尔自治区昌吉回族自治州,新疆维吾尔自治区,2,2008,http://www.ihchina.cn/art/representative.html?limit=100&p=8,2026-08-06T10:35:30+00:00,2338
inheritor_2339,伍于筹,男,汉族,V-31,V-31,V-031_01_440606,龙舟说唱,曲艺,广东省佛山市顺德区,广东省,2,2008,http://www.ihchina.cn/art/representative.html?limit=100&p=8,2026-08-06T10:35:30+00:00,2339
inheritor_2340,尤学尧,男,汉族,V-31,V-31,V-031_01_440606,龙舟说唱,曲艺,广东省佛山市顺德区,广东省,2,2008,http://www.ihchina.cn/art/representative.html?limit=100&p=8,2026-08-06T10:35:30+00:00,2340
inheritor_2341,望熙诰,男,汉族,V-32,V-32,V-032_01_421000,鼓盆歌,曲艺,湖北省荆州市,湖北省,2,2008,http://www.ihchina.cn/art/representative.html?limit=100&p=8,2026-08-06T10:35:30+00:00,2341
inheritor_2342,徐忠德,男,汉族,V-33,V-33,V-033_01_420984,汉川善书,曲艺,湖北省汉川市,湖北省,2,2008,http://www.ihchina.cn/art/representative.html?limit=100&p=8,2026-08-06T10:35:30+00:00,2342
inheritor_2343,蔡婉香,女,汉族,V-34,V-34,V-034_01_350626,歌册(东山歌册),曲艺,福建省东山县,福建省,2,2008,http://www.ihchina.cn/art/representative.html?limit=100&p=8,2026-08-06T10:35:30+00:00,2343
inheritor_2344,黄春慧,女,汉族,V-34,V-34,V-034_01_350626,歌册(东山歌册),曲艺,福建省东山县,福建省,2,2008,http://www.ihchina.cn/art/representative.html?limit=100&p=8,2026-08-06T10:35:30+00:00,2344
inheritor_2345,李秀媛,女,汉族,V-35,V-35,V-035_01_210726,东北二人转,曲艺,辽宁省黑山县,辽宁省,2,2008,http://www.ihchina.cn/art/representative.html?limit=100&p=8,2026-08-06T10:35:30+00:00,2345
inheritor_2346,赵本山,男,汉族,V-35,V-35,V-035_01_211200,东北二人转,曲艺,辽宁省铁岭市,辽宁省,2,2008,http://www.ihchina.cn/art/representative.html?limit=100&p=8,2026-08-06T10:35:30+00:00,2346
inheritor_2347,王中堂,男,汉族,V-35,V-35,V-035_01_220000,东北二人转,曲艺,吉林省,吉林省,2,2008,http://www.ihchina.cn/art/representative.html?limit=100&p=8,2026-08-06T10:35:30+00:00,2347
inheritor_2348,赵晓波,女,汉族,V-35,V-35,V-035_01_231283,东北二人转,曲艺,黑龙江省海伦市,黑龙江省,2,2008,http://www.ihchina.cn/art/representative.html?limit=100&p=8,2026-08-06T10:35:30+00:00,2348
inheritor_2349,石桂芹,女,汉族,V-35,V-35,V-035_01_231283,东北二人转,曲艺,黑龙江省海伦市,黑龙江省,2,2008,http://www.ihchina.cn/art/representative.html?limit=100&p=8,2026-08-06T10:35:30+00:00,2349
inheritor_2350,孙凤城,女,汉族,V-36,V-36,V-036_01_341126,凤阳花鼓,曲艺,安徽省凤阳县,安徽省,2,2008,http://www.ihchina.cn/art/representative.html?limit=100&p=8,2026-08-06T10:35:30+00:00,2350
inheritor_2351,陈清平,男,汉族,V-37,V-37,V-037_01_350200,答嘴鼓,曲艺,福建省厦门市,福建省,2,2008,http://www.ihchina.cn/art/representative.html?limit=100&p=8,2026-08-06T10:35:30+00:00,2351
inheritor_2352,杨敏谋,男,汉族,V-37,V-37,V-037_01_350200,答嘴鼓,曲艺,福建省厦门市,福建省,2,2008,http://www.ihchina.cn/art/representative.html?limit=100&p=8,2026-08-06T10:35:30+00:00,2352
inheritor_2353,安忠文,男,汉族,V-38,V-38,V-038_01_330100,小热昏,曲艺,浙江省杭州市,浙江省,2,2008,http://www.ihchina.cn/art/representative.html?limit=100&p=8,2026-08-06T10:35:30+00:00,2353
inheritor_2354,周志华,男,汉族,V-38,V-38,V-038_01_330100,小热昏,曲艺,浙江省杭州市,浙江省,2,2008,http://www.ihchina.cn/art/representative.html?limit=100&p=8,2026-08-06T10:35:30+00:00,2354
inheritor_2355,孙镇业,男,汉族,V-39,V-39,V-039_01_370000,山东快书,曲艺,山东省,山东省,2,2008,http://www.ihchina.cn/art/representative.html?limit=100&p=8,2026-08-06T10:35:30+00:00,2355
inheritor_2356,劳斯尔,男,蒙古族,V-40,V-40,V-040_01_150526,乌力格尔,曲艺,内蒙古自治区扎鲁特旗,内蒙古自治区,2,2008,http://www.ihchina.cn/art/representative.html?limit=100&p=8,2026-08-06T10:35:30+00:00,2356
inheritor_2357,杨铁龙,男,蒙古族,V-40,V-40,V-040_01_210921,乌力格尔,曲艺,辽宁省阜新蒙古族自治县,辽宁省,2,2008,http://www.ihchina.cn/art/representative.html?limit=100&p=8,2026-08-06T10:35:30+00:00,2357
inheritor_2358,韩英福,男,蒙古族,V-40,V-40,V-040_01_210921,乌力格尔,曲艺,辽宁省阜新蒙古族自治县,辽宁省,2,2008,http://www.ihchina.cn/art/representative.html?limit=100&p=8,2026-08-06T10:35:30+00:00,2358
inheritor_2359,包朝格柱,男,蒙古族,V-40,V-40,V-040_01_220721,乌力格尔,曲艺,吉林省前郭尔罗斯蒙古族自治县,吉林省,2,2008,http://www.ihchina.cn/art/representative.html?limit=100&p=8,2026-08-06T10:35:30+00:00,2359
inheritor_2360,色热,男,达斡尔族,V-41,V-41,V-041_01_230000,达斡尔族乌钦,曲艺,黑龙江省,黑龙江省,2,2008,http://www.ihchina.cn/art/representative.html?limit=100&p=8,2026-08-06T10:35:30+00:00,2360
inheritor_2361,那音太,男,达斡尔族,V-41,V-41,V-041_01_230000,达斡尔族乌钦,曲艺,黑龙江省,黑龙江省,2,2008,http://www.ihchina.cn/art/representative.html?limit=100&p=8,2026-08-06T10:35:30+00:00,2361
inheritor_2362,吴明新,男,赫哲族,V-42,V-42,V-042_01_230000,赫哲族伊玛堪,曲艺,黑龙江省,黑龙江省,2,2008,http://www.ihchina.cn/art/representative.html?limit=100&p=8,2026-08-06T10:35:30+00:00,2362
inheritor_2363,吴宝臣,男,赫哲族,V-42,V-42,V-042_01_230000,赫哲族伊玛堪,曲艺,黑龙江省,黑龙江省,2,2008,http://www.ihchina.cn/art/representative.html?limit=100&p=8,2026-08-06T10:35:30+00:00,2363
inheritor_2364,莫宝凤,女,鄂伦春族,V-43,V-43,V-043_01_230000,鄂伦春族摩苏昆,曲艺,黑龙江省,黑龙江省,2,2008,http://www.ihchina.cn/art/representative.html?limit=100&p=8,2026-08-06T10:35:30+00:00,2364
inheritor_2365,梁秀江,男,布依族,V-46,V-46,V-046_01_522301,布依族八音坐唱,曲艺,贵州省兴义市,贵州省,2,2008,http://www.ihchina.cn/art/representative.html?limit=100&p=8,2026-08-06T10:35:30+00:00,2365
inheritor_2366,吴天玉,男,布依族,V-46,V-46,V-046_01_522301,布依族八音坐唱,曲艺,贵州省兴义市,贵州省,2,2008,http://www.ihchina.cn/art/representative.html?limit=100&p=8,2026-08-06T10:35:30+00:00,2366
inheritor_3624,盘良安,男,瑶族,X-14,X-14,X-014_01_440200,瑶族盘王节,民俗,广东省韶关市,广东省,2,2008,http://www.ihchina.cn/art/representative.html?limit=100&p=8,2026-08-06T10:35:30+00:00,3624
inheritor_3625,李学强,男,傈僳族,X-27,X-27,X-027_01_533321,傈僳族刀杆节,民俗,云南省泸水县,云南省,2,2008,http://www.ihchina.cn/art/representative.html?limit=100&p=8,2026-08-06T10:35:30+00:00,3625
inheritor_3626,赵丕鼎,男,白族,X-41,X-41,X-041_01_532900,白族绕三灵,民俗,云南省大理白族自治州,云南省,2,2008,http://www.ihchina.cn/art/representative.html?limit=100&p=8,2026-08-06T10:35:30+00:00,3626
inheritor_3627,唐买社公,男,瑶族,X-45,X-45,X-045_01_441800,瑶族耍歌堂,民俗,广东省清远市,广东省,2,2008,http://www.ihchina.cn/art/representative.html?limit=100&p=8,2026-08-06T10:35:30+00:00,3627
inheritor_3628,刘正城,男,壮族,X-46,X-46,X-046_01_450100,壮族歌圩,民俗,广西壮族自治区南宁市,广西壮族自治区,2,2008,http://www.ihchina.cn/art/representative.html?limit=100&p=8,2026-08-06T10:35:30+00:00,3628
inheritor_748,张定强,男,苗族,I-1,I-1,I-001_01_522630,苗族古歌,民间文学,贵州省台江县,贵州省,3,2009,http://www.ihchina.cn/art/representative.html?limit=100&p=8,2026-08-06T10:35:30+00:00,748
inheritor_749,黄达佳,男,壮族,I-2,I-2,I-002_01_451021,布洛陀,民间文学,广西壮族自治区田阳县,广西壮族自治区,3,2009,http://www.ihchina.cn/art/representative.html?limit=100&p=8,2026-08-06T10:35:30+00:00,749
inheritor_750,李作柄,男,汉族,I-13,I-13,I-013_01_620602,河西宝卷,民间文学,甘肃省武威市凉州区,甘肃省,3,2009,http://www.ihchina.cn/art/representative.html?limit=100&p=8,2026-08-06T10:35:30+00:00,750
inheritor_751,罗成贵,男,汉族,I-15,I-15,I-015_01_420381,伍家沟民间故事,民间文学,湖北省丹江口市,湖北省,3,2009,http://www.ihchina.cn/art/representative.html?limit=100&p=8,2026-08-06T10:35:30+00:00,751
inheritor_752,刘远扬,男,汉族,I-17,I-17,I-017_01_500107,走马镇民间故事,民间文学,重庆市九龙坡区,重庆市,3,2009,http://www.ihchina.cn/art/representative.html?limit=100&p=8,2026-08-06T10:35:30+00:00,752
inheritor_753,刘则亭,男,汉族,I-18,I-18,I-018_01_211121,古渔雁民间故事,民间文学,辽宁省大洼县,辽宁省,3,2009,http://www.ihchina.cn/art/representative.html?limit=100&p=8,2026-08-06T10:35:30+00:00,753
inheritor_754,刘永芹,女,蒙古族,I-19,I-19,I-019_01_211324,喀左东蒙民间故事,民间文学,辽宁省喀喇沁左翼蒙古族自治县,辽宁省,3,2009,http://www.ihchina.cn/art/representative.html?limit=100&p=8,2026-08-06T10:35:30+00:00,754
inheritor_755,王锡余,男,汉族,I-22,I-22,I-022_02_310118,吴歌,民间文学,上海市青浦区,上海市,3,2009,http://www.ihchina.cn/art/representative.html?limit=100&p=8,2026-08-06T10:35:30+00:00,755
inheritor_756,张浩生,男,汉族,I-22,I-22,I-022_02_320200,吴歌,民间文学,江苏省无锡市,江苏省,3,2009,http://www.ihchina.cn/art/representative.html?limit=100&p=8,2026-08-06T10:35:30+00:00,756
inheritor_757,买买提阿力·阿拉马提,男,柯尔克孜族,I-25,I-25,I-025_01_653000,玛纳斯,民间文学,新疆维吾尔自治区克孜勒苏柯尔克孜自治州,新疆维吾尔自治区,3,2009,http://www.ihchina.cn/art/representative.html?limit=100&p=8,2026-08-06T10:35:30+00:00,757
inheritor_758,桑珠,男,藏族,I-27,I-27,I-027_01_540000,格萨(斯)尔,民间文学,西藏自治区,西藏自治区,3,2009,http://www.ihchina.cn/art/representative.html?limit=100&p=8,2026-08-06T10:35:30+00:00,758
inheritor_759,罗布生,男,蒙古族,I-27,I-27,I-027_01_150000,格萨(斯)尔,民间文学,内蒙古自治区,内蒙古自治区,3,2009,http://www.ihchina.cn/art/representative.html?limit=100&p=8,2026-08-06T10:35:30+00:00,759
inheritor_760,爱新觉罗·庆凯,男,满族,I-53,I-53,I-053_02_210102,满族民间故事,民间文学,辽宁省文学艺术界联合会民间文艺家协会,辽宁省,3,2009,http://www.ihchina.cn/art/representative.html?limit=100&p=8,2026-08-06T10:35:30+00:00,760
inheritor_761,孙家香,女,土家族,I-56,I-56,I-056_02_420528,都镇湾故事,民间文学,湖北省长阳土家族自治县,湖北省,3,2009,http://www.ihchina.cn/art/representative.html?limit=100&p=8,2026-08-06T10:35:30+00:00,761
inheritor_762,何巴特尔,男,蒙古族,I-59,I-59,I-059_02_150521,嘎达梅林,民间文学,内蒙古自治区科尔沁左翼中旗,内蒙古自治区,3,2009,http://www.ihchina.cn/art/representative.html?limit=100&p=8,2026-08-06T10:35:30+00:00,762
inheritor_763,郭有珍,女,彝族,I-63,I-63,I-063_02_532300,梅葛,民间文学,云南省楚雄彝族自治州,云南省,3,2009,http://www.ihchina.cn/art/representative.html?limit=100&p=8,2026-08-06T10:35:30+00:00,763
inheritor_764,李腊翁,男,德昂族,I-65,I-65,I-065_02_533100,达古达楞格莱标,民间文学,云南省德宏傣族景颇族自治州,云南省,3,2009,http://www.ihchina.cn/art/representative.html?limit=100&p=8,2026-08-06T10:35:30+00:00,764
inheritor_765,马虎成,男,东乡族,I-68,I-68,I-068_02_622926,米拉尕黑,民间文学,甘肃省东乡族自治县,甘肃省,3,2009,http://www.ihchina.cn/art/representative.html?limit=100&p=8,2026-08-06T10:35:30+00:00,765
inheritor_766,才仁索南,男,藏族,I-69,I-69,I-069_02_632724,康巴拉伊,民间文学,青海省治多县,青海省,3,2009,http://www.ihchina.cn/art/representative.html?limit=100&p=8,2026-08-06T10:35:30+00:00,766
inheritor_767,茶汉扣文,男,蒙古族,I-70,I-70,I-070_02_632800,汗青格勒,民间文学,青海省海西蒙古族藏族自治州,青海省,3,2009,http://www.ihchina.cn/art/representative.html?limit=100&p=8,2026-08-06T10:35:30+00:00,767
inheritor_768,夏赫·买买提,男,维吾尔族,I-71,I-71,I-071_02_650000,维吾尔族达斯坦,民间文学,新疆维吾尔自治区,新疆维吾尔自治区,3,2009,http://www.ihchina.cn/art/representative.html?limit=100&p=8,2026-08-06T10:35:30+00:00,768
inheritor_769,哈孜木·阿勒曼,男,哈萨克族,I-72,I-72,I-072_02_654323,哈萨克族达斯坦,民间文学,新疆维吾尔自治区福海县,新疆维吾尔自治区,3,2009,http://www.ihchina.cn/art/representative.html?limit=100&p=8,2026-08-06T10:35:30+00:00,769
inheritor_770,海来热几,男,彝族,I-75,I-75,I-075_02_513436,彝族克智,民间文学,四川省美姑县,四川省,3,2009,http://www.ihchina.cn/art/representative.html?limit=100&p=8,2026-08-06T10:35:30+00:00,770
inheritor_771,彭继龙,男,土家族,I-80,I-80,I-080_02_433130,土家族梯玛歌,民间文学,湖南省龙山县,湖南省,3,2009,http://www.ihchina.cn/art/representative.html?limit=100&p=8,2026-08-06T10:35:30+00:00,771
inheritor_772,塔瓦力地·克里木,男,柯尔克孜族,I-83,I-83,I-083_02_653022,柯尔克孜约隆,民间文学,新疆维吾尔自治区乌恰县,新疆维吾尔自治区,3,2009,http://www.ihchina.cn/art/representative.html?limit=100&p=9,2026-08-06T10:35:32+00:00,772
inheritor_943,刘改鱼,女,汉族,II-1,II-1,II-001_01_140722,左权开花调,传统音乐,山西省左权县,山西省,3,2009,http://www.ihchina.cn/art/representative.html?limit=100&p=9,2026-08-06T10:35:32+00:00,943
inheritor_944,韩运德,男,汉族,II-2,II-2,II-002_01_140930,河曲民歌,传统音乐,山西省河曲县,山西省,3,2009,http://www.ihchina.cn/art/representative.html?limit=100&p=9,2026-08-06T10:35:32+00:00,944
inheritor_945,扎格达苏荣,男,蒙古族,II-3,II-3,II-003_01_150000,蒙古族长调民歌,传统音乐,内蒙古自治区,内蒙古自治区,3,2009,http://www.ihchina.cn/art/representative.html?limit=100&p=9,2026-08-06T10:35:32+00:00,945
inheritor_946,阿拉坦其其格,女,蒙古族,II-3,II-3,II-003_01_150000,蒙古族长调民歌,传统音乐,内蒙古自治区,内蒙古自治区,3,2009,http://www.ihchina.cn/art/representative.html?limit=100&p=9,2026-08-06T10:35:32+00:00,946
inheritor_947,淖尔吉玛,女,蒙古族,II-3,II-3,II-003_01_150000,蒙古族长调民歌,传统音乐,内蒙古自治区,内蒙古自治区,3,2009,http://www.ihchina.cn/art/representative.html?limit=100&p=9,2026-08-06T10:35:32+00:00,947
inheritor_948,赛音毕力格,男,蒙古族,II-3,II-3,II-003_01_150000,蒙古族长调民歌,传统音乐,内蒙古自治区,内蒙古自治区,3,2009,http://www.ihchina.cn/art/representative.html?limit=100&p=9,2026-08-06T10:35:32+00:00,948
inheritor_949,加·道尔吉,男,蒙古族,II-3,II-3,II-003_02_654226,蒙古族长调民歌,传统音乐,新疆维吾尔自治区和布克赛尔蒙古自治县,新疆维吾尔自治区,3,2009,http://www.ihchina.cn/art/representative.html?limit=100&p=9,2026-08-06T10:35:32+00:00,949
inheritor_950,雷美凤,女,畲族,II-7,II-7,II-007_01_350900,畲族民歌,传统音乐,福建省宁德市,福建省,3,2009,http://www.ihchina.cn/art/representative.html?limit=100&p=9,2026-08-06T10:35:32+00:00,950
inheritor_951,蓝陈启,女,畲族,II-7,II-7,II-007_02_331127,畲族民歌,传统音乐,浙江省景宁畲族自治县,浙江省,3,2009,http://www.ihchina.cn/art/representative.html?limit=100&p=9,2026-08-06T10:35:32+00:00,951
inheritor_952,王善良,男,汉族,II-8,II-8,II-008_01_360732,兴国山歌,传统音乐,江西省兴国县,江西省,3,2009,http://www.ihchina.cn/art/representative.html?limit=100&p=9,2026-08-06T10:35:32+00:00,952
inheritor_953,彭泗德,男,汉族,II-9,II-9,II-009_01_420526,兴山民歌,传统音乐,湖北省兴山县,湖北省,3,2009,http://www.ihchina.cn/art/representative.html?limit=100&p=9,2026-08-06T10:35:32+00:00,953
inheritor_954,汤明哲,男,汉族,II-11,II-11,II-011_01_441400,梅州客家山歌,传统音乐,广东省梅州市,广东省,3,2009,http://www.ihchina.cn/art/representative.html?limit=100&p=9,2026-08-06T10:35:32+00:00,954
inheritor_955,黄代书,男,土家族,II-15,II-15,II-015_01_500240,石柱土家啰儿调,传统音乐,重庆市石柱土家族自治县,重庆市,3,2009,http://www.ihchina.cn/art/representative.html?limit=100&p=9,2026-08-06T10:35:32+00:00,955
inheritor_956,李学华,男,傈僳族,II-17,II-17,II-017_01_533300,傈僳族民歌,传统音乐,云南省泸水县,云南省,3,2009,http://www.ihchina.cn/art/representative.html?limit=100&p=9,2026-08-06T10:35:32+00:00,956
inheritor_957,杜秀兰,女,裕固族,II-19,II-19,II-019_01_620721,裕固族民歌,传统音乐,甘肃省肃南裕固族自治县,甘肃省,3,2009,http://www.ihchina.cn/art/representative.html?limit=100&p=9,2026-08-06T10:35:32+00:00,957
inheritor_958,杜秀英,女,裕固族,II-19,II-19,II-019_01_620721,裕固族民歌,传统音乐,甘肃省肃南裕固族自治县,甘肃省,3,2009,http://www.ihchina.cn/art/representative.html?limit=100&p=9,2026-08-06T10:35:32+00:00,958
inheritor_959,汪莲莲,女,汉族,II-20,II-20,II-020_01_622922,花儿(莲花山花儿会),传统音乐,甘肃省康乐县,甘肃省,3,2009,http://www.ihchina.cn/art/representative.html?limit=100&p=9,2026-08-06T10:35:32+00:00,959
inheritor_960,刘郭成,男,汉族,II-20,II-20,II-020_01_621126,花儿(二郎山花儿会),传统音乐,甘肃省岷县,甘肃省,3,2009,http://www.ihchina.cn/art/representative.html?limit=100&p=9,2026-08-06T10:35:32+00:00,960
inheritor_961,张明星,男,回族,II-20,II-20,II-020_01_640000,花儿(宁夏回族山花儿),传统音乐,宁夏回族自治区,宁夏回族自治区,3,2009,http://www.ihchina.cn/art/representative.html?limit=100&p=9,2026-08-06T10:35:32+00:00,961
inheritor_962,韩生元,男,回族,II-20,II-20,II-020_02_652300,花儿(新疆花儿),传统音乐,新疆维吾尔自治区乌鲁木齐市米东区,新疆维吾尔自治区,3,2009,http://www.ihchina.cn/art/representative.html?limit=100&p=9,2026-08-06T10:35:32+00:00,962
inheritor_963,喻良华,男,汉族,II-26,II-26,II-026_01_500113,木洞山歌,传统音乐,重庆市巴南区,重庆市,3,2009,http://www.ihchina.cn/art/representative.html?limit=100&p=9,2026-08-06T10:35:32+00:00,963
inheritor_964,孟凡林,男,汉族,II-27,II-27,II-027_02_360423,薅草锣鼓(武宁打鼓歌),传统音乐,江西省武宁县,江西省,3,2009,http://www.ihchina.cn/art/representative.html?limit=100&p=9,2026-08-06T10:35:32+00:00,964
inheritor_965,王爱民,男,土家族,II-27,II-27,II-027_02_420528,薅草锣鼓(长阳山歌),传统音乐,湖北省长阳土家族自治县,湖北省,3,2009,http://www.ihchina.cn/art/representative.html?limit=100&p=9,2026-08-06T10:35:32+00:00,965
inheritor_966,吴仁和,男,侗族,II-28,II-28,II-028_02_522633,侗族大歌,传统音乐,贵州省从江县,贵州省,3,2009,http://www.ihchina.cn/art/representative.html?limit=100&p=9,2026-08-06T10:35:32+00:00,966
inheritor_967,潘萨银花,女,侗族,II-28,II-28,II-028_02_522633,侗族大歌,传统音乐,贵州省从江县,贵州省,3,2009,http://www.ihchina.cn/art/representative.html?limit=100&p=9,2026-08-06T10:35:32+00:00,967
inheritor_968,吴仕恒,男,侗族,II-29,II-29,II-029_01_522631,侗族琵琶歌,传统音乐,贵州省黎平县,贵州省,3,2009,http://www.ihchina.cn/art/representative.html?limit=100&p=9,2026-08-06T10:35:32+00:00,968
inheritor_969,芒来,男,蒙古族,II-30,II-30,II-030_02_152502,多声部民歌(潮尔道-蒙古族合声演唱),传统音乐,内蒙古自治区锡林浩特市,内蒙古自治区,3,2009,http://www.ihchina.cn/art/representative.html?limit=100&p=9,2026-08-06T10:35:32+00:00,969
inheritor_970,温桂元,男,壮族,II-30,II-30,II-030_02_450124,多声部民歌(壮族三声部民歌),传统音乐,广西壮族自治区马山县,广西壮族自治区,3,2009,http://www.ihchina.cn/art/representative.html?limit=100&p=9,2026-08-06T10:35:32+00:00,970
inheritor_971,郎加木,男,羌族,II-30,II-30,II-030_02_513224,多声部民歌(羌族多声部民歌),传统音乐,四川省松潘县,四川省,3,2009,http://www.ihchina.cn/art/representative.html?limit=100&p=9,2026-08-06T10:35:32+00:00,971
inheritor_972,李禹贤,男,汉族,II-34,II-34,II-034_01_110105,古琴艺术,传统音乐,中国艺术研究院,未知,3,2009,http://www.ihchina.cn/art/representative.html?limit=100&p=9,2026-08-06T10:35:32+00:00,972
inheritor_973,刘正春,男,汉族,II-34,II-34,II-034_02_320100,古琴艺术(金陵琴派),传统音乐,江苏省南京市,江苏省,3,2009,http://www.ihchina.cn/art/representative.html?limit=100&p=9,2026-08-06T10:35:32+00:00,973
inheritor_974,刘善教,男,汉族,II-34,II-34,II-034_02_321100,古琴艺术(梅庵琴派),传统音乐,江苏省镇江市,江苏省,3,2009,http://www.ihchina.cn/art/representative.html?limit=100&p=9,2026-08-06T10:35:32+00:00,974
inheritor_975,谢导秀,男,汉族,II-34,II-34,II-034_02_440100,古琴艺术(岭南派),传统音乐,广东省广州市,广东省,3,2009,http://www.ihchina.cn/art/representative.html?limit=100&p=9,2026-08-06T10:35:32+00:00,975
inheritor_976,布林,男,蒙古族,II-35,II-35,II-035_01_150000,蒙古族马头琴音乐,传统音乐,内蒙古自治区,内蒙古自治区,3,2009,http://www.ihchina.cn/art/representative.html?limit=100&p=9,2026-08-06T10:35:32+00:00,976
inheritor_977,姚少林,男,汉族,II-37,II-37,II-037_02_130209,唢呐艺术(唐山花吹),传统音乐,河北省唐海县,河北省,3,2009,http://www.ihchina.cn/art/representative.html?limit=100&p=9,2026-08-06T10:35:32+00:00,977
inheritor_978,卢补良,男,汉族,II-37,II-37,II-037_02_140900,唢呐艺术(晋北鼓吹),传统音乐,山西省忻州市,山西省,3,2009,http://www.ihchina.cn/art/representative.html?limit=100&p=9,2026-08-06T10:35:32+00:00,978
inheritor_979,牛其云,男,汉族,II-37,II-37,II-037_02_140427,唢呐艺术(上党乐户班社),传统音乐,山西省壶关县,山西省,3,2009,http://www.ihchina.cn/art/representative.html?limit=100&p=9,2026-08-06T10:35:32+00:00,979
inheritor_980,刘有生,男,汉族,II-37,II-37,II-037_02_360731,唢呐艺术(于都唢呐公婆吹),传统音乐,江西省于都县,江西省,3,2009,http://www.ihchina.cn/art/representative.html?limit=100&p=9,2026-08-06T10:35:32+00:00,980
inheritor_981,周惠,男,汉族,II-40,II-40,II-040_01_310000,江南丝竹,传统音乐,上海市,上海市,3,2009,http://www.ihchina.cn/art/representative.html?limit=100&p=9,2026-08-06T10:35:32+00:00,981
inheritor_982,沈凤泉,男,汉族,II-40,II-40,II-040_02_330100,江南丝竹,传统音乐,浙江省杭州市,浙江省,3,2009,http://www.ihchina.cn/art/representative.html?limit=100&p=9,2026-08-06T10:35:32+00:00,982
inheritor_983,楼正寿,男,汉族,II-44,II-44,II-044_02_330100,十番音乐(楼塔细十番),传统音乐,浙江省杭州市,浙江省,3,2009,http://www.ihchina.cn/art/representative.html?limit=100&p=9,2026-08-06T10:35:32+00:00,983
inheritor_984,汤凯旋,男,汉族,II-49,II-49,II-049_01_440100,广东音乐,传统音乐,广东省广州市,广东省,3,2009,http://www.ihchina.cn/art/representative.html?limit=100&p=9,2026-08-06T10:35:32+00:00,984
inheritor_985,李自春,男,汉族,II-52,II-52,II-052_01_500113,吹打(接龙吹打),传统音乐,重庆市巴南区,重庆市,3,2009,http://www.ihchina.cn/art/representative.html?limit=100&p=9,2026-08-06T10:35:32+00:00,985
inheritor_986,简伯元,男,土家族,II-54,II-54,II-054_02_420529,土家族打溜子,传统音乐,湖北省五峰土家族自治县,湖北省,3,2009,http://www.ihchina.cn/art/representative.html?limit=100&p=9,2026-08-06T10:35:32+00:00,986
inheritor_987,王振湖,男,汉族,II-56,II-56,II-056_01_141000,晋南威风锣鼓,传统音乐,山西省临汾市,山西省,3,2009,http://www.ihchina.cn/art/representative.html?limit=100&p=9,2026-08-06T10:35:32+00:00,987
inheritor_988,黄一宝,男,汉族,II-58,II-58,II-058_01_140500,上党八音会,传统音乐,山西省晋城市,山西省,3,2009,http://www.ihchina.cn/art/representative.html?limit=100&p=9,2026-08-06T10:35:32+00:00,988
inheritor_989,夏老肥,男,,II-59,II-59,II-059_02_130632,冀中笙管乐(安新县圈头村音乐会),传统音乐,河北省安新县,河北省,3,2009,http://www.ihchina.cn/art/representative.html?limit=100&p=9,2026-08-06T10:35:32+00:00,989
inheritor_990,刘勤,男,汉族,II-59,II-59,II-059_02_130633,冀中笙管乐(东韩村拾幡古乐),传统音乐,河北省易县,河北省,3,2009,http://www.ihchina.cn/art/representative.html?limit=100&p=9,2026-08-06T10:35:32+00:00,990
inheritor_991,王如海,男,汉族,II-59,II-59,II-059_02_130682,冀中笙管乐(子位吹歌),传统音乐,河北省定州市,河北省,3,2009,http://www.ihchina.cn/art/representative.html?limit=100&p=9,2026-08-06T10:35:32+00:00,991
inheritor_992,何忠信,男,汉族,II-61,II-61,II-061_01_610000,西安鼓乐,传统音乐,陕西省,陕西省,3,2009,http://www.ihchina.cn/art/representative.html?limit=100&p=9,2026-08-06T10:35:32+00:00,992
inheritor_993,杨达吾德,男,回族,II-63,II-63,II-063_01_640000,回族民间器乐,传统音乐,宁夏回族自治区,宁夏回族自治区,3,2009,http://www.ihchina.cn/art/representative.html?limit=100&p=9,2026-08-06T10:35:32+00:00,993
inheritor_994,武济文,男,汉族,II-64,II-64,II-064_01_141121,文水鈲子,传统音乐,山西省文水县,山西省,3,2009,http://www.ihchina.cn/art/representative.html?limit=100&p=9,2026-08-06T10:35:32+00:00,994
inheritor_995,释汇光,男,汉族,II-66,II-66,II-066_01_140922,五台山佛乐,传统音乐,山西省五台县,山西省,3,2009,http://www.ihchina.cn/art/representative.html?limit=100&p=9,2026-08-06T10:35:32+00:00,995
inheritor_996,章样摩兰,男,汉族,II-66,II-66,II-066_01_140922,五台山佛乐,传统音乐,山西省五台县,山西省,3,2009,http://www.ihchina.cn/art/representative.html?limit=100&p=9,2026-08-06T10:35:32+00:00,996
inheritor_997,洪振仁,男,汉族,II-67,II-67,II-067_01_210300,千山寺庙音乐,传统音乐,辽宁省鞍山市,辽宁省,3,2009,http://www.ihchina.cn/art/representative.html?limit=100&p=9,2026-08-06T10:35:32+00:00,997
inheritor_998,杨翠娥,女,汉族,II-71,II-71,II-071_01_350500,南音,传统音乐,福建省泉州市,福建省,3,2009,http://www.ihchina.cn/art/representative.html?limit=100&p=9,2026-08-06T10:35:32+00:00,998
inheritor_999,王秀怡,女,汉族,II-71,II-71,II-071_01_350200,南音,传统音乐,福建省厦门市,福建省,3,2009,http://www.ihchina.cn/art/representative.html?limit=100&p=9,2026-08-06T10:35:32+00:00,999
inheritor_1000,王向荣,男,汉族,II-73,II-73,II-073_02_610800,陕北民歌,传统音乐,陕西省榆林市,陕西省,3,2009,http://www.ihchina.cn/art/representative.html?limit=100&p=9,2026-08-06T10:35:32+00:00,1000
inheritor_1001,贺玉堂,男,汉族,II-73,II-73,II-073_02_610600,陕北民歌,传统音乐,陕西省延安市,陕西省,3,2009,http://www.ihchina.cn/art/representative.html?limit=100&p=9,2026-08-06T10:35:32+00:00,1001
inheritor_1002,王兰英,女,汉族,II-75,II-75,II-075_02_321084,高邮民歌,传统音乐,江苏省高邮市,江苏省,3,2009,http://www.ihchina.cn/art/representative.html?limit=100&p=9,2026-08-06T10:35:32+00:00,1002
inheritor_1003,王兆珍,女,汉族,II-81,II-81,II-081_02_421003,马山民歌,传统音乐,湖北省荆州市荆州区,湖北省,3,2009,http://www.ihchina.cn/art/representative.html?limit=100&p=9,2026-08-06T10:35:32+00:00,1003
inheritor_1004,姚启华,男,汉族,II-83,II-83,II-083_02_420381,吕家河民歌,传统音乐,湖北省丹江口市,湖北省,3,2009,http://www.ihchina.cn/art/representative.html?limit=100&p=9,2026-08-06T10:35:32+00:00,1004
inheritor_1005,顾友珍,女,汉族,II-87,II-87,II-087_02_330421,嘉善田歌,传统音乐,浙江省嘉善县,浙江省,3,2009,http://www.ihchina.cn/art/representative.html?limit=100&p=9,2026-08-06T10:35:32+00:00,1005
inheritor_1006,余家冰,女,汉族,II-104,II-104,II-104_02_420682,老河口丝弦,传统音乐,湖北省老河口市,湖北省,3,2009,http://www.ihchina.cn/art/representative.html?limit=100&p=9,2026-08-06T10:35:32+00:00,1006
inheritor_1007,陈千均,男,苗族,II-109,II-109,II-109_02_433101,苗族民歌(湘西苗族民歌),传统音乐,湖南省吉首市,湖南省,3,2009,http://www.ihchina.cn/art/representative.html?limit=100&p=9,2026-08-06T10:35:32+00:00,1007
inheritor_1008,戴碧生,男,瑶族,II-110,II-110,II-110_02_430524,瑶族民歌(花瑶呜哇山歌),传统音乐,湖南省隆回县,湖南省,3,2009,http://www.ihchina.cn/art/representative.html?limit=100&p=9,2026-08-06T10:35:32+00:00,1008
inheritor_1009,王妚大,女,,II-111,II-111,II-111_02_469030,黎族民歌(琼中黎族民歌),传统音乐,海南省琼中黎族苗族自治县,海南省,3,2009,http://www.ihchina.cn/art/representative.html?limit=100&p=9,2026-08-06T10:35:32+00:00,1009
inheritor_1010,岩瓦洛,男,,II-114,II-114,II-114_02_532822,布朗族民歌(布朗族弹唱),传统音乐,云南省勐海县,云南省,3,2009,http://www.ihchina.cn/art/representative.html?limit=100&p=9,2026-08-06T10:35:32+00:00,1010
inheritor_1011,马建军,男,,II-115,II-115,II-115_02_620623,藏族民歌(华锐藏族民歌),传统音乐,甘肃省天祝藏族自治县,甘肃省,3,2009,http://www.ihchina.cn/art/representative.html?limit=100&p=9,2026-08-06T10:35:32+00:00,1011
inheritor_1012,华尔贡,男,,II-115,II-115,II-115_02_623000,藏族民歌(甘南藏族民歌),传统音乐,甘肃省甘南藏族自治州,甘肃省,3,2009,http://www.ihchina.cn/art/representative.html?limit=100&p=9,2026-08-06T10:35:32+00:00,1012
inheritor_1013,达哇战斗,男,,II-115,II-115,II-115_02_632700,藏族民歌(玉树民歌),传统音乐,青海省玉树藏族自治州,青海省,3,2009,http://www.ihchina.cn/art/representative.html?limit=100&p=9,2026-08-06T10:35:32+00:00,1013
inheritor_1014,排孜拉·依萨克江,男,,II-117,II-117,II-117_02_653100,乌孜别克族埃希来、叶来,传统音乐,新疆维吾尔自治区喀什地区,新疆维吾尔自治区,3,2009,http://www.ihchina.cn/art/representative.html?limit=100&p=9,2026-08-06T10:35:32+00:00,1014
inheritor_1015,安宝龙,男,,II-118,II-118,II-118_02_632221,回族宴席曲,传统音乐,青海省门源回族自治县,青海省,3,2009,http://www.ihchina.cn/art/representative.html?limit=100&p=9,2026-08-06T10:35:32+00:00,1015
inheritor_1016,殷荣珠,女,,II-119,II-119,II-119_02_310230,琵琶艺术(瀛洲古调派),传统音乐,上海市崇明县,上海市,3,2009,http://www.ihchina.cn/art/representative.html?limit=100&p=9,2026-08-06T10:35:32+00:00,1016
inheritor_1017,林嘉庆,男,,II-119,II-119,II-119_02_310115,琵琶艺术(浦东派),传统音乐,上海市南汇区,上海市,3,2009,http://www.ihchina.cn/art/representative.html?limit=100&p=9,2026-08-06T10:35:32+00:00,1017
inheritor_1018,朱大祯,男,,II-119,II-119,II-119_02_330482,琵琶艺术(平湖派),传统音乐,浙江省平湖市,浙江省,3,2009,http://www.ihchina.cn/art/representative.html?limit=100&p=9,2026-08-06T10:35:32+00:00,1018
inheritor_1019,赵登山,男,,II-120,II-120,II-120_02_371700,古筝艺术(山东古筝乐),传统音乐,山东省菏泽市,山东省,3,2009,http://www.ihchina.cn/art/representative.html?limit=100&p=9,2026-08-06T10:35:32+00:00,1019
inheritor_1020,刁登科,男,,II-121,II-121,II-121_02_210281,笙管乐(复州双管乐),传统音乐,辽宁省瓦房店市,辽宁省,3,2009,http://www.ihchina.cn/art/representative.html?limit=100&p=9,2026-08-06T10:35:32+00:00,1020
inheritor_1021,王国卿,男,,II-121,II-121,II-121_02_410183,笙管乐(超化吹歌),传统音乐,河南省新密市,河南省,3,2009,http://www.ihchina.cn/art/representative.html?limit=100&p=9,2026-08-06T10:35:32+00:00,1021
inheritor_1022,刘耀文,男,,II-123,II-123,II-123_02_140100,锣鼓艺术(太原锣鼓),传统音乐,山西省太原市,山西省,3,2009,http://www.ihchina.cn/art/representative.html?limit=100&p=9,2026-08-06T10:35:32+00:00,1022
inheritor_1023,严三秀,女,,II-125,II-125,II-125_02_433130,土家族咚咚喹,传统音乐,湖南省龙山县,湖南省,3,2009,http://www.ihchina.cn/art/representative.html?limit=100&p=9,2026-08-06T10:35:32+00:00,1023
inheritor_1024,库尔曼江·孜克热亚,男,,II-126,II-126,II-126_02_654000,哈萨克六十二阔恩尔,传统音乐,新疆维吾尔自治区伊犁哈萨克自治州,新疆维吾尔自治区,3,2009,http://www.ihchina.cn/art/representative.html?limit=100&p=9,2026-08-06T10:35:32+00:00,1024
inheritor_1025,于苏甫江·亚库普,男,,II-127,II-127,II-127_02_650000,维吾尔族鼓吹乐,传统音乐,新疆维吾尔自治区,新疆维吾尔自治区,3,2009,http://www.ihchina.cn/art/representative.html?limit=100&p=9,2026-08-06T10:35:32+00:00,1025
inheritor_1026,杨枝光,男,,II-129,II-129,II-129_02_431230,芦笙音乐(侗族芦笙),传统音乐,湖南省通道侗族自治县,湖南省,3,2009,http://www.ihchina.cn/art/representative.html?limit=100&p=9,2026-08-06T10:35:32+00:00,1026
inheritor_1027,阿迪力汗·阿不都拉,男,,II-132,II-132,II-132_02_654000,哈萨克族冬布拉艺术,传统音乐,新疆维吾尔自治区伊犁哈萨克自治州,新疆维吾尔自治区,3,2009,http://www.ihchina.cn/art/representative.html?limit=100&p=9,2026-08-06T10:35:32+00:00,1027
inheritor_1028,阿迪里别克·卡德尔,男,,II-133,II-133,II-133_02_653000,柯尔克孜族库姆孜艺术,传统音乐,新疆维吾尔自治区乌恰县,新疆维吾尔自治区,3,2009,http://www.ihchina.cn/art/representative.html?limit=100&p=9,2026-08-06T10:35:32+00:00,1028
inheritor_1029,松纯,男,,II-138,II-138,II-138_02_320400,佛教音乐(天宁寺梵呗唱诵),传统音乐,江苏省常州市,江苏省,3,2009,http://www.ihchina.cn/art/representative.html?limit=100&p=9,2026-08-06T10:35:32+00:00,1029
inheritor_1030,释隆江,男,,II-138,II-138,II-138_02_410200,佛教音乐(大相国寺梵乐),传统音乐,河南省开封市,河南省,3,2009,http://www.ihchina.cn/art/representative.html?limit=100&p=9,2026-08-06T10:35:32+00:00,1030
inheritor_1031,顿珠,男,,II-138,II-138,II-138_02_540127,佛教音乐(直孔噶举派音乐),传统音乐,西藏自治区墨竹工卡县,西藏自治区,3,2009,http://www.ihchina.cn/art/representative.html?limit=100&p=9,2026-08-06T10:35:32+00:00,1031
inheritor_1032,成来加措,男,,II-138,II-138,II-138_02_623027,佛教音乐(拉卜楞寺佛殿音乐道得尔),传统音乐,甘肃省夏河县,甘肃省,3,2009,http://www.ihchina.cn/art/representative.html?limit=100&p=9,2026-08-06T10:35:32+00:00,1032
inheritor_1033,徐建业,男,,II-138,II-138,II-138_02_640221,佛教音乐(北武当庙寺庙音乐),传统音乐,宁夏回族自治区平罗县,宁夏回族自治区,3,2009,http://www.ihchina.cn/art/representative.html?limit=100&p=9,2026-08-06T10:35:32+00:00,1033
inheritor_1034,张玉保,男,,II-139,II-139,II-139_02_130531,道教音乐(广宗太平道乐),传统音乐,河北省广宗县,河北省,3,2009,http://www.ihchina.cn/art/representative.html?limit=100&p=9,2026-08-06T10:35:32+00:00,1034
inheritor_1035,李满山,男,,II-139,II-139,II-139_02_140221,道教音乐(恒山道乐),传统音乐,山西省阳高县,山西省,3,2009,http://www.ihchina.cn/art/representative.html?limit=100&p=9,2026-08-06T10:35:32+00:00,1035
inheritor_1036,石季通,男,,II-139,II-139,II-139_02_310101,道教音乐(上海道教音乐),传统音乐,上海市道教协会,上海市,3,2009,http://www.ihchina.cn/art/representative.html?limit=100&p=9,2026-08-06T10:35:32+00:00,1036
inheritor_1037,尤武忠,男,,II-139,II-139,II-139_02_320200,道教音乐(无锡道教音乐),传统音乐,江苏省无锡市,江苏省,3,2009,http://www.ihchina.cn/art/representative.html?limit=100&p=9,2026-08-06T10:35:32+00:00,1037
inheritor_1038,张明贵,男,,II-139,II-139,II-139_02_610828,道教音乐(白云山道教音乐),传统音乐,陕西省佳县,陕西省,3,2009,http://www.ihchina.cn/art/representative.html?limit=100&p=9,2026-08-06T10:35:32+00:00,1038
inheritor_1291,贺俊义,男,,III-2,III-2,III-002_01_610826,秧歌(陕北秧歌),传统舞蹈,陕西省绥德县,陕西省,3,2009,http://www.ihchina.cn/art/representative.html?limit=100&p=9,2026-08-06T10:35:32+00:00,1291
inheritor_1292,姚大新,男,,III-2,III-2,III-002_02_370125,秧歌(济阳鼓子秧歌),传统舞蹈,山东省济阳县,山东省,3,2009,http://www.ihchina.cn/art/representative.html?limit=100&p=9,2026-08-06T10:35:32+00:00,1292
inheritor_1293,郑玉华,男,,III-4,III-4,III-004_02_130435,龙舞(曲周龙灯),传统舞蹈,河北省曲周县,河北省,3,2009,http://www.ihchina.cn/art/representative.html?limit=100&p=9,2026-08-06T10:35:32+00:00,1293
inheritor_1294,费土根,男,,III-4,III-4,III-004_02_310117,龙舞(舞草龙),传统舞蹈,上海市松江区,上海市,3,2009,http://www.ihchina.cn/art/representative.html?limit=100&p=10,2026-08-06T10:35:34+00:00,1294
inheritor_1295,杨书范,男,,III-4,III-4,III-004_02_320117,龙舞(骆山大龙),传统舞蹈,江苏省溧水县,江苏省,3,2009,http://www.ihchina.cn/art/representative.html?limit=100&p=10,2026-08-06T10:35:34+00:00,1295
inheritor_1296,黄焯根,男,,III-4,III-4,III-004_02_442000,龙舞(醉龙),传统舞蹈,广东省中山市,广东省,3,2009,http://www.ihchina.cn/art/representative.html?limit=100&p=10,2026-08-06T10:35:34+00:00,1296
inheritor_1297,王建文,男,,III-5,III-5,III-005_02_110000,狮舞(白纸坊太狮),传统舞蹈,北京市,北京市,3,2009,http://www.ihchina.cn/art/representative.html?limit=100&p=10,2026-08-06T10:35:34+00:00,1297
inheritor_1298,尹少山,男,,III-5,III-5,III-005_02_130921,狮舞(沧县狮舞),传统舞蹈,河北省沧县,河北省,3,2009,http://www.ihchina.cn/art/representative.html?limit=100&p=10,2026-08-06T10:35:34+00:00,1298
inheritor_1299,李大志,男,,III-5,III-5,III-005_02_411624,狮舞(槐店文狮子),传统舞蹈,河南省沈丘县,河南省,3,2009,http://www.ihchina.cn/art/representative.html?limit=100&p=10,2026-08-06T10:35:34+00:00,1299
inheritor_1300,杨再先,男,,III-6,III-6,III-006_01_340300,花鼓灯(蚌埠花鼓灯),传统舞蹈,安徽省蚌埠市,安徽省,3,2009,http://www.ihchina.cn/art/representative.html?limit=100&p=10,2026-08-06T10:35:34+00:00,1300
inheritor_1301,邓虹,女,,III-6,III-6,III-006_01_340421,花鼓灯(凤台花鼓灯),传统舞蹈,安徽省凤台县,安徽省,3,2009,http://www.ihchina.cn/art/representative.html?limit=100&p=10,2026-08-06T10:35:34+00:00,1301
inheritor_1302,张士根,男,,III-6,III-6,III-006_01_340421,花鼓灯(凤台花鼓灯),传统舞蹈,安徽省凤台县,安徽省,3,2009,http://www.ihchina.cn/art/representative.html?limit=100&p=10,2026-08-06T10:35:34+00:00,1302
inheritor_1303,程长庆,男,,III-7,III-7,III-007_01_361130,傩舞 (婺源傩舞),传统舞蹈,江西省婺源县,江西省,3,2009,http://www.ihchina.cn/art/representative.html?limit=100&p=10,2026-08-06T10:35:34+00:00,1303
inheritor_1304,彭英芳,男,,III-7,III-7,III-007_02_440811,傩舞 (湛江傩舞),传统舞蹈,广东省湛江市麻章区,广东省,3,2009,http://www.ihchina.cn/art/representative.html?limit=100&p=10,2026-08-06T10:35:34+00:00,1304
inheritor_1305,余杨富,男,,III-7,III-7,III-007_02_621222,傩舞 (文县池哥昼),传统舞蹈,甘肃省文县,甘肃省,3,2009,http://www.ihchina.cn/art/representative.html?limit=100&p=10,2026-08-06T10:35:34+00:00,1305
inheritor_1306,范廷禄,男,,III-7,III-7,III-007_02_622923,傩舞 (永靖七月跳会),传统舞蹈,甘肃省永靖县,甘肃省,3,2009,http://www.ihchina.cn/art/representative.html?limit=100&p=10,2026-08-06T10:35:34+00:00,1306
inheritor_1307,杨敏,女,,III-9,III-9,III-009_01_210381,高跷(海城高跷),传统舞蹈,辽宁省海城市,辽宁省,3,2009,http://www.ihchina.cn/art/representative.html?limit=100&p=10,2026-08-06T10:35:34+00:00,1307
inheritor_1308,王新惠,男,,III-9,III-9,III-009_02_210881,高跷(盖州高跷),传统舞蹈,辽宁省盖州市,辽宁省,3,2009,http://www.ihchina.cn/art/representative.html?limit=100&p=10,2026-08-06T10:35:34+00:00,1308
inheritor_1309,邱剑英,男,,III-12,III-12,III-012_01_350500,泉州拍胸舞,传统舞蹈,福建省泉州市,福建省,3,2009,http://www.ihchina.cn/art/representative.html?limit=100&p=10,2026-08-06T10:35:34+00:00,1309
inheritor_1310,田景仁,男,,III-17,III-17,III-017_02_500242,土家族摆手舞(酉阳摆手舞),传统舞蹈,重庆市酉阳土家族苗族自治县,重庆市,3,2009,http://www.ihchina.cn/art/representative.html?limit=100&p=10,2026-08-06T10:35:34+00:00,1310
inheritor_1311,阿德,女,,III-20,III-20,III-020_02_513329,锅庄舞(甘孜锅庄),传统舞蹈,四川省新龙县,四川省,3,2009,http://www.ihchina.cn/art/representative.html?limit=100&p=10,2026-08-06T10:35:34+00:00,1311
inheritor_1312,白马尼麦,男,,III-20,III-20,III-020_02_513329,锅庄舞(甘孜锅庄),传统舞蹈,四川省新龙县,四川省,3,2009,http://www.ihchina.cn/art/representative.html?limit=100&p=10,2026-08-06T10:35:34+00:00,1312
inheritor_1313,才哇,男,,III-20,III-20,III-020_02_632723,锅庄舞(称多白龙卓舞),传统舞蹈,青海省称多县,青海省,3,2009,http://www.ihchina.cn/art/representative.html?limit=100&p=10,2026-08-06T10:35:34+00:00,1313
inheritor_1314,布扎西,男,,III-20,III-20,III-020_02_632725,锅庄舞(囊谦卓干玛),传统舞蹈,青海省囊谦县,青海省,3,2009,http://www.ihchina.cn/art/representative.html?limit=100&p=10,2026-08-06T10:35:34+00:00,1314
inheritor_1315,金明焕,男,,III-24,III-24,III-024_01_210500,朝鲜族农乐舞(乞粒舞),传统舞蹈,辽宁省本溪市,辽宁省,3,2009,http://www.ihchina.cn/art/representative.html?limit=100&p=10,2026-08-06T10:35:34+00:00,1315
inheritor_1316,韩奎昇,男,,III-24,III-24,III-024_02_211200,朝鲜族农乐舞,传统舞蹈,辽宁省铁岭市,辽宁省,3,2009,http://www.ihchina.cn/art/representative.html?limit=100&p=10,2026-08-06T10:35:34+00:00,1316
inheritor_1317,李成元,男,,III-42,III-42,III-042_02_610823,鼓舞(横山老腰鼓),传统舞蹈,陕西省横山县,陕西省,3,2009,http://www.ihchina.cn/art/representative.html?limit=100&p=10,2026-08-06T10:35:34+00:00,1317
inheritor_1318,杨门元,男,,III-42,III-42,III-042_02_620600,鼓舞(凉州攻鼓子),传统舞蹈,甘肃省武威市,甘肃省,3,2009,http://www.ihchina.cn/art/representative.html?limit=100&p=10,2026-08-06T10:35:34+00:00,1318
inheritor_1319,代三海,男,,III-42,III-42,III-042_02_620524,鼓舞(武山旋鼓舞),传统舞蹈,甘肃省武山县,甘肃省,3,2009,http://www.ihchina.cn/art/representative.html?limit=100&p=10,2026-08-06T10:35:34+00:00,1319
inheritor_1320,杨印海,男,,III-43,III-43,III-043_02_130983,麒麟舞,传统舞蹈,河北省黄骅市,河北省,3,2009,http://www.ihchina.cn/art/representative.html?limit=100&p=10,2026-08-06T10:35:34+00:00,1320
inheritor_1321,汤裕道,男,,III-44,III-44,III-044_02_320118,竹马(东坝大马灯),传统舞蹈,江苏省高淳县,江苏省,3,2009,http://www.ihchina.cn/art/representative.html?limit=100&p=10,2026-08-06T10:35:34+00:00,1321
inheritor_1322,陈金文,男,,III-45,III-45,III-045_02_350300,灯舞(莆田九鲤灯舞),传统舞蹈,福建省莆田市,福建省,3,2009,http://www.ihchina.cn/art/representative.html?limit=100&p=10,2026-08-06T10:35:34+00:00,1322
inheritor_1323,吴观球,男,,III-45,III-45,III-045_02_440300,灯舞(沙头角鱼灯舞),传统舞蹈,广东省深圳市,广东省,3,2009,http://www.ihchina.cn/art/representative.html?limit=100&p=10,2026-08-06T10:35:34+00:00,1323
inheritor_1324,毋启富,男,,III-45,III-45,III-045_02_410822,灯舞(苏家作龙凤灯舞),传统舞蹈,河南省博爱县,河南省,3,2009,http://www.ihchina.cn/art/representative.html?limit=100&p=10,2026-08-06T10:35:34+00:00,1324
inheritor_1325,张洪通,男,,III-46,III-46,III-046_02_130927,沧州落子,传统舞蹈,河北省南皮县,河北省,3,2009,http://www.ihchina.cn/art/representative.html?limit=100&p=10,2026-08-06T10:35:34+00:00,1325
inheritor_1326,孙永超,男,,III-48,III-48,III-048_02_340421,火老虎,传统舞蹈,安徽省凤台县,安徽省,3,2009,http://www.ihchina.cn/art/representative.html?limit=100&p=10,2026-08-06T10:35:34+00:00,1326
inheritor_1327,吴修富,男,土家族,III-52,III-52,III-052_02_422802,肉连响,传统舞蹈,湖北省利川市,湖北省,3,2009,http://www.ihchina.cn/art/representative.html?limit=100&p=10,2026-08-06T10:35:34+00:00,1327
inheritor_1328,吴华得,男,,III-55,III-55,III-055_02_511923,翻山铰子,传统舞蹈,四川省平昌县,四川省,3,2009,http://www.ihchina.cn/art/representative.html?limit=100&p=10,2026-08-06T10:35:34+00:00,1328
inheritor_1329,张有万,男,,III-56,III-56,III-056_02_610824,靖边跑驴,传统舞蹈,陕西省靖边县,陕西省,3,2009,http://www.ihchina.cn/art/representative.html?limit=100&p=10,2026-08-06T10:35:34+00:00,1329
inheritor_1330,赵明华,男,,III-60,III-60,III-060_02_431129,瑶族长鼓舞,传统舞蹈,湖南省江华瑶族自治县,湖南省,3,2009,http://www.ihchina.cn/art/representative.html?limit=100&p=10,2026-08-06T10:35:34+00:00,1330
inheritor_1331,朱金龙,男,,III-62,III-62,III-062_02_513221,羌族羊皮鼓舞,传统舞蹈,四川省汶川县,四川省,3,2009,http://www.ihchina.cn/art/representative.html?limit=100&p=10,2026-08-06T10:35:34+00:00,1331
inheritor_1332,茶春梅,女,,III-70,III-70,III-070_02_532927,彝族打歌,传统舞蹈,云南省巍山彝族回族自治县,云南省,3,2009,http://www.ihchina.cn/art/representative.html?limit=100&p=10,2026-08-06T10:35:34+00:00,1332
inheritor_1333,鲁朝金,男,,III-71,III-71,III-071_02_532926,彝族跳菜,传统舞蹈,云南省南涧彝族自治县,云南省,3,2009,http://www.ihchina.cn/art/representative.html?limit=100&p=10,2026-08-06T10:35:34+00:00,1333
inheritor_1334,俸继明,男,,III-77,III-77,III-077_02_530925,布朗族蜂桶鼓舞,传统舞蹈,云南省双江拉祜族佤族布朗族傣族自治县,云南省,3,2009,http://www.ihchina.cn/art/representative.html?limit=100&p=10,2026-08-06T10:35:34+00:00,1334
inheritor_1335,李增保,男,,III-79,III-79,III-079_02_530828,拉祜族芦笙舞,传统舞蹈,云南省澜沧拉祜族自治县,云南省,3,2009,http://www.ihchina.cn/art/representative.html?limit=100&p=10,2026-08-06T10:35:34+00:00,1335
inheritor_1336,昂嘎,女,藏族,III-80,III-80,III-080_02_540127,宣舞 (普堆巴宣舞),传统舞蹈,西藏自治区墨竹工卡县,西藏自治区,3,2009,http://www.ihchina.cn/art/representative.html?limit=100&p=10,2026-08-06T10:35:34+00:00,1336
inheritor_1337,拉巴,男,,III-82,III-82,III-082_02_542326,堆谐 (拉孜堆谐),传统舞蹈,西藏自治区拉孜县,西藏自治区,3,2009,http://www.ihchina.cn/art/representative.html?limit=100&p=10,2026-08-06T10:35:34+00:00,1337
inheritor_1338,索朗次仁,男,,III-83,III-83,III-083_02_620102,谐钦(拉萨纳如谐钦),传统舞蹈,西藏自治区拉萨市城关区,西藏自治区,3,2009,http://www.ihchina.cn/art/representative.html?limit=100&p=10,2026-08-06T10:35:34+00:00,1338
inheritor_1339,次旺丹增,男,,III-83,III-83,III-083_02_542322,谐钦(南木林土布加谐钦),传统舞蹈,西藏自治区南木林县,西藏自治区,3,2009,http://www.ihchina.cn/art/representative.html?limit=100&p=10,2026-08-06T10:35:34+00:00,1339
inheritor_1340,平措玉杰,男,,III-85,III-85,III-085_02_540000,嘎尔,传统舞蹈,西藏自治区,西藏自治区,3,2009,http://www.ihchina.cn/art/representative.html?limit=100&p=10,2026-08-06T10:35:34+00:00,1340
inheritor_1341,江白轮珠,男,,III-86,III-86,III-086_02_542129,芒康三弦舞,传统舞蹈,西藏自治区芒康县,西藏自治区,3,2009,http://www.ihchina.cn/art/representative.html?limit=100&p=10,2026-08-06T10:35:34+00:00,1341
inheritor_1342,扎桑,男,,III-89,III-89,III-089_02_540124,廓孜,传统舞蹈,西藏自治区曲水县,西藏自治区,3,2009,http://www.ihchina.cn/art/representative.html?limit=100&p=10,2026-08-06T10:35:34+00:00,1342
inheritor_1343,李扎西,男,,III-90,III-90,III-090_02_623023,多地舞,传统舞蹈,甘肃省舟曲县,甘肃省,3,2009,http://www.ihchina.cn/art/representative.html?limit=100&p=10,2026-08-06T10:35:34+00:00,1343
inheritor_1344,卢永祥,男,,III-91,III-91,III-091_02_623022,巴郎鼓舞,传统舞蹈,甘肃省卓尼县,甘肃省,3,2009,http://www.ihchina.cn/art/representative.html?limit=100&p=10,2026-08-06T10:35:34+00:00,1344
inheritor_1345,月香,女,,III-95,III-95,III-095_02_654022,锡伯族贝伦舞,传统舞蹈,新疆维吾尔自治区察布查尔锡伯自治县,新疆维吾尔自治区,3,2009,http://www.ihchina.cn/art/representative.html?limit=100&p=10,2026-08-06T10:35:34+00:00,1345
inheritor_1346,艾买提·司马义,男,,III-96,III-96,III-096_02_652200,维吾尔族赛乃姆,传统舞蹈,新疆维吾尔自治区哈密地区,新疆维吾尔自治区,3,2009,http://www.ihchina.cn/art/representative.html?limit=100&p=10,2026-08-06T10:35:34+00:00,1346
inheritor_1821,张寄蝶,男,,IV-1,IV-1,IV-001_01_320000,昆曲,传统戏剧,江苏省,江苏省,3,2009,http://www.ihchina.cn/art/representative.html?limit=100&p=10,2026-08-06T10:35:34+00:00,1821
inheritor_1822,黄小午,男,,IV-1,IV-1,IV-001_01_320000,昆曲,传统戏剧,江苏省,江苏省,3,2009,http://www.ihchina.cn/art/representative.html?limit=100&p=10,2026-08-06T10:35:34+00:00,1822
inheritor_1823,石小梅,女,,IV-1,IV-1,IV-001_01_320000,昆曲,传统戏剧,江苏省,江苏省,3,2009,http://www.ihchina.cn/art/representative.html?limit=100&p=10,2026-08-06T10:35:34+00:00,1823
inheritor_1824,胡锦芳,女,,IV-1,IV-1,IV-001_01_320000,昆曲,传统戏剧,江苏省,江苏省,3,2009,http://www.ihchina.cn/art/representative.html?limit=100&p=10,2026-08-06T10:35:34+00:00,1824
inheritor_1825,林继凡,男,,IV-1,IV-1,IV-001_01_320000,昆曲,传统戏剧,江苏省,江苏省,3,2009,http://www.ihchina.cn/art/representative.html?limit=100&p=10,2026-08-06T10:35:34+00:00,1825
inheritor_1826,柳继雁,女,,IV-1,IV-1,IV-001_01_320000,昆曲,传统戏剧,江苏省,江苏省,3,2009,http://www.ihchina.cn/art/representative.html?limit=100&p=10,2026-08-06T10:35:34+00:00,1826
inheritor_1827,林媚媚,女,,IV-1,IV-1,IV-001_01_330000,昆曲,传统戏剧,浙江省,浙江省,3,2009,http://www.ihchina.cn/art/representative.html?limit=100&p=10,2026-08-06T10:35:34+00:00,1827
inheritor_1828,辛清华,男,,IV-1,IV-1,IV-001_01_310000,昆曲,传统戏剧,上海市,上海市,3,2009,http://www.ihchina.cn/art/representative.html?limit=100&p=10,2026-08-06T10:35:34+00:00,1828
inheritor_1829,王芝泉,女,,IV-1,IV-1,IV-001_01_310000,昆曲,传统戏剧,上海市,上海市,3,2009,http://www.ihchina.cn/art/representative.html?limit=100&p=10,2026-08-06T10:35:34+00:00,1829
inheritor_1830,韩建成,男,,IV-1,IV-1,IV-001_01_110000,昆曲,传统戏剧,北京市,北京市,3,2009,http://www.ihchina.cn/art/representative.html?limit=100&p=10,2026-08-06T10:35:34+00:00,1830
inheritor_1831,丛兆桓,男,,IV-1,IV-1,IV-001_01_110000,昆曲,传统戏剧,北京市,北京市,3,2009,http://www.ihchina.cn/art/representative.html?limit=100&p=10,2026-08-06T10:35:34+00:00,1831
inheritor_1832,雷子文,男,,IV-1,IV-1,IV-001_01_430000,昆曲,传统戏剧,湖南省,湖南省,3,2009,http://www.ihchina.cn/art/representative.html?limit=100&p=10,2026-08-06T10:35:34+00:00,1832
inheritor_1833,陈济民,男,,IV-2,IV-2,IV-002_01_350500,梨园戏,传统戏剧,福建省泉州市,福建省,3,2009,http://www.ihchina.cn/art/representative.html?limit=100&p=10,2026-08-06T10:35:34+00:00,1833
inheritor_1834,蔡娅治,女,,IV-2,IV-2,IV-002_01_350500,梨园戏,传统戏剧,福建省泉州市,福建省,3,2009,http://www.ihchina.cn/art/representative.html?limit=100&p=10,2026-08-06T10:35:34+00:00,1834
inheritor_1835,王胜利,男,,IV-2,IV-2,IV-002_01_350500,梨园戏,传统戏剧,福建省泉州市,福建省,3,2009,http://www.ihchina.cn/art/representative.html?limit=100&p=10,2026-08-06T10:35:34+00:00,1835
inheritor_1836,王少媛,女,,IV-3,IV-3,IV-003_01_350300,莆仙戏,传统戏剧,福建省莆田市,福建省,3,2009,http://www.ihchina.cn/art/representative.html?limit=100&p=10,2026-08-06T10:35:34+00:00,1836
inheritor_1837,吴陈俊,男,,IV-7,IV-7,IV-007_01_331124,高腔(松阳高腔),传统戏剧,浙江省松阳县,浙江省,3,2009,http://www.ihchina.cn/art/representative.html?limit=100&p=10,2026-08-06T10:35:34+00:00,1837
inheritor_1838,任庭芳,男,,IV-12,IV-12,IV-012_01_510000,川剧,传统戏剧,四川省,四川省,3,2009,http://www.ihchina.cn/art/representative.html?limit=100&p=10,2026-08-06T10:35:34+00:00,1838
inheritor_1839,徐寿年,男,,IV-12,IV-12,IV-012_01_510000,川剧,传统戏剧,四川省,四川省,3,2009,http://www.ihchina.cn/art/representative.html?limit=100&p=10,2026-08-06T10:35:34+00:00,1839
inheritor_1840,肖德美,男,,IV-12,IV-12,IV-012_01_510000,川剧,传统戏剧,四川省,四川省,3,2009,http://www.ihchina.cn/art/representative.html?limit=100&p=10,2026-08-06T10:35:34+00:00,1840
inheritor_1841,高凤莲,女,,IV-12,IV-12,IV-012_01_500000,川剧,传统戏剧,重庆市,重庆市,3,2009,http://www.ihchina.cn/art/representative.html?limit=100&p=10,2026-08-06T10:35:34+00:00,1841
inheritor_1842,周继培,男,,IV-12,IV-12,IV-012_01_500000,川剧,传统戏剧,重庆市,重庆市,3,2009,http://www.ihchina.cn/art/representative.html?limit=100&p=10,2026-08-06T10:35:34+00:00,1842
inheritor_1843,许倩云,女,,IV-12,IV-12,IV-012_01_500000,川剧,传统戏剧,重庆市,重庆市,3,2009,http://www.ihchina.cn/art/representative.html?limit=100&p=10,2026-08-06T10:35:34+00:00,1843
inheritor_1844,马友仙,女,,IV-16,IV-16,IV-016_01_610000,秦腔,传统戏剧,陕西省,陕西省,3,2009,http://www.ihchina.cn/art/representative.html?limit=100&p=10,2026-08-06T10:35:34+00:00,1844
inheritor_1845,贠宗翰,男,,IV-16,IV-16,IV-016_01_610000,秦腔,传统戏剧,陕西省,陕西省,3,2009,http://www.ihchina.cn/art/representative.html?limit=100&p=10,2026-08-06T10:35:34+00:00,1845
inheritor_1846,李爱琴,女,,IV-16,IV-16,IV-016_01_610000,秦腔,传统戏剧,陕西省,陕西省,3,2009,http://www.ihchina.cn/art/representative.html?limit=100&p=10,2026-08-06T10:35:34+00:00,1846
inheritor_1847,肖玉玲,女,,IV-16,IV-16,IV-016_01_610000,秦腔,传统戏剧,陕西省,陕西省,3,2009,http://www.ihchina.cn/art/representative.html?limit=100&p=10,2026-08-06T10:35:34+00:00,1847
inheritor_1848,康少易,男,,IV-16,IV-16,IV-016_01_610000,秦腔,传统戏剧,陕西省,陕西省,3,2009,http://www.ihchina.cn/art/representative.html?limit=100&p=10,2026-08-06T10:35:34+00:00,1848
inheritor_1849,吕明发,男,,IV-16,IV-16,IV-016_01_610000,秦腔,传统戏剧,陕西省,陕西省,3,2009,http://www.ihchina.cn/art/representative.html?limit=100&p=10,2026-08-06T10:35:34+00:00,1849
inheritor_1850,余巧云,女,,IV-16,IV-16,IV-016_01_610000,秦腔,传统戏剧,陕西省,陕西省,3,2009,http://www.ihchina.cn/art/representative.html?limit=100&p=10,2026-08-06T10:35:34+00:00,1850
inheritor_1851,田桂兰,女,,IV-18,IV-18,IV-018_01_140000,晋剧,传统戏剧,山西省,山西省,3,2009,http://www.ihchina.cn/art/representative.html?limit=100&p=10,2026-08-06T10:35:34+00:00,1851
inheritor_1852,程玉英,女,,IV-18,IV-18,IV-018_01_140000,晋剧,传统戏剧,山西省,山西省,3,2009,http://www.ihchina.cn/art/representative.html?limit=100&p=10,2026-08-06T10:35:34+00:00,1852
inheritor_1853,马玉楼,女,,IV-18,IV-18,IV-018_01_140000,晋剧,传统戏剧,山西省,山西省,3,2009,http://www.ihchina.cn/art/representative.html?limit=100&p=10,2026-08-06T10:35:34+00:00,1853
inheritor_1854,吴同,男,,IV-12,IV-12,IV-018_02_130700,晋剧,传统戏剧,河北省张家口市,河北省,3,2009,http://www.ihchina.cn/art/representative.html?limit=100&p=10,2026-08-06T10:35:34+00:00,1854
inheritor_1855,牛学祯,女,,IV-18,IV-18,IV-018_02_130700,晋剧,传统戏剧,河北省张家口市,河北省,3,2009,http://www.ihchina.cn/art/representative.html?limit=100&p=10,2026-08-06T10:35:34+00:00,1855
inheritor_1856,杨仲义,男,,IV-20,IV-20,IV-020_01_140900,北路梆子,传统戏剧,山西省忻州市,山西省,3,2009,http://www.ihchina.cn/art/representative.html?limit=100&p=10,2026-08-06T10:35:34+00:00,1856
inheritor_1857,成凤英,女,,IV-20,IV-20,IV-020_01_140900,北路梆子,传统戏剧,山西省忻州市,山西省,3,2009,http://www.ihchina.cn/art/representative.html?limit=100&p=10,2026-08-06T10:35:34+00:00,1857
inheritor_1858,吴国华,女,,IV-21,IV-21,IV-021_01_140500,上党梆子,传统戏剧,山西省晋城市,山西省,3,2009,http://www.ihchina.cn/art/representative.html?limit=100&p=10,2026-08-06T10:35:34+00:00,1858
inheritor_1859,张爱珍,女,,IV-21,IV-21,IV-021_01_140500,上党梆子,传统戏剧,山西省晋城市,山西省,3,2009,http://www.ihchina.cn/art/representative.html?limit=100&p=10,2026-08-06T10:35:34+00:00,1859
inheritor_1860,张保平,男,,IV-21,IV-21,IV-021_01_140500,上党梆子,传统戏剧,山西省晋城市,山西省,3,2009,http://www.ihchina.cn/art/representative.html?limit=100&p=10,2026-08-06T10:35:34+00:00,1860
inheritor_1861,张志明,男,,IV-21,IV-21,IV-021_02_140400,上党梆子,传统戏剧,山西省长治市,山西省,3,2009,http://www.ihchina.cn/art/representative.html?limit=100&p=10,2026-08-06T10:35:34+00:00,1861
inheritor_1862,田春鸟,男,,IV-22,IV-22,IV-022_01_130000,河北梆子,传统戏剧,河北省,河北省,3,2009,http://www.ihchina.cn/art/representative.html?limit=100&p=10,2026-08-06T10:35:34+00:00,1862
inheritor_1863,王冠君,男,,IV-23,IV-23,IV-023_01_410000,豫剧,传统戏剧,河南省,河南省,3,2009,http://www.ihchina.cn/art/representative.html?limit=100&p=10,2026-08-06T10:35:34+00:00,1863
inheritor_1864,冯占顺,男,,IV-23,IV-23,IV-023_01_410000,豫剧,传统戏剧,河南省,河南省,3,2009,http://www.ihchina.cn/art/representative.html?limit=100&p=10,2026-08-06T10:35:34+00:00,1864
inheritor_1865,李建海,男,,IV-24,IV-24,IV-024_01_411325,宛梆,传统戏剧,河南省内乡县,河南省,3,2009,http://www.ihchina.cn/art/representative.html?limit=100&p=10,2026-08-06T10:35:34+00:00,1865
inheritor_1866,何西良,男,,IV-26,IV-26,IV-026_02_371702,大平调,传统戏剧,山东省菏泽市牡丹区,山东省,3,2009,http://www.ihchina.cn/art/representative.html?limit=100&p=10,2026-08-06T10:35:34+00:00,1866
inheritor_1867,毛爱莲,女,,IV-27,IV-27,IV-027_02_411000,越调,传统戏剧,河南省许昌市,河南省,3,2009,http://www.ihchina.cn/art/representative.html?limit=100&p=10,2026-08-06T10:35:34+00:00,1867
inheritor_1868,冯志孝,男,,IV-28,IV-28,IV-028_01_110102,京剧,传统戏剧,中国京剧院,未知,3,2009,http://www.ihchina.cn/art/representative.html?limit=100&p=11,2026-08-06T10:35:36+00:00,1868
inheritor_1869,王晶华,女,,IV-28,IV-28,IV-028_01_110102,京剧,传统戏剧,中国京剧院,未知,3,2009,http://www.ihchina.cn/art/representative.html?limit=100&p=11,2026-08-06T10:35:36+00:00,1869
inheritor_1870,张春孝,男,,IV-28,IV-28,IV-028_01_110102,京剧,传统戏剧,中国京剧院,未知,3,2009,http://www.ihchina.cn/art/representative.html?limit=100&p=11,2026-08-06T10:35:36+00:00,1870
inheritor_1871,张学津,男,,IV-28,IV-28,IV-028_01_110000,京剧,传统戏剧,北京市,北京市,3,2009,http://www.ihchina.cn/art/representative.html?limit=100&p=11,2026-08-06T10:35:36+00:00,1871
inheritor_1872,赵葆秀,女,,IV-28,IV-28,IV-028_01_110000,京剧,传统戏剧,北京市,北京市,3,2009,http://www.ihchina.cn/art/representative.html?limit=100&p=11,2026-08-06T10:35:36+00:00,1872
inheritor_1873,邓沐玮,男,,IV-28,IV-28,IV-028_01_120000,京剧,传统戏剧,天津市,天津市,3,2009,http://www.ihchina.cn/art/representative.html?limit=100&p=11,2026-08-06T10:35:36+00:00,1873
inheritor_1874,杨乃彭,男,,IV-28,IV-28,IV-028_01_120000,京剧,传统戏剧,天津市,天津市,3,2009,http://www.ihchina.cn/art/representative.html?limit=100&p=11,2026-08-06T10:35:36+00:00,1874
inheritor_1875,艾世菊,男,,IV-28,IV-28,IV-028_01_310000,京剧,传统戏剧,上海市,上海市,3,2009,http://www.ihchina.cn/art/representative.html?limit=100&p=11,2026-08-06T10:35:36+00:00,1875
inheritor_1876,汪正华,男,,IV-28,IV-28,IV-028_01_310000,京剧,传统戏剧,上海市,上海市,3,2009,http://www.ihchina.cn/art/representative.html?limit=100&p=11,2026-08-06T10:35:36+00:00,1876
inheritor_1877,李炳淑,女,,IV-28,IV-28,IV-028_01_310000,京剧,传统戏剧,上海市,上海市,3,2009,http://www.ihchina.cn/art/representative.html?limit=100&p=11,2026-08-06T10:35:36+00:00,1877
inheritor_1878,童祥苓,男,,IV-28,IV-28,IV-028_01_310000,京剧,传统戏剧,上海市,上海市,3,2009,http://www.ihchina.cn/art/representative.html?limit=100&p=11,2026-08-06T10:35:36+00:00,1878
inheritor_1879,周少麟,男,,IV-28,IV-28,IV-028_01_310000,京剧,传统戏剧,上海市,上海市,3,2009,http://www.ihchina.cn/art/representative.html?limit=100&p=11,2026-08-06T10:35:36+00:00,1879
inheritor_1880,朱世慧,男,,IV-28,IV-28,IV-028_02_420111,京剧,传统戏剧,湖北省京剧院,湖北省,3,2009,http://www.ihchina.cn/art/representative.html?limit=100&p=11,2026-08-06T10:35:36+00:00,1880
inheritor_1881,谷化民,男,,IV-29,IV-29,IV-029_01_340000,徽剧,传统戏剧,安徽省,安徽省,3,2009,http://www.ihchina.cn/art/representative.html?limit=100&p=11,2026-08-06T10:35:36+00:00,1881
inheritor_1882,胡和颜,女,,IV-30,IV-30,IV-030_01_420100,汉剧,传统戏剧,湖北省武汉市,湖北省,3,2009,http://www.ihchina.cn/art/representative.html?limit=100&p=11,2026-08-06T10:35:36+00:00,1882
inheritor_1883,程彩萍,女,,IV-30,IV-30,IV-030_01_420100,汉剧,传统戏剧,湖北省武汉市,湖北省,3,2009,http://www.ihchina.cn/art/representative.html?limit=100&p=11,2026-08-06T10:35:36+00:00,1883
inheritor_1884,邓玉璇,女,,IV-33,IV-33,IV-033_01_350800,闽西汉剧,传统戏剧,福建省龙岩市,福建省,3,2009,http://www.ihchina.cn/art/representative.html?limit=100&p=11,2026-08-06T10:35:36+00:00,1884
inheritor_1885,刘厚云,男,,IV-35,IV-35,IV-035_02_421000,荆河戏,传统戏剧,湖北省荆州市,湖北省,3,2009,http://www.ihchina.cn/art/representative.html?limit=100&p=11,2026-08-06T10:35:36+00:00,1885
inheritor_1886,孟凡真,男,,IV-39,IV-39,IV-039_02_130533,乱弹(威县乱弹),传统戏剧,河北省威县,河北省,3,2009,http://www.ihchina.cn/art/representative.html?limit=100&p=11,2026-08-06T10:35:36+00:00,1886
inheritor_1887,安录昌,男,,IV-40,IV-40,IV-040_01_130100,石家庄丝弦,传统戏剧,河北省石家庄市,河北省,3,2009,http://www.ihchina.cn/art/representative.html?limit=100&p=11,2026-08-06T10:35:36+00:00,1887
inheritor_1888,范增,男,,IV-42,IV-42,IV-042_01_140224,灵丘罗罗腔,传统戏剧,山西省灵丘县,山西省,3,2009,http://www.ihchina.cn/art/representative.html?limit=100&p=11,2026-08-06T10:35:36+00:00,1888
inheritor_1889,李松云,女,,IV-43,IV-43,IV-043_01_370000,柳子戏,传统戏剧,山东省,山东省,3,2009,http://www.ihchina.cn/art/representative.html?limit=100&p=11,2026-08-06T10:35:36+00:00,1889
inheritor_1890,孔祥启,男,,IV-43,IV-43,IV-043_01_370000,柳子戏,传统戏剧,山东省,山东省,3,2009,http://www.ihchina.cn/art/representative.html?limit=100&p=11,2026-08-06T10:35:36+00:00,1890
inheritor_1891,冯宝泉,男,,IV-43,IV-43,IV-043_01_370000,柳子戏,传统戏剧,山东省,山东省,3,2009,http://www.ihchina.cn/art/representative.html?limit=100&p=11,2026-08-06T10:35:36+00:00,1891
inheritor_1892,宋自武,男,,IV-44,IV-44,IV-044_01_410526,大弦戏,传统戏剧,河南省滑县,河南省,3,2009,http://www.ihchina.cn/art/representative.html?limit=100&p=11,2026-08-06T10:35:36+00:00,1892
inheritor_1893,陈乃春,男,,IV-45,IV-45,IV-045_01_350100,闽剧,传统戏剧,福建省福州市,福建省,3,2009,http://www.ihchina.cn/art/representative.html?limit=100&p=11,2026-08-06T10:35:36+00:00,1893
inheritor_1894,陈新国,男,,IV-45,IV-45,IV-045_01_350100,闽剧,传统戏剧,福建省福州市,福建省,3,2009,http://www.ihchina.cn/art/representative.html?limit=100&p=11,2026-08-06T10:35:36+00:00,1894
inheritor_1895,严木田,男,,IV-47,IV-47,IV-047_01_441521,西秦戏,传统戏剧,广东省海丰县,广东省,3,2009,http://www.ihchina.cn/art/representative.html?limit=100&p=11,2026-08-06T10:35:36+00:00,1895
inheritor_1896,吕忠文,男,,IV-48,IV-48,IV-048_01_350500,高甲戏,传统戏剧,福建省泉州市,福建省,3,2009,http://www.ihchina.cn/art/representative.html?limit=100&p=11,2026-08-06T10:35:36+00:00,1896
inheritor_1897,苏燕玉,女,,IV-48,IV-48,IV-048_01_350500,高甲戏,传统戏剧,福建省泉州市,福建省,3,2009,http://www.ihchina.cn/art/representative.html?limit=100&p=11,2026-08-06T10:35:36+00:00,1897
inheritor_1898,林英梨,女,,IV-48,IV-48,IV-048_01_350200,高甲戏,传统戏剧,福建省厦门市,福建省,3,2009,http://www.ihchina.cn/art/representative.html?limit=100&p=11,2026-08-06T10:35:36+00:00,1898
inheritor_1899,刘玉芝,女,,IV-50,IV-50,IV-050_02_370828,四平调,传统戏剧,山东省金乡县,山东省,3,2009,http://www.ihchina.cn/art/representative.html?limit=100&p=11,2026-08-06T10:35:36+00:00,1899
inheritor_1900,王凤云,女,,IV-50,IV-50,IV-050_02_371723,四平调,传统戏剧,山东省成武县,山东省,3,2009,http://www.ihchina.cn/art/representative.html?limit=100&p=11,2026-08-06T10:35:36+00:00,1900
inheritor_1901,周丹,女,,IV-51,IV-51,IV-051_01_210100,评剧,传统戏剧,辽宁省沈阳市,辽宁省,3,2009,http://www.ihchina.cn/art/representative.html?limit=100&p=11,2026-08-06T10:35:36+00:00,1901
inheritor_1902,刘萍,女,,IV-51,IV-51,IV-051_02_110106,评剧,传统戏剧,北京市中国评剧院,北京市,3,2009,http://www.ihchina.cn/art/representative.html?limit=100&p=11,2026-08-06T10:35:36+00:00,1902
inheritor_1903,谷文月,女,,IV-51,IV-51,IV-051_02_110106,评剧,传统戏剧,北京市中国评剧院,北京市,3,2009,http://www.ihchina.cn/art/representative.html?limit=100&p=11,2026-08-06T10:35:36+00:00,1903
inheritor_1904,陈佩华,女,,IV-51,IV-51,IV-051_01_120115,评剧,传统戏剧,天津评剧院,天津市,3,2009,http://www.ihchina.cn/art/representative.html?limit=100&p=11,2026-08-06T10:35:36+00:00,1904
inheritor_1905,金采风,女,,IV-53,IV-53,IV-053_01_310000,越剧,传统戏剧,上海市,上海市,3,2009,http://www.ihchina.cn/art/representative.html?limit=100&p=11,2026-08-06T10:35:36+00:00,1905
inheritor_1906,吕瑞英,女,,IV-53,IV-53,IV-053_01_310000,越剧,传统戏剧,上海市,上海市,3,2009,http://www.ihchina.cn/art/representative.html?limit=100&p=11,2026-08-06T10:35:36+00:00,1906
inheritor_1907,毕春芳,女,,IV-53,IV-53,IV-053_01_310000,越剧,传统戏剧,上海市,上海市,3,2009,http://www.ihchina.cn/art/representative.html?limit=100&p=11,2026-08-06T10:35:36+00:00,1907
inheritor_1908,韩玉敏,女,,IV-54,IV-54,IV-054_01_310000,沪剧,传统戏剧,上海市,上海市,3,2009,http://www.ihchina.cn/art/representative.html?limit=100&p=11,2026-08-06T10:35:36+00:00,1908
inheritor_1909,沈仁伟,男,,IV-54,IV-54,IV-054_01_310000,沪剧,传统戏剧,上海市,上海市,3,2009,http://www.ihchina.cn/art/representative.html?limit=100&p=11,2026-08-06T10:35:36+00:00,1909
inheritor_1910,茅善玉,女,,IV-54,IV-54,IV-054_01_310000,沪剧,传统戏剧,上海市,上海市,3,2009,http://www.ihchina.cn/art/representative.html?limit=100&p=11,2026-08-06T10:35:36+00:00,1910
inheritor_1911,丁杰,男,,IV-55,IV-55,IV-055_01_320500,苏剧,传统戏剧,江苏省苏州市,江苏省,3,2009,http://www.ihchina.cn/art/representative.html?limit=100&p=11,2026-08-06T10:35:36+00:00,1911
inheritor_1912,蒋剑锋,男,,IV-56,IV-56,IV-056_02_320101,扬剧,传统戏剧,江苏省演艺集团扬剧团,江苏省,3,2009,http://www.ihchina.cn/art/representative.html?limit=100&p=11,2026-08-06T10:35:36+00:00,1912
inheritor_1913,吴蕙明,女,,IV-56,IV-56,IV-056_02_320101,扬剧,传统戏剧,江苏省演艺集团扬剧团,江苏省,3,2009,http://www.ihchina.cn/art/representative.html?limit=100&p=11,2026-08-06T10:35:36+00:00,1913
inheritor_1914,筱荣贵,女,,IV-56,IV-56,IV-056_02_321100,扬剧,传统戏剧,江苏省镇江市,江苏省,3,2009,http://www.ihchina.cn/art/representative.html?limit=100&p=11,2026-08-06T10:35:36+00:00,1914
inheritor_1915,姚恭林,男,,IV-56,IV-56,IV-056_02_321100,扬剧,传统戏剧,江苏省镇江市,江苏省,3,2009,http://www.ihchina.cn/art/representative.html?limit=100&p=11,2026-08-06T10:35:36+00:00,1915
inheritor_1916,丁玉兰,女,,IV-57,IV-57,IV-057_01_340100,庐剧,传统戏剧,安徽省合肥市,安徽省,3,2009,http://www.ihchina.cn/art/representative.html?limit=100&p=11,2026-08-06T10:35:36+00:00,1916
inheritor_1917,孙邦栋,男,,IV-57,IV-57,IV-057_01_340100,庐剧,传统戏剧,安徽省合肥市,安徽省,3,2009,http://www.ihchina.cn/art/representative.html?limit=100&p=11,2026-08-06T10:35:36+00:00,1917
inheritor_1918,张一平,女,,IV-58,IV-58,IV-058_01_420000,楚剧,传统戏剧,湖北省,湖北省,3,2009,http://www.ihchina.cn/art/representative.html?limit=100&p=11,2026-08-06T10:35:36+00:00,1918
inheritor_1919,张巧珍,女,,IV-58,IV-58,IV-058_01_420000,楚剧,传统戏剧,湖北省,湖北省,3,2009,http://www.ihchina.cn/art/representative.html?limit=100&p=11,2026-08-06T10:35:36+00:00,1919
inheritor_1920,王传玲,女,,IV-63,IV-63,IV-063_01_370481,柳琴戏,传统戏剧,山东省枣庄市,山东省,3,2009,http://www.ihchina.cn/art/representative.html?limit=100&p=11,2026-08-06T10:35:36+00:00,1920
inheritor_1921,朱树龙,男,,IV-63,IV-63,IV-063_02_320300,柳琴戏 江苏柳琴戏,传统戏剧,江苏省徐州市,江苏省,3,2009,http://www.ihchina.cn/art/representative.html?limit=100&p=11,2026-08-06T10:35:36+00:00,1921
inheritor_1922,张金兰,女,,IV-63,IV-63,IV-063_02_371300,柳琴戏,传统戏剧,山东省临沂市,山东省,3,2009,http://www.ihchina.cn/art/representative.html?limit=100&p=11,2026-08-06T10:35:36+00:00,1922
inheritor_1923,李家高,男,,IV-65,IV-65,IV-065_02_420222,采茶戏,传统戏剧,湖北省阳新县,湖北省,3,2009,http://www.ihchina.cn/art/representative.html?limit=100&p=11,2026-08-06T10:35:36+00:00,1923
inheritor_1924,高桂枝,女,,IV-68,IV-68,IV-068_01_410000,曲剧,传统戏剧,河南省,河南省,3,2009,http://www.ihchina.cn/art/representative.html?limit=100&p=11,2026-08-06T10:35:36+00:00,1924
inheritor_1925,肖德金,男,,IV-69,IV-69,IV-069_01_620982,曲子戏(敦煌曲子戏),传统戏剧,甘肃省敦煌市,甘肃省,3,2009,http://www.ihchina.cn/art/representative.html?limit=100&p=11,2026-08-06T10:35:36+00:00,1925
inheritor_1926,张福,男,,IV-70,IV-70,IV-070_01_140600,秧歌戏(朔州秧歌),传统戏剧,山西省朔州市,山西省,3,2009,http://www.ihchina.cn/art/representative.html?limit=100&p=11,2026-08-06T10:35:36+00:00,1926
inheritor_1927,张润来,男,,IV-70,IV-70,IV-070_01_140924,秧歌戏(繁峙秧歌戏),传统戏剧,山西省繁峙县,山西省,3,2009,http://www.ihchina.cn/art/representative.html?limit=100&p=11,2026-08-06T10:35:36+00:00,1927
inheritor_1928,苗根生,男,,IV-70,IV-70,IV-070_02_140727,秧歌戏(祁太秧歌),传统戏剧,山西省祁县,山西省,3,2009,http://www.ihchina.cn/art/representative.html?limit=100&p=11,2026-08-06T10:35:36+00:00,1928
inheritor_1929,白美云,女,,IV-70,IV-70,IV-070_02_140726,秧歌戏(祁太秧歌),传统戏剧,山西省太谷县,山西省,3,2009,http://www.ihchina.cn/art/representative.html?limit=100&p=11,2026-08-06T10:35:36+00:00,1929
inheritor_1930,任森奎,男,,IV-70,IV-70,IV-070_02_140429,秧歌戏(襄武秧歌),传统戏剧,山西省武乡县,山西省,3,2009,http://www.ihchina.cn/art/representative.html?limit=100&p=11,2026-08-06T10:35:36+00:00,1930
inheritor_1931,武利平,男,,IV-73,IV-73,IV-073_01_150100,二人台,传统戏剧,内蒙古自治区呼和浩特市,内蒙古自治区,3,2009,http://www.ihchina.cn/art/representative.html?limit=100&p=11,2026-08-06T10:35:36+00:00,1931
inheritor_1932,杜焕荣,女,,IV-73,IV-73,IV-073_01_140930,二人台,传统戏剧,山西省河曲县,山西省,3,2009,http://www.ihchina.cn/art/representative.html?limit=100&p=11,2026-08-06T10:35:36+00:00,1932
inheritor_1933,贾德义,男,,IV-73,IV-73,IV-073_01_140930,二人台,传统戏剧,山西省河曲县,山西省,3,2009,http://www.ihchina.cn/art/representative.html?limit=100&p=11,2026-08-06T10:35:36+00:00,1933
inheritor_1934,淡文珍,男,,IV-73,IV-73,IV-073_02_610822,二人台,传统戏剧,陕西省府谷县,陕西省,3,2009,http://www.ihchina.cn/art/representative.html?limit=100&p=11,2026-08-06T10:35:36+00:00,1934
inheritor_1935,钟石金,男,,IV-75,IV-75,IV-075_01_441621,花朝戏,传统戏剧,广东省紫金县,广东省,3,2009,http://www.ihchina.cn/art/representative.html?limit=100&p=11,2026-08-06T10:35:36+00:00,1935
inheritor_1936,孟永香,女,,IV-77,IV-77,IV-077_02_428801,灯戏,传统戏剧,湖北省恩施市,湖北省,3,2009,http://www.ihchina.cn/art/representative.html?limit=100&p=11,2026-08-06T10:35:36+00:00,1936
inheritor_1937,吴尚德,男,,IV-83,IV-83,IV-083_02_431230,侗戏,传统戏剧,湖南省通道侗族自治县,湖南省,3,2009,http://www.ihchina.cn/art/representative.html?limit=100&p=11,2026-08-06T10:35:36+00:00,1937
inheritor_1938,金星明,男,,IV-86,IV-86,IV-086_01_533100,傣剧,传统戏剧,云南省德宏傣族景颇族自治州,云南省,3,2009,http://www.ihchina.cn/art/representative.html?limit=100&p=11,2026-08-06T10:35:36+00:00,1938
inheritor_1939,李正勤,男,,IV-88,IV-88,IV-088_01_140821,锣鼓杂戏,传统戏剧,山西省临猗县,山西省,3,2009,http://www.ihchina.cn/art/representative.html?limit=100&p=11,2026-08-06T10:35:36+00:00,1939
inheritor_1940,蒋品三,男,,IV-89,IV-89,IV-089_02_422801,傩戏(恩施傩戏),传统戏剧,湖北省恩施市,湖北省,3,2009,http://www.ihchina.cn/art/representative.html?limit=100&p=11,2026-08-06T10:35:36+00:00,1940
inheritor_1941,刘佳文,男,,IV-91,IV-91,IV-091_01_130200,皮影戏(唐山皮影戏),传统戏剧,河北省唐山市,河北省,3,2009,http://www.ihchina.cn/art/representative.html?limit=100&p=11,2026-08-06T10:35:36+00:00,1941
inheritor_1942,李修山,男,,IV-91,IV-91,IV-091_01_130400,皮影戏(冀南皮影戏),传统戏剧,河北省邯郸市,河北省,3,2009,http://www.ihchina.cn/art/representative.html?limit=100&p=11,2026-08-06T10:35:36+00:00,1942
inheritor_1943,王钱松,男,,IV-91,IV-91,IV-091_01_330481,皮影戏(海宁皮影戏),传统戏剧,浙江省海宁市,浙江省,3,2009,http://www.ihchina.cn/art/representative.html?limit=100&p=11,2026-08-06T10:35:36+00:00,1943
inheritor_1944,张坤荣,男,,IV-91,IV-91,IV-091_01_330481,皮影戏(海宁皮影戏),传统戏剧,浙江省海宁市,浙江省,3,2009,http://www.ihchina.cn/art/representative.html?limit=100&p=11,2026-08-06T10:35:36+00:00,1944
inheritor_1945,沈圣标,男,,IV-91,IV-91,IV-091_01_330481,皮影戏(海宁皮影戏),传统戏剧,浙江省海宁市,浙江省,3,2009,http://www.ihchina.cn/art/representative.html?limit=100&p=11,2026-08-06T10:35:36+00:00,1945
inheritor_1946,谷宝珍,女,,IV-91,IV-91,IV-091_02_231221,皮影戏(望奎县皮影戏),传统戏剧,黑龙江省望奎县,黑龙江省,3,2009,http://www.ihchina.cn/art/representative.html?limit=100&p=11,2026-08-06T10:35:36+00:00,1946
inheritor_1947,范正安,男,,IV-91,IV-91,IV-091_02_370900,皮影戏(泰山皮影戏),传统戏剧,山东省泰安市,山东省,3,2009,http://www.ihchina.cn/art/representative.html?limit=100&p=11,2026-08-06T10:35:36+00:00,1947
inheritor_1948,李兴时,男,,IV-91,IV-91,IV-091_02_370100,皮影戏(济南皮影戏),传统戏剧,山东省济南市,山东省,3,2009,http://www.ihchina.cn/art/representative.html?limit=100&p=11,2026-08-06T10:35:36+00:00,1948
inheritor_1949,陈光辉,男,,IV-91,IV-91,IV-091_02_411521,皮影戏(罗山皮影戏),传统戏剧,河南省罗山县,河南省,3,2009,http://www.ihchina.cn/art/representative.html?limit=100&p=11,2026-08-06T10:35:36+00:00,1949
inheritor_1950,林聪鹏,男,,IV-92,IV-92,IV-092_01_350500,木偶戏(泉州提线木偶戏),传统戏剧,福建省泉州市,福建省,3,2009,http://www.ihchina.cn/art/representative.html?limit=100&p=11,2026-08-06T10:35:36+00:00,1950
inheritor_1951,王建生,男,,IV-92,IV-92,IV-092_01_350500,木偶戏(泉州提线木偶戏),传统戏剧,福建省泉州市,福建省,3,2009,http://www.ihchina.cn/art/representative.html?limit=100&p=11,2026-08-06T10:35:36+00:00,1951
inheritor_1952,颜洒容,女,,IV-92,IV-92,IV-092_01_350582,木偶戏(晋江布袋木偶戏),传统戏剧,福建省晋江市,福建省,3,2009,http://www.ihchina.cn/art/representative.html?limit=100&p=11,2026-08-06T10:35:36+00:00,1952
inheritor_1953,陈炎森,男,,IV-92,IV-92,IV-092_01_350600,木偶戏(漳州布袋木偶戏),传统戏剧,福建省漳州市,福建省,3,2009,http://www.ihchina.cn/art/representative.html?limit=100&p=11,2026-08-06T10:35:36+00:00,1953
inheritor_1954,武兴,男,,IV-92,IV-92,IV-092_02_141181,木偶戏(孝义木偶戏),传统戏剧,山西省孝义市,山西省,3,2009,http://www.ihchina.cn/art/representative.html?limit=100&p=11,2026-08-06T10:35:36+00:00,1954
inheritor_1955,殷大宁,男,,IV-92,IV-92,IV-092_02_321000,木偶戏(杖头木偶戏),传统戏剧,江苏省扬州市,江苏省,3,2009,http://www.ihchina.cn/art/representative.html?limit=100&p=11,2026-08-06T10:35:36+00:00,1955
inheritor_1956,华美霞,女,,IV-92,IV-92,IV-092_02_321000,木偶戏(杖头木偶戏),传统戏剧,江苏省扬州市,江苏省,3,2009,http://www.ihchina.cn/art/representative.html?limit=100&p=11,2026-08-06T10:35:36+00:00,1956
inheritor_1957,卓乃金,男,,IV-92,IV-92,IV-092_02_330326,木偶戏(平阳木偶戏),传统戏剧,浙江省平阳县,浙江省,3,2009,http://www.ihchina.cn/art/representative.html?limit=100&p=11,2026-08-06T10:35:36+00:00,1957
inheritor_1958,吴明月,男,,IV-92,IV-92,IV-092_02_330327,木偶戏(单档布袋戏),传统戏剧,浙江省苍南县,浙江省,3,2009,http://www.ihchina.cn/art/representative.html?limit=100&p=11,2026-08-06T10:35:36+00:00,1958
inheritor_1959,王贯英,女,,IV-93,IV-93,IV-093_02_130600,老调(保定老调),传统戏剧,河北省保定市,河北省,3,2009,http://www.ihchina.cn/art/representative.html?limit=100&p=11,2026-08-06T10:35:36+00:00,1959
inheritor_1960,辛秋花,女,,IV-93,IV-93,IV-093_02_130600,老调(保定老调),传统戏剧,河北省保定市,河北省,3,2009,http://www.ihchina.cn/art/representative.html?limit=100&p=11,2026-08-06T10:35:36+00:00,1960
inheritor_1961,庞小保,男,,IV-95,IV-95,IV-095_02_130481,赛戏,传统戏剧,河北省武安市,河北省,3,2009,http://www.ihchina.cn/art/representative.html?limit=100&p=11,2026-08-06T10:35:36+00:00,1961
inheritor_1962,张海臣,男,,IV-96,IV-96,IV-096_02_130429,永年西调,传统戏剧,河北省永年县,河北省,3,2009,http://www.ihchina.cn/art/representative.html?limit=100&p=11,2026-08-06T10:35:36+00:00,1962
inheritor_1963,朱月梅,女,,IV-97,IV-97,IV-097_02_341300,坠子戏,传统戏剧,安徽省宿州市,安徽省,3,2009,http://www.ihchina.cn/art/representative.html?limit=100&p=11,2026-08-06T10:35:36+00:00,1963
inheritor_1964,李仙宝,男,,IV-98,IV-98,IV-098_02_140426,上党落子,传统戏剧,山西省黎城县,山西省,3,2009,http://www.ihchina.cn/art/representative.html?limit=100&p=11,2026-08-06T10:35:36+00:00,1964
inheritor_1965,李英杰,男,,IV-99,IV-99,IV-099_02_140800,眉户(运城眉户),传统戏剧,山西省运城市,山西省,3,2009,http://www.ihchina.cn/art/representative.html?limit=100&p=11,2026-08-06T10:35:36+00:00,1965
inheritor_1966,赵有年,男,,IV-100,IV-100,IV-100_02_210300,海城喇叭戏,传统戏剧,辽宁省鞍山市,辽宁省,3,2009,http://www.ihchina.cn/art/representative.html?limit=100&p=11,2026-08-06T10:35:36+00:00,1966
inheritor_1967,赵贵君,男,,IV-101,IV-101,IV-101_02_220122,黄龙戏,传统戏剧,吉林省农安县,吉林省,3,2009,http://www.ihchina.cn/art/representative.html?limit=100&p=11,2026-08-06T10:35:36+00:00,1967
inheritor_1968,筱文艳,女,,IV-102,IV-102,IV-102_02_310101,淮剧,传统戏剧,上海淮剧团,上海市,3,2009,http://www.ihchina.cn/art/representative.html?limit=100&p=12,2026-08-06T10:35:38+00:00,1968
inheritor_1969,马秀英,女,,IV-102,IV-102,IV-102_02_310101,淮剧,传统戏剧,上海淮剧团,上海市,3,2009,http://www.ihchina.cn/art/representative.html?limit=100&p=12,2026-08-06T10:35:38+00:00,1969
inheritor_1970,张云良,男,,IV-102,IV-102,IV-102_02_320900,淮剧,传统戏剧,江苏省盐城市,江苏省,3,2009,http://www.ihchina.cn/art/representative.html?limit=100&p=12,2026-08-06T10:35:38+00:00,1970
inheritor_1971,裔小萍,女,,IV-102,IV-102,IV-102_02_320900,淮剧,传统戏剧,江苏省盐城市,江苏省,3,2009,http://www.ihchina.cn/art/representative.html?limit=100&p=12,2026-08-06T10:35:38+00:00,1971
inheritor_1972,倪同芳,女,,IV-103,IV-103,IV-103_02_320101,锡剧,传统戏剧,江苏省演艺集团锡剧团,江苏省,3,2009,http://www.ihchina.cn/art/representative.html?limit=100&p=12,2026-08-06T10:35:38+00:00,1972
inheritor_1973,王兰英,女,,IV-103,IV-103,IV-103_02_320101,锡剧,传统戏剧,江苏省演艺集团锡剧团,江苏省,3,2009,http://www.ihchina.cn/art/representative.html?limit=100&p=12,2026-08-06T10:35:38+00:00,1973
inheritor_1974,沈佩华,女,,IV-103,IV-103,IV-103_02_320101,锡剧,传统戏剧,江苏省演艺集团锡剧团,江苏省,3,2009,http://www.ihchina.cn/art/representative.html?limit=100&p=12,2026-08-06T10:35:38+00:00,1974
inheritor_1975,姚澄,女,,IV-103,IV-103,IV-103_02_320101,锡剧,传统戏剧,江苏省演艺集团锡剧团,江苏省,3,2009,http://www.ihchina.cn/art/representative.html?limit=100&p=12,2026-08-06T10:35:38+00:00,1975
inheritor_1976,吴雅童,男,,IV-103,IV-103,IV-103_02_320400,锡剧,传统戏剧,江苏省常州市,江苏省,3,2009,http://www.ihchina.cn/art/representative.html?limit=100&p=12,2026-08-06T10:35:38+00:00,1976
inheritor_1977,杨秀英,女,,IV-104,IV-104,IV-104_02_320800,淮海戏,传统戏剧,江苏省淮安市,江苏省,3,2009,http://www.ihchina.cn/art/representative.html?limit=100&p=12,2026-08-06T10:35:38+00:00,1977
inheritor_1978,胡夕平,男,,IV-105,IV-105,IV-105_02_320612,童子戏,传统戏剧,江苏省通州市,江苏省,3,2009,http://www.ihchina.cn/art/representative.html?limit=100&p=12,2026-08-06T10:35:38+00:00,1978
inheritor_1979,陈茶花,女,,IV-106,IV-106,IV-106_02_330300,瓯剧,传统戏剧,浙江省温州市,浙江省,3,2009,http://www.ihchina.cn/art/representative.html?limit=100&p=12,2026-08-06T10:35:38+00:00,1979
inheritor_1980,李子敏,男,,IV-106,IV-106,IV-106_02_330300,瓯剧,传统戏剧,浙江省温州市,浙江省,3,2009,http://www.ihchina.cn/art/representative.html?limit=100&p=12,2026-08-06T10:35:38+00:00,1980
inheritor_1981,沈守良,男,,IV-108,IV-108,IV-108_02_330281,姚剧,传统戏剧,浙江省余姚市,浙江省,3,2009,http://www.ihchina.cn/art/representative.html?limit=100&p=12,2026-08-06T10:35:38+00:00,1981
inheritor_1982,葛素云,女,,IV-110,IV-110,IV-110_02_330700,婺剧,传统戏剧,浙江省金华市,浙江省,3,2009,http://www.ihchina.cn/art/representative.html?limit=100&p=12,2026-08-06T10:35:38+00:00,1982
inheritor_1983,郑兰香,女,,IV-110,IV-110,IV-110_02_330700,婺剧,传统戏剧,浙江省金华市,浙江省,3,2009,http://www.ihchina.cn/art/representative.html?limit=100&p=12,2026-08-06T10:35:38+00:00,1983
inheritor_1984,姜志谦,男,,IV-110,IV-110,IV-110_02_330881,婺剧,传统戏剧,浙江省江山市,浙江省,3,2009,http://www.ihchina.cn/art/representative.html?limit=100&p=12,2026-08-06T10:35:38+00:00,1984
inheritor_1985,吕金玲,女,,IV-112,IV-112,IV-112_02_341300,花鼓戏,传统戏剧,安徽省宿州市,安徽省,3,2009,http://www.ihchina.cn/art/representative.html?limit=100&p=12,2026-08-06T10:35:38+00:00,1985
inheritor_1986,周钦全,男,,IV-112,IV-112,IV-112_02_340600,花鼓戏,传统戏剧,安徽省淮北市,安徽省,3,2009,http://www.ihchina.cn/art/representative.html?limit=100&p=12,2026-08-06T10:35:38+00:00,1986
inheritor_1987,迟秀云,女,,IV-112,IV-112,IV-112_02_341800,花鼓戏,传统戏剧,安徽省宣城市,安徽省,3,2009,http://www.ihchina.cn/art/representative.html?limit=100&p=12,2026-08-06T10:35:38+00:00,1987
inheritor_1988,杨玉屏,女,,IV-112,IV-112,IV-112_02_341800,花鼓戏,传统戏剧,安徽省宣城市,安徽省,3,2009,http://www.ihchina.cn/art/representative.html?limit=100&p=12,2026-08-06T10:35:38+00:00,1988
inheritor_1989,杨建娥,女,,IV-112,IV-112,IV-112_02_430700,花鼓戏,传统戏剧,湖南省常德市,湖南省,3,2009,http://www.ihchina.cn/art/representative.html?limit=100&p=12,2026-08-06T10:35:38+00:00,1989
inheritor_1990,田爱云,女,,IV-113,IV-113,IV-113_02_410200,二夹弦,传统戏剧,河南省开封市,河南省,3,2009,http://www.ihchina.cn/art/representative.html?limit=100&p=12,2026-08-06T10:35:38+00:00,1990
inheritor_1991,李京华,女,,IV-113,IV-113,IV-113_02_371727,二夹弦,传统戏剧,山东省定陶县,山东省,3,2009,http://www.ihchina.cn/art/representative.html?limit=100&p=12,2026-08-06T10:35:38+00:00,1991
inheritor_1992,宋瑞桃,女,,IV-113,IV-113,IV-113_02_371727,二夹弦,传统戏剧,山东省定陶县,山东省,3,2009,http://www.ihchina.cn/art/representative.html?limit=100&p=12,2026-08-06T10:35:38+00:00,1992
inheritor_1993,吴天乙,男,,IV-114,IV-114,IV-114_02_350500,打城戏 泉州打城戏,传统戏剧,福建省泉州市,福建省,3,2009,http://www.ihchina.cn/art/representative.html?limit=100&p=12,2026-08-06T10:35:38+00:00,1993
inheritor_1994,张贤读,男,,IV-115,IV-115,IV-115_02_350923,屏南平讲戏,传统戏剧,福建省屏南县,福建省,3,2009,http://www.ihchina.cn/art/representative.html?limit=100&p=12,2026-08-06T10:35:38+00:00,1994
inheritor_1995,郎咸芬,女,,IV-116,IV-116,IV-116_02_370112,吕剧,传统戏剧,山东省吕剧院,山东省,3,2009,http://www.ihchina.cn/art/representative.html?limit=100&p=12,2026-08-06T10:35:38+00:00,1995
inheritor_1996,李岱江,男,,IV-116,IV-116,IV-116_02_370112,吕剧,传统戏剧,山东省吕剧院,山东省,3,2009,http://www.ihchina.cn/art/representative.html?limit=100&p=12,2026-08-06T10:35:38+00:00,1996
inheritor_1997,李渔,男,,IV-116,IV-116,IV-116_02_370112,吕剧,传统戏剧,山东省吕剧院,山东省,3,2009,http://www.ihchina.cn/art/representative.html?limit=100&p=12,2026-08-06T10:35:38+00:00,1997
inheritor_1998,林建华,女,,IV-116,IV-116,IV-116_02_370112,吕剧,传统戏剧,山东省吕剧院,山东省,3,2009,http://www.ihchina.cn/art/representative.html?limit=100&p=12,2026-08-06T10:35:38+00:00,1998
inheritor_1999,刘桂松,女,,IV-118,IV-118,IV-118_02_371700,山东梆子,传统戏剧,山东省菏泽市,山东省,3,2009,http://www.ihchina.cn/art/representative.html?limit=100&p=12,2026-08-06T10:35:38+00:00,1999
inheritor_2000,郝瑞芝,女,,IV-118,IV-118,IV-118_02_371700,山东梆子,传统戏剧,山东省泰安市,山东省,3,2009,http://www.ihchina.cn/art/representative.html?limit=100&p=12,2026-08-06T10:35:38+00:00,2000
inheritor_2001,开瑞宝,男,,IV-118,IV-118,IV-118_02_370829,山东梆子,传统戏剧,山东省嘉祥县,山东省,3,2009,http://www.ihchina.cn/art/representative.html?limit=100&p=12,2026-08-06T10:35:38+00:00,2001
inheritor_2002,房灵合,男,,IV-120,IV-120,IV-120_02_371700,枣梆,传统戏剧,山东省菏泽市,山东省,3,2009,http://www.ihchina.cn/art/representative.html?limit=100&p=12,2026-08-06T10:35:38+00:00,2002
inheritor_2003,张文英,女,,IV-120,IV-120,IV-120_02_371700,枣梆,传统戏剧,山东省菏泽市,山东省,3,2009,http://www.ihchina.cn/art/representative.html?limit=100&p=12,2026-08-06T10:35:38+00:00,2003
inheritor_2004,蒋云霞,女,,IV-121,IV-121,IV-121_02_320300,徐州梆子,传统戏剧,江苏省徐州市,江苏省,3,2009,http://www.ihchina.cn/art/representative.html?limit=100&p=12,2026-08-06T10:35:38+00:00,2004
inheritor_2005,曾金贵,男,,IV-127,IV-127,IV-127_02_430100,湘剧,传统戏剧,湖南省长沙市,湖南省,3,2009,http://www.ihchina.cn/art/representative.html?limit=100&p=12,2026-08-06T10:35:38+00:00,2005
inheritor_2006,曹汝龙,男,,IV-127,IV-127,IV-127_02_430100,湘剧,传统戏剧,湖南省长沙市,湖南省,3,2009,http://www.ihchina.cn/art/representative.html?limit=100&p=12,2026-08-06T10:35:38+00:00,2006
inheritor_2007,谢忠义,男,,IV-127,IV-127,IV-127_02_430021,湘剧,传统戏剧,湖南省桂阳县,湖南省,3,2009,http://www.ihchina.cn/art/representative.html?limit=100&p=12,2026-08-06T10:35:38+00:00,2007
inheritor_2008,刘登雄,男,,IV-128,IV-128,IV-128_02_430502,祁剧,传统戏剧,湖南省祁剧院,湖南省,3,2009,http://www.ihchina.cn/art/representative.html?limit=100&p=12,2026-08-06T10:35:38+00:00,2008
inheritor_2009,梁素珍,女,,IV-129,IV-129,IV-129_02_441400,广东汉剧,传统戏剧,广东汉剧院,广东省,3,2009,http://www.ihchina.cn/art/representative.html?limit=100&p=12,2026-08-06T10:35:38+00:00,2009
inheritor_2010,王英蓉,女,,IV-130,IV-130,IV-130_02_460108,琼剧,传统戏剧,海南省琼剧院,海南省,3,2009,http://www.ihchina.cn/art/representative.html?limit=100&p=12,2026-08-06T10:35:38+00:00,2010
inheritor_2011,陈育明,男,,IV-130,IV-130,IV-130_02_460100,琼剧,传统戏剧,海南省海口市,海南省,3,2009,http://www.ihchina.cn/art/representative.html?limit=100&p=12,2026-08-06T10:35:38+00:00,2011
inheritor_2012,党中信,男,,IV-133,IV-133,IV-133_02_610524,合阳跳戏,传统戏剧,陕西省合阳县,陕西省,3,2009,http://www.ihchina.cn/art/representative.html?limit=100&p=12,2026-08-06T10:35:38+00:00,2012
inheritor_2013,尹维新,男,,IV-134,IV-134,IV-134_02_621200,武都高山戏,传统戏剧,甘肃省陇南市,甘肃省,3,2009,http://www.ihchina.cn/art/representative.html?limit=100&p=12,2026-08-06T10:35:38+00:00,2013
inheritor_2014,李家显,男,,IV-135,IV-135,IV-135_02_530522,佤族清戏,传统戏剧,云南省腾冲县,云南省,3,2009,http://www.ihchina.cn/art/representative.html?limit=100&p=12,2026-08-06T10:35:38+00:00,2014
inheritor_2015,李茂荣,男,,IV-136,IV-136,IV-136_02_532326,彝剧,传统戏剧,云南省大姚县,云南省,3,2009,http://www.ihchina.cn/art/representative.html?limit=100&p=12,2026-08-06T10:35:38+00:00,2015
inheritor_2016,洪琪,女,,IV-138,IV-138,IV-138_02_450100,邕剧,传统戏剧,广西壮族自治区南宁市,广西壮族自治区,3,2009,http://www.ihchina.cn/art/representative.html?limit=100&p=12,2026-08-06T10:35:38+00:00,2016
inheritor_2367,王月香,女,,V-1,V-1,V-001_01_320500a,苏州评弹(苏州评话、苏州弹词),曲艺,江苏省苏州市,江苏省,3,2009,http://www.ihchina.cn/art/representative.html?limit=100&p=12,2026-08-06T10:35:38+00:00,2367
inheritor_2368,邢晏春,男,,V-2,V-2,V-001_01_320500a,苏州评弹(苏州评话、苏州弹词),曲艺,江苏省苏州市,江苏省,3,2009,http://www.ihchina.cn/art/representative.html?limit=100&p=12,2026-08-06T10:35:38+00:00,2368
inheritor_2369,张国良,男,,V-1,V-1,V-001_01_320500a,苏州评弹(苏州评话、苏州弹词),曲艺,江苏省苏州市,江苏省,3,2009,http://www.ihchina.cn/art/representative.html?limit=100&p=12,2026-08-06T10:35:38+00:00,2369
inheritor_2370,金声伯,男,,V-1,V-1,V-001_01_320500a,苏州评弹(苏州评话、苏州弹词),曲艺,江苏省苏州市,江苏省,3,2009,http://www.ihchina.cn/art/representative.html?limit=100&p=12,2026-08-06T10:35:38+00:00,2370
inheritor_2371,杨乃珍,女,,V-1,V-1,V-001_01_320500a,苏州评弹(苏州评话、苏州弹词),曲艺,江苏省苏州市,江苏省,3,2009,http://www.ihchina.cn/art/representative.html?limit=100&p=12,2026-08-06T10:35:38+00:00,2371
inheritor_2372,陈希安,男,,V-1,V-1,V-001_02_310000,苏州评弹(苏州评话、苏州弹词),曲艺,上海市书场工作者协会,上海市,3,2009,http://www.ihchina.cn/art/representative.html?limit=100&p=12,2026-08-06T10:35:38+00:00,2372
inheritor_2373,余红仙,女,,V-1,V-1,V-001_02_310000,苏州评弹(苏州评话、苏州弹词),曲艺,上海市书场工作者协会,上海市,3,2009,http://www.ihchina.cn/art/representative.html?limit=100&p=12,2026-08-06T10:35:38+00:00,2373
inheritor_2374,惠兆龙,男,,V-2,V-2,V-002_01_321000,扬州评话,曲艺,江苏省扬州市,江苏省,3,2009,http://www.ihchina.cn/art/representative.html?limit=100&p=12,2026-08-06T10:35:38+00:00,2374
inheritor_2375,王立岩,女,,V-8,V-8,V-008_01_130225,乐亭大鼓,曲艺,河北省乐亭县,河北省,3,2009,http://www.ihchina.cn/art/representative.html?limit=100&p=12,2026-08-06T10:35:38+00:00,2375
inheritor_2376,董湘昆,男,,V-10,V-10,V-010_01_120115,京东大鼓,曲艺,天津市宝坻区,天津市,3,2009,http://www.ihchina.cn/art/representative.html?limit=100&p=12,2026-08-06T10:35:38+00:00,2376
inheritor_2377,梁金华,女,,V-11,V-11,V-011_02_370200,胶东大鼓,曲艺,山东省青岛市,山东省,3,2009,http://www.ihchina.cn/art/representative.html?limit=100&p=12,2026-08-06T10:35:38+00:00,2377
inheritor_2378,宋小青,女,,V-18,V-18,V-018_02_330600,摊簧(绍兴摊簧),曲艺,浙江省绍兴市,浙江省,3,2009,http://www.ihchina.cn/art/representative.html?limit=100&p=12,2026-08-06T10:35:38+00:00,2378
inheritor_2379,宋爱华,女,,V-20,V-20,V-020_01_410000,河南坠子,曲艺,河南省,河南省,3,2009,http://www.ihchina.cn/art/representative.html?limit=100&p=12,2026-08-06T10:35:38+00:00,2379
inheritor_2380,魏世发,男,,V-24,V-24,V-024_01_620100,兰州鼓子,曲艺,甘肃省兰州市,甘肃省,3,2009,http://www.ihchina.cn/art/representative.html?limit=100&p=12,2026-08-06T10:35:38+00:00,2380
inheritor_2381,玉光,女,,V-44,V-44,V-044_01_532800,傣族章哈,曲艺,云南省西双版纳傣族自治州,云南省,3,2009,http://www.ihchina.cn/art/representative.html?limit=100&p=12,2026-08-06T10:35:38+00:00,2381
inheritor_2382,康朗屯,男,,V-44,V-44,V-044_01_532800,傣族章哈,曲艺,云南省西双版纳傣族自治州,云南省,3,2009,http://www.ihchina.cn/art/representative.html?limit=100&p=12,2026-08-06T10:35:38+00:00,2382
inheritor_2383,布比玛丽·贾合甫拜,女,,V-45,V-45,V-045_01_654000,哈萨克族阿依特斯,曲艺,新疆维吾尔自治区伊犁哈萨克自治州,新疆维吾尔自治区,3,2009,http://www.ihchina.cn/art/representative.html?limit=100&p=12,2026-08-06T10:35:38+00:00,2383
inheritor_2384,常宝霆,男,,V-47,V-47,V-047_02_120000,相声,曲艺,天津市,天津市,3,2009,http://www.ihchina.cn/art/representative.html?limit=100&p=12,2026-08-06T10:35:38+00:00,2384
inheritor_2385,李仁珍,女,,V-50,V-50,V-050_02_321000,扬州弹词,曲艺,江苏省扬州市,江苏省,3,2009,http://www.ihchina.cn/art/representative.html?limit=100&p=12,2026-08-06T10:35:38+00:00,2385
inheritor_2386,彭延坤,男,,V-51,V-51,V-051_02_430100,长沙弹词,曲艺,湖南省长沙市,湖南省,3,2009,http://www.ihchina.cn/art/representative.html?limit=100&p=12,2026-08-06T10:35:38+00:00,2386
inheritor_2387,胡正华,男,,V-52,V-52,V-052_02_330100,杭州评词,曲艺,浙江省杭州市,浙江省,3,2009,http://www.ihchina.cn/art/representative.html?limit=100&p=12,2026-08-06T10:35:38+00:00,2387
inheritor_2388,李自新,男,,V-53,V-53,V-053_02_330100,杭州评话,曲艺,浙江省杭州市,浙江省,3,2009,http://www.ihchina.cn/art/representative.html?limit=100&p=12,2026-08-06T10:35:38+00:00,2388
inheritor_2389,连丽如,女,,V-57,V-57,V-057_02_110102,北京评书,曲艺,北京市宣武区,北京市,3,2009,http://www.ihchina.cn/art/representative.html?limit=100&p=12,2026-08-06T10:35:38+00:00,2389
inheritor_2390,单田芳,男,,V-57,V-57,V-057_02_210300,北京评书,曲艺,辽宁省鞍山市,辽宁省,3,2009,http://www.ihchina.cn/art/representative.html?limit=100&p=12,2026-08-06T10:35:38+00:00,2390
inheritor_2391,刘兰芳,女,,V-57,V-57,V-057_02_210300,北京评书,曲艺,辽宁省鞍山市,辽宁省,3,2009,http://www.ihchina.cn/art/representative.html?limit=100&p=12,2026-08-06T10:35:38+00:00,2391
inheritor_2392,田连元,男,,V-57,V-57,V-057_02_210500,北京评书,曲艺,辽宁省本溪市,辽宁省,3,2009,http://www.ihchina.cn/art/representative.html?limit=100&p=12,2026-08-06T10:35:38+00:00,2392
inheritor_2393,何祚欢,男,,V-58,V-58,V-058_02_420100,湖北评书,曲艺,湖北省武汉市,湖北省,3,2009,http://www.ihchina.cn/art/representative.html?limit=100&p=12,2026-08-06T10:35:38+00:00,2393
inheritor_2394,张明智,男,,V-61,V-61,V-061_02_420100,湖北大鼓,曲艺,湖北省武汉市,湖北省,3,2009,http://www.ihchina.cn/art/representative.html?limit=100&p=12,2026-08-06T10:35:38+00:00,2394
inheritor_2395,王俊川,男,,V-62,V-62,V-062_02_140423,襄垣鼓书,曲艺,山西省襄垣县,山西省,3,2009,http://www.ihchina.cn/art/representative.html?limit=100&p=12,2026-08-06T10:35:38+00:00,2395
inheritor_2396,栗四文,男,,V-64,V-64,V-064_02_140430,三弦书(沁州三弦书),曲艺,山西省沁县,山西省,3,2009,http://www.ihchina.cn/art/representative.html?limit=100&p=12,2026-08-06T10:35:38+00:00,2396
inheritor_2397,雷恩久,男,,V-64,V-64,V-064_02_411300,三弦书(南阳三弦书),曲艺,河南省南阳市,河南省,3,2009,http://www.ihchina.cn/art/representative.html?limit=100&p=12,2026-08-06T10:35:38+00:00,2397
inheritor_2398,徐文珠,女,,V-66,V-66,V-066_02_330482,平湖钹子书,曲艺,浙江省平湖市,浙江省,3,2009,http://www.ihchina.cn/art/representative.html?limit=100&p=12,2026-08-06T10:35:38+00:00,2398
inheritor_2399,杨华生,男,,V-68,V-68,V-068_02_310101,独脚戏,曲艺,上海市黄浦区,上海市,3,2009,http://www.ihchina.cn/art/representative.html?limit=100&p=12,2026-08-06T10:35:38+00:00,2399
inheritor_2400,王汝刚,男,,V-68,V-68,V-068_02_310101,独脚戏,曲艺,上海市黄浦区,上海市,3,2009,http://www.ihchina.cn/art/representative.html?limit=100&p=12,2026-08-06T10:35:38+00:00,2400
inheritor_2401,刘树根,男,,V-68,V-68,V-068_02_330100,独脚戏,曲艺,浙江省杭州市,浙江省,3,2009,http://www.ihchina.cn/art/representative.html?limit=100&p=12,2026-08-06T10:35:38+00:00,2401
inheritor_2402,魏云彩,男,,V-73,V-73,V-073_02_320300,徐州琴书,曲艺,江苏省徐州市,江苏省,3,2009,http://www.ihchina.cn/art/representative.html?limit=100&p=12,2026-08-06T10:35:38+00:00,2402
inheritor_2403,徐述,女,,V-75,V-75,V-075_02_510105,四川扬琴,曲艺,四川省曲艺团,四川省,3,2009,http://www.ihchina.cn/art/representative.html?limit=100&p=12,2026-08-06T10:35:38+00:00,2403
inheritor_2404,刘时燕,女,,V-75,V-75,V-075_02_510105,四川扬琴,曲艺,四川省曲艺团,四川省,3,2009,http://www.ihchina.cn/art/representative.html?limit=100&p=12,2026-08-06T10:35:38+00:00,2404
inheritor_2405,华国秀,女,,V-76,V-76,V-076_02_500101,四川竹琴,曲艺,重庆市三峡曲艺团,重庆市,3,2009,http://www.ihchina.cn/art/representative.html?limit=100&p=12,2026-08-06T10:35:38+00:00,2405
inheritor_2406,程永玲,女,,V-77,V-77,V-077_02_510106,四川清音,曲艺,四川省成都艺术剧院,四川省,3,2009,http://www.ihchina.cn/art/representative.html?limit=100&p=12,2026-08-06T10:35:38+00:00,2406
inheritor_2407,肖顺瑜,女,,V-77,V-77,V-077_02_510106,四川清音,曲艺,四川省成都艺术剧院,四川省,3,2009,http://www.ihchina.cn/art/representative.html?limit=100&p=12,2026-08-06T10:35:38+00:00,2407
inheritor_2408,朱顺根,男,,V-78,V-78,V-078_02_330700,金华道情,曲艺,浙江省金华市,浙江省,3,2009,http://www.ihchina.cn/art/representative.html?limit=100&p=12,2026-08-06T10:35:38+00:00,2408
inheritor_2409,叶英盛,男,,V-78,V-78,V-078_02_330782,金华道情,曲艺,浙江省义乌市,浙江省,3,2009,http://www.ihchina.cn/art/representative.html?limit=100&p=12,2026-08-06T10:35:38+00:00,2409
inheritor_2410,何云根,男,,V-83,V-83,V-083_02_330621,绍兴宣卷,曲艺,浙江省绍兴县,浙江省,3,2009,http://www.ihchina.cn/art/representative.html?limit=100&p=12,2026-08-06T10:35:38+00:00,2410
inheritor_2411,戴春兰,女,,V-84,V-84,V-084_02_330302,温州莲花,曲艺,浙江省温州市鹿城区,浙江省,3,2009,http://www.ihchina.cn/art/representative.html?limit=100&p=12,2026-08-06T10:35:38+00:00,2411
inheritor_2412,谭柏树,男,,V-88,V-88,V-088_02_500103,车灯,曲艺,重庆市曲艺团,重庆市,3,2009,http://www.ihchina.cn/art/representative.html?limit=100&p=12,2026-08-06T10:35:38+00:00,2412
inheritor_2413,黄吉森,男,,V-88,V-88,V-088_02_500103,车灯,曲艺,重庆市曲艺团,重庆市,3,2009,http://www.ihchina.cn/art/representative.html?limit=100&p=12,2026-08-06T10:35:38+00:00,2413
inheritor_2414,邹忠新,男,,V-91,V-91,V-091_02_510100,金钱板,曲艺,四川省成都市,四川省,3,2009,http://www.ihchina.cn/art/representative.html?limit=100&p=12,2026-08-06T10:35:38+00:00,2414
inheritor_2415,张徐,男,,V-91,V-91,V-091_02_510100,金钱板,曲艺,四川省成都市,四川省,3,2009,http://www.ihchina.cn/art/representative.html?limit=100&p=12,2026-08-06T10:35:38+00:00,2415
inheritor_2416,刘钧,男,,V-92,V-92,V-092_02_630100,青海平弦,曲艺,青海省西宁市,青海省,3,2009,http://www.ihchina.cn/art/representative.html?limit=100&p=12,2026-08-06T10:35:38+00:00,2416
inheritor_2417,李得顺,男,,V-93,V-93,V-093_02_630100,青海越弦,曲艺,青海省西宁市,青海省,3,2009,http://www.ihchina.cn/art/representative.html?limit=100&p=12,2026-08-06T10:35:38+00:00,2417
inheritor_2523,陈新发,男,,VI-6,VI-6,VI-006_01_350900,宁德霍童线狮,传统体育、游艺与杂技,福建省宁德市,福建省,3,2009,http://www.ihchina.cn/art/representative.html?limit=100&p=13,2026-08-06T10:35:40+00:00,2523
inheritor_2524,胡金超,男,,VI-6,VI-6,VI-006_02_330784,线狮(九狮图),传统体育、游艺与杂技,浙江省永康市,浙江省,3,2009,http://www.ihchina.cn/art/representative.html?limit=100&p=13,2026-08-06T10:35:40+00:00,2524
inheritor_2526,陈敬宇,男,,VI-10,VI-10,VI-010_02_130900b,沧沧州武术(燕青拳),传统体育、游艺与杂技,河北省沧州市,河北省,3,2009,http://www.ihchina.cn/art/representative.html?limit=100&p=13,2026-08-06T10:35:40+00:00,2526
inheritor_2527,吴连枝,男,,VI-10,VI-10,VI-010_02_130900c,沧州武术(孟村八极拳),传统体育、游艺与杂技,河北省沧州市,河北省,3,2009,http://www.ihchina.cn/art/representative.html?limit=100&p=13,2026-08-06T10:35:40+00:00,2527
inheritor_2528,杨振国,男,,VI-11,VI-11,VI-011_01_130429,太极拳(杨氏太极拳),传统体育、游艺与杂技,河北省永年县,河北省,3,2009,http://www.ihchina.cn/art/representative.html?limit=100&p=13,2026-08-06T10:35:40+00:00,2528
inheritor_2530,陈正雷,男,,VI-11,VI-11,VI-011_01_410800,太极拳(陈氏太极拳),传统体育、游艺与杂技,河南省焦作市,河南省,3,2009,http://www.ihchina.cn/art/representative.html?limit=100&p=13,2026-08-06T10:35:40+00:00,2530
inheritor_2531,任文柱,男,,VI-25,VI-25,VI-025_02_131000,八卦掌,传统体育、游艺与杂技,河北省廊坊市,河北省,3,2009,http://www.ihchina.cn/art/representative.html?limit=100&p=13,2026-08-06T10:35:40+00:00,2531
inheritor_2532,陈正耀,男,,VI-27,VI-27,VI-027_02_130638,鹰爪翻子拳,传统体育、游艺与杂技,河北省雄县,河北省,3,2009,http://www.ihchina.cn/art/representative.html?limit=100&p=13,2026-08-06T10:35:40+00:00,2532
inheritor_2533,马德行,男,,VI-28,VI-28,VI-028_02_410822,八极拳(月山八极拳),传统体育、游艺与杂技,河南省博爱县,河南省,3,2009,http://www.ihchina.cn/art/representative.html?limit=100&p=13,2026-08-06T10:35:40+00:00,2533
inheritor_2534,梁晓峰,男,,VI-29,VI-29,VI-029_02_140700,心意拳,传统体育、游艺与杂技,山西省晋中市,山西省,3,2009,http://www.ihchina.cn/art/representative.html?limit=100&p=13,2026-08-06T10:35:40+00:00,2534
inheritor_2535,买西山,男,,VI-30,VI-30,VI-030_02_411600,心意六合拳,传统体育、游艺与杂技,河南省周口市,河南省,3,2009,http://www.ihchina.cn/art/representative.html?limit=100&p=13,2026-08-06T10:35:40+00:00,2535
inheritor_2536,吕延芝,女,,VI-30,VI-30,VI-030_02_411600,心意六合拳,传统体育、游艺与杂技,河南省周口市,河南省,3,2009,http://www.ihchina.cn/art/representative.html?limit=100&p=13,2026-08-06T10:35:40+00:00,2536
inheritor_2537,苌红军,男,,VI-34,VI-34,VI-034_02_410182,苌家拳,传统体育、游艺与杂技,河南省荥阳市,河南省,3,2009,http://www.ihchina.cn/art/representative.html?limit=100&p=13,2026-08-06T10:35:40+00:00,2537
inheritor_2538,热合曼库力·尕夏,男,,VI-37,VI-37,VI-037_02_653131,马球(塔吉克族马球),传统体育、游艺与杂技,新疆维吾尔自治区塔什库尔干塔吉克自治县,新疆维吾尔自治区,3,2009,http://www.ihchina.cn/art/representative.html?limit=100&p=13,2026-08-06T10:35:40+00:00,2538
inheritor_2539,哈森其其格,女,,VI-40,VI-40,VI-040_02_150724,鄂温克抢枢,传统体育、游艺与杂技,内蒙古自治区鄂温克族自治旗,内蒙古自治区,3,2009,http://www.ihchina.cn/art/representative.html?limit=100&p=13,2026-08-06T10:35:40+00:00,2539
inheritor_2540,崔富海,男,,VI-41,VI-41,VI-041_02_140900,挠羊赛,传统体育、游艺与杂技,山西省忻州市,山西省,3,2009,http://www.ihchina.cn/art/representative.html?limit=100&p=13,2026-08-06T10:35:40+00:00,2540
inheritor_2541,金寿昌,男,,VI-54,VI-54,VI-054_02_330600,调吊,传统体育、游艺与杂技,浙江省绍兴市,浙江省,3,2009,http://www.ihchina.cn/art/representative.html?limit=100&p=13,2026-08-06T10:35:40+00:00,2541
inheritor_2668,房志达,男,,VII-3,VII-3,VII-003_01_320500,桃花坞木版年画,传统美术,江苏省苏州市,江苏省,3,2009,http://www.ihchina.cn/art/representative.html?limit=100&p=13,2026-08-06T10:35:40+00:00,2668
inheritor_2669,刘守本,男,,VII-15,VII-15,VII-015_02_110102,内画(北京内画鼻烟壶),传统美术,北京市西城区,北京市,3,2009,http://www.ihchina.cn/art/representative.html?limit=100&p=13,2026-08-06T10:35:40+00:00,2669
inheritor_2670,陈永才,男,,VII-16,VII-16,VII-016_01_440600,剪纸(广东剪纸),传统美术,广东省佛山市,广东省,3,2009,http://www.ihchina.cn/art/representative.html?limit=100&p=13,2026-08-06T10:35:40+00:00,2670
inheritor_2671,倪秀梅,女,,VII-16,VII-16,VII-016_02_230124,剪纸(方正剪纸),传统美术,黑龙江省方正县,黑龙江省,3,2009,http://www.ihchina.cn/art/representative.html?limit=100&p=13,2026-08-06T10:35:40+00:00,2671
inheritor_2672,张方林,男,,VII-16,VII-16,VII-016_02_320100,剪纸(南京剪纸),传统美术,江苏省南京市,江苏省,3,2009,http://www.ihchina.cn/art/representative.html?limit=100&p=13,2026-08-06T10:35:40+00:00,2672
inheritor_2673,王桂英,女,,VII-16,VII-16,VII-016_02_320300,剪纸(徐州剪纸),传统美术,江苏省徐州市,江苏省,3,2009,http://www.ihchina.cn/art/representative.html?limit=100&p=13,2026-08-06T10:35:40+00:00,2673
inheritor_2674,杨兆群,男,,VII-16,VII-16,VII-016_02_320482,剪纸(金坛刻纸),传统美术,江苏省金坛市,江苏省,3,2009,http://www.ihchina.cn/art/representative.html?limit=100&p=13,2026-08-06T10:35:40+00:00,2674
inheritor_2675,吴善增,男,,VII-16,VII-16,VII-016_02_330726,剪纸(浦江剪纸),传统美术,浙江省浦江县,浙江省,3,2009,http://www.ihchina.cn/art/representative.html?limit=100&p=13,2026-08-06T10:35:40+00:00,2675
inheritor_2676,陈秋日,女,,VII-16,VII-16,VII-016_02_350623,剪纸(漳浦剪纸),传统美术,福建省漳浦县,福建省,3,2009,http://www.ihchina.cn/art/representative.html?limit=100&p=13,2026-08-06T10:35:40+00:00,2676
inheritor_2677,袁秀莹,女,,VII-16,VII-16,VII-016_02_350926,剪纸(柘荣剪纸),传统美术,福建省柘荣县,福建省,3,2009,http://www.ihchina.cn/art/representative.html?limit=100&p=13,2026-08-06T10:35:40+00:00,2677
inheritor_2678,刘诗英,女,,VII-16,VII-16,VII-016_02_360481,剪纸(瑞昌剪纸),传统美术,江西省瑞昌市,江西省,3,2009,http://www.ihchina.cn/art/representative.html?limit=100&p=13,2026-08-06T10:35:40+00:00,2678
inheritor_2679,范祚信,男,,VII-16,VII-16,VII-016_02_370785,剪纸(高密剪纸),传统美术,山东省高密市,山东省,3,2009,http://www.ihchina.cn/art/representative.html?limit=100&p=13,2026-08-06T10:35:40+00:00,2679
inheritor_2680,栾淑荣,女,,VII-16,VII-16,VII-016_02_370600,剪纸(烟台剪纸),传统美术,山东省烟台市,山东省,3,2009,http://www.ihchina.cn/art/representative.html?limit=100&p=13,2026-08-06T10:35:40+00:00,2680
inheritor_2681,杨春枝,女,,VII-16,VII-16,VII-016_02_411224,剪纸(卢氏剪纸),传统美术,河南省卢氏县,河南省,3,2009,http://www.ihchina.cn/art/representative.html?limit=100&p=13,2026-08-06T10:35:40+00:00,2681
inheritor_2682,张家忠,男,,VII-16,VII-16,VII-016_02_420700,剪纸(鄂州雕花剪纸),传统美术,湖北省鄂州市,湖北省,3,2009,http://www.ihchina.cn/art/representative.html?limit=100&p=13,2026-08-06T10:35:40+00:00,2682
inheritor_2683,胡敬先,男,,VII-16,VII-16,VII-016_02_429004,剪纸(仙桃雕花剪纸),传统美术,湖北省仙桃市,湖北省,3,2009,http://www.ihchina.cn/art/representative.html?limit=100&p=13,2026-08-06T10:35:40+00:00,2683
inheritor_2684,邓兴隆,男,,VII-16,VII-16,VII-016_02_433122,剪纸(踏虎凿花),传统美术,湖南省泸溪县,湖南省,3,2009,http://www.ihchina.cn/art/representative.html?limit=100&p=13,2026-08-06T10:35:40+00:00,2684
inheritor_2685,姚建萍,女,,VII-18,VII-18,VII-018_01_320500,苏绣,传统美术,江苏省苏州市,江苏省,3,2009,http://www.ihchina.cn/art/representative.html?limit=100&p=13,2026-08-06T10:35:40+00:00,2685
inheritor_2686,赵红育,女,,VII-18,VII-18,VII-018_02_320200,苏绣(无锡精微绣),传统美术,江苏省无锡市,江苏省,3,2009,http://www.ihchina.cn/art/representative.html?limit=100&p=13,2026-08-06T10:35:40+00:00,2686
inheritor_2687,金蕾蕾,女,,VII-18,VII-18,VII-018_02_320600,苏绣(南通仿真绣),传统美术,江苏省南通市,江苏省,3,2009,http://www.ihchina.cn/art/representative.html?limit=100&p=13,2026-08-06T10:35:40+00:00,2687
inheritor_2688,康宁,女,,VII-21,VII-21,VII-021_02_500103,蜀绣,传统美术,重庆市渝中区,重庆市,3,2009,http://www.ihchina.cn/art/representative.html?limit=100&p=13,2026-08-06T10:35:40+00:00,2688
inheritor_2689,倪东方,男,,VII-33,VII-33,VII-033_01_331121,青田石雕,传统美术,浙江省青田县,浙江省,3,2009,http://www.ihchina.cn/art/representative.html?limit=100&p=13,2026-08-06T10:35:40+00:00,2689
inheritor_2690,王金生,男,,VII-37,VII-37,VII-037_01_341000,徽州三雕,传统美术,安徽省黄山市,安徽省,3,2009,http://www.ihchina.cn/art/representative.html?limit=100&p=13,2026-08-06T10:35:40+00:00,2690
inheritor_2691,俞有桂,男,,VII-37,VII-37,VII-037_01_361130,徽州三雕(婺源三雕),传统美术,江西省婺源县,江西省,3,2009,http://www.ihchina.cn/art/representative.html?limit=100&p=13,2026-08-06T10:35:40+00:00,2691
inheritor_2692,陈盖洪,男,,VII-41,VII-41,VII-041_01_330200,宁波朱金漆木雕,传统美术,浙江省宁波市,浙江省,3,2009,http://www.ihchina.cn/art/representative.html?limit=100&p=13,2026-08-06T10:35:40+00:00,2692
inheritor_2693,王笃纯,男,,VII-42,VII-42,VII-042_01_330382,乐清黄杨木雕,传统美术,浙江省乐清市,浙江省,3,2009,http://www.ihchina.cn/art/representative.html?limit=100&p=13,2026-08-06T10:35:40+00:00,2693
inheritor_2694,黄义罗,男,,VII-44,VII-44,VII-044_02_350500,木偶头雕刻(江加走木偶头雕刻),传统美术,福建省泉州市,福建省,3,2009,http://www.ihchina.cn/art/representative.html?limit=100&p=13,2026-08-06T10:35:40+00:00,2694
inheritor_2695,乔锦洪,男,,VII-46,VII-46,VII-046_02_320200,竹刻(无锡留青竹刻),传统美术,江苏省无锡市,江苏省,3,2009,http://www.ihchina.cn/art/representative.html?limit=100&p=13,2026-08-06T10:35:40+00:00,2695
inheritor_2696,徐秉方,男,,VII-46,VII-46,VII-046_02_320400,竹刻(常州留青竹刻),传统美术,江苏省常州市,江苏省,3,2009,http://www.ihchina.cn/art/representative.html?limit=100&p=13,2026-08-06T10:35:40+00:00,2696
inheritor_2697,罗启松,男,,VII-46,VII-46,VII-046_02_331003,竹刻(黄岩翻簧竹雕),传统美术,浙江省台州市黄岩区,浙江省,3,2009,http://www.ihchina.cn/art/representative.html?limit=100&p=13,2026-08-06T10:35:40+00:00,2697
inheritor_2698,吴玉成,男,,VII-47,VII-47,VII-047_02_130229,泥塑(玉田泥塑),传统美术,河北省玉田县,河北省,3,2009,http://www.ihchina.cn/art/representative.html?limit=100&p=13,2026-08-06T10:35:40+00:00,2698
inheritor_2699,吴光让,男,,VII-47,VII-47,VII-047_02_445103,泥塑(大吴泥塑),传统美术,广东省潮安县,广东省,3,2009,http://www.ihchina.cn/art/representative.html?limit=100&p=13,2026-08-06T10:35:40+00:00,2699
inheritor_2700,徐兴国,男,,VII-47,VII-47,VII-047_02_510923,泥塑(徐氏泥彩塑),传统美术,四川省大英县,四川省,3,2009,http://www.ihchina.cn/art/representative.html?limit=100&p=13,2026-08-06T10:35:40+00:00,2700
inheritor_2701,杨栖鹤,男,,VII-47,VII-47,VII-047_02_640423,泥塑(杨氏家庭泥塑),传统美术,宁夏回族自治区隆德县,宁夏回族自治区,3,2009,http://www.ihchina.cn/art/representative.html?limit=100&p=13,2026-08-06T10:35:40+00:00,2701
inheritor_2702,尕藏尖措,男,,VII-48,VII-48,VII-048_01_630122,塔尔寺酥油花,传统美术,青海省湟中县,青海省,3,2009,http://www.ihchina.cn/art/representative.html?limit=100&p=13,2026-08-06T10:35:40+00:00,2702
inheritor_2703,西合道,男,,VII-49,VII-49,VII-049_01_632321,热贡艺术,传统美术,青海省同仁县,青海省,3,2009,http://www.ihchina.cn/art/representative.html?limit=100&p=13,2026-08-06T10:35:40+00:00,2703
inheritor_2704,娘本,男,,VII-49,VII-49,VII-049_01_632321,热贡艺术,传统美术,青海省同仁县,青海省,3,2009,http://www.ihchina.cn/art/representative.html?limit=100&p=13,2026-08-06T10:35:40+00:00,2704
inheritor_2705,夏吾角,男,,VII-49,VII-49,VII-049_01_632321,热贡艺术,传统美术,青海省同仁县,青海省,3,2009,http://www.ihchina.cn/art/representative.html?limit=100&p=13,2026-08-06T10:35:40+00:00,2705
inheritor_2706,罗藏旦巴,男,,VII-49,VII-49,VII-049_01_632321,热贡艺术,传统美术,青海省同仁县,青海省,3,2009,http://www.ihchina.cn/art/representative.html?limit=100&p=13,2026-08-06T10:35:40+00:00,2706
inheritor_2707,张金培,男,,VII-50,VII-50,VII-050_01_441900,灯彩(东莞千角灯),传统美术,广东省东莞市,广东省,3,2009,http://www.ihchina.cn/art/representative.html?limit=100&p=13,2026-08-06T10:35:40+00:00,2707
inheritor_2708,何伟福,男,,VII-50,VII-50,VII-050_02_310101,灯彩(上海灯彩),传统美术,上海市卢湾区,上海市,3,2009,http://www.ihchina.cn/art/representative.html?limit=100&p=13,2026-08-06T10:35:40+00:00,2708
inheritor_2709,陈柏华,男,,VII-50,VII-50,VII-050_02_321183,灯彩(秦淮灯彩),传统美术,江苏省句容市,江苏省,3,2009,http://www.ihchina.cn/art/representative.html?limit=100&p=13,2026-08-06T10:35:40+00:00,2709
inheritor_2710,邓辉,男,,VII-50,VII-50,VII-050_02_440600,灯彩(佛山彩灯),传统美术,广东省佛山市,广东省,3,2009,http://www.ihchina.cn/art/representative.html?limit=100&p=13,2026-08-06T10:35:40+00:00,2710
inheritor_2711,林汉彬,男,,VII-50,VII-50,VII-050_02_445102,灯彩(潮州花灯),传统美术,广东省潮州市湘桥区,广东省,3,2009,http://www.ihchina.cn/art/representative.html?limit=100&p=13,2026-08-06T10:35:40+00:00,2711
inheritor_2712,何福礼,男,,VII-51,VII-51,VII-051_02_330783,竹编(东阳竹编),传统美术,浙江省东阳市,浙江省,3,2009,http://www.ihchina.cn/art/representative.html?limit=100&p=13,2026-08-06T10:35:40+00:00,2712
inheritor_2713,宋增礼,男,,VII-51,VII-51,VII-051_02_360481,竹编(瑞昌竹编),传统美术,江西省瑞昌市,江西省,3,2009,http://www.ihchina.cn/art/representative.html?limit=100&p=13,2026-08-06T10:35:40+00:00,2713
inheritor_2714,牟秉衡,男,,VII-51,VII-51,VII-051_02_500228,竹编(梁平竹帘),传统美术,重庆市梁平县,重庆市,3,2009,http://www.ihchina.cn/art/representative.html?limit=100&p=13,2026-08-06T10:35:40+00:00,2714
inheritor_2715,郎志丽,女,,VII-52,VII-52,VII-052_02_110108,面人(北京面人郎),传统美术,北京市海淀区,北京市,3,2009,http://www.ihchina.cn/art/representative.html?limit=100&p=13,2026-08-06T10:35:40+00:00,2715
inheritor_2716,赵艳林,女,,VII-52,VII-52,VII-052_02_310104,面人(上海面人赵),传统美术,上海工艺美术研究所,上海市,3,2009,http://www.ihchina.cn/art/representative.html?limit=100&p=13,2026-08-06T10:35:40+00:00,2716
inheritor_2717,李金城,男,,VII-52,VII-52,VII-052_02_371702,面人(曹州面人),传统美术,山东省菏泽市牡丹区,山东省,3,2009,http://www.ihchina.cn/art/representative.html?limit=100&p=13,2026-08-06T10:35:40+00:00,2717
inheritor_2718,喻芳泽,男,,VII-54,VII-54,VII-054_02_360429,草编(湖口草龙),传统美术,江西省湖口县,江西省,3,2009,http://www.ihchina.cn/art/representative.html?limit=100&p=13,2026-08-06T10:35:40+00:00,2718
inheritor_2719,钱高潮,男,,VII-56,VII-56,VII-056_02_330185,石雕(鸡血石雕),传统美术,浙江省临安市,浙江省,3,2009,http://www.ihchina.cn/art/representative.html?limit=100&p=13,2026-08-06T10:35:40+00:00,2719
inheritor_2720,贡保才旦,男,,VII-56,VII-56,VII-056_02_632323,石雕(泽库和日寺石刻),传统美术,青海省泽库县,青海省,3,2009,http://www.ihchina.cn/art/representative.html?limit=100&p=13,2026-08-06T10:35:40+00:00,2720
inheritor_2721,宋世义,男,,VII-57,VII-57,VII-057_02_110101,玉雕(北京玉雕),传统美术,北京市玉器厂,北京市,3,2009,http://www.ihchina.cn/art/representative.html?limit=100&p=13,2026-08-06T10:35:40+00:00,2721
inheritor_2722,仵海洲,男,,VII-57,VII-57,VII-057_02_411324,玉雕(镇平玉雕),传统美术,河南省镇平县,河南省,3,2009,http://www.ihchina.cn/art/representative.html?limit=100&p=13,2026-08-06T10:35:40+00:00,2722
inheritor_2723,高兆华,男,,VII-57,VII-57,VII-057_02_440103,玉雕(广州玉雕),传统美术,广东省广州市荔湾区,广东省,3,2009,http://www.ihchina.cn/art/representative.html?limit=100&p=13,2026-08-06T10:35:40+00:00,2723
inheritor_2724,颜景新,男,,VII-58,VII-58,VII-058_02_370881,木雕(曲阜楷木雕刻),传统美术,山东省曲阜市,山东省,3,2009,http://www.ihchina.cn/art/representative.html?limit=100&p=13,2026-08-06T10:35:40+00:00,2724
inheritor_2725,龙从发,男,,VII-58,VII-58,VII-058_02_420104,木雕(武汉木雕船模),传统美术,湖北省武汉市硚口区,湖北省,3,2009,http://www.ihchina.cn/art/representative.html?limit=100&p=13,2026-08-06T10:35:40+00:00,2725
inheritor_2726,宋水官,男,,VII-59,VII-59,VII-059_02_320500,核雕(光福核雕),传统美术,江苏省苏州市,江苏省,3,2009,http://www.ihchina.cn/art/representative.html?limit=100&p=13,2026-08-06T10:35:40+00:00,2726
inheritor_2727,王绪德,男,,VII-59,VII-59,VII-059_02_370700,核雕(潍坊核雕),传统美术,山东省潍坊市,山东省,3,2009,http://www.ihchina.cn/art/representative.html?limit=100&p=13,2026-08-06T10:35:40+00:00,2727
inheritor_2728,黄学文,男,,VII-59,VII-59,VII-059_02_440183,核雕(广州榄雕),传统美术,广东省增城市,广东省,3,2009,http://www.ihchina.cn/art/representative.html?limit=100&p=13,2026-08-06T10:35:40+00:00,2728
inheritor_2729,应业根,男,,VII-62,VII-62,VII-062_02_330784,锡雕,传统美术,浙江省永康市,浙江省,3,2009,http://www.ihchina.cn/art/representative.html?limit=100&p=13,2026-08-06T10:35:40+00:00,2729
inheritor_2730,查·巴智,男,,VII-64,VII-64,VII-064_02_632600,藏文书法(果洛德昂洒智),传统美术,青海省果洛藏族自治州,青海省,3,2009,http://www.ihchina.cn/art/representative.html?limit=100&p=13,2026-08-06T10:35:40+00:00,2730
inheritor_2731,聂方俊,男,,VII-66,VII-66,VII-066_02_433123,彩扎(凤凰纸扎),传统美术,湖南省凤凰县,湖南省,3,2009,http://www.ihchina.cn/art/representative.html?limit=100&p=13,2026-08-06T10:35:40+00:00,2731
inheritor_2732,徐艳丰,男,,VII-66,VII-66,VII-066_02_131023,彩扎(秸秆扎刻),传统美术,河北省永清县,河北省,3,2009,http://www.ihchina.cn/art/representative.html?limit=100&p=13,2026-08-06T10:35:40+00:00,2732
inheritor_2733,周廷义,男,,VII-66,VII-66,VII-066_02_130400,彩扎(彩布拧台),传统美术,河北省邯郸市,河北省,3,2009,http://www.ihchina.cn/art/representative.html?limit=100&p=13,2026-08-06T10:35:40+00:00,2733
inheritor_2734,石荣圣,男,,VII-66,VII-66,VII-066_02_320382,彩扎(邳州纸塑狮子头),传统美术,江苏省邳州市,江苏省,3,2009,http://www.ihchina.cn/art/representative.html?limit=100&p=13,2026-08-06T10:35:40+00:00,2734
inheritor_2735,黎伟,男,,VII-66,VII-66,VII-066_02_440600,彩扎(佛山狮头),传统美术,广东省佛山市,广东省,3,2009,http://www.ihchina.cn/art/representative.html?limit=100&p=13,2026-08-06T10:35:40+00:00,2735
inheritor_2736,黄德清,男,,VII-67,VII-67,VII-067_02_330382,龙档(乐清龙档),传统美术,浙江省乐清市,浙江省,3,2009,http://www.ihchina.cn/art/representative.html?limit=100&p=13,2026-08-06T10:35:40+00:00,2736
inheritor_2737,金松群,男,,VII-68,VII-68,VII-068_02_320400,常州梳篦,传统美术,江苏省常州市,江苏省,3,2009,http://www.ihchina.cn/art/representative.html?limit=100&p=13,2026-08-06T10:35:40+00:00,2737
inheritor_2738,金铁铃,男,,VII-70,VII-70,VII-070_02_110101,北京绢花,传统美术,北京市崇文区,北京市,3,2009,http://www.ihchina.cn/art/representative.html?limit=100&p=13,2026-08-06T10:35:40+00:00,2738
inheritor_2739,王素花,女,,VII-74,VII-74,VII-074_02_410200,汴绣,传统美术,河南省开封市,河南省,3,2009,http://www.ihchina.cn/art/representative.html?limit=100&p=13,2026-08-06T10:35:40+00:00,2739
inheritor_2740,汪国芳,女,,VII-76,VII-76,VII-076_02_513221,羌族刺绣,传统美术,四川省汶川县,四川省,3,2009,http://www.ihchina.cn/art/representative.html?limit=100&p=13,2026-08-06T10:35:40+00:00,2740
inheritor_2741,邢兰香,女,,VII-84,VII-84,VII-084_02_110101,料器(北京料器),传统美术,北京京城百工坊艺术品有限公司,北京市,3,2009,http://www.ihchina.cn/art/representative.html?limit=100&p=13,2026-08-06T10:35:40+00:00,2741
inheritor_2742,周锦云,男,,VII-85,VII-85,VII-085_02_330300,瓯塑,传统美术,浙江省温州市,浙江省,3,2009,http://www.ihchina.cn/art/representative.html?limit=100&p=13,2026-08-06T10:35:40+00:00,2742
inheritor_2743,谢学运,男,,VII-86,VII-86,VII-086_02_371726,砖塑(鄄城砖塑),传统美术,山东省鄄城县,山东省,3,2009,http://www.ihchina.cn/art/representative.html?limit=100&p=13,2026-08-06T10:35:40+00:00,2743
inheritor_2744,樊德然,男,,VII-88,VII-88,VII-088_02_510100,糖塑(成都糖画),传统美术,四川省成都市,四川省,3,2009,http://www.ihchina.cn/art/representative.html?limit=100&p=13,2026-08-06T10:35:40+00:00,2744
inheritor_2745,缪成金,男,,VII-91,VII-91,VII-091_02_330302,镶嵌(彩石镶嵌),传统美术,浙江省温州市鹿城区,浙江省,3,2009,http://www.ihchina.cn/art/representative.html?limit=100&p=13,2026-08-06T10:35:40+00:00,2745
inheritor_2746,陈明伟,男,,VII-91,VII-91,VII-091_02_330200,镶嵌(骨木镶嵌),传统美术,浙江省宁波市,浙江省,3,2009,http://www.ihchina.cn/art/representative.html?limit=100&p=13,2026-08-06T10:35:40+00:00,2746
inheritor_2747,廖惠林,男,,VII-92,VII-92,VII-092_02_440705,新会葵艺,传统美术,广东省江门市新会区,广东省,3,2009,http://www.ihchina.cn/art/representative.html?limit=100&p=13,2026-08-06T10:35:40+00:00,2747
inheritor_2748,赵庆泉,男,,VII-94,VII-94,VII-094_02_321000,盆景技艺(扬派盆景技艺),传统美术,江苏省扬州市,江苏省,3,2009,http://www.ihchina.cn/art/representative.html?limit=100&p=13,2026-08-06T10:35:40+00:00,2748
inheritor_2749,李云义,男,,VII-96,VII-96,VII-096_02_532901,建筑彩绘(白族民居彩绘),传统美术,云南省大理市,云南省,3,2009,http://www.ihchina.cn/art/representative.html?limit=100&p=13,2026-08-06T10:35:40+00:00,2749
inheritor_2750,李生斌,男,,VII-96,VII-96,VII-096_02_610000,建筑彩绘(陕北匠艺丹青),传统美术,陕西省,陕西省,3,2009,http://www.ihchina.cn/art/representative.html?limit=100&p=13,2026-08-06T10:35:40+00:00,2750
inheritor_3052,陈圣发,男,,VIII-7,VIII-7,VIII-007_01_360200,景德镇手工制瓷技艺,传统技艺,江西省景德镇市,江西省,3,2009,http://www.ihchina.cn/art/representative.html?limit=100&p=14,2026-08-06T10:35:42+00:00,3052
inheritor_3053,王炎生,男,,VIII-7,VIII-7,VIII-007_01_360200,景德镇手工制瓷技艺,传统技艺,江西省景德镇市,江西省,3,2009,http://www.ihchina.cn/art/representative.html?limit=100&p=14,2026-08-06T10:35:42+00:00,3053
inheritor_3054,曹开永,男,,VIII-7,VIII-7,VIII-007_01_360200,景德镇手工制瓷技艺,传统技艺,江西省景德镇市,江西省,3,2009,http://www.ihchina.cn/art/representative.html?limit=100&p=14,2026-08-06T10:35:42+00:00,3054
inheritor_3055,周双喜,男,,VIII-13,VIII-13,VIII-013_01_320100,南京云锦木机妆花手工织造技艺,传统技艺,江苏省南京市,江苏省,3,2009,http://www.ihchina.cn/art/representative.html?limit=100&p=14,2026-08-06T10:35:42+00:00,3055
inheritor_3056,金文,男,,VIII-13,VIII-13,VIII-013_01_320100,南京云锦木机妆花手工织造技艺,传统技艺,江苏省南京市,江苏省,3,2009,http://www.ihchina.cn/art/representative.html?limit=100&p=14,2026-08-06T10:35:42+00:00,3056
inheritor_3057,刘香兰,女,,VIII-19,VIII-19,VIII-019_01_469001,黎族传统纺染织绣技艺,传统技艺,海南省五指山市,海南省,3,2009,http://www.ihchina.cn/art/representative.html?limit=100&p=14,2026-08-06T10:35:42+00:00,3057
inheritor_3058,边多,男,,VIII-21,VIII-21,VIII-021_01_542200,藏族邦典、卡垫织造技艺,传统技艺,西藏自治区日喀则地区,西藏自治区,3,2009,http://www.ihchina.cn/art/representative.html?limit=100&p=14,2026-08-06T10:35:42+00:00,3058
inheritor_3059,买特肉孜·买买提,男,,VIII-23,VIII-23,VIII-023_02_652825,花毡、印花布织染技艺,传统技艺,新疆维吾尔自治区且末县,新疆维吾尔自治区,3,2009,http://www.ihchina.cn/art/representative.html?limit=100&p=14,2026-08-06T10:35:42+00:00,3059
inheritor_3060,刘大炮,男,,VIII-24,VIII-24,VIII-024_02_433123,蓝印花布印染技艺,传统技艺,湖南省凤凰县,湖南省,3,2009,http://www.ihchina.cn/art/representative.html?limit=100&p=14,2026-08-06T10:35:42+00:00,3060
inheritor_3061,余云山,男,,VIII-29,VIII-29,VIII-029_01_360000,景德镇传统瓷窑作坊营造技艺,传统技艺,江西省,江西省,3,2009,http://www.ihchina.cn/art/representative.html?limit=100&p=14,2026-08-06T10:35:42+00:00,3061
inheritor_3062,王必生,男,,VIII-36,VIII-36,VIII-036_01_320100,南京金箔锻制技艺,传统技艺,江苏省南京市,江苏省,3,2009,http://www.ihchina.cn/art/representative.html?limit=100&p=14,2026-08-06T10:35:42+00:00,3062
inheritor_3063,史徐平,男,,VIII-38,VIII-38,VIII-038_02_110000,剪刀锻制技艺(王麻子剪刀锻制技艺),传统技艺,北京市,北京市,3,2009,http://www.ihchina.cn/art/representative.html?limit=100&p=14,2026-08-06T10:35:42+00:00,3063
inheritor_3064,龙米谷,男,,VIII-40,VIII-40,VIII-040_01_433123,苗族银饰锻制技艺,传统技艺,湖南省凤凰县,湖南省,3,2009,http://www.ihchina.cn/art/representative.html?limit=100&p=14,2026-08-06T10:35:42+00:00,3064
inheritor_3065,麻茂庭,男,,VIII-40,VIII-40,VIII-040_01_433123,苗族银饰锻制技艺,传统技艺,湖南省凤凰县,湖南省,3,2009,http://www.ihchina.cn/art/representative.html?limit=100&p=14,2026-08-06T10:35:42+00:00,3065
inheritor_3066,许建平,男,,VIII-45,VIII-45,VIII-045_01_320500,明式家具制作技艺,传统技艺,江苏省苏州市,江苏省,3,2009,http://www.ihchina.cn/art/representative.html?limit=100&p=14,2026-08-06T10:35:42+00:00,3066
inheritor_3067,种桂友,男,,VIII-45,VIII-45,VIII-045_02_110101,家具制作技艺(京作硬木家具制作技艺),传统技艺,北京市崇文区,北京市,3,2009,http://www.ihchina.cn/art/representative.html?limit=100&p=14,2026-08-06T10:35:42+00:00,3067
inheritor_3068,杨虾,男,,VIII-45,VIII-45,VIII-045_02_440100,家具制作技艺(广式硬木家具制作技艺),传统技艺,广东省广州市,广东省,3,2009,http://www.ihchina.cn/art/representative.html?limit=100&p=14,2026-08-06T10:35:42+00:00,3068
inheritor_3069,白音查干,男,,VIII-46,VIII-46,VIII-046_02_150421,蒙古族勒勒车制作技艺,传统技艺,内蒙古自治区阿鲁科尔沁旗,内蒙古自治区,3,2009,http://www.ihchina.cn/art/representative.html?limit=100&p=14,2026-08-06T10:35:42+00:00,3069
inheritor_3070,吴水森,男,,VIII-49,VIII-49,VIII-049_01_341022,万安罗盘制作技艺,传统技艺,安徽省休宁县,安徽省,3,2009,http://www.ihchina.cn/art/representative.html?limit=100&p=14,2026-08-06T10:35:42+00:00,3070
inheritor_3071,张国栋,男,,VIII-50,VIII-50,VIII-050_02_620502,雕漆技艺,传统技艺,甘肃省天水市秦州区,甘肃省,3,2009,http://www.ihchina.cn/art/representative.html?limit=100&p=14,2026-08-06T10:35:42+00:00,3071
inheritor_3072,薛生金,男,,VIII-51,VIII-51,VIII-051_01_140728,平遥推光漆器髹饰技艺,传统技艺,山西省平遥县,山西省,3,2009,http://www.ihchina.cn/art/representative.html?limit=100&p=14,2026-08-06T10:35:42+00:00,3072
inheritor_3073,季克良,男,,VIII-57,VIII-57,VIII-057_01_520000,茅台酒酿制技艺,传统技艺,贵州省,贵州省,3,2009,http://www.ihchina.cn/art/representative.html?limit=100&p=14,2026-08-06T10:35:42+00:00,3073
inheritor_3075,郭双威,男,,VIII-59,VIII-59,VIII-059_01_141182,杏花村汾酒酿制技艺,传统技艺,山西省汾阳市,山西省,3,2009,http://www.ihchina.cn/art/representative.html?limit=100&p=14,2026-08-06T10:35:42+00:00,3075
inheritor_3076,郭俊陆,男,,VIII-61,VIII-61,VIII-061_02_140100,老陈醋酿制技艺(美和居老陈醋酿制技艺),传统技艺,山西省太原市,山西省,3,2009,http://www.ihchina.cn/art/representative.html?limit=100&p=14,2026-08-06T10:35:42+00:00,3076
inheritor_3077,叶启桐,男,,VIII-63,VIII-63,VIII-063_01_350782,武夷岩茶(大红袍)制作技艺,传统技艺,福建省武夷山市,福建省,3,2009,http://www.ihchina.cn/art/representative.html?limit=100&p=14,2026-08-06T10:35:42+00:00,3077
inheritor_3078,王兴武,男,,VIII-67,VIII-67,VIII-067_01_522636,皮纸制作技艺,传统技艺,贵州省丹寨县,贵州省,3,2009,http://www.ihchina.cn/art/representative.html?limit=100&p=14,2026-08-06T10:35:42+00:00,3078
inheritor_3079,玉勐嘎,女,,VIII-68,VIII-68,VIII-068_01_530900,傣族、纳西族手工造纸技艺,传统技艺,云南省临沧市,云南省,3,2009,http://www.ihchina.cn/art/representative.html?limit=100&p=14,2026-08-06T10:35:42+00:00,3079
inheritor_3080,次仁多杰,男,,VIII-69,VIII-69,VIII-069_01_540000,藏族造纸技艺,传统技艺,西藏自治区,西藏自治区,3,2009,http://www.ihchina.cn/art/representative.html?limit=100&p=14,2026-08-06T10:35:42+00:00,3080
inheritor_3081,王柏林,男,,VIII-70,VIII-70,VIII-070_02_340828,桑皮纸制作技艺,传统技艺,安徽省岳西县,安徽省,3,2009,http://www.ihchina.cn/art/representative.html?limit=100&p=14,2026-08-06T10:35:42+00:00,3081
inheritor_3082,汪爱军,男,,VIII-73,VIII-73,VIII-073_01_341824,徽墨制作技艺,传统技艺,安徽省绩溪县,安徽省,3,2009,http://www.ihchina.cn/art/representative.html?limit=100&p=14,2026-08-06T10:35:42+00:00,3082
inheritor_3083,郑寒,男,,VIII-74,VIII-74,VIII-074_01_341021,歙砚制作技艺,传统技艺,安徽省歙县,安徽省,3,2009,http://www.ihchina.cn/art/representative.html?limit=100&p=14,2026-08-06T10:35:42+00:00,3083
inheritor_3084,高文英,女,,VIII-77,VIII-77,VIII-077_01_110102,木版水印技艺,传统技艺,北京市荣宝斋,北京市,3,2009,http://www.ihchina.cn/art/representative.html?limit=100&p=14,2026-08-06T10:35:42+00:00,3084
inheritor_3085,蒋敏,男,,VIII-77,VIII-77,VIII-077_02_310105,木版水印技艺,传统技艺,上海书画出版社,上海市,3,2009,http://www.ihchina.cn/art/representative.html?limit=100&p=14,2026-08-06T10:35:42+00:00,3085
inheritor_3086,多吉登次,男,,VIII-80,VIII-80,VIII-080_02_542122,藏族雕版印刷技艺(波罗古泽刻版制作技艺),传统技艺,西藏自治区江达县,西藏自治区,3,2009,http://www.ihchina.cn/art/representative.html?limit=100&p=14,2026-08-06T10:35:42+00:00,3086
inheritor_3087,陈子福,男,,VIII-81,VIII-81,VIII-081_02_500226,制扇技艺(荣昌折扇),传统技艺,重庆市荣昌县,重庆市,3,2009,http://www.ihchina.cn/art/representative.html?limit=100&p=14,2026-08-06T10:35:42+00:00,3087
inheritor_3088,孙颖,女,,VIII-82,VIII-82,VIII-082_02_110101,剧装戏具制作技艺,传统技艺,北京剧装厂,北京市,3,2009,http://www.ihchina.cn/art/representative.html?limit=100&p=14,2026-08-06T10:35:42+00:00,3088
inheritor_3089,黄运英,男,,VIII-84,VIII-84,VIII-084_01_469029,黎族树皮布制作技艺,传统技艺,海南省保亭黎族苗族自治县,海南省,3,2009,http://www.ihchina.cn/art/representative.html?limit=100&p=14,2026-08-06T10:35:42+00:00,3089
inheritor_3090,钟自奇,男,,VIII-86,VIII-86,VIII-086_01_430181,浏阳花炮制作技艺,传统技艺,湖南省浏阳市,湖南省,3,2009,http://www.ihchina.cn/art/representative.html?limit=100&p=14,2026-08-06T10:35:42+00:00,3090
inheritor_3091,尹昌太,男,,VIII-86,VIII-86,VIII-086_02_130121,烟火爆竹制作技艺(南张井老虎火),传统技艺,河北省井陉县,河北省,3,2009,http://www.ihchina.cn/art/representative.html?limit=100&p=14,2026-08-06T10:35:42+00:00,3091
inheritor_3092,张巍岱,男,,VIII-86,VIII-86,VIII-086_02_360922,烟火爆竹制作技艺(万载花炮制作技艺),传统技艺,江西省万载县,江西省,3,2009,http://www.ihchina.cn/art/representative.html?limit=100&p=14,2026-08-06T10:35:42+00:00,3092
inheritor_3093,韩福龄,男,,VIII-88,VIII-88,VIII-088_01_370700,风筝制作技艺(潍坊风筝),传统技艺,山东省潍坊市,山东省,3,2009,http://www.ihchina.cn/art/representative.html?limit=100&p=14,2026-08-06T10:35:42+00:00,3093
inheritor_3094,魏永珍,女,,VIII-88,VIII-88,VIII-088_02_120104,风筝制作技艺(天津风筝魏制作技艺),传统技艺,天津市南开区,天津市,3,2009,http://www.ihchina.cn/art/representative.html?limit=100&p=14,2026-08-06T10:35:42+00:00,3094
inheritor_3095,蒋建国,男,,VIII-90,VIII-90,VIII-090_02_110109,琉璃烧制技艺,传统技艺,北京市门头沟区,北京市,3,2009,http://www.ihchina.cn/art/representative.html?limit=100&p=14,2026-08-06T10:35:42+00:00,3095
inheritor_3096,葛原生,男,,VIII-90,VIII-90,VIII-090_02_140000,琉璃烧制技艺,传统技艺,山西省,山西省,3,2009,http://www.ihchina.cn/art/representative.html?limit=100&p=14,2026-08-06T10:35:42+00:00,3096
inheritor_3097,陈文增,男,,VIII-92,VIII-92,VIII-092_02_130634,定瓷烧制技艺,传统技艺,河北省曲阳县,河北省,3,2009,http://www.ihchina.cn/art/representative.html?limit=100&p=14,2026-08-06T10:35:42+00:00,3097
inheritor_3098,杨志,男,,VIII-93,VIII-93,VIII-093_02_411081,钧瓷烧制技艺,传统技艺,河南省禹州市,河南省,3,2009,http://www.ihchina.cn/art/representative.html?limit=100&p=14,2026-08-06T10:35:42+00:00,3098
inheritor_3099,高水旺,男,,VIII-94,VIII-94,VIII-094_02_410300,唐三彩烧制技艺,传统技艺,河南省洛阳市,河南省,3,2009,http://www.ihchina.cn/art/representative.html?limit=100&p=14,2026-08-06T10:35:42+00:00,3099
inheritor_3100,邓文科,男,,VIII-95,VIII-95,VIII-095_02_430281,醴陵釉下五彩瓷烧制技艺,传统技艺,湖南省醴陵市,湖南省,3,2009,http://www.ihchina.cn/art/representative.html?limit=100&p=14,2026-08-06T10:35:42+00:00,3100
inheritor_3101,王龙才,男,,VIII-96,VIII-96,VIII-096_02_440100,枫溪瓷烧制技艺,传统技艺,广东省潮州市枫溪区,广东省,3,2009,http://www.ihchina.cn/art/representative.html?limit=100&p=14,2026-08-06T10:35:42+00:00,3101
inheritor_3102,余培锡,男,,VIII-97,VIII-97,VIII-097_02_440100,广彩瓷烧制技艺,传统技艺,广东省广州市,广东省,3,2009,http://www.ihchina.cn/art/representative.html?limit=100&p=14,2026-08-06T10:35:42+00:00,3102
inheritor_3103,李人帡,男,,VIII-98,VIII-98,VIII-098_02_450700,陶器烧制技艺(钦州坭兴陶烧制技艺),传统技艺,广西壮族自治区钦州市,广西壮族自治区,3,2009,http://www.ihchina.cn/art/representative.html?limit=100&p=14,2026-08-06T10:35:42+00:00,3103
inheritor_3104,孙诺七林,男,,VIII-98,VIII-98,VIII-098_02_513337,陶器烧制技艺(藏族黑陶烧制技艺),传统技艺,云南省迪庆藏族自治州,云南省,3,2009,http://www.ihchina.cn/art/representative.html?limit=100&p=14,2026-08-06T10:35:42+00:00,3104
inheritor_3105,周康明,男,,VIII-99,VIII-99,VIII-099_02_330500,蚕丝织造技艺(双林绫绢织造技艺),传统技艺,浙江省湖州市,浙江省,3,2009,http://www.ihchina.cn/art/representative.html?limit=100&p=14,2026-08-06T10:35:42+00:00,3105
inheritor_3106,常张勤,女,,VIII-100,VIII-100,VIII-100_02_130434,传统棉纺织技艺,传统技艺,河北省魏县,河北省,3,2009,http://www.ihchina.cn/art/representative.html?limit=100&p=14,2026-08-06T10:35:42+00:00,3106
inheritor_3107,吐尔逊木沙,男,,VIII-100,VIII-100,VIII-100_02_653129,传统棉纺织技艺,传统技艺,新疆维吾尔自治区伽师县,新疆维吾尔自治区,3,2009,http://www.ihchina.cn/art/representative.html?limit=100&p=14,2026-08-06T10:35:42+00:00,3107
inheritor_3108,马舍勒,男,,VIII-101,VIII-101,VIII-101_02_622926,毛纺织及擀制技艺(东乡族擀毡技艺),传统技艺,甘肃省东乡族自治县,甘肃省,3,2009,http://www.ihchina.cn/art/representative.html?limit=100&p=14,2026-08-06T10:35:42+00:00,3108
inheritor_3109,宋树牙,男,,VIII-102,VIII-102,VIII-102_02_360922,夏布织造技艺,传统技艺,江西省万载县,江西省,3,2009,http://www.ihchina.cn/art/representative.html?limit=100&p=14,2026-08-06T10:35:42+00:00,3109
inheritor_3110,颜坤吉,男,,VIII-102,VIII-102,VIII-102_02_500226,夏布织造技艺,传统技艺,重庆市荣昌县,重庆市,3,2009,http://www.ihchina.cn/art/representative.html?limit=100&p=14,2026-08-06T10:35:42+00:00,3110
inheritor_3111,赵芳云,女,,VIII-103,VIII-103,VIII-103_02_370829,鲁锦织造技艺,传统技艺,山东省嘉祥县,山东省,3,2009,http://www.ihchina.cn/art/representative.html?limit=100&p=14,2026-08-06T10:35:42+00:00,3111
inheritor_3112,粟田梅,女,,VIII-104,VIII-104,VIII-104_02_431230,侗锦织造技艺,传统技艺,湖南省通道侗族自治县,湖南省,3,2009,http://www.ihchina.cn/art/representative.html?limit=100&p=14,2026-08-06T10:35:42+00:00,3112
inheritor_3113,叶娟,女,,VIII-106,VIII-106,VIII-106_02_532800,傣族织锦技艺,传统技艺,云南省西双版纳傣族自治州,云南省,3,2009,http://www.ihchina.cn/art/representative.html?limit=100&p=14,2026-08-06T10:35:42+00:00,3113
inheritor_3114,梁珠,男,,VIII-107,VIII-107,VIII-107_02_440606,香云纱染整技艺,传统技艺,广东省佛山市顺德区,广东省,3,2009,http://www.ihchina.cn/art/representative.html?limit=100&p=14,2026-08-06T10:35:42+00:00,3114
inheritor_3115,康玉生,男,,VIII-110,VIII-110,VIII-110_02_110000,地毯织造技艺(北京宫毯织造技艺),传统技艺,北京市,北京市,3,2009,http://www.ihchina.cn/art/representative.html?limit=100&p=14,2026-08-06T10:35:42+00:00,3115
inheritor_3116,刘赋国,男,,VIII-110,VIII-110,VIII-110_02_152921,地毯织造技艺(阿拉善地毯织造技艺),传统技艺,内蒙古自治区阿拉善左旗,内蒙古自治区,3,2009,http://www.ihchina.cn/art/representative.html?limit=100&p=14,2026-08-06T10:35:42+00:00,3116
inheritor_3117,买吐送·吐地,男,,VIII-110,VIII-110,VIII-110_02_653224,地毯织造技艺(维吾尔族地毯织造技艺),传统技艺,新疆维吾尔自治区洛浦县,新疆维吾尔自治区,3,2009,http://www.ihchina.cn/art/representative.html?limit=100&p=14,2026-08-06T10:35:42+00:00,3117
inheritor_3118,孟兰杰,女,,VIII-112,VIII-112,VIII-112_02_231102,鄂伦春族狍皮制作技艺,传统技艺,黑龙江省黑河市爱辉区,黑龙江省,3,2009,http://www.ihchina.cn/art/representative.html?limit=100&p=14,2026-08-06T10:35:42+00:00,3118
inheritor_3119,李金善,男,,VIII-113,VIII-113,VIII-113_02_110101,盛锡福皮帽制作技艺,传统技艺,北京市东城区,北京市,3,2009,http://www.ihchina.cn/art/representative.html?limit=100&p=14,2026-08-06T10:35:42+00:00,3119
inheritor_3120,玉山·买买提,男,,VIII-114,VIII-114,VIII-114_02_652924,维吾尔族卡拉库尔胎羔皮帽制作技艺,传统技艺,新疆维吾尔自治区沙雅县,新疆维吾尔自治区,3,2009,http://www.ihchina.cn/art/representative.html?limit=100&p=14,2026-08-06T10:35:42+00:00,3120
inheritor_3121,何凯英,男,,VIII-115,VIII-115,VIII-115_02_110000,内联升千层底布鞋制作技艺,传统技艺,北京市,北京市,3,2009,http://www.ihchina.cn/art/representative.html?limit=100&p=14,2026-08-06T10:35:42+00:00,3121
inheritor_3123,王殿祥,男,,VIII-117,VIII-117,VIII-117_02_320100,金银细工制作技艺,传统技艺,江苏省南京市,江苏省,3,2009,http://www.ihchina.cn/art/representative.html?limit=100&p=14,2026-08-06T10:35:42+00:00,3123
inheritor_3124,张克康,男,,VIII-118,VIII-118,VIII-118_02_530300,斑铜制作技艺,传统技艺,云南省曲靖市,云南省,3,2009,http://www.ihchina.cn/art/representative.html?limit=100&p=14,2026-08-06T10:35:42+00:00,3124
inheritor_3125,朱炳仁,男,,VIII-119,VIII-119,VIII-119_02_330100,铜雕技艺,传统技艺,浙江省杭州市,浙江省,3,2009,http://www.ihchina.cn/art/representative.html?limit=100&p=14,2026-08-06T10:35:42+00:00,3125
inheritor_3126,俄色呷玛,男,,VIII-120,VIII-120,VIII-120_02_513331,藏族金属锻造技艺(藏族锻铜技艺),传统技艺,四川省白玉县,四川省,3,2009,http://www.ihchina.cn/art/representative.html?limit=100&p=14,2026-08-06T10:35:42+00:00,3126
inheritor_3127,次旦旺加,男,,VIII-120,VIII-120,VIII-120_02_542326,藏族金属锻造技艺,传统技艺,西藏自治区拉孜县,西藏自治区,3,2009,http://www.ihchina.cn/art/representative.html?limit=100&p=14,2026-08-06T10:35:42+00:00,3127
inheritor_3128,龙多然杰,男,,VIII-120,VIII-120,VIII-120_02_632700,藏族金属锻造技艺 (藏刀锻制技艺),传统技艺,青海省玉树藏族自治州,青海省,3,2009,http://www.ihchina.cn/art/representative.html?limit=100&p=14,2026-08-06T10:35:42+00:00,3128
inheritor_3129,道安,女,,VIII-121,VIII-121,VIII-121_02_510105,成都银花丝制作技艺,传统技艺,四川省成都市青羊区,四川省,3,2009,http://www.ihchina.cn/art/representative.html?limit=100&p=14,2026-08-06T10:35:42+00:00,3129
inheritor_3130,吾甫尔·热合曼,男,,VIII-122,VIII-122,VIII-122_02_653123,维吾尔族传统小刀制作技艺,传统技艺,新疆维吾尔自治区英吉沙县,新疆维吾尔自治区,3,2009,http://www.ihchina.cn/art/representative.html?limit=100&p=14,2026-08-06T10:35:42+00:00,3130
inheritor_3131,陶克图白乙拉,男,,VIII-123,VIII-123,VIII-123_02_150522,蒙古族马具制作技艺,传统技艺,内蒙古自治区科尔沁左翼后旗,内蒙古自治区,3,2009,http://www.ihchina.cn/art/representative.html?limit=100&p=14,2026-08-06T10:35:42+00:00,3131
inheritor_3132,闫改好,男,汉族,VIII-124,VIII-124,VIII-123_02_150522,民族乐器制作技艺(长子响铜乐器制作技艺),传统技艺,山西省长子县,山西省,3,2009,http://www.ihchina.cn/art/representative.html?limit=100&p=14,2026-08-06T10:35:42+00:00,3132
inheritor_3133,金季凤,男,,VIII-124,VIII-124,VIII-124_02_222400,民族乐器制作技艺(朝鲜族民族乐器制作技艺,传统技艺,吉林省延边朝鲜族自治州,吉林省,3,2009,http://www.ihchina.cn/art/representative.html?limit=100&p=14,2026-08-06T10:35:42+00:00,3133
inheritor_3134,热合曼·阿布都拉,男,,VIII-124,VIII-124,VIII-124_02_652925,民族乐器制作技艺(维吾尔族乐器制作技艺),传统技艺,新疆维吾尔自治区疏附县,新疆维吾尔自治区,3,2009,http://www.ihchina.cn/art/representative.html?limit=100&p=14,2026-08-06T10:35:42+00:00,3134
inheritor_3135,白静宜,女,,VIII-125,VIII-125,VIII-125_02_110112,花丝镶嵌制作技艺,传统技艺,北京市通州区,北京市,3,2009,http://www.ihchina.cn/art/representative.html?limit=100&p=14,2026-08-06T10:35:42+00:00,3135
inheritor_3136,马福良,男,,VIII-125,VIII-125,VIII-125_02_131028,花丝镶嵌制作技艺,传统技艺,河北省大厂回族自治县,河北省,3,2009,http://www.ihchina.cn/art/representative.html?limit=100&p=14,2026-08-06T10:35:42+00:00,3136
inheritor_3137,甘而可,男,,VIII-127,VIII-127,VIII-127_02_341002,漆器髹饰技艺(徽州漆器髹饰技艺),传统技艺,安徽省黄山市屯溪区,安徽省,3,2009,http://www.ihchina.cn/art/representative.html?limit=100&p=14,2026-08-06T10:35:42+00:00,3137
inheritor_3138,陈思碧,女,,VIII-127,VIII-127,VIII-127_02_500000,漆器髹饰技艺(重庆漆器髹饰技艺),传统技艺,重庆市,重庆市,3,2009,http://www.ihchina.cn/art/representative.html?limit=100&p=14,2026-08-06T10:35:42+00:00,3138
inheritor_3139,吉伍巫且,男,,VIII-128,VIII-128,VIII-128_02_513432,彝族漆器髹饰技艺,传统技艺,四川省喜德县,四川省,3,2009,http://www.ihchina.cn/art/representative.html?limit=100&p=14,2026-08-06T10:35:42+00:00,3139
inheritor_3140,张苏,男,,VIII-130,VIII-130,VIII-130_02_341800,宣笔制作技艺,传统技艺,安徽省宣城市,安徽省,3,2009,http://www.ihchina.cn/art/representative.html?limit=100&p=14,2026-08-06T10:35:42+00:00,3140
inheritor_3141,张逢学,男,,VIII-131,VIII-131,VIII-131_02_610116,楮皮纸制作技艺,传统技艺,陕西省西安市长安区,陕西省,3,2009,http://www.ihchina.cn/art/representative.html?limit=100&p=14,2026-08-06T10:35:42+00:00,3141
inheritor_3142,邹洪利,男,,VIII-133,VIII-133,VIII-133_02_130633,砚台制作技艺(易水砚制作技艺),传统技艺,河北省易县,河北省,3,2009,http://www.ihchina.cn/art/representative.html?limit=100&p=14,2026-08-06T10:35:42+00:00,3142
inheritor_3143,蔺永茂,男,,VIII-133,VIII-133,VIII-133_02_140825,砚台制作技艺(澄泥砚制作技艺),传统技艺,山西省新绛县,山西省,3,2009,http://www.ihchina.cn/art/representative.html?limit=100&p=14,2026-08-06T10:35:42+00:00,3143
inheritor_3144,李茂棣,男,,VIII-133,VIII-133,VIII-133_02_621126,砚台制作技艺(洮砚制作技艺),传统技艺,甘肃省岷县,甘肃省,3,2009,http://www.ihchina.cn/art/representative.html?limit=100&p=14,2026-08-06T10:35:42+00:00,3144
inheritor_3145,高式熊,男,,VIII-134,VIII-134,VIII-134_02_310106,印泥制作技艺(上海鲁庵印泥),传统技艺,上海市静安区,上海市,3,2009,http://www.ihchina.cn/art/representative.html?limit=100&p=14,2026-08-06T10:35:42+00:00,3145
inheritor_3146,符骥良,男,,VIII-134,VIII-134,VIII-134_02_310106,印泥制作技艺(上海鲁庵印泥),传统技艺,上海市静安区,上海市,3,2009,http://www.ihchina.cn/art/representative.html?limit=100&p=14,2026-08-06T10:35:42+00:00,3146
inheritor_3147,王超辉,男,,VIII-135,VIII-135,VIII-135_02_330381,木活字印刷技术,传统技艺,浙江省瑞安市,浙江省,3,2009,http://www.ihchina.cn/art/representative.html?limit=100&p=14,2026-08-06T10:35:42+00:00,3147
inheritor_3148,林初寅,男,,VIII-135,VIII-135,VIII-135_02_330381,木活字印刷技术,传统技艺,浙江省瑞安市,浙江省,3,2009,http://www.ihchina.cn/art/representative.html?limit=100&p=14,2026-08-06T10:35:42+00:00,3148
inheritor_3149,王辛敬,男,,VIII-136,VIII-136,VIII-136_02_110102,装裱修复技艺(古字画装裱修复技艺),传统技艺,北京市荣宝斋,北京市,3,2009,http://www.ihchina.cn/art/representative.html?limit=100&p=14,2026-08-06T10:35:42+00:00,3149
inheritor_3150,周永干,男,,VIII-137,VIII-137,VIII-137_02_321281,传统木船制造技艺,传统技艺,江苏省兴化市,江苏省,3,2009,http://www.ihchina.cn/art/representative.html?limit=100&p=14,2026-08-06T10:35:42+00:00,3150
inheritor_3151,陈芳财,男,,VIII-138,VIII-138,VIII-138_02_350582,水密隔舱福船制造技艺,传统技艺,福建省晋江市,福建省,3,2009,http://www.ihchina.cn/art/representative.html?limit=100&p=14,2026-08-06T10:35:42+00:00,3151
inheritor_3152,冯怀女,男,,VIII-139,VIII-139,VIII-139_02_441900,龙舟制作技艺,传统技艺,广东省东莞市,广东省,3,2009,http://www.ihchina.cn/art/representative.html?limit=100&p=14,2026-08-06T10:35:42+00:00,3152
inheritor_3153,毕六福,男,,VIII-140,VIII-140,VIII-140_02_510502,伞制作技艺(油纸伞制作技艺),传统技艺,四川省泸州市江阳区,四川省,3,2009,http://www.ihchina.cn/art/representative.html?limit=100&p=14,2026-08-06T10:35:42+00:00,3153
inheritor_3154,宋志明,男,,VIII-140,VIII-140,VIII-140_02_330100,伞制作技艺(西湖绸伞),传统技艺,浙江省杭州市,浙江省,3,2009,http://www.ihchina.cn/art/representative.html?limit=100&p=15,2026-08-06T10:35:43+00:00,3154
inheritor_3155,次仁平措,男,,VIII-141,VIII-141,VIII-141_02_540127,藏香制作技艺,传统技艺,西藏自治区墨竹工卡县,西藏自治区,3,2009,http://www.ihchina.cn/art/representative.html?limit=100&p=15,2026-08-06T10:35:43+00:00,3155
inheritor_3156,田希云,男,,VIII-143,VIII-143,VIII-143_02_650100,土碱烧制技艺,传统技艺,新疆生产建设兵团,新疆维吾尔自治区,3,2009,http://www.ihchina.cn/art/representative.html?limit=100&p=15,2026-08-06T10:35:43+00:00,3156
inheritor_3157,高景炎,男,,VIII-144,VIII-144,VIII-144_02_110105,蒸馏酒传统酿造技艺(北京二锅头酒传统酿造,传统技艺,北京红星股份有限公司,北京市,3,2009,http://www.ihchina.cn/art/representative.html?limit=100&p=15,2026-08-06T10:35:43+00:00,3157
inheritor_3158,商立云,女,,VIII-144,VIII-144,VIII-144_02_130823,蒸馏酒传统酿造技艺(山庄老酒传统酿造技艺,传统技艺,河北省平泉县,河北省,3,2009,http://www.ihchina.cn/art/representative.html?limit=100&p=15,2026-08-06T10:35:43+00:00,3158
inheritor_3159,秦文科,男,,VIII-144,VIII-144,VIII-144_02_140600,蒸馏酒传统酿造技艺(梨花春白酒传统酿造技,传统技艺,山西省朔州市,山西省,3,2009,http://www.ihchina.cn/art/representative.html?limit=100&p=15,2026-08-06T10:35:43+00:00,3159
inheritor_3160,李玉恒,男,,VIII-144,VIII-144,VIII-144_02_210100,蒸馏酒传统酿造技艺(老龙口白酒传统酿造技,传统技艺,辽宁省沈阳市,辽宁省,3,2009,http://www.ihchina.cn/art/representative.html?limit=100&p=15,2026-08-06T10:35:43+00:00,3160
inheritor_3162,赖登燡,男,,VIII-144,VIII-144,VIII-144_02_510100,蒸馏酒传统酿造技艺(水井坊酒传统酿造技艺,传统技艺,四川省成都市,四川省,3,2009,http://www.ihchina.cn/art/representative.html?limit=100&p=15,2026-08-06T10:35:43+00:00,3162
inheritor_3163,李家顺,男,,VIII-144,VIII-144,VIII-144_02_510922,蒸馏酒传统酿造技艺(沱牌曲酒传统酿造技艺,传统技艺,四川省射洪县,四川省,3,2009,http://www.ihchina.cn/art/representative.html?limit=100&p=15,2026-08-06T10:35:43+00:00,3163
inheritor_3164,许朝中,男,,VIII-145,VIII-145,VIII-145_02_321181,酿造酒传统酿造技艺(封缸酒传统酿造技艺),传统技艺,江苏省丹阳市,江苏省,3,2009,http://www.ihchina.cn/art/representative.html?limit=100&p=15,2026-08-06T10:35:43+00:00,3164
inheritor_3165,王秀兰,女,,VIII-147,VIII-147,VIII-147_02_110102,花茶制作技艺(张一元茉莉花茶制作技艺),传统技艺,北京张一元茶叶有限责任公司,北京市,3,2009,http://www.ihchina.cn/art/representative.html?limit=100&p=15,2026-08-06T10:35:43+00:00,3165
inheritor_3166,杨继昌,男,,VIII-148,VIII-148,VIII-148_02_330100,绿茶制作技艺(西湖龙井),传统技艺,浙江省杭州市,浙江省,3,2009,http://www.ihchina.cn/art/representative.html?limit=100&p=15,2026-08-06T10:35:43+00:00,3166
inheritor_3167,谢四十,男,,VIII-148,VIII-148,VIII-148_02_341004,绿茶制作技艺(黄山毛峰),传统技艺,安徽省黄山市徽州区,安徽省,3,2009,http://www.ihchina.cn/art/representative.html?limit=100&p=15,2026-08-06T10:35:43+00:00,3167
inheritor_3168,魏月德,男,,VIII-150,VIII-150,VIII-150_02_350524,乌龙茶制作技艺(铁观音制作技艺),传统技艺,福建省安溪县,福建省,3,2009,http://www.ihchina.cn/art/representative.html?limit=100&p=15,2026-08-06T10:35:43+00:00,3168
inheritor_3169,王文礼,男,,VIII-150,VIII-150,VIII-150_02_350524,乌龙茶制作技艺(铁观音制作技艺),传统技艺,福建省安溪县,福建省,3,2009,http://www.ihchina.cn/art/representative.html?limit=100&p=15,2026-08-06T10:35:43+00:00,3169
inheritor_3170,史奇刚,男,,VIII-153,VIII-153,VIII-153_02_330225,晒盐技艺(海盐晒制技艺),传统技艺,浙江省象山县,浙江省,3,2009,http://www.ihchina.cn/art/representative.html?limit=100&p=15,2026-08-06T10:35:43+00:00,3170
inheritor_3171,卓玛央宗,女,,VIII-153,VIII-153,VIII-153_02_542129,晒盐技艺(井盐晒制技艺),传统技艺,西藏自治区芒康县,西藏自治区,3,2009,http://www.ihchina.cn/art/representative.html?limit=100&p=15,2026-08-06T10:35:43+00:00,3171
inheritor_3172,雷定成,男,,VIII-155,VIII-155,VIII-155_02_510124,豆瓣传统制作技艺(郫县豆瓣传统制作技艺),传统技艺,四川省郫县,四川省,3,2009,http://www.ihchina.cn/art/representative.html?limit=100&p=15,2026-08-06T10:35:43+00:00,3172
inheritor_3173,杨银喜,男,,VIII-158,VIII-158,VIII-158_02_110102,酱菜制作技艺(六必居酱菜制作技艺),传统技艺,北京六必居食品有限公司,北京市,3,2009,http://www.ihchina.cn/art/representative.html?limit=100&p=15,2026-08-06T10:35:43+00:00,3173
inheritor_3174,徐永珍,女,,VIII-161,VIII-161,VIII-161_02_321000,茶点制作技艺(富春茶点制作技艺),传统技艺,江苏省扬州市,江苏省,3,2009,http://www.ihchina.cn/art/representative.html?limit=100&p=15,2026-08-06T10:35:43+00:00,3174
inheritor_3175,赵友铭,男,,VIII-164,VIII-164,VIII-164_02_310101,素食制作技艺(功德林素食制作技艺),传统技艺,上海功德林素食有限公司,上海市,3,2009,http://www.ihchina.cn/art/representative.html?limit=100&p=15,2026-08-06T10:35:43+00:00,3175
inheritor_3176,于良坤,男,,VIII-166,VIII-166,VIII-166_02_330700,火腿制作技艺(金华火腿腌制技艺),传统技艺,浙江省金华市,浙江省,3,2009,http://www.ihchina.cn/art/representative.html?limit=100&p=15,2026-08-06T10:35:43+00:00,3176
inheritor_3177,白永明,男,,VIII-167,VIII-167,VIII-167_02_110101,烤鸭技艺(便宜坊焖炉烤鸭技艺),传统技艺,北京便宜坊烤鸭集团有限公司,北京市,3,2009,http://www.ihchina.cn/art/representative.html?limit=100&p=15,2026-08-06T10:35:43+00:00,3177
inheritor_3178,满运来,男,,VIII-168,VIII-168,VIII-168_02_110106,牛羊肉烹制技艺(月盛斋酱烧牛羊肉制作技艺,传统技艺,北京月盛斋清真食品有限公司,北京市,3,2009,http://www.ihchina.cn/art/representative.html?limit=100&p=15,2026-08-06T10:35:43+00:00,3178
inheritor_3179,赵铁锁,男,,VIII-168,VIII-168,VIII-168_02_152900,牛羊肉烹制技艺(烤全羊技艺),传统技艺,内蒙古自治区阿拉善盟,内蒙古自治区,3,2009,http://www.ihchina.cn/art/representative.html?limit=100&p=15,2026-08-06T10:35:43+00:00,3179
inheritor_3180,罗世伟,男,,VIII-172,VIII-172,VIII-172_02_350100,聚春园佛跳墙制作技艺,传统技艺,福建省福州市,福建省,3,2009,http://www.ihchina.cn/art/representative.html?limit=100&p=15,2026-08-06T10:35:43+00:00,3180
inheritor_3181,姚炎立,男,,VIII-173,VIII-173,VIII-173_02_410300,真不同洛阳水席制作技艺,传统技艺,河南省洛阳市,河南省,3,2009,http://www.ihchina.cn/art/representative.html?limit=100&p=15,2026-08-06T10:35:43+00:00,3181
inheritor_3182,董直机,男,,VIII-175,VIII-175,VIII-175_02_330329,木拱桥传统营造技艺,传统技艺,浙江省泰顺县,浙江省,3,2009,http://www.ihchina.cn/art/representative.html?limit=100&p=15,2026-08-06T10:35:43+00:00,3182
inheritor_3183,郑多金,男,,VIII-175,VIII-175,VIII-175_02_350924,木拱桥传统营造技艺,传统技艺,福建省寿宁县,福建省,3,2009,http://www.ihchina.cn/art/representative.html?limit=100&p=15,2026-08-06T10:35:43+00:00,3183
inheritor_3184,王世猛,男,,VIII-179,VIII-179,VIII-179_02_350521,闽南传统民居营造技艺,传统技艺,福建省惠安县,福建省,3,2009,http://www.ihchina.cn/art/representative.html?limit=100&p=15,2026-08-06T10:35:43+00:00,3184
inheritor_3185,达列力汗·哈比地希,男,哈萨克族,VIII-183,VIII-183,VIII-183_02_654200,哈萨克族毡房营造技艺,传统技艺,新疆维吾尔自治区塔城地区,新疆维吾尔自治区,3,2009,http://www.ihchina.cn/art/representative.html?limit=100&p=15,2026-08-06T10:35:43+00:00,3185
inheritor_3186,张怀升,男,俄罗斯族,VIII-184,VIII-184,VIII-184_02_654200,俄罗斯族民居营造技艺,传统技艺,新疆维吾尔自治区塔城地区,新疆维吾尔自治区,3,2009,http://www.ihchina.cn/art/representative.html?limit=100&p=15,2026-08-06T10:35:43+00:00,3186
inheritor_3187,马进明,男,撒拉族,VIII-185,VIII-185,VIII-185_02_811100,撒拉族篱笆楼营造技艺,传统技艺,青海省循化撒拉族自治县,青海省,3,2009,http://www.ihchina.cn/art/representative.html?limit=100&p=15,2026-08-06T10:35:43+00:00,3187
inheritor_3521,孙树武,男,汉族,IX-3,IX-3,IX-003_02_410800,中药炮制技术(四大怀药种植与炮制),传统医药,河南省焦作市,河南省,3,2009,http://www.ihchina.cn/art/representative.html?limit=100&p=15,2026-08-06T10:35:43+00:00,3521
inheritor_3522,李成杰,男,汉族,IX-3,IX-3,IX-003_02_410800,中药炮制技术(四大怀药种植与炮制),传统医药,河南省焦作市,河南省,3,2009,http://www.ihchina.cn/art/representative.html?limit=100&p=15,2026-08-06T10:35:43+00:00,3522
inheritor_3523,杨巨奎,男,汉族,IX-4,IX-4,IX-004_02_140726,中医传统制剂方法(龟龄集传统制作技艺),传统医药,山西省太谷县,山西省,3,2009,http://www.ihchina.cn/art/representative.html?limit=100&p=15,2026-08-06T10:35:43+00:00,3523
inheritor_3524,李英杰,男,汉族,IX-4,IX-4,IX-004_02_320500,中中医传统制剂方法(雷允上六神丸制作技艺,传统医药,江苏省苏州市,江苏省,3,2009,http://www.ihchina.cn/art/representative.html?limit=100&p=15,2026-08-06T10:35:43+00:00,3524
inheritor_3526,刘光瑞,男,汉族,IX-5,IX-5,IX-005_02_500103,针灸(刘氏刺熨疗法),传统医药,重庆市渝中区,重庆市,3,2009,http://www.ihchina.cn/art/representative.html?limit=100&p=15,2026-08-06T10:35:43+00:00,3526
inheritor_3527,刘钢,男,汉族,IX-6,IX-6,IX-006_02_110102,中医正骨疗法(宫廷正骨),传统医药,北京市护国寺中医医院,北京市,3,2009,http://www.ihchina.cn/art/representative.html?limit=100&p=15,2026-08-06T10:35:43+00:00,3527
inheritor_3528,罗金殿,男,汉族,IX-6,IX-6,IX-006_02_110105,中医正骨疗法(罗氏正骨法),传统医药,北京市朝阳区,北京市,3,2009,http://www.ihchina.cn/art/representative.html?limit=100&p=15,2026-08-06T10:35:43+00:00,3528
inheritor_3529,石仰山,男,汉族,IX-6,IX-6,IX-006_02_310101,中医正骨疗法(石氏伤科疗法),传统医药,上海市黄浦区,上海市,3,2009,http://www.ihchina.cn/art/representative.html?limit=100&p=15,2026-08-06T10:35:43+00:00,3529
inheritor_3530,郭艳锦,女,汉族,IX-6,IX-6,IX-006_02_410300,中医正骨疗法(平乐郭氏正骨法),传统医药,河南省洛阳市,河南省,3,2009,http://www.ihchina.cn/art/representative.html?limit=100&p=15,2026-08-06T10:35:43+00:00,3530
inheritor_3531,米玛,男,藏族,IX-9,IX-9,IX-009_02_540102,藏医药(藏医外治法),传统医药,西藏自治区藏医学院,西藏自治区,3,2009,http://www.ihchina.cn/art/representative.html?limit=100&p=15,2026-08-06T10:35:43+00:00,3531
inheritor_3532,格桑次仁,男,藏族,IX-9,IX-9,IX-009_02_542221,藏医药(藏医尿诊法),传统医药,西藏自治区山南地区藏医院,西藏自治区,3,2009,http://www.ihchina.cn/art/representative.html?limit=100&p=15,2026-08-06T10:35:43+00:00,3532
inheritor_3533,李先加,男,藏族,IX-9,IX-9,IX-009_02_630100,藏医药(藏医药浴疗法),传统医药,青海省藏医院,青海省,3,2009,http://www.ihchina.cn/art/representative.html?limit=100&p=15,2026-08-06T10:35:43+00:00,3533
inheritor_3534,丹增彭措,男,藏族,IX-9,IX-9,IX-009_02_540100a,藏医药(藏药炮制技艺),传统医药,西藏自治区藏医院,西藏自治区,3,2009,http://www.ihchina.cn/art/representative.html?limit=100&p=15,2026-08-06T10:35:43+00:00,3534
inheritor_3535,索朗顿珠,男,藏族,IX-9,IX-9,IX-009_02_540100a,藏医药(藏药炮制技艺),传统医药,西藏自治区藏医院,西藏自治区,3,2009,http://www.ihchina.cn/art/representative.html?limit=100&p=15,2026-08-06T10:35:43+00:00,3535
inheritor_3536,洛桑多吉,男,藏族,IX-9,IX-9,IX-009_02_540100b,藏医药(藏药七十味珍珠丸配伍技艺),传统医药,西藏自治区藏药厂,西藏自治区,3,2009,http://www.ihchina.cn/art/representative.html?limit=100&p=15,2026-08-06T10:35:43+00:00,3536
inheritor_3537,白玛加措,男,藏族,IX-9,IX-9,IX-009_02_540125,藏医药(藏药珊瑚七十味丸配伍技艺),传统医药,西藏自治区雄巴拉曲神水藏药厂,西藏自治区,3,2009,http://www.ihchina.cn/art/representative.html?limit=100&p=15,2026-08-06T10:35:43+00:00,3537
inheritor_3538,俄日,男,藏族,IX-9,IX-9,IX-009_02_630105a,藏医药(藏药阿如拉炮制技艺),传统医药,青海省金诃藏药药业股份有限公司,青海省,3,2009,http://www.ihchina.cn/art/representative.html?limit=100&p=15,2026-08-06T10:35:43+00:00,3538
inheritor_3539,尕玛措尼,男,藏族,IX-9,IX-9,IX-009_02_630105a,藏医药(藏药阿如拉炮制技艺),传统医药,青海省,青海省,3,2009,http://www.ihchina.cn/art/representative.html?limit=100&p=15,2026-08-06T10:35:43+00:00,3539
inheritor_3540,桑杰,男,藏族,IX-9,IX-9,IX-009_02_630105b,藏医药(七十味珍珠丸赛太炮制技艺),传统医药,青海省金诃藏药药业股份有限公司,青海省,3,2009,http://www.ihchina.cn/art/representative.html?limit=100&p=15,2026-08-06T10:35:43+00:00,3540
inheritor_3541,尼玛,男,藏族,IX-9,IX-9,IX-009_02_630105b,藏医药(七十味珍珠丸赛太炮制技艺),传统医药,青海省金诃藏药药业股份有限公司,青海省,3,2009,http://www.ihchina.cn/art/representative.html?limit=100&p=15,2026-08-06T10:35:43+00:00,3541
inheritor_3542,区欲想,男,汉族,IX-11,IX-11,IX-011_02_440113,传统中医药文化(潘高寿传统中药文化),传统医药,广东省广州潘高寿药业股份有限公司,广东省,3,2009,http://www.ihchina.cn/art/representative.html?limit=100&p=15,2026-08-06T10:35:43+00:00,3542
inheritor_3543,乌兰,女,蒙古族,IX-012,IX-012,IX-012_02_150105,蒙医药(赞巴拉道尔吉温针、火针疗法),传统医药,内蒙古自治区,内蒙古自治区,3,2009,http://www.ihchina.cn/art/representative.html?limit=100&p=15,2026-08-06T10:35:43+00:00,3543
inheritor_3544,阿古拉,男,蒙古族,IX-012,IX-012,IX-012_02_150105,蒙医药(赞巴拉道尔吉温针、火针疗法),传统医药,内蒙古自治区,内蒙古自治区,3,2009,http://www.ihchina.cn/art/representative.html?limit=100&p=15,2026-08-06T10:35:43+00:00,3544
inheritor_3629,罗周文,男,京族,X-7,X-7,X-007_01_450681,京族哈节,民俗,广西壮族自治区东兴市,广西壮族自治区,3,2009,http://www.ihchina.cn/art/representative.html?limit=100&p=15,2026-08-06T10:35:43+00:00,3629
inheritor_3630,岳麻通,男,景颇族,X-11,X-11,X-011_01_533124,景颇族目瑙纵歌,民俗,云南省陇川县,云南省,3,2009,http://www.ihchina.cn/art/representative.html?limit=100&p=15,2026-08-06T10:35:43+00:00,3630
inheritor_3631,陆有昌,男,汉族,X-50,X-50,X-050_01_320100,秦淮灯会,民俗,江苏省南京市,江苏省,3,2009,http://www.ihchina.cn/art/representative.html?limit=100&p=15,2026-08-06T10:35:43+00:00,3631
inheritor_3632,顾业亮,男,汉族,X-50,X-50,X-050_01_320100,秦淮灯会,民俗,江苏省南京市,江苏省,3,2009,http://www.ihchina.cn/art/representative.html?limit=100&p=15,2026-08-06T10:35:43+00:00,3632
inheritor_3633,石化明,男,苗族,X-51,X-51,X-051_01_500241,秀山花灯,民俗,重庆市秀山土家族苗族自治县,重庆市,3,2009,http://www.ihchina.cn/art/representative.html?limit=100&p=15,2026-08-06T10:35:43+00:00,3633
inheritor_3634,彭兴茂,男,土家族,X-51,X-51,X-051_01_500241,秀山花灯,民俗,重庆市秀山土家族苗族自治县,重庆市,3,2009,http://www.ihchina.cn/art/representative.html?limit=100&p=15,2026-08-06T10:35:43+00:00,3634
inheritor_3635,杜同海,男,汉族,X-54,X-54,X-054_01_140481,民间社火,民俗,山西省潞城市,山西省,3,2009,http://www.ihchina.cn/art/representative.html?limit=100&p=15,2026-08-06T10:35:43+00:00,3635
inheritor_3636,赵喜文,男,汉族,X-54,X-54,X-054_02_130121,民间社火(桃林坪花脸社火),民俗,河北省井陉县,河北省,3,2009,http://www.ihchina.cn/art/representative.html?limit=100&p=15,2026-08-06T10:35:43+00:00,3636
inheritor_3637,欧海金,男,水族,X-70,X-70,X-070_01_522700,水书习俗,民俗,贵州省黔南布依族苗族自治州,贵州省,3,2009,http://www.ihchina.cn/art/representative.html?limit=100&p=15,2026-08-06T10:35:43+00:00,3637
inheritor_3638,潘老平,男,水族,X-70,X-70,X-070_01_522700,水书习俗,民俗,贵州省黔南布依族苗族自治州,贵州省,3,2009,http://www.ihchina.cn/art/representative.html?limit=100&p=15,2026-08-06T10:35:43+00:00,3638
inheritor_3639,蔺文艺,男,汉族,X-81,X-81,X-081_02_130400,灯会(苇子灯阵),民俗,河北省邯郸市,河北省,3,2009,http://www.ihchina.cn/art/representative.html?limit=100&p=15,2026-08-06T10:35:43+00:00,3639
inheritor_3640,邵传富,男,汉族,X-81,X-81,X-081_02_340122,灯会(肥东洋蛇灯),民俗,安徽省肥东县,安徽省,3,2009,http://www.ihchina.cn/art/representative.html?limit=100&p=15,2026-08-06T10:35:43+00:00,3640
inheritor_3641,肖永庆,男,羌族,X-82,X-82,X-082_02_513223,羌年,民俗,四川省茂县,四川省,3,2009,http://www.ihchina.cn/art/representative.html?limit=100&p=15,2026-08-06T10:35:43+00:00,3641
inheritor_3642,王治升,男,羌族,X-82,X-82,X-082_02_513221,羌年,民俗,四川省汶川县,四川省,3,2009,http://www.ihchina.cn/art/representative.html?limit=100&p=15,2026-08-06T10:35:43+00:00,3642
inheritor_3643,赵云山,男,汉族,X-87,X-87,X-087_02_130525,抬阁(芯子、铁枝、飘色)(隆尧县泽畔抬阁,民俗,河北省隆尧县,河北省,3,2009,http://www.ihchina.cn/art/representative.html?limit=100&p=15,2026-08-06T10:35:43+00:00,3643
inheritor_3644,张根志,男,汉族,X-87,X-87,X-087_02_330726,抬阁(芯子、铁枝、飘色)(浦江迎会),民俗,浙江省浦江县,浙江省,3,2009,http://www.ihchina.cn/art/representative.html?limit=100&p=15,2026-08-06T10:35:43+00:00,3644
inheritor_3645,刘文昌,男,汉族,X-87,X-87,X-087_02_341221,抬阁(芯子、铁枝、飘色)(肘阁抬阁),民俗,安徽省临泉县,安徽省,3,2009,http://www.ihchina.cn/art/representative.html?limit=100&p=15,2026-08-06T10:35:43+00:00,3645
inheritor_3646,钟郁文,男,汉族,X-87,X-87,X-087_02_511528,抬阁(芯子、铁枝、飘色)(大坝高装),民俗,四川省兴文县,四川省,3,2009,http://www.ihchina.cn/art/representative.html?limit=100&p=15,2026-08-06T10:35:43+00:00,3646
inheritor_3647,符恒余,男,汉族,X-87,X-87,X-087_02_510781,抬阁(芯子、铁枝、飘色)(青林口高抬戏),民俗,四川省江油市,四川省,3,2009,http://www.ihchina.cn/art/representative.html?limit=100&p=15,2026-08-06T10:35:43+00:00,3647
inheritor_3648,邓均朝,男,汉族,X-87,X-87,X-087_02_510781,抬阁(芯子、铁枝、飘色)(青林口高抬戏),民俗,四川省江油市,四川省,3,2009,http://www.ihchina.cn/art/representative.html?limit=100&p=15,2026-08-06T10:35:43+00:00,3648
inheritor_3649,刘端富,男,汉族,X-87,X-87,X-087_02_350982,抬阁(芯子、铁枝、飘色)(福鼎沙埕铁枝),民俗,福建省福鼎市,福建省,3,2009,http://www.ihchina.cn/art/representative.html?limit=100&p=15,2026-08-06T10:35:43+00:00,3649
inheritor_3650,黎明,男,汉族,X-87,X-87,X-087_02_440883,抬阁(芯子、铁枝、飘色)(吴川飘色),民俗,广东省吴川市,广东省,3,2009,http://www.ihchina.cn/art/representative.html?limit=100&p=15,2026-08-06T10:35:43+00:00,3650
inheritor_3651,彭娘耀,男,汉族,X-87,X-87,X-087_02_441523,抬阁(芯子、铁枝、飘色)(河田高景),民俗,广东省陆河县,广东省,3,2009,http://www.ihchina.cn/art/representative.html?limit=100&p=15,2026-08-06T10:35:43+00:00,3651
inheritor_3652,王安大,男,汉族,X-104,X-104,X-104_02_511725,三汇彩亭会,民俗,四川省渠县,四川省,3,2009,http://www.ihchina.cn/art/representative.html?limit=100&p=15,2026-08-06T10:35:43+00:00,3652
inheritor_3653,贡嘎仁增,男,藏族,X-121,X-121,X-121_02_540000,藏族天文历算,民俗,西藏自治区,西藏自治区,3,2009,http://www.ihchina.cn/art/representative.html?limit=100&p=15,2026-08-06T10:35:43+00:00,3653
inheritor_773,富育光,男,汉族,I-12,I-12,I-012_01_220000,满族说部,民间文学,吉林省,吉林省,4,2012,http://www.ihchina.cn/art/representative.html?limit=100&p=15,2026-08-06T10:35:43+00:00,773
inheritor_774,张才才,男,汉族,I-14,I-14,I-014_01_130182,耿村民间故事,民间文学,河北省藁城市,河北省,4,2012,http://www.ihchina.cn/art/representative.html?limit=100&p=15,2026-08-06T10:35:43+00:00,774
inheritor_775,张永联,男,汉族,I-22,I-22,I-022_02_310118,吴歌,民间文学,上海市青浦区,上海市,4,2012,http://www.ihchina.cn/art/representative.html?limit=100&p=15,2026-08-06T10:35:43+00:00,775
inheritor_776,谢庆良,男,仫佬族,I-23,I-23,I-023_01_451281,刘三姐歌谣,民间文学,广西壮族自治区宜州市,广西壮族自治区,4,2012,http://www.ihchina.cn/art/representative.html?limit=100&p=15,2026-08-06T10:35:43+00:00,776
inheritor_777,巴达,男,蒙古族,I-26,I-26,I-026_01_652700,江格尔,民间文学,新疆维吾尔自治区博尔塔拉蒙古自治州,新疆维吾尔自治区,4,2012,http://www.ihchina.cn/art/representative.html?limit=100&p=15,2026-08-06T10:35:43+00:00,777
inheritor_778,和明远,男,藏族,I-27,I-27,I-027_01_530000,格萨(斯)尔,民间文学,云南省,云南省,4,2012,http://www.ihchina.cn/art/representative.html?limit=100&p=15,2026-08-06T10:35:43+00:00,778
inheritor_779,巴嘎,男,藏族,I-27,I-27,I-027_01_540000,格萨(斯)尔,民间文学,西藏自治区,西藏自治区,4,2012,http://www.ihchina.cn/art/representative.html?limit=100&p=15,2026-08-06T10:35:43+00:00,779
inheritor_780,钟昌尧,男,畲族,I-30,I-30,I-030_01_350921,畲族小说歌,民间文学,福建省霞浦县,福建省,4,2012,http://www.ihchina.cn/art/representative.html?limit=100&p=15,2026-08-06T10:35:43+00:00,780
inheritor_781,李国新,男,土家族,I-56,I-56,I-056_02_420528,都镇湾故事,民间文学,湖北省长阳土家族自治县,湖北省,4,2012,http://www.ihchina.cn/art/representative.html?limit=100&p=15,2026-08-06T10:35:43+00:00,781
inheritor_782,吴廷贵,男,布依族,I-62,I-62,I-062_02_520222,布依盘歌,民间文学,贵州省盘县,贵州省,4,2012,http://www.ihchina.cn/art/representative.html?limit=100&p=15,2026-08-06T10:35:43+00:00,782
inheritor_783,方贵生,男,彝族,I-64,I-64,I-064_02_532322,查姆,民间文学,云南省双柏县,云南省,4,2012,http://www.ihchina.cn/art/representative.html?limit=100&p=15,2026-08-06T10:35:43+00:00,783
inheritor_784,索克,男,蒙古族,I-70,I-70,I-070_02_632800,汗青格勒,民间文学,青海省海西蒙古族藏族自治州,青海省,4,2012,http://www.ihchina.cn/art/representative.html?limit=100&p=15,2026-08-06T10:35:43+00:00,784
inheritor_785,乌布力艾散·麦麦提,男,维吾尔族,I-71,I-71,I-071_02_650000,维吾尔族达斯坦,民间文学,新疆维吾尔自治区,新疆维吾尔自治区,4,2012,http://www.ihchina.cn/art/representative.html?limit=100&p=15,2026-08-06T10:35:43+00:00,785
inheritor_786,岩桑,男,佤族,I-74,I-74,I-074_03_530829,司岗里,民间文学,云南省西盟佤族自治县,云南省,4,2012,http://www.ihchina.cn/art/representative.html?limit=100&p=15,2026-08-06T10:35:43+00:00,786
inheritor_787,彭祖秀,女,土家族,I-112,I-112,I-112_03_433126,土家族哭嫁歌,民间文学,湖南省古丈县,湖南省,4,2012,http://www.ihchina.cn/art/representative.html?limit=100&p=15,2026-08-06T10:35:43+00:00,787
inheritor_788,农凤妹,女,壮族,I-113,I-113,I-113_03_532628,坡芽情歌,民间文学,云南省富宁县,云南省,4,2012,http://www.ihchina.cn/art/representative.html?limit=100&p=15,2026-08-06T10:35:43+00:00,788
inheritor_789,陈兴华,男,苗族,I-118,I-118,I-118_03_520425,亚鲁王,民间文学,贵州省紫云苗族布依族自治县,贵州省,4,2012,http://www.ihchina.cn/art/representative.html?limit=100&p=15,2026-08-06T10:35:43+00:00,789
inheritor_790,张桂芬,女,哈尼族,I-120,I-120,I-120_03_530822,洛奇洛耶与扎斯扎依,民间文学,云南省墨江哈尼族自治县,云南省,4,2012,http://www.ihchina.cn/art/representative.html?limit=100&p=15,2026-08-06T10:35:43+00:00,790
inheritor_791,何玉忠,男,彝族,I-121,I-121,I-121_03_532504,阿细先基,民间文学,云南省弥勒县,云南省,4,2012,http://www.ihchina.cn/art/representative.html?limit=100&p=15,2026-08-06T10:35:43+00:00,791
inheritor_792,黑萨木丁·库尔万,男,维吾尔族,I-123,I-123,I-123_03_654002,恰克恰克,民间文学,新疆维吾尔自治区伊宁市,新疆维吾尔自治区,4,2012,http://www.ihchina.cn/art/representative.html?limit=100&p=16,2026-08-06T10:35:45+00:00,792
inheritor_1039,胡格吉勒图,男,蒙古族,II-4,II-4,II-004_01_150000,蒙古族呼麦,传统音乐,内蒙古自治区,内蒙古自治区,4,2012,http://www.ihchina.cn/art/representative.html?limit=100&p=16,2026-08-06T10:35:45+00:00,1039
inheritor_1040,胡官美,女,侗族,II-28,II-28,II-028_02_522632,侗族大歌,传统音乐,贵州省榕江县,贵州省,4,2012,http://www.ihchina.cn/art/representative.html?limit=100&p=16,2026-08-06T10:35:45+00:00,1040
inheritor_1041,王永昌,男,汉族,II-34,II-34,II-034_02_320600,古琴艺术(梅庵琴派),传统音乐,江苏省南通市,江苏省,4,2012,http://www.ihchina.cn/art/representative.html?limit=100&p=16,2026-08-06T10:35:45+00:00,1041
inheritor_1042,郑云飞,男,汉族,II-34,II-34,II-034_02_330100,古琴艺术(浙派),传统音乐,浙江省杭州市,浙江省,4,2012,http://www.ihchina.cn/art/representative.html?limit=100&p=16,2026-08-06T10:35:45+00:00,1042
inheritor_1043,徐晓英,女,汉族,II-34,II-34,II-034_02_330100,古琴艺术(浙派),传统音乐,浙江省杭州市,浙江省,4,2012,http://www.ihchina.cn/art/representative.html?limit=100&p=16,2026-08-06T10:35:45+00:00,1043
inheritor_1044,余青欣,女,汉族,II-34,II-34,II-034_01_110105,古琴艺术,传统音乐,中国艺术研究院,未知,4,2012,http://www.ihchina.cn/art/representative.html?limit=100&p=16,2026-08-06T10:35:45+00:00,1044
inheritor_1045,赵家珍,女,汉族,II-34,II-34,II-034_01_110105,古琴艺术,传统音乐,中国艺术研究院,未知,4,2012,http://www.ihchina.cn/art/representative.html?limit=100&p=16,2026-08-06T10:35:45+00:00,1045
inheritor_1046,丁承运,男,汉族,II-34,II-34,II-034_01_110105,古琴艺术,传统音乐,中国艺术研究院,未知,4,2012,http://www.ihchina.cn/art/representative.html?limit=100&p=16,2026-08-06T10:35:45+00:00,1046
inheritor_1047,成公亮,男,汉族,II-34,II-34,II-034_01_110105,古琴艺术,传统音乐,中国艺术研究院,未知,4,2012,http://www.ihchina.cn/art/representative.html?limit=100&p=16,2026-08-06T10:35:45+00:00,1047
inheritor_1048,巴彦保力格,男,蒙古族,II-36,II-36,II-036_01_150000,蒙古族四胡音乐,传统音乐,内蒙古自治区通辽市,内蒙古自治区,4,2012,http://www.ihchina.cn/art/representative.html?limit=100&p=16,2026-08-06T10:35:45+00:00,1048
inheritor_1049,孟义达吗,男,蒙古族,II-36,II-36,II-036_01_150000,蒙古族四胡音乐,传统音乐,内蒙古自治区通辽市,内蒙古自治区,4,2012,http://www.ihchina.cn/art/representative.html?limit=100&p=16,2026-08-06T10:35:45+00:00,1049
inheritor_1050,莫柏槐,男,汉族,II-37,II-37,II-037_02_430321,唢呐艺术(青山唢呐),传统音乐,湖南省湘潭县,湖南省,4,2012,http://www.ihchina.cn/art/representative.html?limit=100&p=16,2026-08-06T10:35:45+00:00,1050
inheritor_1051,李岐山,男,汉族,II-37,II-37,II-037_02_610827,唢呐艺术(绥米唢呐),传统音乐,陕西省米脂县,陕西省,4,2012,http://www.ihchina.cn/art/representative.html?limit=100&p=16,2026-08-06T10:35:45+00:00,1051
inheritor_1052,汪世发,男,汉族,II-37,II-37,II-037_02_610826,唢呐艺术(绥米唢呐),传统音乐,陕西省绥德县,陕西省,4,2012,http://www.ihchina.cn/art/representative.html?limit=100&p=16,2026-08-06T10:35:45+00:00,1052
inheritor_1053,马自刚,男,汉族,II-37,II-37,II-037_01_621000,唢呐艺术,传统音乐,甘肃省庆阳市,甘肃省,4,2012,http://www.ihchina.cn/art/representative.html?limit=100&p=16,2026-08-06T10:35:45+00:00,1053
inheritor_1054,王荣棠,男,汉族,II-44,II-44,II-044_02_321012,十番音乐(邵伯锣鼓小牌子),传统音乐,江苏省江都市,江苏省,4,2012,http://www.ihchina.cn/art/representative.html?limit=100&p=16,2026-08-06T10:35:45+00:00,1054
inheritor_1055,李贞煜,男,汉族,II-44,II-44,II-044_01_350800,十番音乐(闽西客家十番音乐),传统音乐,福建省龙岩市,福建省,4,2012,http://www.ihchina.cn/art/representative.html?limit=100&p=16,2026-08-06T10:35:45+00:00,1055
inheritor_1056,方元往,男,汉族,II-44,II-44,II-044_02_350300,十番音乐(黄石惠洋十音),传统音乐,福建省莆田市,福建省,4,2012,http://www.ihchina.cn/art/representative.html?limit=100&p=16,2026-08-06T10:35:45+00:00,1056
inheritor_1057,李广福,男,汉族,II-45,II-45,II-045_02_371702,鲁西南鼓吹乐,传统音乐,山东省菏泽市牡丹区,山东省,4,2012,http://www.ihchina.cn/art/representative.html?limit=100&p=16,2026-08-06T10:35:45+00:00,1057
inheritor_1058,胡国庆,男,汉族,II-59,II-59,II-059_01_131022,冀中笙管乐(屈家营音乐会),传统音乐,河北省固安县,河北省,4,2012,http://www.ihchina.cn/art/representative.html?limit=100&p=16,2026-08-06T10:35:45+00:00,1058
inheritor_1059,胡庆学,男,汉族,II-65,II-65,II-065_01_110000,智化寺京音乐,传统音乐,北京市,北京市,4,2012,http://www.ihchina.cn/art/representative.html?limit=100&p=16,2026-08-06T10:35:45+00:00,1059
inheritor_1060,果祥,男,汉族,II-66,II-66,II-066_01_140922,五台山佛乐,传统音乐,山西省五台县,山西省,4,2012,http://www.ihchina.cn/art/representative.html?limit=100&p=16,2026-08-06T10:35:45+00:00,1060
inheritor_1061,庄龙宗,男,汉族,II-72,II-72,II-072_01_350500,泉州北管,传统音乐,福建省泉州市,福建省,4,2012,http://www.ihchina.cn/art/representative.html?limit=100&p=16,2026-08-06T10:35:45+00:00,1061
inheritor_1062,奇附林,男,蒙古族,II-92,II-92,II-092_02_150622,漫瀚调,传统音乐,内蒙古自治区准格尔旗,内蒙古自治区,4,2012,http://www.ihchina.cn/art/representative.html?limit=100&p=16,2026-08-06T10:35:45+00:00,1062
inheritor_1063,哈勒珍,女,蒙古族,II-105,II-105,II-105_02_150600,蒙古族民歌(鄂尔多斯短调民歌),传统音乐,内蒙古自治区鄂尔多斯市,内蒙古自治区,4,2012,http://www.ihchina.cn/art/representative.html?limit=100&p=16,2026-08-06T10:35:45+00:00,1063
inheritor_1064,秦德祥,男,汉族,II-137,II-137,II-137_02_320400,吟诵调(常州吟诵),传统音乐,江苏省常州市,江苏省,4,2012,http://www.ihchina.cn/art/representative.html?limit=100&p=16,2026-08-06T10:35:45+00:00,1064
inheritor_1065,释永悟,男,汉族,II-138,II-138,II-138_02_371524,佛教音乐(鱼山梵呗),传统音乐,山东省东阿县,山东省,4,2012,http://www.ihchina.cn/art/representative.html?limit=100&p=16,2026-08-06T10:35:45+00:00,1065
inheritor_1066,嘉阳乐住,男,藏族,II-138,II-138,II-138_03_513230,佛教音乐(觉囊梵音),传统音乐,四川省壤塘县,四川省,4,2012,http://www.ihchina.cn/art/representative.html?limit=100&p=16,2026-08-06T10:35:45+00:00,1066
inheritor_1067,吴炳志,男,汉族,II-139,II-139,II-139_03_820000,道教音乐(澳门道教科仪音乐),传统音乐,澳门特别行政区,澳门特别行政区,4,2012,http://www.ihchina.cn/art/representative.html?limit=100&p=16,2026-08-06T10:35:45+00:00,1067
inheritor_1068,李彩凤,女,彝族,II-145,II-145,II-145_03_532925,弥渡民歌,传统音乐,云南省弥渡县,云南省,4,2012,http://www.ihchina.cn/art/representative.html?limit=100&p=16,2026-08-06T10:35:45+00:00,1068
inheritor_1069,金星三,男,朝鲜族,II-153,II-153,II-153_03_222401,伽倻琴艺术,传统音乐,吉林省延吉市,吉林省,4,2012,http://www.ihchina.cn/art/representative.html?limit=100&p=16,2026-08-06T10:35:45+00:00,1069
inheritor_1347,吕翠琴,女,汉族,III-1,III-1,III-001_02_110106,京西太平鼓(怪村太平鼓),传统舞蹈,北京市丰台区,北京市,4,2012,http://www.ihchina.cn/art/representative.html?limit=100&p=16,2026-08-06T10:35:45+00:00,1347
inheritor_1348,赵凤岭,男,汉族,III-2,III-2,III-002_03_110105,秧歌(小红门地秧歌),传统舞蹈,北京市朝阳区,北京市,4,2012,http://www.ihchina.cn/art/representative.html?limit=100&p=16,2026-08-06T10:35:45+00:00,1348
inheritor_1349,秦梦雨,男,汉族,III-2,III-2,III-002_01_130322,秧歌(昌黎地秧歌),传统舞蹈,河北省昌黎县,河北省,4,2012,http://www.ihchina.cn/art/representative.html?limit=100&p=16,2026-08-06T10:35:45+00:00,1349
inheritor_1350,李成家,男,汉族,III-4,III-4,III-004_02_210213,龙舞(金州龙舞),传统舞蹈,辽宁省大连市金州区,辽宁省,4,2012,http://www.ihchina.cn/art/representative.html?limit=100&p=16,2026-08-06T10:35:45+00:00,1350
inheritor_1351,杨木海,男,汉族,III-4,III-4,III-004_02_320117,龙舞(骆山大龙),传统舞蹈,江苏省溧水县,江苏省,4,2012,http://www.ihchina.cn/art/representative.html?limit=100&p=16,2026-08-06T10:35:45+00:00,1351
inheritor_1352,邓斌,男,苗族,III-4,III-4,III-004_03_422827,龙舞(地龙灯),传统舞蹈,湖北省来凤县,湖北省,4,2012,http://www.ihchina.cn/art/representative.html?limit=100&p=16,2026-08-06T10:35:45+00:00,1352
inheritor_1353,田宗林,男,汉族,III-10,III-10,III-004_03_431228,龙舞(芷江孽龙),传统舞蹈,湖南省芷江侗族自治县,湖南省,4,2012,http://www.ihchina.cn/art/representative.html?limit=100&p=16,2026-08-06T10:35:45+00:00,1353
inheritor_1354,丁志凡,男,苗族,III-4,III-4,III-004_03_430529,龙舞(城步吊龙),传统舞蹈,湖南省城步苗族自治县,湖南省,4,2012,http://www.ihchina.cn/art/representative.html?limit=100&p=16,2026-08-06T10:35:45+00:00,1354
inheritor_1355,蔡沾权,男,汉族,III-4,III-4,III-004_03_442000,龙舞(六坊云龙舞),传统舞蹈,广东省中山市,广东省,4,2012,http://www.ihchina.cn/art/representative.html?limit=100&p=16,2026-08-06T10:35:45+00:00,1355
inheritor_1356,杨敬伟,男,汉族,III-5,III-5,III-005_02_110000,狮舞(白纸坊太狮),传统舞蹈,北京市,北京市,4,2012,http://www.ihchina.cn/art/representative.html?limit=100&p=16,2026-08-06T10:35:45+00:00,1356
inheritor_1357,孙炳祥,男,汉族,III-5,III-5,III-005_03_310112,狮舞(马桥手狮舞),传统舞蹈,上海市闵行区,上海市,4,2012,http://www.ihchina.cn/art/representative.html?limit=100&p=16,2026-08-06T10:35:45+00:00,1357
inheritor_1358,谢达祥,男,汉族,III-5,III-5,III-005_03_360722,狮舞(古陂蓆狮、犁狮),传统舞蹈,江西省信丰县,江西省,4,2012,http://www.ihchina.cn/art/representative.html?limit=100&p=16,2026-08-06T10:35:45+00:00,1358
inheritor_1359,李金土,男,汉族,III-5,III-5,III-005_02_410181,狮舞(小相狮舞),传统舞蹈,河南省巩义市,河南省,4,2012,http://www.ihchina.cn/art/representative.html?limit=100&p=16,2026-08-06T10:35:45+00:00,1359
inheritor_1360,李道海,男,回族,III-5,III-5,III-005_02_411624,狮舞(槐店文狮子),传统舞蹈,河南省沈丘县,河南省,4,2012,http://www.ihchina.cn/art/representative.html?limit=100&p=16,2026-08-06T10:35:45+00:00,1360
inheritor_1361,文琰森,男,汉族,III-5,III-5,III-005_03_440300,狮舞(松岗七星狮舞),传统舞蹈,广东省深圳市,广东省,4,2012,http://www.ihchina.cn/art/representative.html?limit=100&p=16,2026-08-06T10:35:45+00:00,1361
inheritor_1362,唐守益,男,苗族,III-5,III-5,III-005_03_500243,狮舞(高台狮舞),传统舞蹈,重庆市彭水苗族土家族自治县,重庆市,4,2012,http://www.ihchina.cn/art/representative.html?limit=100&p=16,2026-08-06T10:35:45+00:00,1362
inheritor_1363,石春彩,男,汉族,III-6,III-6,III-006_01_340300,花鼓灯(蚌埠花鼓灯),传统舞蹈,安徽省蚌埠市,安徽省,4,2012,http://www.ihchina.cn/art/representative.html?limit=100&p=16,2026-08-06T10:35:45+00:00,1363
inheritor_1364,韩富林,男,汉族,III-7,III-7,III-007_02_140725,傩舞(寿阳爱社),传统舞蹈,山西省寿阳县,山西省,4,2012,http://www.ihchina.cn/art/representative.html?limit=100&p=16,2026-08-06T10:35:45+00:00,1364
inheritor_1365,汪宣智,男,汉族,III-7,III-7,III-007_02_341024,傩舞(祁门傩舞),传统舞蹈,安徽省祁门县,安徽省,4,2012,http://www.ihchina.cn/art/representative.html?limit=100&p=16,2026-08-06T10:35:45+00:00,1365
inheritor_1366,龚茂发,男,汉族,III-7,III-7,III-007_02_350781,傩舞(邵武傩舞),传统舞蹈,福建省邵武市,福建省,4,2012,http://www.ihchina.cn/art/representative.html?limit=100&p=16,2026-08-06T10:35:45+00:00,1366
inheritor_1367,程金生,男,汉族,III-7,III-7,III-007_01_361130,傩舞(婺源傩舞),传统舞蹈,江西省婺源县,江西省,4,2012,http://www.ihchina.cn/art/representative.html?limit=100&p=16,2026-08-06T10:35:45+00:00,1367
inheritor_1368,段铁成,男,汉族,III-9,III-9,III-009_01_140824,高跷(高跷走兽),传统舞蹈,山西省稷山县,山西省,4,2012,http://www.ihchina.cn/art/representative.html?limit=100&p=16,2026-08-06T10:35:45+00:00,1368
inheritor_1369,郭金锁,男,汉族,III-12,III-12,III-012_01_350500,泉州拍胸舞,传统舞蹈,福建省泉州市,福建省,4,2012,http://www.ihchina.cn/art/representative.html?limit=100&p=16,2026-08-06T10:35:45+00:00,1369
inheritor_1370,汪妙林,男,汉族,III-16,III-16,III-016_01_330110,余杭滚灯,传统舞蹈,浙江省杭州市余杭区,浙江省,4,2012,http://www.ihchina.cn/art/representative.html?limit=100&p=16,2026-08-06T10:35:45+00:00,1370
inheritor_1371,田景民,男,土家族,III-17,III-17,III-017_02_500242,土家族摆手舞(酉阳摆手舞),传统舞蹈,重庆市酉阳土家族苗族自治县,重庆市,4,2012,http://www.ihchina.cn/art/representative.html?limit=100&p=16,2026-08-06T10:35:45+00:00,1371
inheritor_1372,白玛群久,男,藏族,III-22,III-22,III-022_03_542228,羌姆(拉康加羌姆),传统舞蹈,西藏自治区洛扎县,西藏自治区,4,2012,http://www.ihchina.cn/art/representative.html?limit=100&p=16,2026-08-06T10:35:45+00:00,1372
inheritor_1373,土旦群培,男,藏族,III-22,III-22,III-022_03_542223,羌姆(曲德寺阿羌姆),传统舞蹈,西藏自治区贡嘎县,西藏自治区,4,2012,http://www.ihchina.cn/art/representative.html?limit=100&p=16,2026-08-06T10:35:45+00:00,1373
inheritor_1374,陈改保,男,佤族,III-25,III-25,III-025_01_530927,木鼓舞(沧源佤族木鼓舞),传统舞蹈,云南省沧源佤族自治县,云南省,4,2012,http://www.ihchina.cn/art/representative.html?limit=100&p=16,2026-08-06T10:35:45+00:00,1374
inheritor_1375,班点义,男,瑶族,III-26,III-26,III-026_02_451029,铜鼓舞(田林瑶族铜鼓舞),传统舞蹈,广西壮族自治区田林县,广西壮族自治区,4,2012,http://www.ihchina.cn/art/representative.html?limit=100&p=16,2026-08-06T10:35:45+00:00,1375
inheritor_1376,彭南京,男,土家族,III-31,III-31,III-031_01_433100,湘西土家族毛古斯舞,传统舞蹈,湖南省湘西土家族苗族自治州,湖南省,4,2012,http://www.ihchina.cn/art/representative.html?limit=100&p=16,2026-08-06T10:35:45+00:00,1376
inheritor_1377,高如常,男,汉族,III-42,III-42,III-042_02_110114,鼓舞(花钹大鼓),传统舞蹈,北京市昌平区,北京市,4,2012,http://www.ihchina.cn/art/representative.html?limit=100&p=16,2026-08-06T10:35:45+00:00,1377
inheritor_1378,王企仁,男,汉族,III-42,III-42,III-042_03_140822,鼓舞(万荣花鼓),传统舞蹈,山西省万荣县,山西省,4,2012,http://www.ihchina.cn/art/representative.html?limit=100&p=16,2026-08-06T10:35:45+00:00,1378
inheritor_1379,陈喜顺,男,汉族,III-54,III-54,III-054_02_440515,蜈蚣舞,传统舞蹈,广东省汕头市澄海区,广东省,4,2012,http://www.ihchina.cn/art/representative.html?limit=100&p=16,2026-08-06T10:35:45+00:00,1379
inheritor_1380,道尔吉,男,蒙古族,III-57,III-57,III-057_02_152900,查玛,传统舞蹈,内蒙古自治区阿拉善盟,内蒙古自治区,4,2012,http://www.ihchina.cn/art/representative.html?limit=100&p=16,2026-08-06T10:35:45+00:00,1380
inheritor_1381,陈福炎,男,汉族,III-58,III-58,III-058_03_440400,鹤舞(三灶鹤舞),传统舞蹈,广东省珠海市,广东省,4,2012,http://www.ihchina.cn/art/representative.html?limit=100&p=16,2026-08-06T10:35:45+00:00,1381
inheritor_1382,盘振松,男,瑶族,III-60,III-60,III-060_03_451324,瑶族长鼓舞(黄泥鼓舞),传统舞蹈,广西壮族自治区金秀瑶族自治县,广西壮族自治区,4,2012,http://www.ihchina.cn/art/representative.html?limit=100&p=16,2026-08-06T10:35:45+00:00,1382
inheritor_1383,格玛次仁,男,藏族,III-66,III-66,III-066_02_513338,得荣学羌,传统舞蹈,四川省得荣县,四川省,4,2012,http://www.ihchina.cn/art/representative.html?limit=100&p=16,2026-08-06T10:35:45+00:00,1383
inheritor_1384,和振强,男,纳西族,III-76,III-76,III-076_02_530702,纳西族热美蹉,传统舞蹈,云南省丽江市古城区,云南省,4,2012,http://www.ihchina.cn/art/representative.html?limit=100&p=16,2026-08-06T10:35:45+00:00,1384
inheritor_1385,罗杰,男,藏族,III-80,III-80,III-080_02_540127,宣舞(普堆巴宣舞),传统舞蹈,西藏自治区墨竹工卡县,西藏自治区,4,2012,http://www.ihchina.cn/art/representative.html?limit=100&p=16,2026-08-06T10:35:45+00:00,1385
inheritor_1386,洛布曲珍,女,藏族,III-81,III-81,III-081_02_540100,拉萨囊玛,传统舞蹈,西藏自治区拉萨市,西藏自治区,4,2012,http://www.ihchina.cn/art/representative.html?limit=100&p=16,2026-08-06T10:35:45+00:00,1386
inheritor_1387,扎西次仁,男,藏族,III-85,III-85,III-085_02_540000,嘎尔,传统舞蹈,西藏自治区,西藏自治区,4,2012,http://www.ihchina.cn/art/representative.html?limit=100&p=16,2026-08-06T10:35:45+00:00,1387
inheritor_1388,扎西,男,藏族,III-88,III-88,III-088_02_542337,旦嘎甲谐,传统舞蹈,西藏自治区萨嘎县,西藏自治区,4,2012,http://www.ihchina.cn/art/representative.html?limit=100&p=16,2026-08-06T10:35:45+00:00,1388
inheritor_1389,道吉才让,男,藏族,III-92,III-92,III-092_02_630225,藏族螭鼓舞,传统舞蹈,青海省循化撒拉族自治县,青海省,4,2012,http://www.ihchina.cn/art/representative.html?limit=100&p=16,2026-08-06T10:35:45+00:00,1389
inheritor_1390,那斯尔·奴苏尔,男,维吾尔族,III-96,III-96,III-096_03_652923,赛乃姆(库车赛乃姆),传统舞蹈,新疆维吾尔自治区库车县,新疆维吾尔自治区,4,2012,http://www.ihchina.cn/art/representative.html?limit=100&p=16,2026-08-06T10:35:45+00:00,1390
inheritor_1391,钟会龙,男,白族,III-98,III-98,III-098_03_430822,仗鼓舞(桑植仗鼓舞),传统舞蹈,湖南省桑植县,湖南省,4,2012,http://www.ihchina.cn/art/representative.html?limit=100&p=16,2026-08-06T10:35:45+00:00,1391
inheritor_1392,钟朝良,男,黎族,III-101,III-101,III-101_03_469025,老古舞,传统舞蹈,海南省白沙黎族自治县,海南省,4,2012,http://www.ihchina.cn/art/representative.html?limit=100&p=16,2026-08-06T10:35:45+00:00,1392
inheritor_1393,龙正福,男,哈尼族,III-103,III-103,III-103_03_530428,棕扇舞,传统舞蹈,云南省元江哈尼族彝族傣族自治县,云南省,4,2012,http://www.ihchina.cn/art/representative.html?limit=100&p=16,2026-08-06T10:35:45+00:00,1393
inheritor_1394,桑珠,男,藏族,III-105,III-105,III-105_03_540124,协荣仲孜,传统舞蹈,西藏自治区曲水县,西藏自治区,4,2012,http://www.ihchina.cn/art/representative.html?limit=100&p=16,2026-08-06T10:35:45+00:00,1394
inheritor_1395,杨景艳,男,汉族,III-108,III-108,III-108_03_621126,巴当舞,传统舞蹈,甘肃省岷县,甘肃省,4,2012,http://www.ihchina.cn/art/representative.html?limit=100&p=16,2026-08-06T10:35:45+00:00,1395
inheritor_2017,沈世华,女,汉族,IV-1,IV-1,IV-001_01_110000,昆曲,传统戏剧,北京市,北京市,4,2012,http://www.ihchina.cn/art/representative.html?limit=100&p=16,2026-08-06T10:35:45+00:00,2017
inheritor_2018,王大元,男,汉族,IV-1,IV-1,IV-001_01_110000,昆曲,传统戏剧,北京市,北京市,4,2012,http://www.ihchina.cn/art/representative.html?limit=100&p=16,2026-08-06T10:35:45+00:00,2018
inheritor_2019,张铭荣,男,汉族,IV-1,IV-1,IV-001_01_310000,昆曲,传统戏剧,上海市,上海市,4,2012,http://www.ihchina.cn/art/representative.html?limit=100&p=16,2026-08-06T10:35:45+00:00,2019
inheritor_2020,顾兆琳,男,汉族,IV-1,IV-1,IV-001_01_310000,昆曲,传统戏剧,上海市,上海市,4,2012,http://www.ihchina.cn/art/representative.html?limit=100&p=16,2026-08-06T10:35:45+00:00,2020
inheritor_2021,周雪华,女,汉族,IV-1,IV-1,IV-001_01_310000,昆曲,传统戏剧,上海市,上海市,4,2012,http://www.ihchina.cn/art/representative.html?limit=100&p=16,2026-08-06T10:35:45+00:00,2021
inheritor_2022,谢宝燊,男,汉族,IV-3,IV-3,IV-003_01_350300,莆仙戏,传统戏剧,福建省莆田市,福建省,4,2012,http://www.ihchina.cn/art/representative.html?limit=100&p=16,2026-08-06T10:35:45+00:00,2022
inheritor_2023,叶全民,男,汉族,IV-9,IV-9,IV-009_01_330226,宁海平调,传统戏剧,浙江省宁海县,浙江省,4,2012,http://www.ihchina.cn/art/representative.html?limit=100&p=16,2026-08-06T10:35:45+00:00,2023
inheritor_2024,魏益新,男,汉族,IV-12,IV-12,IV-012_01_510000,川剧,传统戏剧,四川省,四川省,4,2012,http://www.ihchina.cn/art/representative.html?limit=100&p=16,2026-08-06T10:35:45+00:00,2024
inheritor_2025,余开源,男,汉族,IV-12,IV-12,IV-012_01_510000,川剧,传统戏剧,四川省,四川省,4,2012,http://www.ihchina.cn/art/representative.html?limit=100&p=16,2026-08-06T10:35:45+00:00,2025
inheritor_2026,冀萍,女,汉族,IV-18,IV-18,IV-018_01_140000,晋剧,传统戏剧,山西省,山西省,4,2012,http://www.ihchina.cn/art/representative.html?limit=100&p=16,2026-08-06T10:35:45+00:00,2026
inheritor_2027,高翠英,女,汉族,IV-18,IV-18,IV-018_03_140100,晋剧,传统戏剧,山西省太原市,山西省,4,2012,http://www.ihchina.cn/art/representative.html?limit=100&p=16,2026-08-06T10:35:45+00:00,2027
inheritor_2028,李月仙,女,汉族,IV-18,IV-18,IV-018_03_140100,晋剧,传统戏剧,山西省太原市,山西省,4,2012,http://www.ihchina.cn/art/representative.html?limit=100&p=16,2026-08-06T10:35:45+00:00,2028
inheritor_2029,阎慧贞,女,汉族,IV-18,IV-18,IV-018_03_140100,晋剧,传统戏剧,山西省太原市,山西省,4,2012,http://www.ihchina.cn/art/representative.html?limit=100&p=16,2026-08-06T10:35:45+00:00,2029
inheritor_2030,谢涛,女,汉族,IV-18,IV-18,IV-018_03_140100,晋剧,传统戏剧,山西省太原市,山西省,4,2012,http://www.ihchina.cn/art/representative.html?limit=100&p=16,2026-08-06T10:35:45+00:00,2030
inheritor_2031,康希圣,男,汉族,IV-19,IV-19,IV-019_01_140800,蒲州梆子,传统戏剧,山西省运城市,山西省,4,2012,http://www.ihchina.cn/art/representative.html?limit=100&p=16,2026-08-06T10:35:45+00:00,2031
inheritor_2032,景雪变,女,汉族,IV-19,IV-19,IV-019_01_140800,蒲州梆子,传统戏剧,山西省运城市,山西省,4,2012,http://www.ihchina.cn/art/representative.html?limit=100&p=16,2026-08-06T10:35:45+00:00,2032
inheritor_2033,王艺华,男,汉族,IV-19,IV-19,IV-019_01_140800,蒲州梆子,传统戏剧,山西省运城市,山西省,4,2012,http://www.ihchina.cn/art/representative.html?limit=100&p=16,2026-08-06T10:35:45+00:00,2033
inheritor_2034,张彩平,女,汉族,IV-20,IV-20,IV-020_01_140900,北路梆子,传统戏剧,山西省大同市,山西省,4,2012,http://www.ihchina.cn/art/representative.html?limit=100&p=16,2026-08-06T10:35:45+00:00,2034
inheritor_2035,郭孝明,男,汉族,IV-21,IV-21,IV-021_01_140500,上党梆子,传统戏剧,山西省晋城市,山西省,4,2012,http://www.ihchina.cn/art/representative.html?limit=100&p=16,2026-08-06T10:35:45+00:00,2035
inheritor_2036,刘玉玲,女,汉族,IV-22,IV-22,IV-022_02_110102,河北梆子,传统戏剧,北京市河北梆子剧团,北京市,4,2012,http://www.ihchina.cn/art/representative.html?limit=100&p=17,2026-08-06T10:35:47+00:00,2036
inheritor_2037,刘俊英,女,汉族,IV-22,IV-22,IV-022_02_120103,河北梆子,传统戏剧,天津河北梆子剧院,天津市,4,2012,http://www.ihchina.cn/art/representative.html?limit=100&p=17,2026-08-06T10:35:47+00:00,2037
inheritor_2038,许荷英,女,汉族,IV-22,IV-22,IV-022_01_130000,河北梆子,传统戏剧,河北省,河北省,4,2012,http://www.ihchina.cn/art/representative.html?limit=100&p=17,2026-08-06T10:35:47+00:00,2038
inheritor_2039,范应龙,男,汉族,IV-24,IV-24,IV-024_01_411325,宛梆,传统戏剧,河南省内乡县,河南省,4,2012,http://www.ihchina.cn/art/representative.html?limit=100&p=17,2026-08-06T10:35:47+00:00,2039
inheritor_2040,李德平,男,汉族,IV-26,IV-26,IV-026_03_410621,大平调,传统戏剧,河南省浚县,河南省,4,2012,http://www.ihchina.cn/art/representative.html?limit=100&p=17,2026-08-06T10:35:47+00:00,2040
inheritor_2041,朱绍玉,男,汉族,IV-28,IV-28,IV-028_01_110000,京剧,传统戏剧,北京市,北京市,4,2012,http://www.ihchina.cn/art/representative.html?limit=100&p=17,2026-08-06T10:35:47+00:00,2041
inheritor_2042,钮骠,男,满族,IV-28,IV-28,IV-028_01_110000,京剧,传统戏剧,北京市,北京市,4,2012,http://www.ihchina.cn/art/representative.html?limit=100&p=17,2026-08-06T10:35:47+00:00,2042
inheritor_2043,宋丹菊,女,汉族,IV-28,IV-28,IV-028_01_110000,京剧,传统戏剧,北京市,北京市,4,2012,http://www.ihchina.cn/art/representative.html?limit=100&p=17,2026-08-06T10:35:47+00:00,2043
inheritor_2044,谢锐青,女,汉族,IV-28,IV-28,IV-028_01_110000,京剧,传统戏剧,北京市,北京市,4,2012,http://www.ihchina.cn/art/representative.html?limit=100&p=17,2026-08-06T10:35:47+00:00,2044
inheritor_2045,蔡英莲,女,汉族,IV-28,IV-28,IV-028_01_110000,京剧,传统戏剧,北京市,北京市,4,2012,http://www.ihchina.cn/art/representative.html?limit=100&p=17,2026-08-06T10:35:47+00:00,2045
inheritor_2046,王玉璞,男,汉族,IV-28,IV-28,IV-028_01_310000,京剧,传统戏剧,上海市,上海市,4,2012,http://www.ihchina.cn/art/representative.html?limit=100&p=17,2026-08-06T10:35:47+00:00,2046
inheritor_2047,关松安,男,汉族,IV-28,IV-28,IV-028_01_310000,京剧,传统戏剧,上海市,上海市,4,2012,http://www.ihchina.cn/art/representative.html?limit=100&p=17,2026-08-06T10:35:47+00:00,2047
inheritor_2048,张信忠,男,汉族,IV-28,IV-28,IV-028_01_310000,京剧,传统戏剧,上海市,上海市,4,2012,http://www.ihchina.cn/art/representative.html?limit=100&p=17,2026-08-06T10:35:47+00:00,2048
inheritor_2049,梁斌,男,汉族,IV-28,IV-28,IV-028_01_310000,京剧,传统戏剧,上海市,上海市,4,2012,http://www.ihchina.cn/art/representative.html?limit=100&p=17,2026-08-06T10:35:47+00:00,2049
inheritor_2050,张善元,男,汉族,IV-28,IV-28,IV-028_01_310000,京剧,传统戏剧,上海市,上海市,4,2012,http://www.ihchina.cn/art/representative.html?limit=100&p=17,2026-08-06T10:35:47+00:00,2050
inheritor_2051,周云亮,男,汉族,IV-28,IV-28,IV-028_03_320000,京剧,传统戏剧,江苏省演艺集团,江苏省,4,2012,http://www.ihchina.cn/art/representative.html?limit=100&p=17,2026-08-06T10:35:47+00:00,2051
inheritor_2052,沈小梅,女,汉族,IV-28,IV-28,IV-028_03_320000,京剧,传统戏剧,江苏省演艺集团,江苏省,4,2012,http://www.ihchina.cn/art/representative.html?limit=100&p=17,2026-08-06T10:35:47+00:00,2052
inheritor_2053,宋长荣,男,汉族,IV-28,IV-28,IV-028_03_320800,京剧,传统戏剧,江苏省淮安市,江苏省,4,2012,http://www.ihchina.cn/art/representative.html?limit=100&p=17,2026-08-06T10:35:47+00:00,2053
inheritor_2054,杨至芳,女,汉族,IV-28,IV-28,IV-028_02_420111,京剧,传统戏剧,湖北省京剧院,湖北省,4,2012,http://www.ihchina.cn/art/representative.html?limit=100&p=17,2026-08-06T10:35:47+00:00,2054
inheritor_2055,李祖铭,男,汉族,IV-28,IV-28,IV-028_01_110102,京剧,传统戏剧,中国京剧院,未知,4,2012,http://www.ihchina.cn/art/representative.html?limit=100&p=17,2026-08-06T10:35:47+00:00,2055
inheritor_2056,刘琪,女,汉族,IV-28,IV-28,IV-028_01_110102,京剧,传统戏剧,中国京剧院,未知,4,2012,http://www.ihchina.cn/art/representative.html?limit=100&p=17,2026-08-06T10:35:47+00:00,2056
inheritor_2057,朱秉谦,男,汉族,IV-28,IV-28,IV-028_01_110102,京剧,传统戏剧,中国京剧院,未知,4,2012,http://www.ihchina.cn/art/representative.html?limit=100&p=17,2026-08-06T10:35:47+00:00,2057
inheritor_2058,李景德,男,汉族,IV-28,IV-28,IV-028_01_110102,京剧,传统戏剧,中国京剧院,未知,4,2012,http://www.ihchina.cn/art/representative.html?limit=100&p=17,2026-08-06T10:35:47+00:00,2058
inheritor_2059,沈福存,男,汉族,IV-28,IV-28,IV-028_01_110102,京剧,传统戏剧,中国京剧院,未知,4,2012,http://www.ihchina.cn/art/representative.html?limit=100&p=17,2026-08-06T10:35:47+00:00,2059
inheritor_2060,王丹红,女,汉族,IV-29,IV-29,IV-029_01_340000,徽剧,传统戏剧,安徽省,安徽省,4,2012,http://www.ihchina.cn/art/representative.html?limit=100&p=17,2026-08-06T10:35:47+00:00,2060
inheritor_2061,程良美,男,汉族,IV-30,IV-30,IV-030_01_420100,汉剧,传统戏剧,湖北省武汉市,湖北省,4,2012,http://www.ihchina.cn/art/representative.html?limit=100&p=17,2026-08-06T10:35:47+00:00,2061
inheritor_2062,何其坚,男,汉族,IV-34,IV-34,IV-034_01_430600,巴陵戏,传统戏剧,湖南省岳阳市,湖南省,4,2012,http://www.ihchina.cn/art/representative.html?limit=100&p=17,2026-08-06T10:35:47+00:00,2062
inheritor_2063,罗家宝,男,汉族,IV-36,IV-36,IV-036_01_440100,粤剧,传统戏剧,广东省文化厅,广东省,4,2012,http://www.ihchina.cn/art/representative.html?limit=100&p=17,2026-08-06T10:35:47+00:00,2063
inheritor_2064,罗桂霞,女,壮族,IV-37,IV-37,IV-037_01_450000,桂剧,传统戏剧,广西壮族自治区,广西壮族自治区,4,2012,http://www.ihchina.cn/art/representative.html?limit=100&p=17,2026-08-06T10:35:47+00:00,2064
inheritor_2065,迟皓文,女,汉族,IV-43,IV-43,IV-043_01_370000,柳子戏,传统戏剧,山东省,山东省,4,2012,http://www.ihchina.cn/art/representative.html?limit=100&p=17,2026-08-06T10:35:47+00:00,2065
inheritor_2066,杨香玉,男,汉族,IV-43,IV-43,IV-043_02_410922,柳子戏,传统戏剧,河南省清丰县,河南省,4,2012,http://www.ihchina.cn/art/representative.html?limit=100&p=17,2026-08-06T10:35:47+00:00,2066
inheritor_2067,姚继春,男,汉族,IV-44,IV-44,IV-044_01_410928,大弦戏,传统戏剧,河南省濮阳县,河南省,4,2012,http://www.ihchina.cn/art/representative.html?limit=100&p=17,2026-08-06T10:35:47+00:00,2067
inheritor_2068,张俊玲,女,汉族,IV-51,IV-51,IV-051_01_130224,评剧,传统戏剧,河北省滦南县,河北省,4,2012,http://www.ihchina.cn/art/representative.html?limit=100&p=17,2026-08-06T10:35:47+00:00,2068
inheritor_2069,袁淑梅,女,汉族,IV-51,IV-51,IV-051_03_130100,评剧,传统戏剧,河北省石家庄市,河北省,4,2012,http://www.ihchina.cn/art/representative.html?limit=100&p=17,2026-08-06T10:35:47+00:00,2069
inheritor_2070,李红霞,女,蒙古族,IV-51,IV-51,IV-051_03_130100,评剧,传统戏剧,河北省石家庄市,河北省,4,2012,http://www.ihchina.cn/art/representative.html?limit=100&p=17,2026-08-06T10:35:47+00:00,2070
inheritor_2071,荣明祥,男,汉族,IV-58,IV-58,IV-058_01_420000,楚剧,传统戏剧,湖北省,湖北省,4,2012,http://www.ihchina.cn/art/representative.html?limit=100&p=17,2026-08-06T10:35:47+00:00,2071
inheritor_2072,张光明,女,汉族,IV-58,IV-58,IV-058_01_420000,楚剧,传统戏剧,湖北省,湖北省,4,2012,http://www.ihchina.cn/art/representative.html?limit=100&p=17,2026-08-06T10:35:47+00:00,2072
inheritor_2073,孙世安,女,汉族,IV-59,IV-59,IV-059_01_429005,荆州花鼓戏,传统戏剧,湖北省潜江市,湖北省,4,2012,http://www.ihchina.cn/art/representative.html?limit=100&p=17,2026-08-06T10:35:47+00:00,2073
inheritor_2074,吴亚玲,女,汉族,IV-60,IV-60,IV-060_03_340100,黄梅戏,传统戏剧,安徽省黄梅戏剧院,安徽省,4,2012,http://www.ihchina.cn/art/representative.html?limit=100&p=17,2026-08-06T10:35:47+00:00,2074
inheritor_2075,陈宾茂,男,汉族,IV-65,IV-65,IV-065_01_360700,采茶戏(赣南采茶戏),传统戏剧,江西省赣州市,江西省,4,2012,http://www.ihchina.cn/art/representative.html?limit=100&p=17,2026-08-06T10:35:47+00:00,2075
inheritor_2076,万安安,女,汉族,IV-65,IV-65,IV-065_03_361002,采茶戏(抚州采茶戏),传统戏剧,江西省抚州市临川区,江西省,4,2012,http://www.ihchina.cn/art/representative.html?limit=100&p=17,2026-08-06T10:35:47+00:00,2076
inheritor_2077,吴燕城,女,汉族,IV-65,IV-65,IV-065_03_440200,采茶戏(粤北采茶戏),传统戏剧,广东省韶关市,广东省,4,2012,http://www.ihchina.cn/art/representative.html?limit=100&p=17,2026-08-06T10:35:47+00:00,2077
inheritor_2078,武玉梅,女,汉族,IV-70,IV-70,IV-070_02_140429,秧歌戏(繁峙秧歌戏),传统戏剧,山西省繁峙县,山西省,4,2012,http://www.ihchina.cn/art/representative.html?limit=100&p=17,2026-08-06T10:35:47+00:00,2078
inheritor_2079,杨升祥,男,汉族,IV-70,IV-70,IV-070_02_140423,秧歌戏(襄武秧歌),传统戏剧,山西省襄垣县,山西省,4,2012,http://www.ihchina.cn/art/representative.html?limit=100&p=17,2026-08-06T10:35:47+00:00,2079
inheritor_2080,黄凤兰,女,汉族,IV-71,IV-71,IV-071_03_140927,道情戏(神池道情戏),传统戏剧,山西省神池县,山西省,4,2012,http://www.ihchina.cn/art/representative.html?limit=100&p=17,2026-08-06T10:35:47+00:00,2080
inheritor_2081,刘浩智,男,汉族,IV-71,IV-71,IV-071_03_611000,道情戏(商洛道情戏),传统戏剧,陕西省商洛市,陕西省,4,2012,http://www.ihchina.cn/art/representative.html?limit=100&p=17,2026-08-06T10:35:47+00:00,2081
inheritor_2082,许月英,女,汉族,IV-73,IV-73,IV-073_01_140930,二人台,传统戏剧,山西省河曲县,山西省,4,2012,http://www.ihchina.cn/art/representative.html?limit=100&p=17,2026-08-06T10:35:47+00:00,2082
inheritor_2083,霍伴柱,男,汉族,IV-73,IV-73,IV-073_01_150100,二人台,传统戏剧,内蒙古自治区呼和浩特市,内蒙古自治区,4,2012,http://www.ihchina.cn/art/representative.html?limit=100&p=17,2026-08-06T10:35:47+00:00,2083
inheritor_2084,覃明德,男,壮族,IV-76,IV-76,IV-076_01_450000,彩调,传统戏剧,广西壮族自治区,广西壮族自治区,4,2012,http://www.ihchina.cn/art/representative.html?limit=100&p=17,2026-08-06T10:35:47+00:00,2084
inheritor_2085,刘胜杨,男,汉族,IV-78,IV-78,IV-078_01_520624,花灯戏(思南花灯戏),传统戏剧,贵州省思南县,贵州省,4,2012,http://www.ihchina.cn/art/representative.html?limit=100&p=17,2026-08-06T10:35:47+00:00,2085
inheritor_2086,欧噜雪吧,男,藏族,IV-80,IV-80,IV-080_03_540123,藏戏(尼木塔荣藏戏),传统戏剧,西藏自治区尼木县,西藏自治区,4,2012,http://www.ihchina.cn/art/representative.html?limit=100&p=17,2026-08-06T10:35:47+00:00,2086
inheritor_2087,李先加,男,藏族,IV-80,IV-80,IV-080_01_632300,藏戏(黄南藏戏),传统戏剧,青海省黄南藏族自治州,青海省,4,2012,http://www.ihchina.cn/art/representative.html?limit=100&p=17,2026-08-06T10:35:47+00:00,2087
inheritor_2088,张军,男,汉族,IV-88,IV-88,IV-088_01_140821,锣鼓杂戏,传统戏剧,山西省临猗县,山西省,4,2012,http://www.ihchina.cn/art/representative.html?limit=100&p=17,2026-08-06T10:35:47+00:00,2088
inheritor_2089,桂训锦,男,汉族,IV-89,IV-89,IV-089_03_360426,傩戏(德安潘公戏),传统戏剧,江西省德安县,江西省,4,2012,http://www.ihchina.cn/art/representative.html?limit=100&p=17,2026-08-06T10:35:47+00:00,2089
inheritor_2090,苏立文,男,汉族,IV-89,IV-89,IV-089_03_431381,傩戏(梅山傩戏),传统戏剧,湖南省冷水江市,湖南省,4,2012,http://www.ihchina.cn/art/representative.html?limit=100&p=17,2026-08-06T10:35:47+00:00,2090
inheritor_2091,张向东,男,汉族,IV-91,IV-91,IV-091_03_130322,皮影戏(昌黎皮影戏),传统戏剧,河北省昌黎县,河北省,4,2012,http://www.ihchina.cn/art/representative.html?limit=100&p=17,2026-08-06T10:35:47+00:00,2091
inheritor_2093,秦礼刚,男,汉族,IV-91,IV-91,IV-091_03_420923,皮影戏(云梦皮影戏),传统戏剧,湖北省云梦县,湖北省,4,2012,http://www.ihchina.cn/art/representative.html?limit=100&p=17,2026-08-06T10:35:47+00:00,2093
inheritor_2094,李桂香,女,汉族,IV-91,IV-91,IV-091_02_430111,皮影戏(湖南皮影戏),传统戏剧,湖南省木偶皮影艺术剧院,湖南省,4,2012,http://www.ihchina.cn/art/representative.html?limit=100&p=17,2026-08-06T10:35:47+00:00,2094
inheritor_2095,王彪,男,汉族,IV-91,IV-91,IV-091_02_511381,皮影戏(四川皮影戏),传统戏剧,四川省阆中市,四川省,4,2012,http://www.ihchina.cn/art/representative.html?limit=100&p=17,2026-08-06T10:35:47+00:00,2095
inheritor_2096,刘永周,男,汉族,IV-91,IV-91,IV-091_03_530522,皮影戏(腾冲皮影戏),传统戏剧,云南省腾冲县,云南省,4,2012,http://www.ihchina.cn/art/representative.html?limit=100&p=17,2026-08-06T10:35:47+00:00,2096
inheritor_2097,汪天稳,男,汉族,IV-91,IV-91,IV-091_01_610500,皮影戏(华县皮影戏),传统戏剧,陕西省渭南市,陕西省,4,2012,http://www.ihchina.cn/art/representative.html?limit=100&p=17,2026-08-06T10:35:47+00:00,2097
inheritor_2098,靳生昌,男,汉族,IV-91,IV-91,IV-091_02_630000,皮影戏(河湟皮影戏),传统戏剧,青海省,青海省,4,2012,http://www.ihchina.cn/art/representative.html?limit=100&p=17,2026-08-06T10:35:47+00:00,2098
inheritor_2099,郑国芳,男,汉族,IV-92,IV-92,IV-092_03_310106,木偶戏(海派木偶戏),传统戏剧,上海木偶剧团,上海市,4,2012,http://www.ihchina.cn/art/representative.html?limit=100&p=17,2026-08-06T10:35:47+00:00,2099
inheritor_2100,季桂芳,男,汉族,IV-92,IV-92,IV-092_03_330329,木偶戏(泰顺提线木偶戏),传统戏剧,浙江省泰顺县,浙江省,4,2012,http://www.ihchina.cn/art/representative.html?limit=100&p=17,2026-08-06T10:35:47+00:00,2100
inheritor_2101,武筱凤,女,汉族,IV-102,IV-102,IV-102_02_310101,淮剧,传统戏剧,上海淮剧团,上海市,4,2012,http://www.ihchina.cn/art/representative.html?limit=100&p=17,2026-08-06T10:35:47+00:00,2101
inheritor_2102,程少樑,男,汉族,IV-102,IV-102,IV-102_02_310101,淮剧,传统戏剧,上海淮剧团,上海市,4,2012,http://www.ihchina.cn/art/representative.html?limit=100&p=17,2026-08-06T10:35:47+00:00,2102
inheritor_2103,何双林,男,汉族,IV-102,IV-102,IV-102_02_310101,淮剧,传统戏剧,上海淮剧团,上海市,4,2012,http://www.ihchina.cn/art/representative.html?limit=100&p=17,2026-08-06T10:35:47+00:00,2103
inheritor_2104,陈德林,男,汉族,IV-102,IV-102,IV-102_03_321200,淮剧,传统戏剧,江苏省泰州市,江苏省,4,2012,http://www.ihchina.cn/art/representative.html?limit=100&p=17,2026-08-06T10:35:47+00:00,2104
inheritor_2105,王根兴,男,汉族,IV-103,IV-103,IV-103_02_320400,锡剧,传统戏剧,江苏省演艺集团锡剧团,江苏省,4,2012,http://www.ihchina.cn/art/representative.html?limit=100&p=17,2026-08-06T10:35:47+00:00,2105
inheritor_2106,杨柳汀,男,汉族,IV-107,IV-107,IV-107_02_330200,甬剧,传统戏剧,浙江省宁波市,浙江省,4,2012,http://www.ihchina.cn/art/representative.html?limit=100&p=17,2026-08-06T10:35:47+00:00,2106
inheritor_2107,章宗义,男,汉族,IV-109,IV-109,IV-109_02_330600,绍剧,传统戏剧,浙江省绍兴市,浙江省,4,2012,http://www.ihchina.cn/art/representative.html?limit=100&p=17,2026-08-06T10:35:47+00:00,2107
inheritor_2108,刘建杨,男,汉族,IV-109,IV-109,IV-109_02_330600,绍剧,传统戏剧,浙江省绍兴市,浙江省,4,2012,http://www.ihchina.cn/art/representative.html?limit=100&p=17,2026-08-06T10:35:47+00:00,2108
inheritor_2109,张建敏,女,汉族,IV-110,IV-110,IV-110_02_330700,婺剧,传统戏剧,浙江省金华市,浙江省,4,2012,http://www.ihchina.cn/art/representative.html?limit=100&p=17,2026-08-06T10:35:47+00:00,2109
inheritor_2110,陈美兰,女,汉族,IV-110,IV-110,IV-110_02_330700,婺剧,传统戏剧,浙江省金华市,浙江省,4,2012,http://www.ihchina.cn/art/representative.html?limit=100&p=17,2026-08-06T10:35:47+00:00,2110
inheritor_2111,余杞敏,女,汉族,IV-111,IV-111,IV-111_02_340826,文南词,传统戏剧,安徽省宿松县,安徽省,4,2012,http://www.ihchina.cn/art/representative.html?limit=100&p=17,2026-08-06T10:35:47+00:00,2111
inheritor_2112,潘爱芳,女,汉族,IV-112,IV-112,IV-112_03_429004,花鼓戏(荆州花鼓戏),传统戏剧,湖北省仙桃市,湖北省,4,2012,http://www.ihchina.cn/art/representative.html?limit=100&p=17,2026-08-06T10:35:47+00:00,2112
inheritor_2113,杨小兰,女,汉族,IV-112,IV-112,IV-112_03_430400,花鼓戏(衡州花鼓戏),传统戏剧,湖南省衡阳市,湖南省,4,2012,http://www.ihchina.cn/art/representative.html?limit=100&p=17,2026-08-06T10:35:47+00:00,2113
inheritor_2114,欧阳觉文,男,汉族,IV-112,IV-112,IV-112_03_430102,花鼓戏(长沙花鼓戏),传统戏剧,湖南省花鼓戏剧院,湖南省,4,2012,http://www.ihchina.cn/art/representative.html?limit=100&p=17,2026-08-06T10:35:47+00:00,2114
inheritor_2115,王永昌,男,汉族,IV-116,IV-116,IV-116_03_371600,吕剧,传统戏剧,山东省滨州市,山东省,4,2012,http://www.ihchina.cn/art/representative.html?limit=100&p=17,2026-08-06T10:35:47+00:00,2115
inheritor_2116,丁瑞魁,男,汉族,IV-124,IV-124,IV-124_02_410823,二股弦,传统戏剧,河南省武陟县,河南省,4,2012,http://www.ihchina.cn/art/representative.html?limit=100&p=17,2026-08-06T10:35:47+00:00,2116
inheritor_2117,甘伯炼,男,汉族,IV-126,IV-126,IV-126_02_421223,提琴戏,传统戏剧,湖北省崇阳县,湖北省,4,2012,http://www.ihchina.cn/art/representative.html?limit=100&p=17,2026-08-06T10:35:47+00:00,2117
inheritor_2118,张少君,女,汉族,IV-128,IV-128,IV-128_02_430400,祁剧,传统戏剧,湖南省衡阳市,湖南省,4,2012,http://www.ihchina.cn/art/representative.html?limit=100&p=17,2026-08-06T10:35:47+00:00,2118
inheritor_2119,梁家梁,男,汉族,IV-130,IV-130,IV-130_02_460108,琼剧,传统戏剧,海南省琼剧院,海南省,4,2012,http://www.ihchina.cn/art/representative.html?limit=100&p=17,2026-08-06T10:35:47+00:00,2119
inheritor_2120,孙国际,男,汉族,IV-147,IV-147,IV-147_03_410522,淮调,传统戏剧,河南省安阳县,河南省,4,2012,http://www.ihchina.cn/art/representative.html?limit=100&p=17,2026-08-06T10:35:47+00:00,2120
inheritor_2121,袁章考,男,汉族,IV-148,IV-148,IV-148_03_410527,落腔,传统戏剧,河南省内黄县,河南省,4,2012,http://www.ihchina.cn/art/representative.html?limit=100&p=17,2026-08-06T10:35:47+00:00,2121
inheritor_2122,金由英,女,汉族,IV-150,IV-150,IV-150_03_440882,雷剧,传统戏剧,广东省雷州市,广东省,4,2012,http://www.ihchina.cn/art/representative.html?limit=100&p=17,2026-08-06T10:35:47+00:00,2122
inheritor_2123,张晓东,女,汉族,IV-155,IV-155,IV-155_03_341300,淮北梆子戏,传统戏剧,安徽省宿州市,安徽省,4,2012,http://www.ihchina.cn/art/representative.html?limit=100&p=17,2026-08-06T10:35:47+00:00,2123
inheritor_2124,翁双杰,男,汉族,IV-156,IV-156,IV-156_03_310101,滑稽戏,传统戏剧,上海滑稽剧团,上海市,4,2012,http://www.ihchina.cn/art/representative.html?limit=100&p=17,2026-08-06T10:35:47+00:00,2124
inheritor_2125,严顺开,男,汉族,IV-156,IV-156,IV-156_03_310101,滑稽戏,传统戏剧,上海滑稽剧团,上海市,4,2012,http://www.ihchina.cn/art/representative.html?limit=100&p=17,2026-08-06T10:35:47+00:00,2125
inheritor_2126,顾芗,女,汉族,IV-156,IV-156,IV-156_03_320500,滑稽戏,传统戏剧,江苏省苏州市,江苏省,4,2012,http://www.ihchina.cn/art/representative.html?limit=100&p=17,2026-08-06T10:35:47+00:00,2126
inheritor_2127,张克勤,男,汉族,IV-156,IV-156,IV-156_03_320500,滑稽戏,传统戏剧,江苏省苏州市,江苏省,4,2012,http://www.ihchina.cn/art/representative.html?limit=100&p=17,2026-08-06T10:35:47+00:00,2127
inheritor_2418,江文兰,女,汉族,V-1,V-1,V-001_02_310000,苏州评弹(苏州评话、苏州弹词),曲艺,上海市书场工作者协会,上海市,4,2012,http://www.ihchina.cn/art/representative.html?limit=100&p=17,2026-08-06T10:35:47+00:00,2418
inheritor_2419,赵开生,男,汉族,V-1,V-1,V-001_02_310000,苏州评弹(苏州评话、苏州弹词),曲艺,上海市书场工作者协会,上海市,4,2012,http://www.ihchina.cn/art/representative.html?limit=100&p=17,2026-08-06T10:35:47+00:00,2419
inheritor_2420,陈丽洁,女,汉族,V-6,V-6,V-006_02_210700,东北大鼓,曲艺,辽宁省锦州市,辽宁省,4,2012,http://www.ihchina.cn/art/representative.html?limit=100&p=17,2026-08-06T10:35:47+00:00,2420
inheritor_2421,贾幼然,男,汉族,V-8,V-8,V-008_01_130225,乐亭大鼓,曲艺,河北省乐亭县,河北省,4,2012,http://www.ihchina.cn/art/representative.html?limit=100&p=17,2026-08-06T10:35:47+00:00,2421
inheritor_2422,陈志雄,男,汉族,V-13,V-13,V-013_01_330381,温州鼓词,曲艺,浙江省瑞安市,浙江省,4,2012,http://www.ihchina.cn/art/representative.html?limit=100&p=17,2026-08-06T10:35:47+00:00,2422
inheritor_2423,沈永宁,男,汉族,V-19,V-19,V-019_02_630100,贤孝(西宁贤孝),曲艺,青海省西宁市,青海省,4,2012,http://www.ihchina.cn/art/representative.html?limit=100&p=17,2026-08-06T10:35:47+00:00,2423
inheritor_2424,刘士福,男,汉族,V-21,V-21,V-021_01_370000,山东琴书,曲艺,山东省,山东省,4,2012,http://www.ihchina.cn/art/representative.html?limit=100&p=17,2026-08-06T10:35:47+00:00,2424
inheritor_2425,朱丽华,女,汉族,V-21,V-21,V-021_01_370000,山东琴书,曲艺,山东省,山东省,4,2012,http://www.ihchina.cn/art/representative.html?limit=100&p=17,2026-08-06T10:35:47+00:00,2425
inheritor_2426,陈增三,男,汉族,V-24,V-24,V-024_01_620100,兰州鼓子,曲艺,甘肃省兰州市,甘肃省,4,2012,http://www.ihchina.cn/art/representative.html?limit=100&p=17,2026-08-06T10:35:47+00:00,2426
inheritor_2427,王素华,女,汉族,V-26,V-26,V-026_01_350600,锦歌,曲艺,福建省漳州市,福建省,4,2012,http://www.ihchina.cn/art/representative.html?limit=100&p=18,2026-08-06T10:35:49+00:00,2427
inheritor_2428,董孝芳,男,汉族,V-35,V-35,V-035_01_220000,东北二人转,曲艺,吉林省,吉林省,4,2012,http://www.ihchina.cn/art/representative.html?limit=100&p=18,2026-08-06T10:35:49+00:00,2428
inheritor_2429,韩子平,男,汉族,V-35,V-35,V-035_01_220000,东北二人转,曲艺,吉林省,吉林省,4,2012,http://www.ihchina.cn/art/representative.html?limit=100&p=18,2026-08-06T10:35:49+00:00,2429
inheritor_2430,高景佐,男,汉族,V-39,V-39,V-039_01_370000,山东快书,曲艺,山东省,山东省,4,2012,http://www.ihchina.cn/art/representative.html?limit=100&p=18,2026-08-06T10:35:49+00:00,2430
inheritor_2431,代沃德,男,蒙古族,V-40,V-40,V-040_01_152222,乌力格尔,曲艺,内蒙古自治区科尔沁右翼中旗,内蒙古自治区,4,2012,http://www.ihchina.cn/art/representative.html?limit=100&p=18,2026-08-06T10:35:49+00:00,2431
inheritor_2432,加玛勒汗·哈拉巴特,女,哈萨克族,V-45,V-45,V-045_01_654000,哈萨克族阿依特斯,曲艺,新疆维吾尔自治区伊犁哈萨克自治州,新疆维吾尔自治区,4,2012,http://www.ihchina.cn/art/representative.html?limit=100&p=18,2026-08-06T10:35:49+00:00,2432
inheritor_2433,姜昆,男,汉族,V-47,V-47,V-047_02_110102,相声,曲艺,中国广播艺术团,未知,4,2012,http://www.ihchina.cn/art/representative.html?limit=100&p=18,2026-08-06T10:35:49+00:00,2433
inheritor_2434,陆倚琴,女,汉族,V-48,V-48,V-048_02_120103,京韵大鼓,曲艺,天津市曲艺团,天津市,4,2012,http://www.ihchina.cn/art/representative.html?limit=100&p=18,2026-08-06T10:35:49+00:00,2434
inheritor_2435,刘春爱,女,汉族,V-48,V-48,V-048_02_120103,京韵大鼓,曲艺,天津市曲艺团,天津市,4,2012,http://www.ihchina.cn/art/representative.html?limit=100&p=18,2026-08-06T10:35:49+00:00,2435
inheritor_2436,张蕴华,女,满族,V-49,V-49,V-049_02_110102,单弦牌子曲(含岔曲),曲艺,北京市西城区,北京市,4,2012,http://www.ihchina.cn/art/representative.html?limit=100&p=18,2026-08-06T10:35:49+00:00,2436
inheritor_2437,姚祺儿,男,汉族,V-68,V-68,V-068_02_310101,独脚戏,曲艺,上海市黄浦区,上海市,4,2012,http://www.ihchina.cn/art/representative.html?limit=100&p=18,2026-08-06T10:35:49+00:00,2437
inheritor_2438,何忠华,女,汉族,V-70,V-70,V-070_02_420100,湖北小曲,曲艺,湖北省武汉市,湖北省,4,2012,http://www.ihchina.cn/art/representative.html?limit=100&p=18,2026-08-06T10:35:49+00:00,2438
inheritor_2439,张巧玲,女,汉族,V-73,V-73,V-073_02_320300,徐州琴书,曲艺,江苏省徐州市,江苏省,4,2012,http://www.ihchina.cn/art/representative.html?limit=100&p=18,2026-08-06T10:35:49+00:00,2439
inheritor_2440,陈再碧,女,汉族,V-75,V-75,V-075_03_500000,四川扬琴,曲艺,重庆市曲艺团,重庆市,4,2012,http://www.ihchina.cn/art/representative.html?limit=100&p=18,2026-08-06T10:35:49+00:00,2440
inheritor_2441,吴卡亚,女,汉族,V-76,V-76,V-076_02_500101,四川竹琴,曲艺,重庆市三峡曲艺团,重庆市,4,2012,http://www.ihchina.cn/art/representative.html?limit=100&p=18,2026-08-06T10:35:49+00:00,2441
inheritor_2442,刘国福,男,汉族,V-76,V-76,V-076_02_500101,四川竹琴,曲艺,重庆市三峡曲艺团,重庆市,4,2012,http://www.ihchina.cn/art/representative.html?limit=100&p=18,2026-08-06T10:35:49+00:00,2442
inheritor_2443,张永贵,男,汉族,V-76,V-76,V-076_02_510106,四川竹琴,曲艺,四川省成都艺术剧院,四川省,4,2012,http://www.ihchina.cn/art/representative.html?limit=100&p=18,2026-08-06T10:35:49+00:00,2443
inheritor_2444,李静明,女,汉族,V-77,V-77,V-077_03_500000,四川清音,曲艺,重庆市曲艺团,重庆市,4,2012,http://www.ihchina.cn/art/representative.html?limit=100&p=18,2026-08-06T10:35:49+00:00,2444
inheritor_2445,何红玉,女,汉族,V-87,V-87,V-087_02_450300,广西文场,曲艺,广西壮族自治区桂林市,广西壮族自治区,4,2012,http://www.ihchina.cn/art/representative.html?limit=100&p=18,2026-08-06T10:35:49+00:00,2445
inheritor_2446,陈秀芬,女,汉族,V-87,V-87,V-087_02_450300,广西文场,曲艺,广西壮族自治区桂林市,广西壮族自治区,4,2012,http://www.ihchina.cn/art/representative.html?limit=100&p=18,2026-08-06T10:35:49+00:00,2446
inheritor_2447,刘延彪,男,汉族,V-94,V-94,V-094_02_630000,青海下弦,曲艺,青海省,青海省,4,2012,http://www.ihchina.cn/art/representative.html?limit=100&p=18,2026-08-06T10:35:49+00:00,2447
inheritor_2448,曹有元,男,汉族,V-97,V-97,V-097_03_140100,莲花落,曲艺,山西省太原市,山西省,4,2012,http://www.ihchina.cn/art/representative.html?limit=100&p=18,2026-08-06T10:35:49+00:00,2448
inheritor_2449,姜信子,女,朝鲜族,V-102,V-102,V-102_03_222400,盘索里,曲艺,吉林省延边朝鲜族自治州,吉林省,4,2012,http://www.ihchina.cn/art/representative.html?limit=100&p=18,2026-08-06T10:35:49+00:00,2449
inheritor_2450,徐勍,男,汉族,V-110,V-110,V-110_03_500000,四川评书,曲艺,重庆市曲艺团,重庆市,4,2012,http://www.ihchina.cn/art/representative.html?limit=100&p=18,2026-08-06T10:35:49+00:00,2450
inheritor_2451,吴咏梅,女,汉族,V-112,V-112,V-112_03_820000,南音说唱,曲艺,澳门特别行政区,澳门特别行政区,4,2012,http://www.ihchina.cn/art/representative.html?limit=100&p=18,2026-08-06T10:35:49+00:00,2451
inheritor_2542,那巴特尔,男,蒙古族,VI-22,VI-22,VI-022_02_152900,沙力博尔式摔跤,传统体育、游艺与杂技,内蒙古自治区阿拉善左旗,内蒙古自治区,4,2012,http://www.ihchina.cn/art/representative.html?limit=100&p=18,2026-08-06T10:35:49+00:00,2542
inheritor_2543,孙志均,男,汉族,VI-25,VI-25,VI-025_03_110102,八卦掌,传统体育、游艺与杂技,北京市西城区,北京市,4,2012,http://www.ihchina.cn/art/representative.html?limit=100&p=18,2026-08-06T10:35:49+00:00,2543
inheritor_2544,张玉林,男,汉族,VI-26,VI-26,VI-026_02_131182,形意拳,传统体育、游艺与杂技,河北省深州市,河北省,4,2012,http://www.ihchina.cn/art/representative.html?limit=100&p=18,2026-08-06T10:35:49+00:00,2544
inheritor_2545,陈桂学,男,汉族,VI-27,VI-27,VI-027_02_130638,鹰爪翻子拳,传统体育、游艺与杂技,河北省雄县,河北省,4,2012,http://www.ihchina.cn/art/representative.html?limit=100&p=18,2026-08-06T10:35:49+00:00,2545
inheritor_2546,李洳波,男,汉族,VI-30,VI-30,VI-030_02_411100,心意六合拳,传统体育、游艺与杂技,河南省漯河市,河南省,4,2012,http://www.ihchina.cn/art/representative.html?limit=100&p=18,2026-08-06T10:35:49+00:00,2546
inheritor_2547,周昆民,男,汉族,VI-31,VI-31,VI-031_02_350500,五祖拳,传统体育、游艺与杂技,福建省泉州市,福建省,4,2012,http://www.ihchina.cn/art/representative.html?limit=100&p=18,2026-08-06T10:35:49+00:00,2547
inheritor_2548,肖桂森,男,汉族,VI-47,VI-47,VI-047_03_120101,戏法,传统体育、游艺与杂技,天津市和平区,天津市,4,2012,http://www.ihchina.cn/art/representative.html?limit=100&p=18,2026-08-06T10:35:49+00:00,2548
inheritor_2549,卜树权,男,汉族,VI-48,VI-48,VI-048_02_320925,建湖杂技,传统体育、游艺与杂技,江苏省建湖县,江苏省,4,2012,http://www.ihchina.cn/art/representative.html?limit=100&p=18,2026-08-06T10:35:49+00:00,2549
inheritor_2550,李正丙,男,汉族,VI-51,VI-51,VI-051_02_341302,马戏(埇桥马戏),传统体育、游艺与杂技,安徽省宿州市埇桥区,安徽省,4,2012,http://www.ihchina.cn/art/representative.html?limit=100&p=18,2026-08-06T10:35:49+00:00,2550
inheritor_2551,李义军,男,汉族,VI-59,VI-59,VI-059_03_371728,佛汉拳,传统体育、游艺与杂技,山东省东明县,山东省,4,2012,http://www.ihchina.cn/art/representative.html?limit=100&p=18,2026-08-06T10:35:49+00:00,2551
inheritor_2552,董文焕,男,汉族,VI-63,VI-63,VI-063_03_341600,华佗五禽戏,传统体育、游艺与杂技,安徽省亳州市,安徽省,4,2012,http://www.ihchina.cn/art/representative.html?limit=100&p=18,2026-08-06T10:35:49+00:00,2552
inheritor_2553,沈少三,男,回族,VI-64,VI-64,VI-064_03_410200,撂石锁,传统体育、游艺与杂技,河南省开封市,河南省,4,2012,http://www.ihchina.cn/art/representative.html?limit=100&p=18,2026-08-06T10:35:49+00:00,2553
inheritor_2554,牛玉亮,男,汉族,VI-70,VI-70,VI-070_03_110102,口技,传统体育、游艺与杂技,北京市西城区,北京市,4,2012,http://www.ihchina.cn/art/representative.html?limit=100&p=18,2026-08-06T10:35:49+00:00,2554
inheritor_2751,高腊梅,女,汉族,VII-87,VII-87,VII-008_01_430524,滩头木版年画,传统美术,湖南省隆回县,湖南省,4,2012,http://www.ihchina.cn/art/representative.html?limit=100&p=18,2026-08-06T10:35:49+00:00,2751
inheritor_2752,颜登泽仁,男,藏族,VII-14,VII-14,VII-014_01_513300,藏族唐卡(噶玛嘎孜画派),传统美术,四川省甘孜藏族自治州,四川省,4,2012,http://www.ihchina.cn/art/representative.html?limit=100&p=18,2026-08-06T10:35:49+00:00,2752
inheritor_2753,罗布斯达,男,藏族,VII-14,VII-14,VII-014_03_540000,藏族唐卡(勉萨画派),传统美术,西藏自治区,西藏自治区,4,2012,http://www.ihchina.cn/art/representative.html?limit=100&p=18,2026-08-06T10:35:49+00:00,2753
inheritor_2754,希热布,男,藏族,VII-14,VII-14,VII-014_02_623027,藏族唐卡(甘南藏族唐卡),传统美术,甘肃省夏河县,甘肃省,4,2012,http://www.ihchina.cn/art/representative.html?limit=100&p=18,2026-08-06T10:35:49+00:00,2754
inheritor_2755,九麦,男,藏族,VII-14,VII-14,VII-014_02_623027,藏族唐卡(甘南藏族唐卡),传统美术,甘肃省夏河县,甘肃省,4,2012,http://www.ihchina.cn/art/representative.html?limit=100&p=18,2026-08-06T10:35:49+00:00,2755
inheritor_2756,周广,男,汉族,VII-16,VII-16,VII-016_01_130726,剪纸(蔚县剪纸),传统美术,河北省蔚县,河北省,4,2012,http://www.ihchina.cn/art/representative.html?limit=100&p=18,2026-08-06T10:35:49+00:00,2756
inheritor_2757,周淑英,女,汉族,VII-16,VII-16,VII-016_01_130726,剪纸(蔚县剪纸),传统美术,河北省蔚县,河北省,4,2012,http://www.ihchina.cn/art/representative.html?limit=100&p=18,2026-08-06T10:35:49+00:00,2757
inheritor_2758,段建珺,男,汉族,VII-16,VII-16,VII-016_02_150123,剪纸(和林格尔剪纸),传统美术,内蒙古自治区和林格尔县,内蒙古自治区,4,2012,http://www.ihchina.cn/art/representative.html?limit=100&p=18,2026-08-06T10:35:49+00:00,2758
inheritor_2759,刘静兰,女,汉族,VII-16,VII-16,VII-016_03_150200,剪纸(包头剪纸),传统美术,内蒙古自治区包头市,内蒙古自治区,4,2012,http://www.ihchina.cn/art/representative.html?limit=100&p=18,2026-08-06T10:35:49+00:00,2759
inheritor_2760,关淑梅,女,满族,VII-16,VII-16,VII-016_02_210422,剪纸(新宾满族剪纸),传统美术,辽宁省新宾满族自治县,辽宁省,4,2012,http://www.ihchina.cn/art/representative.html?limit=100&p=18,2026-08-06T10:35:49+00:00,2760
inheritor_2761,倪友芝,女,汉族,VII-16,VII-16,VII-016_02_220500,剪纸(长白山满族剪纸),传统美术,吉林省通化市,吉林省,4,2012,http://www.ihchina.cn/art/representative.html?limit=100&p=18,2026-08-06T10:35:49+00:00,2761
inheritor_2762,奚小琴,女,汉族,VII-16,VII-16,VII-016_02_310104,剪纸(上海剪纸),传统美术,上海市徐汇区,上海市,4,2012,http://www.ihchina.cn/art/representative.html?limit=100&p=18,2026-08-06T10:35:49+00:00,2762
inheritor_2763,程兴红,男,汉族,VII-16,VII-16,VII-016_02_341200,剪纸(阜阳剪纸),传统美术,安徽省阜阳市,安徽省,4,2012,http://www.ihchina.cn/art/representative.html?limit=100&p=18,2026-08-06T10:35:49+00:00,2763
inheritor_2764,王朋草,女,汉族,VII-16,VII-16,VII-016_02_411282,剪纸(灵宝剪纸),传统美术,河南省灵宝市,河南省,4,2012,http://www.ihchina.cn/art/representative.html?limit=100&p=18,2026-08-06T10:35:49+00:00,2764
inheritor_2765,管丽芳,女,汉族,VII-16,VII-16,VII-016_02_420902,剪纸(孝感雕花剪纸),传统美术,湖北省孝感市孝南区,湖北省,4,2012,http://www.ihchina.cn/art/representative.html?limit=100&p=18,2026-08-06T10:35:49+00:00,2765
inheritor_2766,邵梅罕,女,傣族,VII-16,VII-16,VII-016_01_533103,剪纸(傣族剪纸),传统美术,云南省潞西市,云南省,4,2012,http://www.ihchina.cn/art/representative.html?limit=100&p=18,2026-08-06T10:35:49+00:00,2766
inheritor_2767,高凤莲,女,汉族,VII-16,VII-16,VII-016_03_610622,剪纸(延川剪纸),传统美术,陕西省延川县,陕西省,4,2012,http://www.ihchina.cn/art/representative.html?limit=100&p=18,2026-08-06T10:35:49+00:00,2767
inheritor_2768,余福臻,女,汉族,VII-18,VII-18,VII-018_01_320500,苏绣,传统美术,江苏省苏州市,江苏省,4,2012,http://www.ihchina.cn/art/representative.html?limit=100&p=18,2026-08-06T10:35:49+00:00,2768
inheritor_2769,张玉英,女,汉族,VII-18,VII-18,VII-018_01_320500,苏绣,传统美术,江苏省苏州市,江苏省,4,2012,http://www.ihchina.cn/art/representative.html?limit=100&p=18,2026-08-06T10:35:49+00:00,2769
inheritor_2770,蒋雪英,女,汉族,VII-18,VII-18,VII-018_01_320500,苏绣,传统美术,江苏省苏州市,江苏省,4,2012,http://www.ihchina.cn/art/representative.html?limit=100&p=18,2026-08-06T10:35:49+00:00,2770
inheritor_2771,姚惠芬,女,汉族,VII-18,VII-18,VII-018_01_320500,苏绣,传统美术,江苏省苏州市,江苏省,4,2012,http://www.ihchina.cn/art/representative.html?limit=100&p=18,2026-08-06T10:35:49+00:00,2771
inheritor_2772,张美芳,女,汉族,VII-18,VII-18,VII-018_01_320500,苏绣,传统美术,江苏省苏州市,江苏省,4,2012,http://www.ihchina.cn/art/representative.html?limit=100&p=18,2026-08-06T10:35:49+00:00,2772
inheritor_2773,柳建新,女,汉族,VII-19,VII-19,VII-019_01_430100,湘绣,传统美术,湖南省长沙市,湖南省,4,2012,http://www.ihchina.cn/art/representative.html?limit=100&p=18,2026-08-06T10:35:49+00:00,2773
inheritor_2774,江再红,女,汉族,VII-19,VII-19,VII-019_01_430100,湘绣,传统美术,湖南省长沙市,湖南省,4,2012,http://www.ihchina.cn/art/representative.html?limit=100&p=18,2026-08-06T10:35:49+00:00,2774
inheritor_2775,康惠芳,女,汉族,VII-20,VII-20,VII-020_01_445100,粤绣(潮绣),传统美术,广东省潮州市,广东省,4,2012,http://www.ihchina.cn/art/representative.html?limit=100&p=18,2026-08-06T10:35:49+00:00,2775
inheritor_2776,孙庆先,男,汉族,VII-20,VII-20,VII-020_01_445100,粤绣(潮绣),传统美术,广东省潮州市,广东省,4,2012,http://www.ihchina.cn/art/representative.html?limit=100&p=18,2026-08-06T10:35:49+00:00,2776
inheritor_2777,吴通英,女,苗族,VII-22,VII-22,VII-022_03_522630,苗绣,传统美术,贵州省台江县,贵州省,4,2012,http://www.ihchina.cn/art/representative.html?limit=100&p=18,2026-08-06T10:35:49+00:00,2777
inheritor_2778,宋水仙,女,水族,VII-23,VII-23,VII-023_01_522732,水族马尾绣,传统美术,贵州省三都水族自治县,贵州省,4,2012,http://www.ihchina.cn/art/representative.html?limit=100&p=18,2026-08-06T10:35:49+00:00,2778
inheritor_2779,韦桃花,女,水族,VII-23,VII-23,VII-023_01_522732,水族马尾绣,传统美术,贵州省三都水族自治县,贵州省,4,2012,http://www.ihchina.cn/art/representative.html?limit=100&p=18,2026-08-06T10:35:49+00:00,2779
inheritor_2780,柴慈继,男,汉族,VII-27,VII-27,VII-027_01_110101,象牙雕刻,传统美术,北京市东城区,北京市,4,2012,http://www.ihchina.cn/art/representative.html?limit=100&p=18,2026-08-06T10:35:49+00:00,2780
inheritor_2781,李春珂,男,汉族,VII-27,VII-27,VII-027_01_110101,象牙雕刻,传统美术,北京市东城区,北京市,4,2012,http://www.ihchina.cn/art/representative.html?limit=100&p=18,2026-08-06T10:35:49+00:00,2781
inheritor_2782,张民辉,男,汉族,VII-27,VII-27,VII-027_01_440100,象牙雕刻,传统美术,广东省广州市,广东省,4,2012,http://www.ihchina.cn/art/representative.html?limit=100&p=18,2026-08-06T10:35:49+00:00,2782
inheritor_2783,薛春梅,女,汉族,VII-28,VII-28,VII-028_01_321000,扬州玉雕,传统美术,江苏省扬州市,江苏省,4,2012,http://www.ihchina.cn/art/representative.html?limit=100&p=18,2026-08-06T10:35:49+00:00,2783
inheritor_2784,高毅进,男,汉族,VII-28,VII-28,VII-028_01_321000,扬州玉雕,传统美术,江苏省扬州市,江苏省,4,2012,http://www.ihchina.cn/art/representative.html?limit=100&p=18,2026-08-06T10:35:49+00:00,2784
inheritor_2785,张爱廷,男,汉族,VII-34,VII-34,VII-033_01_331121,青田石雕,传统美术,浙江省青田县,浙江省,4,2012,http://www.ihchina.cn/art/representative.html?limit=100&p=18,2026-08-06T10:35:49+00:00,2785
inheritor_2786,安荣杰,男,汉族,VII-34,VII-34,VII-034_01_130634,曲阳石雕,传统美术,河北省曲阳县,河北省,4,2012,http://www.ihchina.cn/art/representative.html?limit=100&p=18,2026-08-06T10:35:49+00:00,2786
inheritor_2787,王经民,男,汉族,VII-36,VII-36,VII-036_01_350521,惠安石雕,传统美术,福建省惠安县,福建省,4,2012,http://www.ihchina.cn/art/representative.html?limit=100&p=18,2026-08-06T10:35:49+00:00,2787
inheritor_2788,蒯正华,男,汉族,VII-37,VII-37,VII-037_01_341000,徽州三雕,传统美术,安徽省黄山市,安徽省,4,2012,http://www.ihchina.cn/art/representative.html?limit=100&p=18,2026-08-06T10:35:49+00:00,2788
inheritor_2789,曹永盛,男,汉族,VII-37,VII-37,VII-037_01_341000,徽州三雕,传统美术,安徽省黄山市,安徽省,4,2012,http://www.ihchina.cn/art/representative.html?limit=100&p=18,2026-08-06T10:35:49+00:00,2789
inheritor_2790,辜柳希,男,汉族,VII-40,VII-40,VII-040_01_445100,潮州木雕,传统美术,广东省潮州市,广东省,4,2012,http://www.ihchina.cn/art/representative.html?limit=100&p=18,2026-08-06T10:35:49+00:00,2790
inheritor_2791,虞金顺,男,汉族,VII-41,VII-41,VII-042_01_330382,乐清黄杨木雕,传统美术,浙江省乐清市,浙江省,4,2012,http://www.ihchina.cn/art/representative.html?limit=100&p=18,2026-08-06T10:35:49+00:00,2791
inheritor_2792,高公博,男,汉族,VII-42,VII-42,VII-042_01_330382,乐清黄杨木雕,传统美术,浙江省乐清市,浙江省,4,2012,http://www.ihchina.cn/art/representative.html?limit=100&p=18,2026-08-06T10:35:49+00:00,2792
inheritor_2793,吴初伟,男,汉族,VII-43,VII-43,VII-043_01_330783,东阳木雕,传统美术,浙江省东阳市,浙江省,4,2012,http://www.ihchina.cn/art/representative.html?limit=100&p=18,2026-08-06T10:35:49+00:00,2793
inheritor_2794,张宗凡,男,汉族,VII-46,VII-46,VII-046_01_430500,竹刻(宝庆竹刻),传统美术,湖南省邵阳市,湖南省,4,2012,http://www.ihchina.cn/art/representative.html?limit=100&p=18,2026-08-06T10:35:49+00:00,2794
inheritor_2795,聂希蔚,男,汉族,VII-47,VII-47,VII-047_02_370785,泥塑(聂家庄泥塑),传统美术,山东省高密市,山东省,4,2012,http://www.ihchina.cn/art/representative.html?limit=100&p=18,2026-08-06T10:35:49+00:00,2795
inheritor_2796,罗藏昂秀,男,藏族,VII-48,VII-48,VII-048_01_630122,塔尔寺酥油花,传统美术,青海省湟中县,青海省,4,2012,http://www.ihchina.cn/art/representative.html?limit=100&p=18,2026-08-06T10:35:49+00:00,2796
inheritor_2797,杨玉榕,女,汉族,VII-50,VII-50,VII-050_02_440600,灯彩(佛山彩灯),传统美术,广东省佛山市,广东省,4,2012,http://www.ihchina.cn/art/representative.html?limit=100&p=18,2026-08-06T10:35:49+00:00,2797
inheritor_2798,刘嘉峰,男,汉族,VII-51,VII-51,VII-051_02_511725,竹编(渠县刘氏竹编),传统美术,四川省渠县,四川省,4,2012,http://www.ihchina.cn/art/representative.html?limit=100&p=18,2026-08-06T10:35:49+00:00,2798
inheritor_2799,汤夙国,男,汉族,VII-52,VII-52,VII-052_03_110112,面人(面人汤),传统美术,北京市通州区,北京市,4,2012,http://www.ihchina.cn/art/representative.html?limit=100&p=18,2026-08-06T10:35:49+00:00,2799
inheritor_2800,王文忠,男,汉族,VII-55,VII-55,VII-055_03_341225,柳编(黄岗柳编),传统美术,安徽省阜南县,安徽省,4,2012,http://www.ihchina.cn/art/representative.html?limit=100&p=18,2026-08-06T10:35:49+00:00,2800
inheritor_2801,柳朝国,男,汉族,VII-57,VII-57,VII-057_02_110101,玉雕(北京玉雕),传统美术,北京市玉器厂,北京市,4,2012,http://www.ihchina.cn/art/representative.html?limit=100&p=18,2026-08-06T10:35:49+00:00,2801
inheritor_2802,李博生,男,汉族,VII-57,VII-57,VII-057_02_110101,玉雕(北京玉雕),传统美术,北京市玉器厂,北京市,4,2012,http://www.ihchina.cn/art/representative.html?limit=100&p=18,2026-08-06T10:35:49+00:00,2802
inheritor_2803,袁耀,男,汉族,VII-57,VII-57,VII-057_03_310000,玉雕(海派玉雕),传统美术,上海市,上海市,4,2012,http://www.ihchina.cn/art/representative.html?limit=100&p=18,2026-08-06T10:35:49+00:00,2803
inheritor_2804,洪新华,男,汉族,VII-57,VII-57,VII-057_03_310000,玉雕(海派玉雕),传统美术,上海市,上海市,4,2012,http://www.ihchina.cn/art/representative.html?limit=100&p=18,2026-08-06T10:35:49+00:00,2804
inheritor_2805,翟念卫,男,汉族,VII-57,VII-57,VII-057_03_310000,玉雕(海派玉雕),传统美术,上海市,上海市,4,2012,http://www.ihchina.cn/art/representative.html?limit=100&p=18,2026-08-06T10:35:49+00:00,2805
inheritor_2806,杨曦,男,汉族,VII-57,VII-57,VII-057_02_320500,玉雕(苏州玉雕),传统美术,江苏省苏州市,江苏省,4,2012,http://www.ihchina.cn/art/representative.html?limit=100&p=18,2026-08-06T10:35:49+00:00,2806
inheritor_2807,屠杰,男,汉族,VII-58,VII-58,VII-058_03_310000,木雕(紫檀雕刻),传统美术,上海市,上海市,4,2012,http://www.ihchina.cn/art/representative.html?limit=100&p=18,2026-08-06T10:35:49+00:00,2807
inheritor_2808,方文桃,男,汉族,VII-58,VII-58,VII-058_03_350300,木雕(莆田木雕),传统美术,福建省莆田市,福建省,4,2012,http://www.ihchina.cn/art/representative.html?limit=100&p=18,2026-08-06T10:35:49+00:00,2808
inheritor_2809,佘国平,男,汉族,VII-58,VII-58,VII-058_03_350300,木雕(莆田木雕),传统美术,福建省莆田市,福建省,4,2012,http://www.ihchina.cn/art/representative.html?limit=100&p=18,2026-08-06T10:35:49+00:00,2809
inheritor_2810,曾德衡,男,汉族,VII-58,VII-58,VII-058_02_820000,木雕(澳门神像雕刻),传统美术,澳门特别行政区,澳门特别行政区,4,2012,http://www.ihchina.cn/art/representative.html?limit=100&p=18,2026-08-06T10:35:49+00:00,2810
inheritor_2811,桑格达杰,男,藏族,VII-64,VII-64,VII-064_02_632600,藏文书法(果洛德昂洒智),传统美术,青海省果洛藏族自治州,青海省,4,2012,http://www.ihchina.cn/art/representative.html?limit=100&p=18,2026-08-06T10:35:49+00:00,2811
inheritor_2812,韩建峰,男,汉族,VII-65,VII-65,VII-065_02_410526,木版年画(滑县木版年画),传统美术,河南省滑县,河南省,4,2012,http://www.ihchina.cn/art/representative.html?limit=100&p=18,2026-08-06T10:35:49+00:00,2812
inheritor_2813,陈义文,男,汉族,VII-65,VII-65,VII-065_03_420682,木版年画(老河口木版年画),传统美术,湖北省老河口市,湖北省,4,2012,http://www.ihchina.cn/art/representative.html?limit=100&p=19,2026-08-06T10:35:51+00:00,2813
inheritor_2814,弓春香,女,汉族,VII-71,VII-71,VII-071_02_140400,堆锦(上党堆锦),传统美术,山西省长治市群众艺术馆,山西省,4,2012,http://www.ihchina.cn/art/representative.html?limit=100&p=19,2026-08-06T10:35:51+00:00,2814
inheritor_2815,阿吉尔·赛买提,女,维吾尔族,VII-79,VII-79,VII-079_02_652200,维吾尔族刺绣,传统美术,新疆维吾尔自治区哈密地区,新疆维吾尔自治区,4,2012,http://www.ihchina.cn/art/representative.html?limit=100&p=19,2026-08-06T10:35:51+00:00,2815
inheritor_2816,米代,女,蒙古族,VII-81,VII-81,VII-081_02_652829,蒙古族刺绣,传统美术,新疆维吾尔自治区博湖县,新疆维吾尔自治区,4,2012,http://www.ihchina.cn/art/representative.html?limit=100&p=19,2026-08-06T10:35:51+00:00,2816
inheritor_2817,邵成村,男,汉族,VII-87,VII-87,VII-087_02_440100,灰塑,传统美术,广东省广州市,广东省,4,2012,http://www.ihchina.cn/art/representative.html?limit=100&p=19,2026-08-06T10:35:51+00:00,2817
inheritor_2818,吴学宝,男,汉族,VII-90,VII-90,VII-090_02_350100,软木画,传统美术,福建省福州市,福建省,4,2012,http://www.ihchina.cn/art/representative.html?limit=100&p=19,2026-08-06T10:35:51+00:00,2818
inheritor_2819,卢芝高,男,汉族,VII-91,VII-91,VII-091_03_445100,镶嵌(潮州嵌瓷),传统美术,广东省潮州市工艺美术研究院,广东省,4,2012,http://www.ihchina.cn/art/representative.html?limit=100&p=19,2026-08-06T10:35:51+00:00,2819
inheritor_2820,雷显元,男,汉族,VII-101,VII-101,VII-101_03_140728,平遥纱阁戏人,传统美术,山西省平遥县,山西省,4,2012,http://www.ihchina.cn/art/representative.html?limit=100&p=19,2026-08-06T10:35:51+00:00,2820
inheritor_2821,唐明敏,女,汉族,VII-103,VII-103,VII-103_03_310115,上海绒绣,传统美术,上海市浦东新区,上海市,4,2012,http://www.ihchina.cn/art/representative.html?limit=100&p=19,2026-08-06T10:35:51+00:00,2821
inheritor_2822,许谨伦,男,汉族,VII-104,VII-104,VII-104_03_330212,宁波金银彩绣,传统美术,浙江省宁波市鄞州区,浙江省,4,2012,http://www.ihchina.cn/art/representative.html?limit=100&p=19,2026-08-06T10:35:51+00:00,2822
inheritor_2823,杨华珍,女,藏族,VII-106,VII-106,VII-106_03_513200,藏族编织、挑花刺绣工艺,传统美术,四川省阿坝藏族羌族自治州,四川省,4,2012,http://www.ihchina.cn/art/representative.html?limit=100&p=19,2026-08-06T10:35:51+00:00,2823
inheritor_2824,陈显月,女,侗族,VII-107,VII-107,VII-107_03_522628,侗族刺绣,传统美术,贵州省锦屏县,贵州省,4,2012,http://www.ihchina.cn/art/representative.html?limit=100&p=19,2026-08-06T10:35:51+00:00,2824
inheritor_2825,杨秀玉,女,锡伯族,VII-108,VII-108,VII-108_03_654022,锡伯族刺绣,传统美术,新疆维吾尔自治区察布查尔锡伯自治县,新疆维吾尔自治区,4,2012,http://www.ihchina.cn/art/representative.html?limit=100&p=19,2026-08-06T10:35:51+00:00,2825
inheritor_2826,黄才良,男,汉族,VII-109,VII-109,VII-109_03_330226,宁波泥金彩漆,传统美术,浙江省宁海县,浙江省,4,2012,http://www.ihchina.cn/art/representative.html?limit=100&p=19,2026-08-06T10:35:51+00:00,2826
inheritor_3188,徐秀棠,男,汉族,VIII-1,VIII-1,VIII-001_01_320282,宜兴紫砂陶制作技艺,传统技艺,江苏省宜兴市,江苏省,4,2012,http://www.ihchina.cn/art/representative.html?limit=100&p=19,2026-08-06T10:35:51+00:00,3188
inheritor_3189,吕尧臣,男,汉族,VIII-1,VIII-1,VIII-001_01_320282,宜兴紫砂陶制作技艺,传统技艺,江苏省宜兴市,江苏省,4,2012,http://www.ihchina.cn/art/representative.html?limit=100&p=19,2026-08-06T10:35:51+00:00,3189
inheritor_3190,黄松坚,男,汉族,VIII-3,VIII-3,VIII-003_01_440600,石湾陶塑技艺,传统技艺,广东省佛山市,广东省,4,2012,http://www.ihchina.cn/art/representative.html?limit=100&p=19,2026-08-06T10:35:51+00:00,3190
inheritor_3191,廖洪标,男,汉族,VIII-3,VIII-3,VIII-003_01_440600,石湾陶塑技艺,传统技艺,广东省佛山市,广东省,4,2012,http://www.ihchina.cn/art/representative.html?limit=100&p=19,2026-08-06T10:35:51+00:00,3191
inheritor_3192,兰国华,男,汉族,VIII-7,VIII-7,VIII-007_01_360200,景德镇手工制瓷技艺,传统技艺,江西省景德镇市,江西省,4,2012,http://www.ihchina.cn/art/representative.html?limit=100&p=19,2026-08-06T10:35:51+00:00,3192
inheritor_3193,黄云鹏,男,汉族,VIII-7,VIII-7,VIII-007_01_360200,景德镇手工制瓷技艺,传统技艺,江西省景德镇市,江西省,4,2012,http://www.ihchina.cn/art/representative.html?limit=100&p=19,2026-08-06T10:35:51+00:00,3193
inheritor_3194,李文跃,男,汉族,VIII-7,VIII-7,VIII-007_01_360200,景德镇手工制瓷技艺,传统技艺,江西省景德镇市,江西省,4,2012,http://www.ihchina.cn/art/representative.html?limit=100&p=19,2026-08-06T10:35:51+00:00,3194
inheritor_3195,邓希平,女,汉族,VIII-7,VIII-7,VIII-007_01_360200,景德镇手工制瓷技艺,传统技艺,江西省景德镇市,江西省,4,2012,http://www.ihchina.cn/art/representative.html?limit=100&p=19,2026-08-06T10:35:51+00:00,3195
inheritor_3196,朱丹忱,男,汉族,VIII-7,VIII-7,VIII-007_01_360200,景德镇手工制瓷技艺,传统技艺,江西省景德镇市,江西省,4,2012,http://www.ihchina.cn/art/representative.html?limit=100&p=19,2026-08-06T10:35:51+00:00,3196
inheritor_3197,傅长敏,女,汉族,VIII-7,VIII-7,VIII-007_01_360200,景德镇手工制瓷技艺,传统技艺,江西省景德镇市,江西省,4,2012,http://www.ihchina.cn/art/representative.html?limit=100&p=19,2026-08-06T10:35:51+00:00,3197
inheritor_3198,夏侯文,男,汉族,VIII-9,VIII-9,VIII-009_01_331181,龙泉青瓷烧制技艺,传统技艺,浙江省龙泉市,浙江省,4,2012,http://www.ihchina.cn/art/representative.html?limit=100&p=19,2026-08-06T10:35:51+00:00,3198
inheritor_3199,毛正聪,男,汉族,VIII-9,VIII-9,VIII-009_01_331181,龙泉青瓷烧制技艺,传统技艺,浙江省龙泉市,浙江省,4,2012,http://www.ihchina.cn/art/representative.html?limit=100&p=19,2026-08-06T10:35:51+00:00,3199
inheritor_3200,安际衡,男,汉族,VIII-10,VIII-10,VIII-010_01_130406,磁州窑烧制技艺,传统技艺,河北省峰峰矿区,河北省,4,2012,http://www.ihchina.cn/art/representative.html?limit=100&p=19,2026-08-06T10:35:51+00:00,3200
inheritor_3201,邱双炯,男,汉族,VIII-11,VIII-11,VIII-011_01_350526,德化瓷烧制技艺,传统技艺,福建省德化县,福建省,4,2012,http://www.ihchina.cn/art/representative.html?limit=100&p=19,2026-08-06T10:35:51+00:00,3201
inheritor_3202,符林早,女,黎族,VIII-19,VIII-19,VIII-019_01_469007,黎族传统纺染织绣技艺,传统技艺,海南省东方市,海南省,4,2012,http://www.ihchina.cn/art/representative.html?limit=100&p=19,2026-08-06T10:35:51+00:00,3202
inheritor_3203,木斯勒木江·恰尔甫汗,女,哈萨克族,VIII-23,VIII-23,VIII-023_02_654200,花毡、印花布织染技艺,传统技艺,新疆维吾尔自治区塔城地区,新疆维吾尔自治区,4,2012,http://www.ihchina.cn/art/representative.html?limit=100&p=19,2026-08-06T10:35:51+00:00,3203
inheritor_3204,王振兴,男,汉族,VIII-24,VIII-24,VIII-024_01_320600,南通蓝印花布印染技艺,传统技艺,江苏省南通市,江苏省,4,2012,http://www.ihchina.cn/art/representative.html?limit=100&p=19,2026-08-06T10:35:51+00:00,3204
inheritor_3205,王阿勇,女,苗族,VIII-25,VIII-25,VIII-025_01_522636,苗族蜡染,传统技艺,贵州省丹寨县,贵州省,4,2012,http://www.ihchina.cn/art/representative.html?limit=100&p=19,2026-08-06T10:35:51+00:00,3205
inheritor_3206,储金霞,女,汉族,VIII-39,VIII-39,VIII-039_01_340200,芜湖铁画锻制技艺,传统技艺,安徽省芜湖市,安徽省,4,2012,http://www.ihchina.cn/art/representative.html?limit=100&p=19,2026-08-06T10:35:51+00:00,3206
inheritor_3207,林仕元,男,汉族,VIII-40,VIII-40,VIII-040_03_350981,银饰锻制技艺(畲族银器制作技艺),传统技艺,福建省福安市,福建省,4,2012,http://www.ihchina.cn/art/representative.html?limit=100&p=19,2026-08-06T10:35:51+00:00,3207
inheritor_3208,勒古沙日,男,彝族,VIII-40,VIII-40,VIII-040_02_513429,银饰制作技艺(彝族银饰制作技艺),传统技艺,四川省布拖县,四川省,4,2012,http://www.ihchina.cn/art/representative.html?limit=100&p=19,2026-08-06T10:35:51+00:00,3208
inheritor_3209,吴水根,男,苗族,VIII-40,VIII-40,VIII-040_02_522622,银饰锻制技艺(苗族银饰锻制技艺),传统技艺,贵州省台江县,贵州省,4,2012,http://www.ihchina.cn/art/representative.html?limit=100&p=19,2026-08-06T10:35:51+00:00,3209
inheritor_3210,钟连盛,男,满族,VIII-43,VIII-43,VIII-043_01_110101,景泰蓝制作技艺,传统技艺,北京市东城区,北京市,4,2012,http://www.ihchina.cn/art/representative.html?limit=100&p=19,2026-08-06T10:35:51+00:00,3210
inheritor_3211,曹运建,男,汉族,VIII-45,VIII-45,VIII-045_03_141000,家具制作技艺(晋作家具制作技艺),传统技艺,山西省临汾市,山西省,4,2012,http://www.ihchina.cn/art/representative.html?limit=100&p=19,2026-08-06T10:35:51+00:00,3211
inheritor_3212,杨金荣,男,汉族,VIII-45,VIII-45,VIII-045_03_321183,家具制作技艺(精细木作技艺),传统技艺,江苏工美红木文化艺术研究所,江苏省,4,2012,http://www.ihchina.cn/art/representative.html?limit=100&p=19,2026-08-06T10:35:51+00:00,3212
inheritor_3213,殷秀云,女,汉族,VIII-50,VIII-50,VIII-050_01_110101,雕漆技艺,传统技艺,北京市东城区,北京市,4,2012,http://www.ihchina.cn/art/representative.html?limit=100&p=19,2026-08-06T10:35:51+00:00,3213
inheritor_3214,梁忠秀,男,汉族,VIII-51,VIII-51,VIII-051_01_140728,平遥县推光漆髹饰技艺,传统技艺,山西省平遥县,山西省,4,2012,http://www.ihchina.cn/art/representative.html?limit=100&p=19,2026-08-06T10:35:51+00:00,3214
inheritor_3215,汤春甫,男,汉族,VIII-53,VIII-53,VIII-053_01_331023,天台山干漆夹苎技艺,传统技艺,浙江省天台县,浙江省,4,2012,http://www.ihchina.cn/art/representative.html?limit=100&p=19,2026-08-06T10:35:51+00:00,3215
inheritor_3216,黄时忠,男,汉族,VIII-54,VIII-54,VIII-054_01_350100,福州脱胎漆器髹饰技艺,传统技艺,福建省福州市,福建省,4,2012,http://www.ihchina.cn/art/representative.html?limit=100&p=19,2026-08-06T10:35:51+00:00,3216
inheritor_3217,张良,男,汉族,VIII-58,VIII-58,VIII-058_01_510500,泸州老窖酒酿制技艺,传统技艺,四川省泸州市,四川省,4,2012,http://www.ihchina.cn/art/representative.html?limit=100&p=19,2026-08-06T10:35:51+00:00,3217
inheritor_3218,武润威,男,汉族,VIII-61,VIII-61,VIII-061_01_140121,清徐老陈醋酿制技艺,传统技艺,山西省清徐县,山西省,4,2012,http://www.ihchina.cn/art/representative.html?limit=100&p=19,2026-08-06T10:35:51+00:00,3218
inheritor_3219,陈德华,男,汉族,VIII-63,VIII-63,VIII-063_01_350782,武夷岩茶(大红袍)制作技艺,传统技艺,福建省武夷山市,福建省,4,2012,http://www.ihchina.cn/art/representative.html?limit=100&p=19,2026-08-06T10:35:51+00:00,3219
inheritor_3220,万爱珠,女,汉族,VIII-67,VIII-67,VIII-067_03_330825,皮纸制作技艺(龙游皮纸制作技艺),传统技艺,浙江省龙游县,浙江省,4,2012,http://www.ihchina.cn/art/representative.html?limit=100&p=19,2026-08-06T10:35:51+00:00,3220
inheritor_3221,周小三,女,傣族,VIII-68,VIII-68,VIII-068_01_530900,傣族、纳西族手工造纸技艺,传统技艺,云南省临沧市,云南省,4,2012,http://www.ihchina.cn/art/representative.html?limit=100&p=19,2026-08-06T10:35:51+00:00,3221
inheritor_3222,刘同烟,男,汉族,VIII-70,VIII-70,VIII-070_02_340824,桑皮纸制作技艺,传统技艺,安徽省潜山县,安徽省,4,2012,http://www.ihchina.cn/art/representative.html?limit=100&p=19,2026-08-06T10:35:51+00:00,3222
inheritor_3223,李法儿,男,汉族,VIII-71,VIII-71,VIII-071_01_330183,竹纸制作技艺,传统技艺,浙江省富阳市,浙江省,4,2012,http://www.ihchina.cn/art/representative.html?limit=100&p=19,2026-08-06T10:35:51+00:00,3223
inheritor_3224,鲁建庆,男,汉族,VIII-73,VIII-73,VIII-073_03_310101,徽墨制作技艺(曹素功墨锭制作技艺),传统技艺,上海市黄浦区,上海市,4,2012,http://www.ihchina.cn/art/representative.html?limit=100&p=19,2026-08-06T10:35:51+00:00,3224
inheritor_3225,王祖伟,男,汉族,VIII-74,VIII-74,VIII-074_01_341021,歙砚制作技艺,传统技艺,安徽省歙县,安徽省,4,2012,http://www.ihchina.cn/art/representative.html?limit=100&p=19,2026-08-06T10:35:51+00:00,3225
inheritor_3227,肖刚,男,汉族,VIII-77,VIII-77,VIII-077_01_110102,木版水印技艺,传统技艺,北京市荣宝斋,北京市,4,2012,http://www.ihchina.cn/art/representative.html?limit=100&p=19,2026-08-06T10:35:51+00:00,3227
inheritor_3228,马萌青,男,回族,VIII-79,VIII-79,VIII-079_01_320100,金陵刻经印刷技艺,传统技艺,江苏省南京市,江苏省,4,2012,http://www.ihchina.cn/art/representative.html?limit=100&p=19,2026-08-06T10:35:51+00:00,3228
inheritor_3229,邢伟中,男,汉族,VIII-81,VIII-81,VIII-081_01_320500,制扇技艺,传统技艺,江苏省苏州市,江苏省,4,2012,http://www.ihchina.cn/art/representative.html?limit=100&p=19,2026-08-06T10:35:51+00:00,3229
inheritor_3230,郭宝林,男,鄂伦春族,VIII-83,VIII-83,VIII-083_02_232700,桦树皮制作技艺(鄂伦春族桦树皮船制作技艺,传统技艺,黑龙江省大兴安岭地区,黑龙江省,4,2012,http://www.ihchina.cn/art/representative.html?limit=100&p=19,2026-08-06T10:35:51+00:00,3230
inheritor_3231,梁忠民,男,汉族,VIII-86,VIII-86,VIII-086_02_610723,烟火爆竹制作技艺(架花烟火爆竹制作技艺),传统技艺,陕西省洋县,陕西省,4,2012,http://www.ihchina.cn/art/representative.html?limit=100&p=19,2026-08-06T10:35:51+00:00,3231
inheritor_3232,哈亦琦,男,回族,VIII-88,VIII-88,VIII-088_02_110108,风筝制作技艺(北京风筝哈制作技艺),传统技艺,北京市海淀区,北京市,4,2012,http://www.ihchina.cn/art/representative.html?limit=100&p=19,2026-08-06T10:35:51+00:00,3232
inheritor_3233,费保龄,男,汉族,VIII-88,VIII-88,VIII-088_03_110101,风筝制作技艺(北京风筝制作技艺),传统技艺,北京市东城区,北京市,4,2012,http://www.ihchina.cn/art/representative.html?limit=100&p=19,2026-08-06T10:35:51+00:00,3233
inheritor_3234,魏国秋,男,汉族,VIII-88,VIII-88,VIII-088_02_120104,风筝制作技艺(天津风筝魏制作技艺),传统技艺,天津市南开区,天津市,4,2012,http://www.ihchina.cn/art/representative.html?limit=100&p=19,2026-08-06T10:35:51+00:00,3234
inheritor_3236,任星航,男,汉族,VIII-93,VIII-93,VIII-093_02_411081,钧瓷烧制技艺,传统技艺,河南省禹州市,河南省,4,2012,http://www.ihchina.cn/art/representative.html?limit=100&p=19,2026-08-06T10:35:51+00:00,3236
inheritor_3237,孔相卿,男,汉族,VIII-93,VIII-93,VIII-093_02_411081,钧瓷烧制技艺,传统技艺,河南省禹州市,河南省,4,2012,http://www.ihchina.cn/art/representative.html?limit=100&p=19,2026-08-06T10:35:51+00:00,3237
inheritor_3238,苗长强,男,汉族,VIII-93,VIII-93,VIII-093_02_411081,钧瓷烧制技艺,传统技艺,河南省禹州市,河南省,4,2012,http://www.ihchina.cn/art/representative.html?limit=100&p=19,2026-08-06T10:35:51+00:00,3238
inheritor_3239,陈扬龙,男,汉族,VIII-95,VIII-95,VIII-095_02_430281,醴陵釉下五彩烧制技艺,传统技艺,湖南省醴陵市,湖南省,4,2012,http://www.ihchina.cn/art/representative.html?limit=100&p=19,2026-08-06T10:35:51+00:00,3239
inheritor_3240,吴为明,男,汉族,VIII-96,VIII-96,VIII-096_02_440100,枫溪瓷烧制技艺,传统技艺,广东省潮州市枫溪区,广东省,4,2012,http://www.ihchina.cn/art/representative.html?limit=100&p=19,2026-08-06T10:35:51+00:00,3240
inheritor_3241,陈文敏,男,汉族,VIII-97,VIII-97,VIII-097_02_440100,广彩瓷烧制技艺,传统技艺,广东省广州市,广东省,4,2012,http://www.ihchina.cn/art/representative.html?limit=100&p=19,2026-08-06T10:35:51+00:00,3241
inheritor_3242,白玛群加,男,藏族,VIII-98,VIII-98,VIII-098_02_513337,陶器烧制技艺(藏族黑陶烧制技艺),传统技艺,青海省囊谦县,青海省,4,2012,http://www.ihchina.cn/art/representative.html?limit=100&p=19,2026-08-06T10:35:51+00:00,3242
inheritor_3243,帕热坦木·吐尔迪,女,维吾尔族,VIII-100,VIII-100,VIII-100_03_652926,传统棉纺织技艺(维吾尔族帕拉孜纺织技艺),传统技艺,新疆维吾尔自治区拜城县,新疆维吾尔自治区,4,2012,http://www.ihchina.cn/art/representative.html?limit=100&p=19,2026-08-06T10:35:51+00:00,3243
inheritor_3244,阿不力孜·吐尔逊,男,维吾尔族,VIII-101,VIII-101,VIII-101_03_652929,毛纺织及擀制技艺(维吾尔族花毡制作技艺),传统技艺,新疆维吾尔自治区柯坪县,新疆维吾尔自治区,4,2012,http://www.ihchina.cn/art/representative.html?limit=100&p=19,2026-08-06T10:35:51+00:00,3244
inheritor_3245,杨光成,男,布依族,VIII-108,VIII-108,VIII-108_02_522731,枫香印染技艺,传统技艺,贵州省惠水县,贵州省,4,2012,http://www.ihchina.cn/art/representative.html?limit=100&p=19,2026-08-06T10:35:51+00:00,3245
inheritor_3246,邢俊,男,汉族,VIII-115,VIII-115,VIII-115_03_120101,手工制鞋技艺(老美华手工制鞋技艺),传统技艺,天津市和平区,天津市,4,2012,http://www.ihchina.cn/art/representative.html?limit=100&p=19,2026-08-06T10:35:51+00:00,3246
inheritor_3247,张心一,男,汉族,VIII-117,VIII-117,VIII-117_02_310101,金银细工制作技艺,传统技艺,上海市黄浦区,上海市,4,2012,http://www.ihchina.cn/art/representative.html?limit=100&p=19,2026-08-06T10:35:51+00:00,3247
inheritor_3248,列旦,男,藏族,VIII-120,VIII-120,VIII-120_02_542322,藏族金属锻造技艺(藏族锻铜技艺),传统技艺,西藏自治区南木林县,西藏自治区,4,2012,http://www.ihchina.cn/art/representative.html?limit=100&p=19,2026-08-06T10:35:51+00:00,3248
inheritor_3249,拉琼,男,藏族,VIII-120,VIII-120,VIII-120_03_542300,藏族金属锻制技艺(扎西吉彩金银锻铜技艺),传统技艺,西藏自治区日喀则地区,西藏自治区,4,2012,http://www.ihchina.cn/art/representative.html?limit=100&p=19,2026-08-06T10:35:51+00:00,3249
inheritor_3250,吴景馨,女,满族,VIII-124,VIII-124,VIII-124_03_110108,民族乐器制作技艺(宏音斋笙管制作技艺),传统技艺,北京市海淀区,北京市,4,2012,http://www.ihchina.cn/art/representative.html?limit=100&p=19,2026-08-06T10:35:51+00:00,3250
inheritor_3251,哈达,男,蒙古族,VIII-124,VIII-124,VIII-124_03_152222,民族乐器制作技艺(蒙古族拉弦乐器制作工艺,传统技艺,内蒙古自治区科尔沁右翼中旗,内蒙古自治区,4,2012,http://www.ihchina.cn/art/representative.html?limit=100&p=19,2026-08-06T10:35:51+00:00,3251
inheritor_3252,徐振高,男,汉族,VIII-124,VIII-124,VIII-124_03_310112,民族乐器制作技艺(上海民族乐器制作技艺),传统技艺,上海市闵行区,上海市,4,2012,http://www.ihchina.cn/art/representative.html?limit=100&p=19,2026-08-06T10:35:51+00:00,3252
inheritor_3253,封明君,男,汉族,VIII-124,VIII-124,VIII-124_02_320500,民族乐器制作技艺(苏州民族乐器制作技艺),传统技艺,江苏省苏州市,江苏省,4,2012,http://www.ihchina.cn/art/representative.html?limit=100&p=19,2026-08-06T10:35:51+00:00,3253
inheritor_3254,艾依提·依明,男,维吾尔族,VIII-124,VIII-124,VIII-124_02_652925,民族乐器制作技艺(维吾尔族乐器制作技艺),传统技艺,新疆维吾尔自治区新和县,新疆维吾尔自治区,4,2012,http://www.ihchina.cn/art/representative.html?limit=100&p=19,2026-08-06T10:35:51+00:00,3254
inheritor_3255,柏德元,男,汉族,VIII-126,VIII-126,VIII-126_02_110000,金漆镶嵌髹饰技艺,传统技艺,北京市,北京市,4,2012,http://www.ihchina.cn/art/representative.html?limit=100&p=19,2026-08-06T10:35:51+00:00,3255
inheritor_3256,何俊明,男,汉族,VIII-127,VIII-127,VIII-127_03_140825,漆器髹饰技艺(绛州剔犀技艺),传统技艺,山西省新绛县,山西省,4,2012,http://www.ihchina.cn/art/representative.html?limit=100&p=19,2026-08-06T10:35:51+00:00,3256
inheritor_3257,李波生,男,汉族,VIII-127,VIII-127,VIII-127_03_361128,漆器髹饰技艺(鄱阳脱胎漆器髹饰技艺),传统技艺,江西省鄱阳县,江西省,4,2012,http://www.ihchina.cn/art/representative.html?limit=100&p=19,2026-08-06T10:35:51+00:00,3257
inheritor_3258,邹德香,男,汉族,VIII-127,VIII-127,VIII-127_03_421000,漆器髹饰技艺(楚式漆器髹饰技艺),传统技艺,湖北省荆州市,湖北省,4,2012,http://www.ihchina.cn/art/representative.html?limit=100&p=19,2026-08-06T10:35:51+00:00,3258
inheritor_3259,张文年,男,汉族,VIII-130,VIII-130,VIII-130_02_341800,宣笔制作技艺,传统技艺,安徽省宣城市,安徽省,4,2012,http://www.ihchina.cn/art/representative.html?limit=100&p=19,2026-08-06T10:35:51+00:00,3259
inheritor_3260,闫森林,男,汉族,VIII-133,VIII-133,VIII-133_03_640100,砚台制作技艺(贺兰砚制作技艺),传统技艺,宁夏回族自治区银川市,宁夏回族自治区,4,2012,http://www.ihchina.cn/art/representative.html?limit=100&p=19,2026-08-06T10:35:51+00:00,3260
inheritor_3261,范广畴,男,汉族,VIII-136,VIII-136,VIII-136_03_320500,装裱修复技艺(苏州书画装裱修复技艺),传统技艺,江苏省苏州市,江苏省,4,2012,http://www.ihchina.cn/art/representative.html?limit=100&p=19,2026-08-06T10:35:51+00:00,3261
inheritor_3262,徐建华,男,汉族,VIII-136,VIII-136,VIII-136_02_110101,装裱修复技艺(古字画装裱修复技艺),传统技艺,故宫博物院,未知,4,2012,http://www.ihchina.cn/art/representative.html?limit=100&p=19,2026-08-06T10:35:51+00:00,3262
inheritor_3263,杜伟生,男,回族,VIII-136,VIII-136,VIII-136_02_110108,装裱修复技艺(古籍修复技艺),传统技艺,国家图书馆,未知,4,2012,http://www.ihchina.cn/art/representative.html?limit=100&p=19,2026-08-06T10:35:51+00:00,3263
inheritor_3264,汪学军,男,汉族,VIII-136,VIII-136,VIII-136_02_110102b,装裱修复技艺(古籍修复技艺),传统技艺,中国书店,未知,4,2012,http://www.ihchina.cn/art/representative.html?limit=100&p=19,2026-08-06T10:35:51+00:00,3264
inheritor_3265,岑国和,男,汉族,VIII-137,VIII-137,VIII-137_02_330903,传统木船制造技艺,传统技艺,浙江省舟山市普陀区,浙江省,4,2012,http://www.ihchina.cn/art/representative.html?limit=100&p=19,2026-08-06T10:35:51+00:00,3265
inheritor_3266,次仁,男,藏族,VIII-141,VIII-141,VIII-141_02_540123,藏香制作技艺,传统技艺,西藏自治区尼木县,西藏自治区,4,2012,http://www.ihchina.cn/art/representative.html?limit=100&p=19,2026-08-06T10:35:51+00:00,3266
inheritor_3267,波空论,男,傣族,VIII-142,VIII-142,VIII-142_02_532800,贝叶经制作技艺,传统技艺,云南省西双版纳傣族自治州,云南省,4,2012,http://www.ihchina.cn/art/representative.html?limit=100&p=19,2026-08-06T10:35:51+00:00,3267
inheritor_3268,孙丹威,女,汉族,VIII-147,VIII-147,VIII-147_03_110101,花茶制作技艺(吴裕泰茉莉花茶制作技艺),传统技艺,北京市东城区,北京市,4,2012,http://www.ihchina.cn/art/representative.html?limit=100&p=19,2026-08-06T10:35:51+00:00,3268
inheritor_3269,储昭伟,男,汉族,VIII-148,VIII-148,VIII-148_02_341503,绿茶制作工艺(六安瓜片),传统技艺,安徽省六安市裕安区,安徽省,4,2012,http://www.ihchina.cn/art/representative.html?limit=100&p=19,2026-08-06T10:35:51+00:00,3269
inheritor_3270,方继凡,男,汉族,VIII-148,VIII-148,VIII-148_02_341003,绿茶制作技艺(太平猴魁),传统技艺,安徽省黄山市黄山区,安徽省,4,2012,http://www.ihchina.cn/art/representative.html?limit=100&p=19,2026-08-06T10:35:51+00:00,3270
inheritor_3271,甘玉祥,男,汉族,VIII-152,VIII-152,VIII-152_02_511800,黑茶制作技艺(南路边茶制作技艺),传统技艺,四川省雅安市,四川省,4,2012,http://www.ihchina.cn/art/representative.html?limit=100&p=19,2026-08-06T10:35:51+00:00,3271
inheritor_3272,王青艾,女,汉族,VIII-160,VIII-160,VIII-160_03_140824,传统面食制作技艺(稷山传统面点制作技艺),传统技艺,山西省稷山县,山西省,4,2012,http://www.ihchina.cn/art/representative.html?limit=100&p=19,2026-08-06T10:35:51+00:00,3272
inheritor_3273,赵光晋,女,汉族,VIII-163,VIII-163,VIII-163_02_140100,月饼传统制作技艺(郭杜林晋式月饼制作技艺,传统技艺,山西省太原市,山西省,4,2012,http://www.ihchina.cn/art/representative.html?limit=100&p=19,2026-08-06T10:35:51+00:00,3273
inheritor_3274,梁球胜,男,汉族,VIII-163,VIII-163,VIII-163_02_440100,月饼传统制作技艺(安琪广式月饼制作技艺),传统技艺,广东省安琪食品有限公司,广东省,4,2012,http://www.ihchina.cn/art/representative.html?limit=100&p=19,2026-08-06T10:35:51+00:00,3274
inheritor_3275,乌平,男,回族,VIII-165,VIII-165,VIII-165_02_610100,同盛祥牛羊肉泡馍制作技艺,传统技艺,陕西省西安市,陕西省,4,2012,http://www.ihchina.cn/art/representative.html?limit=100&p=19,2026-08-06T10:35:51+00:00,3275
inheritor_3276,李永革,男,汉族,VIII-174,VIII-174,VIII-174_02_110101,官式古建筑营造技艺(北京故宫),传统技艺,故宫博物院,未知,4,2012,http://www.ihchina.cn/art/representative.html?limit=100&p=20,2026-08-06T10:35:53+00:00,3276
inheritor_3277,刘增玉,男,汉族,VIII-174,VIII-174,VIII-174_02_110101,官式古建筑营造技艺(北京故宫),传统技艺,故宫博物院,未知,4,2012,http://www.ihchina.cn/art/representative.html?limit=100&p=20,2026-08-06T10:35:53+00:00,3277
inheritor_3278,黄春财,男,汉族,VIII-175,VIII-175,VIII-175_02_350923,木拱桥传统营造技艺,传统技艺,福建省屏南县,福建省,4,2012,http://www.ihchina.cn/art/representative.html?limit=100&p=20,2026-08-06T10:35:53+00:00,3278
inheritor_3279,胡公敏,男,汉族,VIII-178,VIII-178,VIII-178_02_341000,徽派传统民居营造技艺,传统技艺,安徽省黄山市,安徽省,4,2012,http://www.ihchina.cn/art/representative.html?limit=100&p=20,2026-08-06T10:35:53+00:00,3279
inheritor_3280,呼森格,男,蒙古族,VIII-181,VIII-181,VIII-181_02_152526,蒙古包营造技艺,传统技艺,内蒙古自治区西乌珠穆沁旗,内蒙古自治区,4,2012,http://www.ihchina.cn/art/representative.html?limit=100&p=20,2026-08-06T10:35:53+00:00,3280
inheritor_3281,果洛折求,男,藏族,VIII-186,VIII-186,VIII-186_03_632622,碉楼营造技艺(藏族碉楼营造技艺),传统技艺,青海省班玛县,青海省,4,2012,http://www.ihchina.cn/art/representative.html?limit=100&p=20,2026-08-06T10:35:53+00:00,3281
inheritor_3282,嵇锡贵,女,汉族,VIII-187,VIII-187,VIII-187_03_330100,越窑青瓷烧制技艺,传统技艺,浙江省杭州市,浙江省,4,2012,http://www.ihchina.cn/art/representative.html?limit=100&p=20,2026-08-06T10:35:53+00:00,3282
inheritor_3283,孙建兴,男,汉族,VIII-188,VIII-188,VIII-188_03_350700,建窑建盏烧制技艺,传统技艺,福建省南平市,福建省,4,2012,http://www.ihchina.cn/art/representative.html?limit=100&p=20,2026-08-06T10:35:53+00:00,3283
inheritor_3284,朱文立,男,汉族,VIII-189,VIII-189,VIII-189_03_410482,汝瓷烧制技艺,传统技艺,河南省汝州市,河南省,4,2012,http://www.ihchina.cn/art/representative.html?limit=100&p=20,2026-08-06T10:35:53+00:00,3284
inheritor_3285,孟玉松,女,汉族,VIII-189,VIII-189,VIII-189_03_410482,汝瓷烧制技艺,传统技艺,河南省汝州市,河南省,4,2012,http://www.ihchina.cn/art/representative.html?limit=100&p=20,2026-08-06T10:35:53+00:00,3285
inheritor_3286,徐永良,男,汉族,VIII-193,VIII-193,VIII-193_03_310106,中式服装制作技艺(龙凤旗袍手工制作技艺),传统技艺,上海市静安区,上海市,4,2012,http://www.ihchina.cn/art/representative.html?limit=100&p=20,2026-08-06T10:35:53+00:00,3286
inheritor_3287,林瑞祥,男,汉族,VIII-193,VIII-193,VIII-193_03_310106b,中式服装制作技艺(亨生奉帮裁缝技艺),传统技艺,上海市静安区,上海市,4,2012,http://www.ihchina.cn/art/representative.html?limit=100&p=20,2026-08-06T10:35:53+00:00,3287
inheritor_3288,包文其,男,汉族,VIII-193,VIII-193,VIII-193_03_330100,中式服装制作技艺(振兴祥中式服装制作技艺,传统技艺,浙江省杭州市,浙江省,4,2012,http://www.ihchina.cn/art/representative.html?limit=100&p=20,2026-08-06T10:35:53+00:00,3288
inheritor_3289,敖朝宗,男,汉族,VIII-194,VIII-194,VIII-194_03_421000,铅锡刻镂技艺,传统技艺,湖北省荆州市,湖北省,4,2012,http://www.ihchina.cn/art/representative.html?limit=100&p=20,2026-08-06T10:35:53+00:00,3289
inheritor_3290,何满,男,汉族,VIII-196,VIII-196,VIII-196_03_630122,银铜器制作及鎏金技艺,传统技艺,青海省湟中县,青海省,4,2012,http://www.ihchina.cn/art/representative.html?limit=100&p=20,2026-08-06T10:35:53+00:00,3290
inheritor_3291,王有亮,男,汉族,VIII-197,VIII-197,VIII-197_03_110101,青铜器修复及复制技艺,传统技艺,故宫博物院,未知,4,2012,http://www.ihchina.cn/art/representative.html?limit=100&p=20,2026-08-06T10:35:53+00:00,3291
inheritor_3292,阿旺晋美,男,藏族,VIII-199,VIII-199,VIII-199_03_540100,藏族矿植物颜料制作技艺,传统技艺,西藏自治区拉萨市,西藏自治区,4,2012,http://www.ihchina.cn/art/representative.html?limit=100&p=20,2026-08-06T10:35:53+00:00,3292
inheritor_3293,吴庆春,男,汉族,VIII-200,VIII-200,VIII-200_03_310101,毛笔制作技艺(周虎臣毛笔制作技艺),传统技艺,上海市黄浦区,上海市,4,2012,http://www.ihchina.cn/art/representative.html?limit=100&p=20,2026-08-06T10:35:53+00:00,3293
inheritor_3294,石庆鹏,男,汉族,VIII-200,VIII-200,VIII-200_03_321012,毛笔制作技艺(扬州毛笔制作技艺),传统技艺,江苏省江都市,江苏省,4,2012,http://www.ihchina.cn/art/representative.html?limit=100&p=20,2026-08-06T10:35:53+00:00,3294
inheritor_3295,祖莪,女,汉族,VIII-202,VIII-202,VIII-202_03_110101,古书画临摹复制技艺,传统技艺,故宫博物院,未知,4,2012,http://www.ihchina.cn/art/representative.html?limit=100&p=20,2026-08-06T10:35:53+00:00,3295
inheritor_3296,梅相靖,男,汉族,VIII-203,VIII-203,VIII-203_03_350982,白茶制作技艺(福鼎白茶制作技艺),传统技艺,福建省福鼎市,福建省,4,2012,http://www.ihchina.cn/art/representative.html?limit=100&p=20,2026-08-06T10:35:53+00:00,3296
inheritor_3297,杨贵庭,男,汉族,VIII-209,VIII-209,VIII-209_03_140900,雁门民居营造技艺,传统技艺,山西省忻州市,山西省,4,2012,http://www.ihchina.cn/art/representative.html?limit=100&p=20,2026-08-06T10:35:53+00:00,3297
inheritor_3298,万桃元,男,汉族,VIII-211,VIII-211,VIII-211_03_422826,土家族吊脚楼营造技艺,传统技艺,湖北省咸丰县,湖北省,4,2012,http://www.ihchina.cn/art/representative.html?limit=100&p=20,2026-08-06T10:35:53+00:00,3298
inheritor_3299,彭善尧,男,土家族,VIII-211,VIII-211,VIII-211_03_433127,土家族吊脚楼营造技艺,传统技艺,湖南省永顺县,湖南省,4,2012,http://www.ihchina.cn/art/representative.html?limit=100&p=20,2026-08-06T10:35:53+00:00,3299
inheritor_3545,葛凤麟,男,汉族,IX-2,IX-2,IX-002_03_110108,中医诊法(葛氏捏筋拍打疗法),传统医药,北京市海淀区,北京市,4,2012,http://www.ihchina.cn/art/representative.html?limit=100&p=20,2026-08-06T10:35:53+00:00,3545
inheritor_3546,王兴治,男,汉族,IX-2,IX-2,IX-002_03_110102,中医诊法(王氏脊椎疗法),传统医药,北京市西城区,北京市,4,2012,http://www.ihchina.cn/art/representative.html?limit=100&p=20,2026-08-06T10:35:53+00:00,3546
inheritor_3547,王培章,男,汉族,IX-2,IX-2,IX-002_03_140728,中医诊法(道虎壁王氏妇科),传统医药,山西省平遥县,山西省,4,2012,http://www.ihchina.cn/art/representative.html?limit=100&p=20,2026-08-06T10:35:53+00:00,3547
inheritor_3548,朱鼎成,男,汉族,IX-2,IX-2,IX-002_03_310106,中医诊法(朱氏推拿疗法),传统医药,上海市,上海市,4,2012,http://www.ihchina.cn/art/representative.html?limit=100&p=20,2026-08-06T10:35:53+00:00,3548
inheritor_3549,李济仁,男,汉族,IX-2,IX-2,IX-002_03_341000,中医诊法(张一帖内科疗法),传统医药,安徽省黄山市,安徽省,4,2012,http://www.ihchina.cn/art/representative.html?limit=100&p=20,2026-08-06T10:35:53+00:00,3549
inheritor_3550,张舜华,女,汉族,IX-2,IX-2,IX-002_03_341000,中医诊法(张一帖内科疗法),传统医药,安徽省黄山市,安徽省,4,2012,http://www.ihchina.cn/art/representative.html?limit=100&p=20,2026-08-06T10:35:53+00:00,3550
inheritor_3551,柳惠武,男,汉族,IX-4,IX-4,"IX-004_03_140726,IX-004_02_140726","中医传统制剂方法(龟龄集传统制作技艺),中医传统制剂方法(定坤丹制作技艺)",传统医药,山西省太谷县,山西省,4,2012,http://www.ihchina.cn/art/representative.html?limit=100&p=20,2026-08-06T10:35:53+00:00,3551
inheritor_3552,劳三申,男,汉族,IX-4,IX-4,IX-004_03_310101,中医传统制剂方法(六神丸制作技艺),传统医药,上海市黄浦区,上海市,4,2012,http://www.ihchina.cn/art/representative.html?limit=100&p=20,2026-08-06T10:35:53+00:00,3552
inheritor_3553,杨福安,男,汉族,IX-4,IX-4,IX-004_02_370124,中医传统制剂方法(东阿阿胶制作技艺),传统医药,山东省平阴县,山东省,4,2012,http://www.ihchina.cn/art/representative.html?limit=100&p=20,2026-08-06T10:35:53+00:00,3553
inheritor_3554,夏小中,男,汉族,IX-4,IX-4,IX-004_03_420821,中医传统制剂方法(夏氏丹药制作技艺),传统医药,湖北省京山县,湖北省,4,2012,http://www.ihchina.cn/art/representative.html?limit=100&p=20,2026-08-06T10:35:53+00:00,3554
inheritor_3555,武承谋,男,汉族,IX-6,IX-6,IX-006_03_140581,中医正骨疗法(武氏正骨疗法),传统医药,山西省高平市,山西省,4,2012,http://www.ihchina.cn/art/representative.html?limit=100&p=20,2026-08-06T10:35:53+00:00,3555
inheritor_3556,张玉柱,男,汉族,IX-6,IX-6,IX-006_03_330183,中医正骨疗法(张氏骨伤疗法),传统医药,浙江省富阳市,浙江省,4,2012,http://www.ihchina.cn/art/representative.html?limit=100&p=20,2026-08-06T10:35:53+00:00,3556
inheritor_3557,占堆,男,藏族,IX-9,IX-9,IX-009_02_540100a,藏医药(藏药炮制技艺),传统医药,西藏自治区藏医院,西藏自治区,4,2012,http://www.ihchina.cn/art/representative.html?limit=100&p=20,2026-08-06T10:35:53+00:00,3557
inheritor_3558,雷雨霖,男,汉族,IX-11,IX-11,IX-011_02_110102,传统中医药文化(鹤年堂中医药养生文化),传统医药,北京鹤年堂医药有限责任公司,北京市,4,2012,http://www.ihchina.cn/art/representative.html?limit=100&p=20,2026-08-06T10:35:53+00:00,3558
inheritor_3559,包金山,男,蒙古族,IX-12,IX-12,IX-012_03_150522,蒙医药(蒙医正骨疗法),传统医药,内蒙古自治区科尔沁左翼后旗,内蒙古自治区,4,2012,http://www.ihchina.cn/art/representative.html?limit=100&p=20,2026-08-06T10:35:53+00:00,3559
inheritor_3560,龙玉年,男,苗族,IX-15,IX-15,IX-015_03_433123,苗医药(癫痫症疗法),传统医药,湖南省凤凰县,湖南省,4,2012,http://www.ihchina.cn/art/representative.html?limit=100&p=20,2026-08-06T10:35:53+00:00,3560
inheritor_3561,张宝玉,男,回族,IX-17,IX-17,IX-017_02_640300,回族医药(张氏回医正骨疗法),传统医药,宁夏回族自治区吴忠市,宁夏回族自治区,4,2012,http://www.ihchina.cn/art/representative.html?limit=100&p=20,2026-08-06T10:35:53+00:00,3561
inheritor_3562,杨华祥,男,回族,IX-17,IX-17,IX-017_02_640100,回族医药(回族汤瓶八诊疗法),传统医药,宁夏回族自治区银川市,宁夏回族自治区,4,2012,http://www.ihchina.cn/art/representative.html?limit=100&p=20,2026-08-06T10:35:53+00:00,3562
inheritor_3563,余惠祥,男,汉族,IX-19,IX-19,IX-019_03_532300,彝医药(彝医水膏药疗法),传统医药,云南省楚雄彝族自治州,云南省,4,2012,http://www.ihchina.cn/art/representative.html?limit=100&p=20,2026-08-06T10:35:53+00:00,3563
inheritor_3564,阿布都吾布尔·阿吉,男,维吾尔族,IX-21,IX-21,IX-021_03_653200,维吾尔医药(木尼孜其·木斯力汤药制作技艺,传统医药,新疆维吾尔自治区和田地区,新疆维吾尔自治区,4,2012,http://www.ihchina.cn/art/representative.html?limit=100&p=20,2026-08-06T10:35:53+00:00,3564
inheritor_3565,艾比不拉·玉素甫,男,维吾尔族,IX-21,IX-21,IX-021_03_653201,维吾尔医药(维药传统炮制技艺),传统医药,新疆维吾尔医学高等专科学校,新疆维吾尔自治区,4,2012,http://www.ihchina.cn/art/representative.html?limit=100&p=20,2026-08-06T10:35:53+00:00,3565
inheritor_3654,陈其才,男,汉族,X-4,X-4,X-004_03_331081,七夕节(石塘七夕习俗),民俗,浙江省温岭市,浙江省,4,2012,http://www.ihchina.cn/art/representative.html?limit=100&p=20,2026-08-06T10:35:53+00:00,3654
inheritor_3655,陳德輝,男,汉族,X-5,X-5,X-005_03_810000,中秋节(大坑舞火龙),民俗,香港特别行政区,香港特别行政区,4,2012,http://www.ihchina.cn/art/representative.html?limit=100&p=20,2026-08-06T10:35:53+00:00,3655
inheritor_3656,普顺发,男,彝族,X-10,X-10,X-010_01_532300,火把节(彝族火把节),民俗,云南省楚雄彝族自治州,云南省,4,2012,http://www.ihchina.cn/art/representative.html?limit=100&p=20,2026-08-06T10:35:53+00:00,3656
inheritor_3657,赵有福,男,瑶族,X-14,X-14,X-014_01_451100,瑶族盘王节,民俗,广西壮族自治区贺州市,广西壮族自治区,4,2012,http://www.ihchina.cn/art/representative.html?limit=100&p=20,2026-08-06T10:35:53+00:00,3657
inheritor_3658,谭三岗,男,毛南族,X-17,X-17,X-017_01_451226,毛南族肥套,民俗,广西壮族自治区环江毛南族自治县,广西壮族自治区,4,2012,http://www.ihchina.cn/art/representative.html?limit=100&p=20,2026-08-06T10:35:53+00:00,3658
inheritor_3659,王卫东,男,蒙古族,X-34,X-34,X-034_01_150600,成吉思汗祭典,民俗,内蒙古自治区鄂尔多斯市,内蒙古自治区,4,2012,http://www.ihchina.cn/art/representative.html?limit=100&p=20,2026-08-06T10:35:53+00:00,3659
inheritor_3660,林金榜,男,汉族,X-36,X-36,X-036_01_350300,妈祖祭典,民俗,福建省莆田市,福建省,4,2012,http://www.ihchina.cn/art/representative.html?limit=100&p=20,2026-08-06T10:35:53+00:00,3660
inheritor_3661,当曾本,男,藏族,X-43,X-43,X-043_01_632321,热贡六月会,民俗,青海省同仁县,青海省,4,2012,http://www.ihchina.cn/art/representative.html?limit=100&p=20,2026-08-06T10:35:53+00:00,3661
inheritor_3662,夏吾才让,男,藏族,X-43,X-43,X-043_01_632321,热贡六月会,民俗,青海省同仁县,青海省,4,2012,http://www.ihchina.cn/art/representative.html?limit=100&p=20,2026-08-06T10:35:53+00:00,3662
inheritor_3663,梁炳光,男,苗族,X-47,X-47,X-047_01_450225,苗族系列坡会群,民俗,广西壮族自治区融水苗族自治县,广西壮族自治区,4,2012,http://www.ihchina.cn/art/representative.html?limit=100&p=20,2026-08-06T10:35:53+00:00,3663
inheritor_3664,艾力·依布拉音,男,维吾尔族,X-49,X-49,X-049_02_652901,新疆维吾尔族麦西热甫(维吾尔族却日库木麦,民俗,新疆维吾尔自治区阿克苏市,新疆维吾尔自治区,4,2012,http://www.ihchina.cn/art/representative.html?limit=100&p=20,2026-08-06T10:35:53+00:00,3664
inheritor_3665,李俊芳,男,汉族,X-54,X-54?,X-054_02_610723,民间社火(洋县悬台社火),民俗,陕西省洋县,陕西省,4,2012,http://www.ihchina.cn/art/representative.html?limit=100&p=20,2026-08-06T10:35:53+00:00,3665
inheritor_3666,董思明,男,土族,X-56,X-56,X-056_01_630223,土族婚礼,民俗,青海省互助土族自治县,青海省,4,2012,http://www.ihchina.cn/art/representative.html?limit=100&p=20,2026-08-06T10:35:53+00:00,3666
inheritor_3667,韩占祥,男,撒拉族,X-57,X-57,X-057_01_630225,撒拉族婚礼,民俗,青海省循化撒拉族自治县,青海省,4,2012,http://www.ihchina.cn/art/representative.html?limit=100&p=20,2026-08-06T10:35:53+00:00,3667
inheritor_3668,陶美元,女,苗族,X-65,X-65,X-065_01_530500,苗族服饰(昌宁苗族服饰),民俗,云南省保山市,云南省,4,2012,http://www.ihchina.cn/art/representative.html?limit=100&p=20,2026-08-06T10:35:53+00:00,3668
inheritor_3669,何静华,女,汉族,X-69,X-69,X-069_01_431125,女书习俗,民俗,湖南省江永县,湖南省,4,2012,http://www.ihchina.cn/art/representative.html?limit=100&p=20,2026-08-06T10:35:53+00:00,3669
inheritor_3670,白有厚,男,汉族,X-71,X-71,X-071_02_141125,元宵节(柳林盘子会),民俗,山西省柳林县,山西省,4,2012,http://www.ihchina.cn/art/representative.html?limit=100&p=20,2026-08-06T10:35:53+00:00,3670
inheritor_3671,陈永清,男,汉族,X-71,X-71,X-071_02_620321,元宵节(永昌县“卍”字灯俗),民俗,甘肃省永昌县,甘肃省,4,2012,http://www.ihchina.cn/art/representative.html?limit=100&p=20,2026-08-06T10:35:53+00:00,3671
inheritor_3672,胡文相,男,汉族,X-84,X-84,X-084_03_331122,庙会(张山寨七七会),民俗,浙江省缙云县,浙江省,4,2012,http://www.ihchina.cn/art/representative.html?limit=100&p=20,2026-08-06T10:35:53+00:00,3672
inheritor_3673,关章训,男,汉族,X-84,X-84,X-084_03_420582,庙会(当阳关陵庙会),民俗,湖北省当阳市,湖北省,4,2012,http://www.ihchina.cn/art/representative.html?limit=100&p=20,2026-08-06T10:35:53+00:00,3673
inheritor_3674,陈范兴,男,汉族,X-87,X-87,X-087_03_430681,抬阁(长乐抬阁故事会),民俗,湖南省汨罗市,湖南省,4,2012,http://www.ihchina.cn/art/representative.html?limit=100&p=20,2026-08-06T10:35:53+00:00,3674
inheritor_3675,谭浩彬,男,汉族,X-87,X-87,X-087_02_442000,抬阁(南朗崖口飘色),民俗,广东省中山市,广东省,4,2012,http://www.ihchina.cn/art/representative.html?limit=100&p=20,2026-08-06T10:35:53+00:00,3675
inheritor_3676,公孙馨,男,汉族,X-87,X-87,X-087_03_530423,抬阁(通海高台),民俗,云南省通海县,云南省,4,2012,http://www.ihchina.cn/art/representative.html?limit=100&p=20,2026-08-06T10:35:53+00:00,3676
inheritor_3677,李富先,男,汉族,X-87,X-87,X-087_02_630122,抬阁(湟中县千户营高台),民俗,青海省湟中县,青海省,4,2012,http://www.ihchina.cn/art/representative.html?limit=100&p=20,2026-08-06T10:35:53+00:00,3677
inheritor_3678,艾克木山·马达力汗,男,塔吉克族,X-100,X-100,X-100_02_653131,塔吉克族婚俗,民俗,新疆维吾尔自治区塔什库尔干塔吉克自治县,新疆维吾尔自治区,4,2012,http://www.ihchina.cn/art/representative.html?limit=100&p=20,2026-08-06T10:35:53+00:00,3678
inheritor_3679,斯庆巴拉木,女,蒙古族,X-108,X-108,X-108_02_150000,蒙古族服饰,民俗,内蒙古自治区,内蒙古自治区,4,2012,http://www.ihchina.cn/art/representative.html?limit=100&p=20,2026-08-06T10:35:53+00:00,3679
inheritor_3680,米的可,女,蒙古族,X-108,X-108,X-108_02_652829,蒙古族服饰,民俗,新疆维吾尔自治区博湖县,新疆维吾尔自治区,4,2012,http://www.ihchina.cn/art/representative.html?limit=100&p=20,2026-08-06T10:35:53+00:00,3680
inheritor_3681,旦增多杰,男,藏族,X-113,X-113,X-113_02_632700,藏族服饰,民俗,青海省玉树藏族自治州,青海省,4,2012,http://www.ihchina.cn/art/representative.html?limit=100&p=20,2026-08-06T10:35:53+00:00,3681
inheritor_3682,柯璀玲,女,裕固族,X-114,X-114,X-114_02_620721,裕固族服饰,民俗,甘肃省肃南裕固族自治县,甘肃省,4,2012,http://www.ihchina.cn/art/representative.html?limit=100&p=20,2026-08-06T10:35:53+00:00,3682
inheritor_3683,汪素秋,女,汉族,X-119,X-119,X-119_02_341002,珠算(程大位珠算法),民俗,安徽省黄山市屯溪区,安徽省,4,2012,http://www.ihchina.cn/art/representative.html?limit=100&p=20,2026-08-06T10:35:53+00:00,3683
inheritor_3684,安福成,男,裕固族,X-139,X-139,X-139_03_620700,婚俗(裕固族传统婚俗),民俗,甘肃省张掖市,甘肃省,4,2012,http://www.ihchina.cn/art/representative.html?limit=100&p=20,2026-08-06T10:35:53+00:00,3684
inheritor_793,田锦锋,男,苗族,I-1,I-1,I-001_01_522630,苗族古歌,民间文学,贵州省台江县,贵州省,5,2018,http://www.ihchina.cn/art/representative.html?limit=100&p=20,2026-08-06T10:35:53+00:00,793
inheritor_794,吴通贤,男,苗族,I-5,I-5,I-005_01_522623,刻道,民间文学,贵州省施秉县,贵州省,5,2018,http://www.ihchina.cn/art/representative.html?limit=100&p=20,2026-08-06T10:35:53+00:00,794
inheritor_795,陈秋强,男,汉族,I-7,I-7,I-007_01_330682,梁祝传说,民间文学,浙江省上虞市,浙江省,5,2018,http://www.ihchina.cn/art/representative.html?limit=100&p=20,2026-08-06T10:35:53+00:00,795
inheritor_796,赵东升,男,满族,I-12,I-12,I-012_01_220000,满族说部,民间文学,吉林省,吉林省,5,2018,http://www.ihchina.cn/art/representative.html?limit=100&p=20,2026-08-06T10:35:53+00:00,796
inheritor_797,张东海,男,汉族,I-13,I-13,I-013_02_321282,宝卷(靖江宝卷),民间文学,江苏省靖江市,江苏省,5,2018,http://www.ihchina.cn/art/representative.html?limit=100&p=20,2026-08-06T10:35:53+00:00,797
inheritor_798,芮时龙,男,汉族,I-13,I-13,I-013_04_320500,宝卷(吴地宝卷),民间文学,江苏省苏州市,江苏省,5,2018,http://www.ihchina.cn/art/representative.html?limit=100&p=20,2026-08-06T10:35:53+00:00,798
inheritor_799,代兴位,男,汉族,I-13,I-13,I-013_02_620700,宝卷(河西宝卷),民间文学,甘肃省张掖市,甘肃省,5,2018,http://www.ihchina.cn/art/representative.html?limit=100&p=20,2026-08-06T10:35:53+00:00,799
inheritor_800,吴文,男,汉族,I-17,I-17,I-017_01_500107,走马镇民间故事,民间文学,重庆市九龙坡区,重庆市,5,2018,http://www.ihchina.cn/art/representative.html?limit=100&p=20,2026-08-06T10:35:53+00:00,800
inheritor_801,吾肉孜·卡地尔,男,柯尔克孜族,I-25,I-25,I-025_01_653000,玛纳斯,民间文学,新疆维吾尔自治区克孜勒苏柯尔克孜自治州,新疆维吾尔自治区,5,2018,http://www.ihchina.cn/art/representative.html?limit=100&p=20,2026-08-06T10:35:53+00:00,801
inheritor_802,说了白西·死卡卡,男,柯尔克孜族,I-25,I-25,I-025_01_650000,玛纳斯,民间文学,新疆维吾尔自治区文联民间文艺家协会,新疆维吾尔自治区,5,2018,http://www.ihchina.cn/art/representative.html?limit=100&p=20,2026-08-06T10:35:53+00:00,802
inheritor_803,金巴扎木苏,男,蒙古族,I-27,I-27,I-027_04_150423,格萨(斯)尔,民间文学,内蒙古自治区巴林右旗,内蒙古自治区,5,2018,http://www.ihchina.cn/art/representative.html?limit=100&p=20,2026-08-06T10:35:53+00:00,803
inheritor_804,巴旦,男,藏族,I-27,I-27,I-027_01_540000,格萨(斯)尔,民间文学,西藏自治区,西藏自治区,5,2018,http://www.ihchina.cn/art/representative.html?limit=100&p=20,2026-08-06T10:35:53+00:00,804
inheritor_805,格日尖参,男,藏族,I-27,I-27,I-027_01_630000,格萨(斯)尔,民间文学,青海省,青海省,5,2018,http://www.ihchina.cn/art/representative.html?limit=100&p=20,2026-08-06T10:35:53+00:00,805
inheritor_806,才智,男,藏族,I-27,I-27,I-027_01_630000,格萨(斯)尔,民间文学,青海省,青海省,5,2018,http://www.ihchina.cn/art/representative.html?limit=100&p=20,2026-08-06T10:35:53+00:00,806
inheritor_807,陈时云,女,汉族,I-50,I-50,I-050_02_411425,木兰传说,民间文学,河南省虞城县,河南省,5,2018,http://www.ihchina.cn/art/representative.html?limit=100&p=20,2026-08-06T10:35:53+00:00,807
inheritor_808,叶蔚璋,男,汉族,I-50,I-50,I-050_02_420116,木兰传说,民间文学,湖北省武汉市黄陂区,湖北省,5,2018,http://www.ihchina.cn/art/representative.html?limit=100&p=20,2026-08-06T10:35:53+00:00,808
inheritor_809,吴传来,男,汉族,I-54,I-54,I-054_02_330600,徐文长故事,民间文学,浙江省绍兴市,浙江省,5,2018,http://www.ihchina.cn/art/representative.html?limit=100&p=20,2026-08-06T10:35:53+00:00,809
inheritor_810,刘为芬,女,土家族,I-56,I-56,I-056_02_420528,都镇湾故事,民间文学,湖北省长阳土家族自治县,湖北省,5,2018,http://www.ihchina.cn/art/representative.html?limit=100&p=20,2026-08-06T10:35:53+00:00,810
inheritor_811,李腊拽,男,德昂族,I-65,I-65,I-065_02_533100,达古达楞格莱标,民间文学,云南省德宏傣族景颇族自治州,云南省,5,2018,http://www.ihchina.cn/art/representative.html?limit=100&p=20,2026-08-06T10:35:53+00:00,811
inheritor_812,马建昌,男,哈尼族,I-66,I-66,I-066_02_532528,哈尼哈吧,民间文学,云南省元阳县,云南省,5,2018,http://www.ihchina.cn/art/representative.html?limit=100&p=20,2026-08-06T10:35:53+00:00,812
inheritor_813,尼玛,男,蒙古族,I-70,I-70,I-070_02_632800,汗青格勒,民间文学,青海省海西蒙古族藏族自治州,青海省,5,2018,http://www.ihchina.cn/art/representative.html?limit=100&p=20,2026-08-06T10:35:53+00:00,813
inheritor_814,李会堂,男,苗族,I-76,I-76,I-076_02_522600,苗族贾理,民间文学,贵州省黔东南苗族侗族自治州,贵州省,5,2018,http://www.ihchina.cn/art/representative.html?limit=100&p=20,2026-08-06T10:35:53+00:00,814
inheritor_815,查月华,女,汉族,I-79,I-79,I-079_02_340881,桐城歌,民间文学,安徽省桐城市,安徽省,5,2018,http://www.ihchina.cn/art/representative.html?limit=100&p=20,2026-08-06T10:35:53+00:00,815
inheritor_816,解放,男,汉族,I-84,I-84,I-084_02_140822,笑话(万荣笑话),民间文学,山西省万荣县,山西省,5,2018,http://www.ihchina.cn/art/representative.html?limit=100&p=20,2026-08-06T10:35:53+00:00,816
inheritor_817,侯自鹏,男,苗族,I-93,I-93,I-093_03_433122,盘瓠传说,民间文学,湖南省泸溪县,湖南省,5,2018,http://www.ihchina.cn/art/representative.html?limit=100&p=21,2026-08-06T10:35:55+00:00,817
inheritor_818,张嘉国,男,汉族,I-97,I-97,I-097_03_330283,布袋和尚传说,民间文学,浙江省奉化市,浙江省,5,2018,http://www.ihchina.cn/art/representative.html?limit=100&p=21,2026-08-06T10:35:55+00:00,818
inheritor_819,杨乃浚,男,汉族,I-100,I-100,I-100_03_330600,王羲之传说,民间文学,浙江省绍兴市,浙江省,5,2018,http://www.ihchina.cn/art/representative.html?limit=100&p=21,2026-08-06T10:35:55+00:00,819
inheritor_820,林东,男,珞巴族,I-107,I-107,I-107_03_542623,珞巴族始祖传说,民间文学,西藏自治区米林县,西藏自治区,5,2018,http://www.ihchina.cn/art/representative.html?limit=100&p=21,2026-08-06T10:35:55+00:00,820
inheritor_821,顿珠,男,藏族,I-110,I-110,I-110_03_542422,嘉黎民间故事,民间文学,西藏自治区嘉黎县,西藏自治区,5,2018,http://www.ihchina.cn/art/representative.html?limit=100&p=21,2026-08-06T10:35:55+00:00,821
inheritor_822,许根才,男,汉族,I-111,I-111,I-111_03_330322,海洋动物故事,民间文学,浙江省洞头县,浙江省,5,2018,http://www.ihchina.cn/art/representative.html?limit=100&p=21,2026-08-06T10:35:55+00:00,822
inheritor_823,严水花,女,土家族,I-112,I-112,I-112_03_433127,土家族哭嫁歌,民间文学,湖南省永顺县,湖南省,5,2018,http://www.ihchina.cn/art/representative.html?limit=100&p=21,2026-08-06T10:35:55+00:00,823
inheritor_824,德力格尔,男,蒙古族,I-114,I-114,I-114_03_152525,祝赞词,民间文学,内蒙古自治区东乌珠穆沁旗,内蒙古自治区,5,2018,http://www.ihchina.cn/art/representative.html?limit=100&p=21,2026-08-06T10:35:55+00:00,824
inheritor_825,那次克·布娃,男,蒙古族,I-114,I-114,I-114_03_654226,祝赞词,民间文学,新疆维吾尔自治区和布克赛尔蒙古自治县,新疆维吾尔自治区,5,2018,http://www.ihchina.cn/art/representative.html?limit=100&p=21,2026-08-06T10:35:55+00:00,825
inheritor_826,吴克从,男,汉族,I-115,I-115,I-115_03_420626,黑暗传,民间文学,湖北省保康县,湖北省,5,2018,http://www.ihchina.cn/art/representative.html?limit=100&p=21,2026-08-06T10:35:55+00:00,826
inheritor_827,陈切松,男,汉族,I-115,I-115,I-115_03_429021,黑暗传,民间文学,湖北省神农架林区,湖北省,5,2018,http://www.ihchina.cn/art/representative.html?limit=100&p=21,2026-08-06T10:35:55+00:00,827
inheritor_828,包广林,男,蒙古族,I-116,I-116,I-116_03_220721,陶克陶胡,民间文学,吉林省前郭尔罗斯蒙古族自治县,吉林省,5,2018,http://www.ihchina.cn/art/representative.html?limit=100&p=21,2026-08-06T10:35:55+00:00,828
inheritor_829,阿合买提江·玉素甫,男,维吾尔族,I-123,I-123,I-123_03_654002,恰克恰克,民间文学,新疆维吾尔自治区伊宁市,新疆维吾尔自治区,5,2018,http://www.ihchina.cn/art/representative.html?limit=100&p=21,2026-08-06T10:35:55+00:00,829
inheritor_830,李智海,男,汉族,I-130,I-130,I-130_04_340822,孔雀东南飞传说,民间文学,安徽省怀宁县,安徽省,5,2018,http://www.ihchina.cn/art/representative.html?limit=100&p=21,2026-08-06T10:35:55+00:00,830
inheritor_831,胡智,男,汉族,I-131,I-131,I-131_04_341621,老子传说,民间文学,安徽省涡阳县,安徽省,5,2018,http://www.ihchina.cn/art/representative.html?limit=100&p=21,2026-08-06T10:35:55+00:00,831
inheritor_832,胡孝华,男,汉族,I-133,I-133,I-133_04_370214,胡峄阳传说,民间文学,山东省青岛市城阳区,山东省,5,2018,http://www.ihchina.cn/art/representative.html?limit=100&p=21,2026-08-06T10:35:55+00:00,832
inheritor_833,熊远桂,男,汉族,I-137,I-137,I-137_04_420000,三国传说,民间文学,湖北省,湖北省,5,2018,http://www.ihchina.cn/art/representative.html?limit=100&p=21,2026-08-06T10:35:55+00:00,833
inheritor_834,杜志榜,男,汉族,I-149,I-149,I-149_04_500108,广阳镇民间故事,民间文学,重庆市南岸区,重庆市,5,2018,http://www.ihchina.cn/art/representative.html?limit=100&p=21,2026-08-06T10:35:55+00:00,834
inheritor_835,赵庚妹,女,瑶族,I-151,I-151,I-151_04_431129,盘王大歌,民间文学,湖南省江华瑶族自治县,湖南省,5,2018,http://www.ihchina.cn/art/representative.html?limit=100&p=21,2026-08-06T10:35:55+00:00,835
inheritor_836,沙马史体,男,彝族,I-152,I-152,I-152_04_513432,玛牧,民间文学,四川省喜德县,四川省,5,2018,http://www.ihchina.cn/art/representative.html?limit=100&p=21,2026-08-06T10:35:55+00:00,836
inheritor_837,索德元,男,土族,I-154,I-154,I-154_04_630223,祁家延西,民间文学,青海省互助土族自治县,青海省,5,2018,http://www.ihchina.cn/art/representative.html?limit=100&p=21,2026-08-06T10:35:55+00:00,837
inheritor_838,曾祥泰,男,汉族,I-155,I-155,I-155_04_330822,常山喝彩歌谣,民间文学,浙江省常山县,浙江省,5,2018,http://www.ihchina.cn/art/representative.html?limit=100&p=21,2026-08-06T10:35:55+00:00,838
inheritor_1070,达瓦桑布,男,蒙古族,II-3,II-3,II-003_01_150000,蒙古族长调民歌,传统音乐,内蒙古自治区,内蒙古自治区,5,2018,http://www.ihchina.cn/art/representative.html?limit=100&p=21,2026-08-06T10:35:55+00:00,1070
inheritor_1071,都古尔苏荣,男,蒙古族,II-3,II-3,II-003_04_150726,蒙古族长调民歌(巴尔虎长调),传统音乐,内蒙古自治区新巴尔虎左旗,内蒙古自治区,5,2018,http://www.ihchina.cn/art/representative.html?limit=100&p=21,2026-08-06T10:35:55+00:00,1071
inheritor_1072,道·乌图那生,男,蒙古族,II-3,II-3,II-003_02_654226,蒙古族长调民歌,传统音乐,新疆维吾尔自治区和布克赛尔蒙古自治县,新疆维吾尔自治区,5,2018,http://www.ihchina.cn/art/representative.html?limit=100&p=21,2026-08-06T10:35:55+00:00,1072
inheritor_1073,陶小妹,女,汉族,II-5,II-5,II-005_01_340500,当涂民歌,传统音乐,安徽省马鞍山市,安徽省,5,2018,http://www.ihchina.cn/art/representative.html?limit=100&p=21,2026-08-06T10:35:55+00:00,1073
inheritor_1074,李家莲,女,汉族,II-6,II-6,II-006_01_340181,巢湖民歌,传统音乐,安徽省巢湖市,安徽省,5,2018,http://www.ihchina.cn/art/representative.html?limit=100&p=21,2026-08-06T10:35:55+00:00,1074
inheritor_1075,尚生武,男,土家族,II-10,II-10,II-010_01_430822,桑植民歌,传统音乐,湖南省桑植县,湖南省,5,2018,http://www.ihchina.cn/art/representative.html?limit=100&p=21,2026-08-06T10:35:55+00:00,1075
inheritor_1076,阿称恒,男,傈僳族,II-17,II-17,II-017_01_533300,傈僳族民歌,传统音乐,云南省怒江傈僳族自治州,云南省,5,2018,http://www.ihchina.cn/art/representative.html?limit=100&p=21,2026-08-06T10:35:55+00:00,1076
inheritor_1077,苏平,女,撒拉族,II-20,II-20,II-020_01_622925,花儿(松鸣岩花儿会),传统音乐,甘肃省和政县,甘肃省,5,2018,http://www.ihchina.cn/art/representative.html?limit=100&p=21,2026-08-06T10:35:55+00:00,1077
inheritor_1078,李桂英,女,汉族,II-20,II-20,II-020_01_630222,花儿(七里寺花儿会),传统音乐,青海省民和回族土族自治县,青海省,5,2018,http://www.ihchina.cn/art/representative.html?limit=100&p=21,2026-08-06T10:35:55+00:00,1078
inheritor_1079,王德勤,女,汉族,II-20,II-20,II-020_01_640000,花儿(宁夏回族山花儿),传统音乐,宁夏回族自治区,宁夏回族自治区,5,2018,http://www.ihchina.cn/art/representative.html?limit=100&p=21,2026-08-06T10:35:55+00:00,1079
inheritor_1080,马汉东,男,回族,II-20,II-20,II-020_01_640000,花儿(宁夏回族山花儿),传统音乐,宁夏回族自治区,宁夏回族自治区,5,2018,http://www.ihchina.cn/art/representative.html?limit=100&p=21,2026-08-06T10:35:55+00:00,1080
inheritor_1081,王秀芳,女,汉族,II-20,II-20,II-020_02_652300,花儿(新疆花儿),传统音乐,新疆维吾尔自治区昌吉回族自治州,新疆维吾尔自治区,5,2018,http://www.ihchina.cn/art/representative.html?limit=100&p=21,2026-08-06T10:35:55+00:00,1081
inheritor_1082,龙景平,男,苗族,II-23,II-23,II-023_01_431229,靖州苗族歌鼟,传统音乐,湖南省靖州苗族侗族自治县,湖南省,5,2018,http://www.ihchina.cn/art/representative.html?limit=100&p=21,2026-08-06T10:35:55+00:00,1082
inheritor_1083,曹光裕,男,汉族,II-24,II-24,II-024_01_500000,川江号子,传统音乐,重庆市,重庆市,5,2018,http://www.ihchina.cn/art/representative.html?limit=100&p=21,2026-08-06T10:35:55+00:00,1083
inheritor_1084,张中祥,男,汉族,II-27,II-27,II-027_04_320831,薅草锣鼓(金湖秧歌),传统音乐,江苏省金湖县,江苏省,5,2018,http://www.ihchina.cn/art/representative.html?limit=100&p=21,2026-08-06T10:35:55+00:00,1084
inheritor_1085,方由根,男,汉族,II-27,II-27,II-027_02_360423,薅草锣鼓(武宁打鼓歌),传统音乐,江西省武宁县,江西省,5,2018,http://www.ihchina.cn/art/representative.html?limit=100&p=21,2026-08-06T10:35:55+00:00,1085
inheritor_1086,冷浩然,男,侗族,II-27,II-27,II-027_02_422825,薅草锣鼓(宣恩薅草锣鼓),传统音乐,湖北省宣恩县,湖北省,5,2018,http://www.ihchina.cn/art/representative.html?limit=100&p=21,2026-08-06T10:35:55+00:00,1086
inheritor_1087,贾福英,男,侗族,II-28,II-28,II-028_02_522633,侗族大歌,传统音乐,贵州省从江县,贵州省,5,2018,http://www.ihchina.cn/art/representative.html?limit=100&p=21,2026-08-06T10:35:55+00:00,1087
inheritor_1088,杨月艳,女,侗族,II-29,II-29,II-029_01_522631,侗族琵琶歌,传统音乐,贵州省黎平县,贵州省,5,2018,http://www.ihchina.cn/art/representative.html?limit=100&p=21,2026-08-06T10:35:55+00:00,1088
inheritor_1089,苏乙拉图,男,蒙古族,II-30,II-30,II-030_03_152522,多声部民歌(潮尔道-阿巴嘎潮尔),传统音乐,内蒙古自治区阿巴嘎旗,内蒙古自治区,5,2018,http://www.ihchina.cn/art/representative.html?limit=100&p=21,2026-08-06T10:35:55+00:00,1089
inheritor_1090,方少保,女,苗族,II-30,II-30,II-030_02_522630,多声部民歌(苗族多声部民歌),传统音乐,贵州省台江县,贵州省,5,2018,http://www.ihchina.cn/art/representative.html?limit=100&p=21,2026-08-06T10:35:55+00:00,1090
inheritor_1091,林晨,女,汉族,II-34,II-34,II-034_01_110105,古琴艺术,传统音乐,中国艺术研究院,未知,5,2018,http://www.ihchina.cn/art/representative.html?limit=100&p=21,2026-08-06T10:35:55+00:00,1091
inheritor_1092,王鹏,男,汉族,II-34,II-34,II-034_04_110115,古琴艺术,传统音乐,北京市大兴区,北京市,5,2018,http://www.ihchina.cn/art/representative.html?limit=100&p=21,2026-08-06T10:35:55+00:00,1092
inheritor_1093,朱晞,男,汉族,II-34,II-34,II-034_02_320581,古琴艺术(虞山琴派),传统音乐,江苏省常熟市,江苏省,5,2018,http://www.ihchina.cn/art/representative.html?limit=100&p=21,2026-08-06T10:35:55+00:00,1093
inheritor_1094,马维衡,男,汉族,II-34,II-34,II-034_02_321000,古琴艺术(广陵琴派),传统音乐,江苏省扬州市,江苏省,5,2018,http://www.ihchina.cn/art/representative.html?limit=100&p=21,2026-08-06T10:35:55+00:00,1094
inheritor_1095,桂世民,男,汉族,II-34,II-34,II-034_02_320100,古琴艺术(金陵琴派),传统音乐,江苏省南京市,江苏省,5,2018,http://www.ihchina.cn/art/representative.html?limit=100&p=21,2026-08-06T10:35:55+00:00,1095
inheritor_1096,刘昌寿,男,汉族,II-34,II-34,II-034_04_810000,古琴艺术,传统音乐,香港特别行政区,香港特别行政区,5,2018,http://www.ihchina.cn/art/representative.html?limit=100&p=21,2026-08-06T10:35:55+00:00,1096
inheritor_1097,陶特格,男,蒙古族,II-36,II-36,II-036_04_152222,蒙古族四胡音乐,传统音乐,内蒙古自治区科尔沁右翼中旗,内蒙古自治区,5,2018,http://www.ihchina.cn/art/representative.html?limit=100&p=21,2026-08-06T10:35:55+00:00,1097
inheritor_1098,包杰,男,蒙古族,II-36,II-36,II-036_02_230624,蒙古族四胡音乐,传统音乐,黑龙江省杜尔伯特蒙古族自治县,黑龙江省,5,2018,http://www.ihchina.cn/art/representative.html?limit=100&p=21,2026-08-06T10:35:55+00:00,1098
inheritor_1099,刘福寿,男,汉族,II-37,II-37,II-037_02_140900,唢呐艺术(晋北鼓吹),传统音乐,山西省忻州市,山西省,5,2018,http://www.ihchina.cn/art/representative.html?limit=100&p=21,2026-08-06T10:35:55+00:00,1099
inheritor_1100,崔青云,男,汉族,II-37,II-37,II-037_02_140428,唢呐艺术(上党八音会),传统音乐,山西省长子县,山西省,5,2018,http://www.ihchina.cn/art/representative.html?limit=100&p=21,2026-08-06T10:35:55+00:00,1100
inheritor_1101,刘晓弘,男,汉族,II-37,II-37,II-037_04_141124,唢呐艺术(临县大唢呐),传统音乐,山西省临县,山西省,5,2018,http://www.ihchina.cn/art/representative.html?limit=100&p=21,2026-08-06T10:35:55+00:00,1101
inheritor_1102,唐海峰,男,汉族,II-37,II-37,II-037_02_210600,唢呐艺术(丹东鼓乐),传统音乐,辽宁省丹东市,辽宁省,5,2018,http://www.ihchina.cn/art/representative.html?limit=100&p=21,2026-08-06T10:35:55+00:00,1102
inheritor_1103,杨成伟,男,汉族,II-37,II-37,II-037_02_230621,唢呐艺术(杨小班鼓吹乐棚),传统音乐,黑龙江省肇州县,黑龙江省,5,2018,http://www.ihchina.cn/art/representative.html?limit=100&p=21,2026-08-06T10:35:55+00:00,1103
inheritor_1104,李树鹏,男,汉族,II-37,II-37,II-037_03_320300,唢呐艺术(徐州鼓吹乐),传统音乐,江苏省徐州市,江苏省,5,2018,http://www.ihchina.cn/art/representative.html?limit=100&p=21,2026-08-06T10:35:55+00:00,1104
inheritor_1105,蒋法杰,男,汉族,II-37,II-37,II-037_03_341300,唢呐艺术(砀山唢呐),传统音乐,安徽省宿州市,安徽省,5,2018,http://www.ihchina.cn/art/representative.html?limit=100&p=21,2026-08-06T10:35:55+00:00,1105
inheritor_1106,刘秋林,男,汉族,II-37,II-37,II-037_03_350821,唢呐艺术(长汀公嫲吹),传统音乐,福建省长汀县,福建省,5,2018,http://www.ihchina.cn/art/representative.html?limit=100&p=21,2026-08-06T10:35:55+00:00,1106
inheritor_1107,丁庆华,男,汉族,II-37,II-37,II-037_02_370883,唢呐艺术(邹城平派鼓吹乐),传统音乐,山东省邹城市,山东省,5,2018,http://www.ihchina.cn/art/representative.html?limit=100&p=21,2026-08-06T10:35:55+00:00,1107
inheritor_1108,王述银,男,汉族,II-37,II-37,II-037_02_420626,唢呐艺术(沮水呜音),传统音乐,湖北省保康县,湖北省,5,2018,http://www.ihchina.cn/art/representative.html?limit=100&p=21,2026-08-06T10:35:55+00:00,1108
inheritor_1109,刘国福,男,汉族,II-37,II-37,II-037_02_420624,唢呐艺术(呜音喇叭),传统音乐,湖北省南漳县,湖北省,5,2018,http://www.ihchina.cn/art/representative.html?limit=100&p=21,2026-08-06T10:35:55+00:00,1109
inheritor_1110,陈德望,男,汉族,II-37,II-37,II-037_02_420525,唢呐艺术(远安呜音),传统音乐,湖北省远安县,湖北省,5,2018,http://www.ihchina.cn/art/representative.html?limit=100&p=21,2026-08-06T10:35:55+00:00,1110
inheritor_1111,刘道荣,男,汉族,II-37,II-37,II-037_02_500110,唢呐艺术(永城吹打),传统音乐,重庆市綦江区,重庆市,5,2018,http://www.ihchina.cn/art/representative.html?limit=100&p=21,2026-08-06T10:35:55+00:00,1111
inheritor_1112,张连悌,男,汉族,II-39,II-39,II-039_01_211000,辽宁鼓乐,传统音乐,辽宁省辽阳市,辽宁省,5,2018,http://www.ihchina.cn/art/representative.html?limit=100&p=21,2026-08-06T10:35:55+00:00,1112
inheritor_1113,何汉沛,男,汉族,II-44,II-44,II-044_02_440600,十番音乐(佛山十番),传统音乐,广东省佛山市,广东省,5,2018,http://www.ihchina.cn/art/representative.html?limit=100&p=21,2026-08-06T10:35:55+00:00,1113
inheritor_1114,陈建彬,男,汉族,II-45,II-45,II-045_03_371724,鲁西南鼓吹乐,传统音乐,山东省巨野县,山东省,5,2018,http://www.ihchina.cn/art/representative.html?limit=100&p=21,2026-08-06T10:35:55+00:00,1114
inheritor_1115,李从海,男,汉族,II-48,II-48,II-048_01_420583,枝江民间吹打乐,传统音乐,湖北省枝江市,湖北省,5,2018,http://www.ihchina.cn/art/representative.html?limit=100&p=21,2026-08-06T10:35:55+00:00,1115
inheritor_1116,何克宁,男,汉族,II-49,II-49,II-049_01_440100,广东音乐,传统音乐,广东省广州市,广东省,5,2018,http://www.ihchina.cn/art/representative.html?limit=100&p=21,2026-08-06T10:35:55+00:00,1116
inheritor_1117,刘英翘,男,汉族,II-49,II-49,II-049_01_440781,广东音乐,传统音乐,广东省台山市,广东省,5,2018,http://www.ihchina.cn/art/representative.html?limit=100&p=21,2026-08-06T10:35:55+00:00,1117
inheritor_1118,杨文明,男,土家族,II-54,II-54,II-054_01_433100,土家族打溜子,传统音乐,湖南省湘西土家族苗族自治州,湖南省,5,2018,http://www.ihchina.cn/art/representative.html?limit=100&p=21,2026-08-06T10:35:55+00:00,1118
inheritor_1119,任连义,男,汉族,II-55,II-55,II-055_01_130323,河北鼓吹乐,传统音乐,河北省抚宁县,河北省,5,2018,http://www.ihchina.cn/art/representative.html?limit=100&p=21,2026-08-06T10:35:55+00:00,1119
inheritor_1120,史军平,男,汉族,II-59,II-59,II-059_02_130638,冀中笙管乐(雄县古乐),传统音乐,河北省雄县,河北省,5,2018,http://www.ihchina.cn/art/representative.html?limit=100&p=21,2026-08-06T10:35:55+00:00,1120
inheritor_1121,邵树同,男,汉族,II-59,II-59,II-059_02_131026,冀中笙管乐(里东庄音乐老会),传统音乐,河北省文安县,河北省,5,2018,http://www.ihchina.cn/art/representative.html?limit=100&p=21,2026-08-06T10:35:55+00:00,1121
inheritor_1122,蔡保恒,男,汉族,II-59,II-59,II-059_02_130982,冀中笙管乐(辛安庄民间音乐会),传统音乐,河北省任丘市,河北省,5,2018,http://www.ihchina.cn/art/representative.html?limit=100&p=21,2026-08-06T10:35:55+00:00,1122
inheritor_1123,张占民,男,汉族,II-59,II-59,II-059_02_130682,冀中笙管乐(子位吹歌),传统音乐,河北省定州市,河北省,5,2018,http://www.ihchina.cn/art/representative.html?limit=100&p=21,2026-08-06T10:35:55+00:00,1123
inheritor_1124,邓印海,男,汉族,II-62,II-62,II-062_01_610122,蓝田普化水会音乐,传统音乐,陕西省蓝田县,陕西省,5,2018,http://www.ihchina.cn/art/representative.html?limit=100&p=21,2026-08-06T10:35:55+00:00,1124
inheritor_1125,安宇歌,女,回族,II-63,II-63,II-063_01_640000,回族民间器乐,传统音乐,宁夏回族自治区,宁夏回族自治区,5,2018,http://www.ihchina.cn/art/representative.html?limit=100&p=21,2026-08-06T10:35:55+00:00,1125
inheritor_1126,伊盖木拜尔迪·艾散,男,维吾尔族,II-70,II-70,II-070_01_650000,新疆维吾尔木卡姆艺术(十二木卡姆),传统音乐,新疆维吾尔自治区,新疆维吾尔自治区,5,2018,http://www.ihchina.cn/art/representative.html?limit=100&p=21,2026-08-06T10:35:55+00:00,1126
inheritor_1127,萨依提江·斯迪克,男,维吾尔族,II-70,II-70,II-070_01_650000,新疆维吾尔木卡姆艺术(十二木卡姆),传统音乐,新疆维吾尔自治区,新疆维吾尔自治区,5,2018,http://www.ihchina.cn/art/representative.html?limit=100&p=21,2026-08-06T10:35:55+00:00,1127
inheritor_1128,艾海提·托合提,男,维吾尔族,II-70,II-70,II-070_01_653127,新疆维吾尔木卡姆艺术(刀郎木卡姆),传统音乐,新疆维吾尔自治区麦盖提县,新疆维吾尔自治区,5,2018,http://www.ihchina.cn/art/representative.html?limit=100&p=21,2026-08-06T10:35:55+00:00,1128
inheritor_1129,陈练,男,汉族,II-71,II-71,II-071_01_350500,南音,传统音乐,福建省泉州市,福建省,5,2018,http://www.ihchina.cn/art/representative.html?limit=100&p=21,2026-08-06T10:35:55+00:00,1129
inheritor_1130,庄明加,男,汉族,II-72,II-72,II-072_01_350500,泉州北管,传统音乐,福建省泉州市,福建省,5,2018,http://www.ihchina.cn/art/representative.html?limit=100&p=21,2026-08-06T10:35:55+00:00,1130
inheritor_1131,王世杰,男,汉族,II-74,II-74,II-074_02_130322,昌黎民歌,传统音乐,河北省昌黎县,河北省,5,2018,http://www.ihchina.cn/art/representative.html?limit=100&p=21,2026-08-06T10:35:55+00:00,1131
inheritor_1132,余述凡,男,汉族,II-77,II-77,II-077_02_341500,大别山民歌,传统音乐,安徽省六安市,安徽省,5,2018,http://www.ihchina.cn/art/representative.html?limit=100&p=21,2026-08-06T10:35:55+00:00,1132
inheritor_1133,操明花,女,汉族,II-78,II-78,II-078_02_341000,徽州民歌,传统音乐,安徽省黄山市,安徽省,5,2018,http://www.ihchina.cn/art/representative.html?limit=100&p=21,2026-08-06T10:35:55+00:00,1133
inheritor_1134,付大坤,男,汉族,II-79,II-79,II-079_02_411500,信阳民歌,传统音乐,河南省信阳市,河南省,5,2018,http://www.ihchina.cn/art/representative.html?limit=100&p=21,2026-08-06T10:35:55+00:00,1134
inheritor_1135,魏秀菊,女,汉族,II-80,II-80,II-080_02_411323,西坪民歌,传统音乐,河南省西峡县,河南省,5,2018,http://www.ihchina.cn/art/representative.html?limit=100&p=21,2026-08-06T10:35:55+00:00,1135
inheritor_1136,熊正禄,男,苗族,II-85,II-85,II-085_02_500242,酉阳民歌,传统音乐,重庆市酉阳土家族苗族自治县,重庆市,5,2018,http://www.ihchina.cn/art/representative.html?limit=100&p=21,2026-08-06T10:35:55+00:00,1136
inheritor_1137,黄德成,男,汉族,II-88,II-88,II-088_02_513225,南坪曲子,传统音乐,四川省九寨沟县,四川省,5,2018,http://www.ihchina.cn/art/representative.html?limit=100&p=21,2026-08-06T10:35:55+00:00,1137
inheritor_1138,米庆松,男,瑶族,II-89,II-89,II-089_02_431223,茶山号子,传统音乐,湖南省辰溪县,湖南省,5,2018,http://www.ihchina.cn/art/representative.html?limit=100&p=21,2026-08-06T10:35:55+00:00,1138
inheritor_1139,马成士,男,汉族,II-91,II-91,II-091_02_150823,爬山调,传统音乐,内蒙古自治区乌拉特前旗,内蒙古自治区,5,2018,http://www.ihchina.cn/art/representative.html?limit=100&p=21,2026-08-06T10:35:55+00:00,1139
inheritor_1140,李却妹,女,汉族,II-93,II-93,II-093_02_441300,惠东渔歌,传统音乐,广东省惠州市,广东省,5,2018,http://www.ihchina.cn/art/representative.html?limit=100&p=21,2026-08-06T10:35:55+00:00,1140
inheritor_1141,宋卫香,女,汉族,II-94,II-94,II-094_02_320684,海门山歌,传统音乐,江苏省海门市,江苏省,5,2018,http://www.ihchina.cn/art/representative.html?limit=100&p=21,2026-08-06T10:35:55+00:00,1141
inheritor_1142,刘彩菊,女,汉族,II-96,II-96,II-096_02_532325,姚安坝子腔,传统音乐,云南省姚安县,云南省,5,2018,http://www.ihchina.cn/art/representative.html?limit=100&p=21,2026-08-06T10:35:55+00:00,1142
inheritor_1143,李富中,男,汉族,II-98,II-98,II-098_02_410105,江河号子(黄河号子),传统音乐,黄河水利委员会河南黄河河务局,河南省,5,2018,http://www.ihchina.cn/art/representative.html?limit=100&p=21,2026-08-06T10:35:55+00:00,1143
inheritor_1144,贾志虎,男,汉族,II-99,II-99,II-099_02_310110,码头号子(上海港码头号子),传统音乐,上海市杨浦区,上海市,5,2018,http://www.ihchina.cn/art/representative.html?limit=100&p=21,2026-08-06T10:35:55+00:00,1144
inheritor_1145,王守用,男,汉族,II-100,II-100,II-100_02_220200,森林号子(长白山森林号子),传统音乐,吉林省文学艺术界联合会民间文艺家协会,吉林省,5,2018,http://www.ihchina.cn/art/representative.html?limit=100&p=21,2026-08-06T10:35:55+00:00,1145
inheritor_1146,吴名玉,男,汉族,II-101,II-101,II-101_02_500237,搬运号子(龙骨坡抬工号子),传统音乐,重庆市巫山县,重庆市,5,2018,http://www.ihchina.cn/art/representative.html?limit=100&p=21,2026-08-06T10:35:55+00:00,1146
inheritor_1147,贺娟林,女,汉族,II-103,II-103,II-103_02_371100,鲁南五大调,传统音乐,山东省日照市,山东省,5,2018,http://www.ihchina.cn/art/representative.html?limit=100&p=21,2026-08-06T10:35:55+00:00,1147
inheritor_1148,古日巴斯尔,男,蒙古族,II-105,II-105,II-105_02_150625,蒙古族民歌(鄂尔多斯古如歌),传统音乐,内蒙古自治区杭锦旗,内蒙古自治区,5,2018,http://www.ihchina.cn/art/representative.html?limit=100&p=22,2026-08-06T10:35:57+00:00,1148
inheritor_1149,苏亚乐图,男,蒙古族,II-105,II-105,II-105_03_150823,蒙古族民歌(乌拉特民歌),传统音乐,内蒙古自治区乌拉特前旗,内蒙古自治区,5,2018,http://www.ihchina.cn/art/representative.html?limit=100&p=22,2026-08-06T10:35:57+00:00,1149
inheritor_1150,韩梅,女,蒙古族,II-105,II-105,II-105_02_210921,蒙古族民歌(阜新东蒙短调民歌),传统音乐,辽宁省阜新蒙古族自治县,辽宁省,5,2018,http://www.ihchina.cn/art/representative.html?limit=100&p=22,2026-08-06T10:35:57+00:00,1150
inheritor_1151,古力,男,蒙古族,II-105,II-105,II-105_04_632800,蒙古族民歌,传统音乐,青海省海西蒙古族藏族自治州,青海省,5,2018,http://www.ihchina.cn/art/representative.html?limit=100&p=22,2026-08-06T10:35:57+00:00,1151
inheritor_1152,额尔登掛,女,鄂伦春族,II-107,II-107,II-107_02_150723,鄂伦春族民歌(鄂伦春族赞达仁),传统音乐,内蒙古自治区鄂伦春自治旗,内蒙古自治区,5,2018,http://www.ihchina.cn/art/representative.html?limit=100&p=22,2026-08-06T10:35:57+00:00,1152
inheritor_1153,关金芳,女,鄂伦春族,II-107,II-107,II-107_02_232700,鄂伦春族民歌(鄂伦春族赞达仁),传统音乐,黑龙江省大兴安岭地区,黑龙江省,5,2018,http://www.ihchina.cn/art/representative.html?limit=100&p=22,2026-08-06T10:35:57+00:00,1153
inheritor_1154,莫金忠,男,达斡尔族,II-108,II-108,II-108_02_230200,达斡尔族民歌(罕伯岱达斡尔族民歌),传统音乐,黑龙江省齐齐哈尔市,黑龙江省,5,2018,http://www.ihchina.cn/art/representative.html?limit=100&p=22,2026-08-06T10:35:57+00:00,1154
inheritor_1155,任茂淑,女,苗族,II-109,II-109,II-109_04_500243,苗族民歌,传统音乐,重庆市彭水苗族土家族自治县,重庆市,5,2018,http://www.ihchina.cn/art/representative.html?limit=100&p=22,2026-08-06T10:35:57+00:00,1155
inheritor_1156,赵新容,女,瑶族,II-110,II-110,II-110_04_440232,瑶族民歌,传统音乐,广东省乳源瑶族自治县,广东省,5,2018,http://www.ihchina.cn/art/representative.html?limit=100&p=22,2026-08-06T10:35:57+00:00,1156
inheritor_1157,王科国,男,布依族,II-112,II-112,II-112_02_522731,布依族民歌(好花红调),传统音乐,贵州省惠水县,贵州省,5,2018,http://www.ihchina.cn/art/representative.html?limit=100&p=22,2026-08-06T10:35:57+00:00,1157
inheritor_1158,余学光,男,彝族,II-113,II-113,II-113_02_532329,彝族民歌(彝族酒歌),传统音乐,云南省武定县,云南省,5,2018,http://www.ihchina.cn/art/representative.html?limit=100&p=22,2026-08-06T10:35:57+00:00,1158
inheritor_1159,降巴其扎,男,藏族,II-115,II-115,II-115_02_513327,藏族民歌(川西藏族山歌),传统音乐,四川省炉霍县,四川省,5,2018,http://www.ihchina.cn/art/representative.html?limit=100&p=22,2026-08-06T10:35:57+00:00,1159
inheritor_1160,伍德芬,女,藏族,II-115,II-115,II-115_03_513433,藏族民歌(藏族赶马调),传统音乐,四川省冕宁县,四川省,5,2018,http://www.ihchina.cn/art/representative.html?limit=100&p=22,2026-08-06T10:35:57+00:00,1160
inheritor_1161,吐地·尼亚孜,男,维吾尔族,II-116,II-116,II-116_02_652823,维吾尔族民歌(罗布淖尔维吾尔族民歌),传统音乐,新疆维吾尔自治区尉犁县,新疆维吾尔自治区,5,2018,http://www.ihchina.cn/art/representative.html?limit=100&p=22,2026-08-06T10:35:57+00:00,1161
inheritor_1162,阿不都瓦力·达吾提,男,维吾尔族,II-116,II-116,II-116_04_654002,维吾尔族民歌,传统音乐,新疆维吾尔自治区伊宁市,新疆维吾尔自治区,5,2018,http://www.ihchina.cn/art/representative.html?limit=100&p=22,2026-08-06T10:35:57+00:00,1162
inheritor_1163,海力切木·铁木尔,女,维吾尔族,II-116,II-116,II-116_04_652923,维吾尔族民歌,传统音乐,新疆维吾尔自治区库车县,新疆维吾尔自治区,5,2018,http://www.ihchina.cn/art/representative.html?limit=100&p=22,2026-08-06T10:35:57+00:00,1163
inheritor_1164,曹桂芬,女,汉族,II-120,II-120,II-120_04_410000,古筝艺术(中州筝派),传统音乐,河南省,河南省,5,2018,http://www.ihchina.cn/art/representative.html?limit=100&p=22,2026-08-06T10:35:57+00:00,1164
inheritor_1165,乔忠新,男,汉族,II-121,II-121,II-121_02_210281,笙管乐(复州双管乐),传统音乐,辽宁省瓦房店市,辽宁省,5,2018,http://www.ihchina.cn/art/representative.html?limit=100&p=22,2026-08-06T10:35:57+00:00,1165
inheritor_1166,李绍俊,男,汉族,II-121,II-121,II-121_02_211322,笙管乐(建平十王会),传统音乐,辽宁省建平县,辽宁省,5,2018,http://www.ihchina.cn/art/representative.html?limit=100&p=22,2026-08-06T10:35:57+00:00,1166
inheritor_1167,傅宝安,男,汉族,II-122,II-122,II-122_02_120103a,津门法鼓(挂甲寺庆音法鼓),传统音乐,天津市河西区,天津市,5,2018,http://www.ihchina.cn/art/representative.html?limit=100&p=22,2026-08-06T10:35:57+00:00,1167
inheritor_1168,杨奎举,男,汉族,II-122,II-122,II-122_02_120103b,津门法鼓(杨家庄永音法鼓),传统音乐,天津市河西区,天津市,5,2018,http://www.ihchina.cn/art/representative.html?limit=100&p=22,2026-08-06T10:35:57+00:00,1168
inheritor_1169,田文起,男,汉族,II-122,II-122,II-122_02_120113,津门法鼓(刘园祥音法鼓),传统音乐,天津市北辰区,天津市,5,2018,http://www.ihchina.cn/art/representative.html?limit=100&p=22,2026-08-06T10:35:57+00:00,1169
inheritor_1170,曹桂华,男,汉族,II-122,II-122,II-122_04_120111,津门法鼓(香塔音乐法鼓),传统音乐,天津市西青区,天津市,5,2018,http://www.ihchina.cn/art/representative.html?limit=100&p=22,2026-08-06T10:35:57+00:00,1170
inheritor_1171,赵满宗,男,汉族,II-123,II-123,II-123_02_120116,锣鼓艺术(汉沽飞镲),传统音乐,天津市滨海新区,天津市,5,2018,http://www.ihchina.cn/art/representative.html?limit=100&p=22,2026-08-06T10:35:57+00:00,1171
inheritor_1172,张书社,男,汉族,II-123,II-123,II-123_02_130123,锣鼓艺术(常山战鼓),传统音乐,河北省正定县,河北省,5,2018,http://www.ihchina.cn/art/representative.html?limit=100&p=22,2026-08-06T10:35:57+00:00,1172
inheritor_1173,吴明昌,男,汉族,II-123,II-123,II-123_04_140822,锣鼓艺术(软槌锣鼓),传统音乐,山西省万荣县,山西省,5,2018,http://www.ihchina.cn/art/representative.html?limit=100&p=22,2026-08-06T10:35:57+00:00,1173
inheritor_1174,杨仁和,男,汉族,II-123,II-123,II-123_04_360981,锣鼓艺术(花镲锣鼓),传统音乐,江西省丰城市,江西省,5,2018,http://www.ihchina.cn/art/representative.html?limit=100&p=22,2026-08-06T10:35:57+00:00,1174
inheritor_1175,刘青云,男,汉族,II-123,II-123,II-123_02_411721,锣鼓艺术(大铜器),传统音乐,河南省西平县,河南省,5,2018,http://www.ihchina.cn/art/representative.html?limit=100&p=22,2026-08-06T10:35:57+00:00,1175
inheritor_1176,刘震,男,汉族,II-123,II-123,II-123_02_410200,锣鼓艺术(开封盘鼓),传统音乐,河南省开封市,河南省,5,2018,http://www.ihchina.cn/art/representative.html?limit=100&p=22,2026-08-06T10:35:57+00:00,1176
inheritor_1177,李星光,男,汉族,II-123,II-123,II-123_03_410721,锣鼓艺术(中州大鼓),传统音乐,河南省新乡县,河南省,5,2018,http://www.ihchina.cn/art/representative.html?limit=100&p=22,2026-08-06T10:35:57+00:00,1177
inheritor_1178,汪道长,男,汉族,II-123,II-123,II-123_03_420700,锣鼓艺术(鄂州牌子锣),传统音乐,湖北省鄂州市,湖北省,5,2018,http://www.ihchina.cn/art/representative.html?limit=100&p=22,2026-08-06T10:35:57+00:00,1178
inheritor_1179,程勤祥,男,汉族,II-123,II-123,II-123_02_610581,锣鼓艺术(韩城行鼓),传统音乐,陕西省韩城市,陕西省,5,2018,http://www.ihchina.cn/art/representative.html?limit=100&p=22,2026-08-06T10:35:57+00:00,1179
inheritor_1180,胡永汉,男,汉族,II-124,II-124,II-124_03_610126,洞箫音乐(高陵洞箫),传统音乐,陕西省高陵县,陕西省,5,2018,http://www.ihchina.cn/art/representative.html?limit=100&p=22,2026-08-06T10:35:57+00:00,1180
inheritor_1181,韩定生,男,汉族,II-128,II-128,II-128_04_513401,洞经音乐(邛都洞经音乐),传统音乐,四川省西昌市,四川省,5,2018,http://www.ihchina.cn/art/representative.html?limit=100&p=22,2026-08-06T10:35:57+00:00,1181
inheritor_1182,杨国堂,男,苗族,II-129,II-129,II-129_02_522636,芦笙音乐(苗族芒筒芦笙),传统音乐,贵州省丹寨县,贵州省,5,2018,http://www.ihchina.cn/art/representative.html?limit=100&p=22,2026-08-06T10:35:57+00:00,1182
inheritor_1183,吴天平,男,布依族,II-130,II-130,II-130_02_522301,布依族勒尤,传统音乐,贵州省兴义市,贵州省,5,2018,http://www.ihchina.cn/art/representative.html?limit=100&p=22,2026-08-06T10:35:57+00:00,1183
inheritor_1184,乔龙巴特·阿勒先,男,蒙古族,II-134,II-134,II-134_02_654300,蒙古族绰尔,传统音乐,新疆维吾尔自治区阿勒泰地区,新疆维吾尔自治区,5,2018,http://www.ihchina.cn/art/representative.html?limit=100&p=22,2026-08-06T10:35:57+00:00,1184
inheritor_1185,黄照安,男,黎族,II-135,II-135,II-135_02_469029,黎族竹木器乐,传统音乐,海南省保亭黎族苗族自治县,海南省,5,2018,http://www.ihchina.cn/art/representative.html?limit=100&p=22,2026-08-06T10:35:57+00:00,1185
inheritor_1186,尼玛卓嘎,女,藏族,II-138,II-138,II-138_04_540124,佛教音乐(雄色寺绝鲁),传统音乐,西藏自治区曲水县,西藏自治区,5,2018,http://www.ihchina.cn/art/representative.html?limit=100&p=22,2026-08-06T10:35:57+00:00,1186
inheritor_1187,索南卓玛,女,藏族,II-138,II-138,II-138_02_632524,佛教音乐(青海藏族唱经调),传统音乐,青海省兴海县,青海省,5,2018,http://www.ihchina.cn/art/representative.html?limit=100&p=22,2026-08-06T10:35:57+00:00,1187
inheritor_1188,罗藏官却,男,藏族,II-138,II-138,II-138_03_630122,佛教音乐(塔尔寺花架音乐),传统音乐,青海省湟中县,青海省,5,2018,http://www.ihchina.cn/art/representative.html?limit=100&p=22,2026-08-06T10:35:57+00:00,1188
inheritor_1189,罗藏更尕,男,藏族,II-138,II-138,II-138_03_630122,佛教音乐(塔尔寺花架音乐),传统音乐,青海省湟中县,青海省,5,2018,http://www.ihchina.cn/art/representative.html?limit=100&p=22,2026-08-06T10:35:57+00:00,1189
inheritor_1190,冯英占,男,汉族,II-139,II-139,II-139_04_130682,道教音乐(花张蒙道教音乐),传统音乐,河北省定州市,河北省,5,2018,http://www.ihchina.cn/art/representative.html?limit=100&p=22,2026-08-06T10:35:57+00:00,1190
inheritor_1191,何春生,男,汉族,II-139,II-139,II-139_04_321183,道教音乐(茅山道教音乐),传统音乐,江苏省句容市,江苏省,5,2018,http://www.ihchina.cn/art/representative.html?limit=100&p=22,2026-08-06T10:35:57+00:00,1191
inheritor_1192,吴立勋,男,汉族,II-139,II-139,II-139_03_330326,道教音乐(东岳观道教音乐),传统音乐,浙江省平阳县,浙江省,5,2018,http://www.ihchina.cn/art/representative.html?limit=100&p=22,2026-08-06T10:35:57+00:00,1192
inheritor_1193,詹和平,男,汉族,II-139,II-139,II-139_02_341022,道教音乐(齐云山道场音乐),传统音乐,安徽省休宁县,安徽省,5,2018,http://www.ihchina.cn/art/representative.html?limit=100&p=22,2026-08-06T10:35:57+00:00,1193
inheritor_1194,张金涛,男,汉族,II-139,II-139,II-139_04_360600,道教音乐(龙虎山正一天师道道教音乐),传统音乐,江西省鹰潭市,江西省,5,2018,http://www.ihchina.cn/art/representative.html?limit=100&p=22,2026-08-06T10:35:57+00:00,1194
inheritor_1195,霍德忠,男,汉族,II-139,II-139,II-139_02_370900,道教音乐(泰山道教音乐),传统音乐,山东省泰安市,山东省,5,2018,http://www.ihchina.cn/art/representative.html?limit=100&p=22,2026-08-06T10:35:57+00:00,1195
inheritor_1196,安保会,男,汉族,II-139,II-139,II-139_02_620521,道教音乐(清水道教音乐),传统音乐,甘肃省清水县,甘肃省,5,2018,http://www.ihchina.cn/art/representative.html?limit=100&p=22,2026-08-06T10:35:57+00:00,1196
inheritor_1197,欧家玲,女,汉族,II-140,II-140,II-140_03_341100,凤阳民歌,传统音乐,安徽省滁州市,安徽省,5,2018,http://www.ihchina.cn/art/representative.html?limit=100&p=22,2026-08-06T10:35:57+00:00,1197
inheritor_1198,韦桂花,女,汉族,II-141,II-141,II-141_03_360421,九江山歌,传统音乐,江西省九江县,江西省,5,2018,http://www.ihchina.cn/art/representative.html?limit=100&p=22,2026-08-06T10:35:57+00:00,1198
inheritor_1199,全友发,男,土家族,II-142,II-142,II-142_03_422802,利川灯歌,传统音乐,湖北省利川市,湖北省,5,2018,http://www.ihchina.cn/art/representative.html?limit=100&p=22,2026-08-06T10:35:57+00:00,1199
inheritor_1200,周兰仙,女,汉族,II-143,II-143,II-143_03_429006,天门民歌,传统音乐,湖北省天门市,湖北省,5,2018,http://www.ihchina.cn/art/representative.html?limit=100&p=22,2026-08-06T10:35:57+00:00,1200
inheritor_1201,刘世维,男,汉族,II-146,II-146,II-146_03_630100,青海汉族民间小调,传统音乐,青海省西宁市,青海省,5,2018,http://www.ihchina.cn/art/representative.html?limit=100&p=22,2026-08-06T10:35:57+00:00,1201
inheritor_1202,居马西·依斯木汗,男,哈萨克族,II-148,II-148,II-148_03_654000,哈萨克族民歌,传统音乐,新疆维吾尔自治区伊犁哈萨克自治州,新疆维吾尔自治区,5,2018,http://www.ihchina.cn/art/representative.html?limit=100&p=22,2026-08-06T10:35:57+00:00,1202
inheritor_1203,热依木巴依·木巴拉克夏,男,塔吉克族,II-149,II-149,II-149_03_653131,塔吉克族民歌,传统音乐,新疆维吾尔自治区塔什库尔干塔吉克自治县,新疆维吾尔自治区,5,2018,http://www.ihchina.cn/art/representative.html?limit=100&p=22,2026-08-06T10:35:57+00:00,1203
inheritor_1204,陆爱琴,女,汉族,II-150,II-150,II-150_03_321281,茅山号子,传统音乐,江苏省兴化市,江苏省,5,2018,http://www.ihchina.cn/art/representative.html?limit=100&p=22,2026-08-06T10:35:57+00:00,1204
inheritor_1205,和凛毅,男,纳西族,II-152,II-152,II-152_03_530702,纳西族白沙细乐,传统音乐,云南省丽江市古城区,云南省,5,2018,http://www.ihchina.cn/art/representative.html?limit=100&p=22,2026-08-06T10:35:57+00:00,1205
inheritor_1206,苏春发,男,京族,II-154,II-154,II-154_03_450681,京族独弦琴艺术,传统音乐,广西壮族自治区东兴市,广西壮族自治区,5,2018,http://www.ihchina.cn/art/representative.html?limit=100&p=22,2026-08-06T10:35:57+00:00,1206
inheritor_1207,沙依拉西·加尔木哈买提,男,哈萨克族,II-155,II-155,II-155_03_654000,哈萨克族库布孜,传统音乐,新疆维吾尔自治区伊犁哈萨克自治州,新疆维吾尔自治区,5,2018,http://www.ihchina.cn/art/representative.html?limit=100&p=22,2026-08-06T10:35:57+00:00,1207
inheritor_1208,向汉光,男,土家族,II-156,II-156,II-156_04_433101,土家族民歌,传统音乐,湖南省湘西土家族苗族自治州,湖南省,5,2018,http://www.ihchina.cn/art/representative.html?limit=100&p=22,2026-08-06T10:35:57+00:00,1208
inheritor_1209,王波,男,土家族,II-156,II-156,II-156_04_520627,土家族民歌,传统音乐,贵州省沿河土家族自治县,贵州省,5,2018,http://www.ihchina.cn/art/representative.html?limit=100&p=22,2026-08-06T10:35:57+00:00,1209
inheritor_1210,苏少琴,女,汉族,II-157,II-157,II-157_04_441500,渔歌(汕尾渔歌),传统音乐,广东省汕尾市,广东省,5,2018,http://www.ihchina.cn/art/representative.html?limit=100&p=22,2026-08-06T10:35:57+00:00,1210
inheritor_1211,刘铨学,男,汉族,II-159,II-159,II-159_04_610928,旬阳民歌,传统音乐,陕西省旬阳县,陕西省,5,2018,http://www.ihchina.cn/art/representative.html?limit=100&p=22,2026-08-06T10:35:57+00:00,1211
inheritor_1212,韩英德,男,撒拉族,II-160,II-160,II-160_04_630225,撒拉族民歌,传统音乐,青海省循化撒拉族自治县,青海省,5,2018,http://www.ihchina.cn/art/representative.html?limit=100&p=22,2026-08-06T10:35:57+00:00,1212
inheritor_1213,佟李美,女,锡伯族,II-161,II-161,II-161_04_654022,锡伯族民歌,传统音乐,新疆维吾尔自治区察布查尔锡伯自治县,新疆维吾尔自治区,5,2018,http://www.ihchina.cn/art/representative.html?limit=100&p=22,2026-08-06T10:35:57+00:00,1213
inheritor_1214,曲比拉火,男,彝族,II-163,II-163,II-163_04_513436,毕摩音乐,传统音乐,四川省美姑县,四川省,5,2018,http://www.ihchina.cn/art/representative.html?limit=100&p=22,2026-08-06T10:35:57+00:00,1214
inheritor_1215,姜宗德,男,白族,II-164,II-164,II-164_04_532900,剑川白曲,传统音乐,云南省大理白族自治州,云南省,5,2018,http://www.ihchina.cn/art/representative.html?limit=100&p=22,2026-08-06T10:35:57+00:00,1215
inheritor_1216,艾日布,男,蒙古族,II-165,II-165,II-165_04_152528,阿斯尔,传统音乐,内蒙古自治区镶黄旗,内蒙古自治区,5,2018,http://www.ihchina.cn/art/representative.html?limit=100&p=22,2026-08-06T10:35:57+00:00,1216
inheritor_1217,邱少求,男,汉族,II-168,II-168,II-168_04_430181,浏阳文庙祭孔音乐,传统音乐,湖南省浏阳市,湖南省,5,2018,http://www.ihchina.cn/art/representative.html?limit=100&p=22,2026-08-06T10:35:57+00:00,1217
inheritor_1218,耐代吾玛,女,蒙古族,II-170,II-170,II-170_04_652700,蒙古族托布秀尔音乐,传统音乐,新疆维吾尔自治区博尔塔拉蒙古自治州,新疆维吾尔自治区,5,2018,http://www.ihchina.cn/art/representative.html?limit=100&p=22,2026-08-06T10:35:57+00:00,1218
inheritor_1396,丁石锁,男,汉族,III-2,III-2,III-002_04_110229,秧歌(延庆旱船),传统舞蹈,北京市延庆区,北京市,5,2018,http://www.ihchina.cn/art/representative.html?limit=100&p=22,2026-08-06T10:35:57+00:00,1396
inheritor_1397,盛玉宾,男,汉族,III-2,III-2,III-002_01_370687,秧歌(海阳大秧歌),传统舞蹈,山东省海阳市,山东省,5,2018,http://www.ihchina.cn/art/representative.html?limit=100&p=22,2026-08-06T10:35:57+00:00,1397
inheritor_1398,于信,男,汉族,III-2,III-2,III-002_01_370687,秧歌(海阳大秧歌),传统舞蹈,山东省海阳市,山东省,5,2018,http://www.ihchina.cn/art/representative.html?limit=100&p=22,2026-08-06T10:35:57+00:00,1398
inheritor_1399,魏建明,男,汉族,III-2,III-2,III-002_01_610826,秧歌(陕北秧歌),传统舞蹈,陕西省绥德县,陕西省,5,2018,http://www.ihchina.cn/art/representative.html?limit=100&p=22,2026-08-06T10:35:57+00:00,1399
inheritor_1400,陆大杰,男,汉族,III-4,III-4,III-004_03_310115,龙舞(浦东绕龙灯),传统舞蹈,上海市浦东新区,上海市,5,2018,http://www.ihchina.cn/art/representative.html?limit=100&p=22,2026-08-06T10:35:57+00:00,1400
inheritor_1401,欧阳洪福,男,汉族,III-4,III-4,III-004_03_320482,龙舞(直溪巨龙),传统舞蹈,江苏省常州市金坛区,江苏省,5,2018,http://www.ihchina.cn/art/representative.html?limit=100&p=22,2026-08-06T10:35:57+00:00,1401
inheritor_1402,王柏成,男,汉族,III-4,III-4,III-004_02_330781,龙舞(兰溪断头龙),传统舞蹈,浙江省兰溪市,浙江省,5,2018,http://www.ihchina.cn/art/representative.html?limit=100&p=22,2026-08-06T10:35:57+00:00,1402
inheritor_1403,林实乐,男,汉族,III-4,III-4,III-004_03_330329,龙舞(碇步龙),传统舞蹈,浙江省泰顺县,浙江省,5,2018,http://www.ihchina.cn/art/representative.html?limit=100&p=22,2026-08-06T10:35:57+00:00,1403
inheritor_1404,鲍木顺,男,汉族,III-4,III-4,III-004_03_331021,龙舞(坎门花龙),传统舞蹈,浙江省玉环县,浙江省,5,2018,http://www.ihchina.cn/art/representative.html?limit=100&p=22,2026-08-06T10:35:57+00:00,1404
inheritor_1405,曹武根,男,汉族,III-4,III-4,III-004_04_341824,龙舞(手龙舞),传统舞蹈,安徽省绩溪县,安徽省,5,2018,http://www.ihchina.cn/art/representative.html?limit=100&p=22,2026-08-06T10:35:57+00:00,1405
inheritor_1406,郝同周,男,汉族,III-4,III-4,III-004_03_410883,龙舞(火龙舞),传统舞蹈,河南省孟州市,河南省,5,2018,http://www.ihchina.cn/art/representative.html?limit=100&p=22,2026-08-06T10:35:57+00:00,1406
inheritor_1407,刘卫祥,男,汉族,III-4,III-4,III-004_02_420105,龙舞(高龙),传统舞蹈,湖北省武汉市汉阳区,湖北省,5,2018,http://www.ihchina.cn/art/representative.html?limit=100&p=22,2026-08-06T10:35:57+00:00,1407
inheritor_1408,张金盘,男,汉族,III-4,III-4,III-004_04_429005,龙舞(潜江草把龙),传统舞蹈,湖北省潜江市,湖北省,5,2018,http://www.ihchina.cn/art/representative.html?limit=100&p=22,2026-08-06T10:35:57+00:00,1408
inheritor_1409,姚大明,男,汉族,III-4,III-4,III-004_02_430626,龙舞(九龙舞),传统舞蹈,湖南省平江县,湖南省,5,2018,http://www.ihchina.cn/art/representative.html?limit=100&p=22,2026-08-06T10:35:57+00:00,1409
inheritor_1410,张自进,男,汉族,III-4,III-4,III-004_02_441423,龙舞(埔寨火龙),传统舞蹈,广东省丰顺县,广东省,5,2018,http://www.ihchina.cn/art/representative.html?limit=100&p=22,2026-08-06T10:35:57+00:00,1410
inheritor_1411,林建南,男,汉族,III-4,III-4,III-004_02_445200,龙舞(乔林烟花火龙),传统舞蹈,广东省揭阳市,广东省,5,2018,http://www.ihchina.cn/art/representative.html?limit=100&p=22,2026-08-06T10:35:57+00:00,1411
inheritor_1412,邓胜洪,男,汉族,III-4,III-4,III-004_03_442000,龙舞(六坊云龙舞),传统舞蹈,广东省中山市,广东省,5,2018,http://www.ihchina.cn/art/representative.html?limit=100&p=22,2026-08-06T10:35:57+00:00,1412
inheritor_1413,刘国平,男,汉族,III-5,III-5,III-005_02_360981,狮舞(丰城岳家狮),传统舞蹈,江西省丰城市,江西省,5,2018,http://www.ihchina.cn/art/representative.html?limit=100&p=22,2026-08-06T10:35:57+00:00,1413
inheritor_1414,邓雅明,男,汉族,III-5,III-5,III-005_04_361022,狮舞(黎川舞白狮),传统舞蹈,江西省黎川县,江西省,5,2018,http://www.ihchina.cn/art/representative.html?limit=100&p=22,2026-08-06T10:35:57+00:00,1414
inheritor_1415,黄钦添,男,汉族,III-5,III-5,III-005_01_440600,狮舞(广东醒狮),传统舞蹈,广东省佛山市,广东省,5,2018,http://www.ihchina.cn/art/representative.html?limit=100&p=22,2026-08-06T10:35:57+00:00,1415
inheritor_1416,池宏庆,男,汉族,III-5,III-5,III-005_02_441400,狮舞(席狮舞),传统舞蹈,广东省梅州市,广东省,5,2018,http://www.ihchina.cn/art/representative.html?limit=100&p=22,2026-08-06T10:35:57+00:00,1416
inheritor_1417,孙淑强,男,汉族,III-5,III-5,III-005_03_445200,狮舞(青狮),传统舞蹈,广东省揭阳市,广东省,5,2018,http://www.ihchina.cn/art/representative.html?limit=100&p=22,2026-08-06T10:35:57+00:00,1417
inheritor_1418,邓明华,男,汉族,III-5,III-5,III-005_03_450422,狮舞(藤县狮舞),传统舞蹈,广西壮族自治区藤县,广西壮族自治区,5,2018,http://www.ihchina.cn/art/representative.html?limit=100&p=22,2026-08-06T10:35:57+00:00,1418
inheritor_1419,冯国好,男,汉族,III-6,III-6,III-006_01_340300,花鼓灯(蚌埠花鼓灯),传统舞蹈,安徽省蚌埠市,安徽省,5,2018,http://www.ihchina.cn/art/representative.html?limit=100&p=22,2026-08-06T10:35:57+00:00,1419
inheritor_1420,梅连社,男,汉族,III-6,III-6,III-006_01_340300,花鼓灯(蚌埠花鼓灯),传统舞蹈,安徽省蚌埠市,安徽省,5,2018,http://www.ihchina.cn/art/representative.html?limit=100&p=22,2026-08-06T10:35:57+00:00,1420
inheritor_1421,金明,男,汉族,III-6,III-6,III-006_01_340300,花鼓灯(蚌埠花鼓灯),传统舞蹈,安徽省蚌埠市,安徽省,5,2018,http://www.ihchina.cn/art/representative.html?limit=100&p=22,2026-08-06T10:35:57+00:00,1421
inheritor_1422,娄楼,女,汉族,III-6,III-6,III-006_01_340300,花鼓灯(蚌埠花鼓灯),传统舞蹈,安徽省蚌埠市,安徽省,5,2018,http://www.ihchina.cn/art/representative.html?limit=100&p=22,2026-08-06T10:35:57+00:00,1422
inheritor_1423,陈玉华,女,汉族,III-6,III-6,III-006_01_341226,花鼓灯(颍上花鼓灯),传统舞蹈,安徽省颍上县,安徽省,5,2018,http://www.ihchina.cn/art/representative.html?limit=100&p=22,2026-08-06T10:35:57+00:00,1423
inheritor_1424,汪顺庆,男,汉族,III-7,III-7,III-007_02_341024,傩舞(祁门傩舞),传统舞蹈,安徽省祁门县,安徽省,5,2018,http://www.ihchina.cn/art/representative.html?limit=100&p=22,2026-08-06T10:35:57+00:00,1424
inheritor_1425,周国平,男,汉族,III-7,III-7,III-007_04_341821,傩舞(跳五猖),传统舞蹈,安徽省郎溪县,安徽省,5,2018,http://www.ihchina.cn/art/representative.html?limit=100&p=23,2026-08-06T10:35:58+00:00,1425
inheritor_1426,余林机,男,藏族,III-7,III-7,III-007_02_621222,傩舞(文县池哥昼),传统舞蹈,甘肃省文县,甘肃省,5,2018,http://www.ihchina.cn/art/representative.html?limit=100&p=23,2026-08-06T10:35:58+00:00,1426
inheritor_1427,林炳光,男,汉族,III-8,III-8,III-008_03_441581,英歌(甲子英歌),传统舞蹈,广东省陆丰市,广东省,5,2018,http://www.ihchina.cn/art/representative.html?limit=100&p=23,2026-08-06T10:35:58+00:00,1427
inheritor_1428,张中贤,男,汉族,III-9,III-9,III-009_02_211121,高跷(上口子高跷),传统舞蹈,辽宁省大洼县,辽宁省,5,2018,http://www.ihchina.cn/art/representative.html?limit=100&p=23,2026-08-06T10:35:58+00:00,1428
inheritor_1429,王宗禄,男,汉族,III-9,III-9,III-009_02_370900,高跷(独杆跷),传统舞蹈,山东省泰安市,山东省,5,2018,http://www.ihchina.cn/art/representative.html?limit=100&p=23,2026-08-06T10:35:58+00:00,1429
inheritor_1430,卫平均,男,汉族,III-9,III-9,III-009_02_410882,高跷(高抬火轿),传统舞蹈,河南省沁阳市,河南省,5,2018,http://www.ihchina.cn/art/representative.html?limit=100&p=23,2026-08-06T10:35:58+00:00,1430
inheritor_1431,巨海全,男,汉族,III-9,III-9,III-009_01_620121,高跷(苦水高高跷),传统舞蹈,甘肃省永登县,甘肃省,5,2018,http://www.ihchina.cn/art/representative.html?limit=100&p=23,2026-08-06T10:35:58+00:00,1431
inheritor_1432,徐巧青,男,汉族,III-10,III-10,III-010_03_330381,盾牌舞(藤牌舞),传统舞蹈,浙江省瑞安市,浙江省,5,2018,http://www.ihchina.cn/art/representative.html?limit=100&p=23,2026-08-06T10:35:58+00:00,1432
inheritor_1433,张飞飞,男,汉族,III-11,III-11,III-011_01_141022,翼城花鼓,传统舞蹈,山西省翼城县,山西省,5,2018,http://www.ihchina.cn/art/representative.html?limit=100&p=23,2026-08-06T10:35:58+00:00,1433
inheritor_1434,刘延河,男,汉族,III-13,III-13,III-013_01_610624,安塞腰鼓,传统舞蹈,陕西省安塞县,陕西省,5,2018,http://www.ihchina.cn/art/representative.html?limit=100&p=23,2026-08-06T10:35:58+00:00,1434
inheritor_1435,魏永宏,男,汉族,III-15,III-15,III-015_01_620100,兰州太平鼓,传统舞蹈,甘肃省兰州市,甘肃省,5,2018,http://www.ihchina.cn/art/representative.html?limit=100&p=23,2026-08-06T10:35:58+00:00,1435
inheritor_1436,徐思燕,男,汉族,III-16,III-16,III-016_02_310120,滚灯(奉贤滚灯),传统舞蹈,上海市奉贤区,上海市,5,2018,http://www.ihchina.cn/art/representative.html?limit=100&p=23,2026-08-06T10:35:58+00:00,1436
inheritor_1437,彭承金,男,土家族,III-17,III-17,III-017_02_422827,土家族摆手舞(恩施摆手舞),传统舞蹈,湖北省来凤县,湖北省,5,2018,http://www.ihchina.cn/art/representative.html?limit=100&p=23,2026-08-06T10:35:58+00:00,1437
inheritor_1438,田维政,男,土家族,III-17,III-17,III-017_02_500242,土家族摆手舞(酉阳摆手舞),传统舞蹈,重庆市酉阳土家族苗族自治县,重庆市,5,2018,http://www.ihchina.cn/art/representative.html?limit=100&p=23,2026-08-06T10:35:58+00:00,1438
inheritor_1439,毛方明,男,土家族,III-18,III-18,III-018_04_420529,土家族撒叶儿嗬,传统舞蹈,湖北省五峰土家族自治县,湖北省,5,2018,http://www.ihchina.cn/art/representative.html?limit=100&p=23,2026-08-06T10:35:58+00:00,1439
inheritor_1440,黄在秀,男,土家族,III-18,III-18,III-018_04_422823,土家族撒叶儿嗬,传统舞蹈,湖北省巴东县,湖北省,5,2018,http://www.ihchina.cn/art/representative.html?limit=100&p=23,2026-08-06T10:35:58+00:00,1440
inheritor_1441,周纯勤,男,土家族,III-18,III-18,III-018_04_430822,土家族撒叶儿嗬,传统舞蹈,湖南省桑植县,湖南省,5,2018,http://www.ihchina.cn/art/representative.html?limit=100&p=23,2026-08-06T10:35:58+00:00,1441
inheritor_1442,扎西昂江,男,藏族,III-19,III-19,III-019_02_632700,弦子舞(玉树依舞),传统舞蹈,青海省玉树藏族自治州,青海省,5,2018,http://www.ihchina.cn/art/representative.html?limit=100&p=23,2026-08-06T10:35:58+00:00,1442
inheritor_1443,阿布,男,藏族,III-20,III-20,III-020_02_513330,锅庄舞(甘孜锅庄),传统舞蹈,四川省德格县,四川省,5,2018,http://www.ihchina.cn/art/representative.html?limit=100&p=23,2026-08-06T10:35:58+00:00,1443
inheritor_1444,泽仁尼玛,男,藏族,III-20,III-20,III-020_01_540000,锅庄舞(昌都锅庄舞),传统舞蹈,西藏自治区,西藏自治区,5,2018,http://www.ihchina.cn/art/representative.html?limit=100&p=23,2026-08-06T10:35:58+00:00,1444
inheritor_1445,云张,男,藏族,III-21,III-21,III-021_04_533400,热巴舞,传统舞蹈,云南省迪庆藏族自治州,云南省,5,2018,http://www.ihchina.cn/art/representative.html?limit=100&p=23,2026-08-06T10:35:58+00:00,1445
inheritor_1446,扎西,男,藏族,III-22,III-22,III-022_01_540000,日喀则扎什伦布寺羌姆,传统舞蹈,西藏自治区,西藏自治区,5,2018,http://www.ihchina.cn/art/representative.html?limit=100&p=23,2026-08-06T10:35:58+00:00,1446
inheritor_1447,次央,女,藏族,III-22,III-22,III-022_04_542301,羌姆(江洛德庆曲林寺尼姑羌姆),传统舞蹈,西藏自治区日喀则市,西藏自治区,5,2018,http://www.ihchina.cn/art/representative.html?limit=100&p=23,2026-08-06T10:35:58+00:00,1447
inheritor_1448,兰衡,男,苗族,III-23,III-23,III-023_01_522723,苗族芦笙舞(鼓龙鼓虎-长衫龙),传统舞蹈,贵州省贵定县,贵州省,5,2018,http://www.ihchina.cn/art/representative.html?limit=100&p=23,2026-08-06T10:35:58+00:00,1448
inheritor_1449,李永浩,男,朝鲜族,III-24,III-24,III-024_02_211200,朝鲜族农乐舞,传统舞蹈,辽宁省铁岭市,辽宁省,5,2018,http://www.ihchina.cn/art/representative.html?limit=100&p=23,2026-08-06T10:35:58+00:00,1449
inheritor_1450,黄明荣,男,瑶族,III-26,III-26,III-026_02_451029,铜鼓舞(田林瑶族铜鼓舞),传统舞蹈,广西壮族自治区田林县,广西壮族自治区,5,2018,http://www.ihchina.cn/art/representative.html?limit=100&p=23,2026-08-06T10:35:58+00:00,1450
inheritor_1451,黎芳才,男,瑶族,III-26,III-26,III-026_04_451221,铜鼓舞(南丹勤泽格拉),传统舞蹈,广西壮族自治区南丹县,广西壮族自治区,5,2018,http://www.ihchina.cn/art/representative.html?limit=100&p=23,2026-08-06T10:35:58+00:00,1451
inheritor_1452,梁正功,男,壮族,III-26,III-26,III-026_01_532600,铜鼓舞(文山壮族、彝族铜鼓舞),传统舞蹈,云南省文山壮族苗族自治州,云南省,5,2018,http://www.ihchina.cn/art/representative.html?limit=100&p=23,2026-08-06T10:35:58+00:00,1452
inheritor_1453,班文玉,男,藏族,III-34,III-34,III-034_01_513225,舞,传统舞蹈,四川省九寨沟县,四川省,5,2018,http://www.ihchina.cn/art/representative.html?limit=100&p=23,2026-08-06T10:35:58+00:00,1453
inheritor_1454,李碧清,男,傈僳族,III-35,III-35,III-035_01_533423,傈僳族阿尺木刮,传统舞蹈,云南省维西傈僳族自治县,云南省,5,2018,http://www.ihchina.cn/art/representative.html?limit=100&p=23,2026-08-06T10:35:58+00:00,1454
inheritor_1455,何桂英,女,基诺族,III-38,III-38,III-038_01_532801,基诺大鼓舞,传统舞蹈,云南省景洪市,云南省,5,2018,http://www.ihchina.cn/art/representative.html?limit=100&p=23,2026-08-06T10:35:58+00:00,1455
inheritor_1456,尼玛,男,藏族,III-39,III-39,III-039_04_542225,卓舞(琼结久河卓舞),传统舞蹈,西藏自治区琼结县,西藏自治区,5,2018,http://www.ihchina.cn/art/representative.html?limit=100&p=23,2026-08-06T10:35:58+00:00,1456
inheritor_1457,祁学德,男,汉族,III-42,III-42,III-042_03_140521,鼓舞(土沃老花鼓),传统舞蹈,山西省沁水县,山西省,5,2018,http://www.ihchina.cn/art/representative.html?limit=100&p=23,2026-08-06T10:35:58+00:00,1457
inheritor_1458,张洪年,男,满族,III-42,III-42,III-042_03_220200,鼓舞(乌拉陈汉军旗单鼓舞),传统舞蹈,吉林省吉林市,吉林省,5,2018,http://www.ihchina.cn/art/representative.html?limit=100&p=23,2026-08-06T10:35:58+00:00,1458
inheritor_1459,陈德福,男,汉族,III-42,III-42,III-042_02_331081,鼓舞(大奏鼓),传统舞蹈,浙江省温岭市,浙江省,5,2018,http://www.ihchina.cn/art/representative.html?limit=100&p=23,2026-08-06T10:35:58+00:00,1459
inheritor_1460,张兰青,女,汉族,III-42,III-42,III-042_02_370523,鼓舞(陈官短穗花鼓),传统舞蹈,山东省广饶县,山东省,5,2018,http://www.ihchina.cn/art/representative.html?limit=100&p=23,2026-08-06T10:35:58+00:00,1460
inheritor_1461,张继福,男,汉族,III-42,III-42,III-042_02_370126,鼓舞(花鞭鼓舞),传统舞蹈,山东省商河县,山东省,5,2018,http://www.ihchina.cn/art/representative.html?limit=100&p=23,2026-08-06T10:35:58+00:00,1461
inheritor_1462,张西山,男,汉族,III-43,III-43,III-043_03_141081,麒麟舞(麒麟采八宝),传统舞蹈,山西省侯马市,山西省,5,2018,http://www.ihchina.cn/art/representative.html?limit=100&p=23,2026-08-06T10:35:58+00:00,1462
inheritor_1463,宋长,男,汉族,III-43,III-43,III-043_02_410225,麒麟舞,传统舞蹈,河南省兰考县,河南省,5,2018,http://www.ihchina.cn/art/representative.html?limit=100&p=23,2026-08-06T10:35:58+00:00,1463
inheritor_1464,屈绍金,男,汉族,III-44,III-44,III-044_02_320382,竹马(邳州跑竹马),传统舞蹈,江苏省邳州市,江苏省,5,2018,http://www.ihchina.cn/art/representative.html?limit=100&p=23,2026-08-06T10:35:58+00:00,1464
inheritor_1465,任球生,男,汉族,III-44,III-44,III-044_03_320481,竹马(蒋塘马灯舞),传统舞蹈,江苏省溧阳市,江苏省,5,2018,http://www.ihchina.cn/art/representative.html?limit=100&p=23,2026-08-06T10:35:58+00:00,1465
inheritor_1466,方炳坤,男,汉族,III-44,III-44,III-044_04_330127,竹马(淳安竹马),传统舞蹈,浙江省淳安县,浙江省,5,2018,http://www.ihchina.cn/art/representative.html?limit=100&p=23,2026-08-06T10:35:58+00:00,1466
inheritor_1467,郭秉强,男,汉族,III-45,III-45,III-045_02_331121,灯舞(青田鱼灯舞),传统舞蹈,浙江省青田县,浙江省,5,2018,http://www.ihchina.cn/art/representative.html?limit=100&p=23,2026-08-06T10:35:58+00:00,1467
inheritor_1468,杨森芳,男,汉族,III-45,III-45,III-045_04_330523,灯舞(上舍化龙灯),传统舞蹈,浙江省安吉县,浙江省,5,2018,http://www.ihchina.cn/art/representative.html?limit=100&p=23,2026-08-06T10:35:58+00:00,1468
inheritor_1469,黄杰海,男,汉族,III-45,III-45,III-045_02_341721,灯舞(东至花灯舞),传统舞蹈,安徽省东至县,安徽省,5,2018,http://www.ihchina.cn/art/representative.html?limit=100&p=23,2026-08-06T10:35:58+00:00,1469
inheritor_1470,任俊堂,男,汉族,III-45,III-45,III-045_03_340225,灯舞(无为鱼灯),传统舞蹈,安徽省无为县,安徽省,5,2018,http://www.ihchina.cn/art/representative.html?limit=100&p=23,2026-08-06T10:35:58+00:00,1470
inheritor_1471,邓建民,男,汉族,III-45,III-45,III-045_02_360821,灯舞(鲤鱼灯舞),传统舞蹈,江西省吉安县,江西省,5,2018,http://www.ihchina.cn/art/representative.html?limit=100&p=23,2026-08-06T10:35:58+00:00,1471
inheritor_1472,史清,男,汉族,III-45,III-45,III-045_04_420321,灯舞(郧阳凤凰灯舞),传统舞蹈,湖北省十堰市郧阳区,湖北省,5,2018,http://www.ihchina.cn/art/representative.html?limit=100&p=23,2026-08-06T10:35:58+00:00,1472
inheritor_1473,陈玉英,女,汉族,III-49,III-49,III-049_02_371726,商羊舞,传统舞蹈,山东省鄄城县,山东省,5,2018,http://www.ihchina.cn/art/representative.html?limit=100&p=23,2026-08-06T10:35:58+00:00,1473
inheritor_1474,侯俊,男,汉族,III-50,III-50,III-050_02_410523,跑帷子,传统舞蹈,河南省汤阴县,河南省,5,2018,http://www.ihchina.cn/art/representative.html?limit=100&p=23,2026-08-06T10:35:58+00:00,1474
inheritor_1475,王金亮,男,汉族,III-51,III-51,III-051_02_411681,官会响锣,传统舞蹈,河南省项城市,河南省,5,2018,http://www.ihchina.cn/art/representative.html?limit=100&p=23,2026-08-06T10:35:58+00:00,1475
inheritor_1476,贾尚勤,男,蒙古族,III-57,III-57,III-057_02_152900,查玛,传统舞蹈,内蒙古自治区阿拉善盟,内蒙古自治区,5,2018,http://www.ihchina.cn/art/representative.html?limit=100&p=23,2026-08-06T10:35:58+00:00,1476
inheritor_1477,唐桥辛二公,男,瑶族,III-60,III-60,III-060_02_441826,瑶族长鼓舞,传统舞蹈,广东省连南瑶族自治县,广东省,5,2018,http://www.ihchina.cn/art/representative.html?limit=100&p=23,2026-08-06T10:35:58+00:00,1477
inheritor_1478,黄道胜,男,瑶族,III-60,III-60,III-060_02_451123,瑶族长鼓舞,传统舞蹈,广西壮族自治区富川瑶族自治县,广西壮族自治区,5,2018,http://www.ihchina.cn/art/representative.html?limit=100&p=23,2026-08-06T10:35:58+00:00,1478
inheritor_1479,朗四,男,傣族,III-61,III-61,III-061_02_533103,傣族象脚鼓舞,传统舞蹈,云南省潞西市,云南省,5,2018,http://www.ihchina.cn/art/representative.html?limit=100&p=23,2026-08-06T10:35:58+00:00,1479
inheritor_1480,波罕丙,男,傣族,III-61,III-61,III-061_02_532800,傣族象脚鼓舞,传统舞蹈,云南省西双版纳傣族自治州,云南省,5,2018,http://www.ihchina.cn/art/representative.html?limit=100&p=23,2026-08-06T10:35:58+00:00,1480
inheritor_1481,喇翁基,男,蒙古族,III-67,III-67,III-067_02_513423,甲搓,传统舞蹈,四川省盐源县,四川省,5,2018,http://www.ihchina.cn/art/representative.html?limit=100&p=23,2026-08-06T10:35:58+00:00,1481
inheritor_1482,杨家点,男,彝族,III-72,III-72,III-072_02_532322,彝族老虎笙,传统舞蹈,云南省双柏县,云南省,5,2018,http://www.ihchina.cn/art/representative.html?limit=100&p=23,2026-08-06T10:35:58+00:00,1482
inheritor_1483,普清荣,男,彝族,III-73,III-73,III-073_02_532323,彝族左脚舞,传统舞蹈,云南省牟定县,云南省,5,2018,http://www.ihchina.cn/art/representative.html?limit=100&p=23,2026-08-06T10:35:58+00:00,1483
inheritor_1484,李阿胖,女,彝族,III-74,III-74,III-074_02_532529,乐作舞,传统舞蹈,云南省红河县,云南省,5,2018,http://www.ihchina.cn/art/representative.html?limit=100&p=23,2026-08-06T10:35:58+00:00,1484
inheritor_1485,段正荣,男,彝族,III-75,III-75,III-075_02_532504,彝族三弦舞(阿细跳月),传统舞蹈,云南省弥勒市,云南省,5,2018,http://www.ihchina.cn/art/representative.html?limit=100&p=23,2026-08-06T10:35:58+00:00,1485
inheritor_1486,毕光明,男,彝族,III-75,III-75,III-075_02_530126,彝族三弦舞(撒尼大三弦),传统舞蹈,云南省石林彝族自治县,云南省,5,2018,http://www.ihchina.cn/art/representative.html?limit=100&p=23,2026-08-06T10:35:58+00:00,1486
inheritor_1487,和红亮,男,纳西族,III-76,III-76,III-076_02_530702,纳西族热美蹉,传统舞蹈,云南省丽江市古城区,云南省,5,2018,http://www.ihchina.cn/art/representative.html?limit=100&p=23,2026-08-06T10:35:58+00:00,1487
inheritor_1488,李石开,男,拉祜族,III-79,III-79,III-079_02_530828,拉祜族芦笙舞,传统舞蹈,云南省澜沧拉祜族自治县,云南省,5,2018,http://www.ihchina.cn/art/representative.html?limit=100&p=23,2026-08-06T10:35:58+00:00,1488
inheritor_1489,卓嘎,女,藏族,III-80,III-80,III-080_02_542522,宣舞(古格宣舞),传统舞蹈,西藏自治区札达县,西藏自治区,5,2018,http://www.ihchina.cn/art/representative.html?limit=100&p=23,2026-08-06T10:35:58+00:00,1489
inheritor_1490,陈邦文,男,藏族,III-82,III-82,III-082_04_513328,堆谐(甘孜踢踏),传统舞蹈,四川省甘孜县,四川省,5,2018,http://www.ihchina.cn/art/representative.html?limit=100&p=23,2026-08-06T10:35:58+00:00,1490
inheritor_1491,恩瓦,男,藏族,III-83,III-83,III-083_03_542428,谐钦(尼玛乡谐钦),传统舞蹈,西藏自治区班戈县,西藏自治区,5,2018,http://www.ihchina.cn/art/representative.html?limit=100&p=23,2026-08-06T10:35:58+00:00,1491
inheritor_1492,欧珠,男,藏族,III-87,III-87,III-087_02_542324,定日洛谐,传统舞蹈,西藏自治区定日县,西藏自治区,5,2018,http://www.ihchina.cn/art/representative.html?limit=100&p=23,2026-08-06T10:35:58+00:00,1492
inheritor_1493,米玛,女,藏族,III-88,III-88,III-088_02_542337,旦嘎甲谐,传统舞蹈,西藏自治区萨嘎县,西藏自治区,5,2018,http://www.ihchina.cn/art/representative.html?limit=100&p=23,2026-08-06T10:35:58+00:00,1493
inheritor_1494,拉毛,女,藏族,III-93,III-93,III-093_02_632523,则柔(尚尤则柔),传统舞蹈,青海省贵德县,青海省,5,2018,http://www.ihchina.cn/art/representative.html?limit=100&p=23,2026-08-06T10:35:58+00:00,1494
inheritor_1495,布太,女,蒙古族,III-94,III-94,III-094_02_652827,蒙古族萨吾尔登,传统舞蹈,新疆维吾尔自治区和静县,新疆维吾尔自治区,5,2018,http://www.ihchina.cn/art/representative.html?limit=100&p=23,2026-08-06T10:35:58+00:00,1495
inheritor_1496,耐得曼,女,蒙古族,III-94,III-94,III-094_03_654021,萨吾尔登,传统舞蹈,新疆维吾尔自治区博湖县,新疆维吾尔自治区,5,2018,http://www.ihchina.cn/art/representative.html?limit=100&p=23,2026-08-06T10:35:58+00:00,1496
inheritor_1497,艾米都力·热合米沙,男,维吾尔族,III-96,III-96,III-096_02_652200,维吾尔族赛乃姆,传统舞蹈,新疆维吾尔自治区哈密市,新疆维吾尔自治区,5,2018,http://www.ihchina.cn/art/representative.html?limit=100&p=23,2026-08-06T10:35:58+00:00,1497
inheritor_1498,伊敏·伊比拉,男,维吾尔族,III-96,III-96,III-096_02_653125,维吾尔族赛乃姆,传统舞蹈,新疆维吾尔自治区莎车县,新疆维吾尔自治区,5,2018,http://www.ihchina.cn/art/representative.html?limit=100&p=23,2026-08-06T10:35:58+00:00,1498
inheritor_1499,亚森·艾萨,男,维吾尔族,III-96,III-96,III-096_03_652825,赛乃姆(且末赛乃姆),传统舞蹈,新疆维吾尔自治区且末县,新疆维吾尔自治区,5,2018,http://www.ihchina.cn/art/representative.html?limit=100&p=23,2026-08-06T10:35:58+00:00,1499
inheritor_1500,阿布里米提·夏哈比,男,维吾尔族,III-96,III-96,III-096_03_654021,赛乃姆(伊犁赛乃姆),传统舞蹈,新疆维吾尔自治区伊宁县,新疆维吾尔自治区,5,2018,http://www.ihchina.cn/art/representative.html?limit=100&p=23,2026-08-06T10:35:58+00:00,1500
inheritor_1501,任乃贵,男,汉族,III-97,III-97,III-097_03_320623,跳马伕,传统舞蹈,江苏省如东县,江苏省,5,2018,http://www.ihchina.cn/art/representative.html?limit=100&p=23,2026-08-06T10:35:58+00:00,1501
inheritor_1502,张振谦,男,汉族,III-100,III-100,III-100_03_440982,跳花棚,传统舞蹈,广东省化州市,广东省,5,2018,http://www.ihchina.cn/art/representative.html?limit=100&p=23,2026-08-06T10:35:58+00:00,1502
inheritor_1503,格格,男,藏族,III-102,III-102,III-102_03_510727,跳曹盖,传统舞蹈,四川省平武县,四川省,5,2018,http://www.ihchina.cn/art/representative.html?limit=100&p=23,2026-08-06T10:35:58+00:00,1503
inheritor_1504,古秀华,女,鄂温克族,III-104,III-104,III-104_03_150785,鄂温克族萨满舞,传统舞蹈,内蒙古自治区根河市,内蒙古自治区,5,2018,http://www.ihchina.cn/art/representative.html?limit=100&p=23,2026-08-06T10:35:58+00:00,1504
inheritor_1505,旦成益西,男,藏族,III-106,III-106,III-106_03_542500,普兰果尔孜,传统舞蹈,西藏自治区阿里地区,西藏自治区,5,2018,http://www.ihchina.cn/art/representative.html?limit=100&p=23,2026-08-06T10:35:58+00:00,1505
inheritor_1506,朗嘎,女,藏族,III-107,III-107,III-107_03_542332,陈塘夏尔巴歌舞,传统舞蹈,西藏自治区定结县,西藏自治区,5,2018,http://www.ihchina.cn/art/representative.html?limit=100&p=23,2026-08-06T10:35:58+00:00,1506
inheritor_1507,席玉秀,女,土族,III-109,III-109,III-109_03_630223,安昭,传统舞蹈,青海省互助土族自治县,青海省,5,2018,http://www.ihchina.cn/art/representative.html?limit=100&p=23,2026-08-06T10:35:58+00:00,1507
inheritor_1508,阿布力米提·托乎提,男,维吾尔族,III-110,III-110,III-110_03_653101,萨玛舞,传统舞蹈,新疆维吾尔自治区喀什市,新疆维吾尔自治区,5,2018,http://www.ihchina.cn/art/representative.html?limit=100&p=23,2026-08-06T10:35:58+00:00,1508
inheritor_1509,赵建军,男,汉族,III-112,III-112,III-112_04_110115,太子务武吵子,传统舞蹈,北京市大兴区,北京市,5,2018,http://www.ihchina.cn/art/representative.html?limit=100&p=23,2026-08-06T10:35:58+00:00,1509
inheritor_1510,郑小永,男,汉族,III-118,III-118,III-118_04_410800,耍老虎,传统舞蹈,河南省焦作市,河南省,5,2018,http://www.ihchina.cn/art/representative.html?limit=100&p=23,2026-08-06T10:35:58+00:00,1510
inheritor_1511,戴昌路,男,瑶族,III-119,III-119,III-119_04_430525,棕包脑,传统舞蹈,湖南省洞口县,湖南省,5,2018,http://www.ihchina.cn/art/representative.html?limit=100&p=23,2026-08-06T10:35:58+00:00,1511
inheritor_1512,阮桂陆,男,瑶族,III-120,III-120,III-120_04_451022,瑶族金锣舞,传统舞蹈,广西壮族自治区田东县,广西壮族自治区,5,2018,http://www.ihchina.cn/art/representative.html?limit=100&p=23,2026-08-06T10:35:58+00:00,1512
inheritor_1513,江再顺,男,土家族,III-121,III-121,III-121_04_500240,玩牛,传统舞蹈,重庆市石柱土家族自治县,重庆市,5,2018,http://www.ihchina.cn/art/representative.html?limit=100&p=23,2026-08-06T10:35:58+00:00,1513
inheritor_1514,杨春文,男,白族,III-126,III-126,III-126_04_532900,耳子歌,传统舞蹈,云南省大理白族自治州,云南省,5,2018,http://www.ihchina.cn/art/representative.html?limit=100&p=23,2026-08-06T10:35:58+00:00,1514
inheritor_1515,李生方,男,哈尼族,III-127,III-127,III-127_04_532524,铓鼓舞,传统舞蹈,云南省建水县,云南省,5,2018,http://www.ihchina.cn/art/representative.html?limit=100&p=23,2026-08-06T10:35:58+00:00,1515
inheritor_1516,达哇才仁,男,藏族,III-130,III-130,III-130_04_632700,锅哇(玉树武士舞),传统舞蹈,青海省玉树藏族自治州,青海省,5,2018,http://www.ihchina.cn/art/representative.html?limit=100&p=23,2026-08-06T10:35:58+00:00,1516
inheritor_2128,张毓文,女,汉族,IV-1,IV-1,IV-001_01_110000,昆曲,传统戏剧,北京市,北京市,5,2018,http://www.ihchina.cn/art/representative.html?limit=100&p=23,2026-08-06T10:35:58+00:00,2128
inheritor_2129,谷好好,女,汉族,IV-1,IV-1,IV-001_01_310000,昆曲,传统戏剧,上海市,上海市,5,2018,http://www.ihchina.cn/art/representative.html?limit=100&p=23,2026-08-06T10:35:58+00:00,2129
inheritor_2130,方洋,男,汉族,IV-1,IV-1,IV-001_01_310000,昆曲,传统戏剧,上海市,上海市,5,2018,http://www.ihchina.cn/art/representative.html?limit=100&p=23,2026-08-06T10:35:58+00:00,2130
inheritor_2131,王世瑶,男,汉族,IV-1,IV-1,IV-001_01_330000,昆曲,传统戏剧,浙江省,浙江省,5,2018,http://www.ihchina.cn/art/representative.html?limit=100&p=23,2026-08-06T10:35:58+00:00,2131
inheritor_2132,吴镇勋,男,汉族,IV-3,IV-3,IV-003_01_350300,莆仙戏,传统戏剧,福建省莆田市,福建省,5,2018,http://www.ihchina.cn/art/representative.html?limit=100&p=23,2026-08-06T10:35:58+00:00,2132
inheritor_2133,林柔佳,男,汉族,IV-4,IV-4,IV-004_02_445200,潮剧,传统戏剧,广东省揭阳市,广东省,5,2018,http://www.ihchina.cn/art/representative.html?limit=100&p=23,2026-08-06T10:35:58+00:00,2133
inheritor_2134,林西怀,女,汉族,IV-5,IV-5,IV-005_01_361126,弋阳腔,传统戏剧,江西省弋阳县,江西省,5,2018,http://www.ihchina.cn/art/representative.html?limit=100&p=23,2026-08-06T10:35:58+00:00,2134
inheritor_2135,邓七枝,女,汉族,IV-7,IV-7,IV-007_01_433122,高腔(辰河高腔),传统戏剧,湖南省泸溪县,湖南省,5,2018,http://www.ihchina.cn/art/representative.html?limit=100&p=23,2026-08-06T10:35:58+00:00,2135
inheritor_2136,吕月明,男,汉族,IV-8,IV-8,IV-008_01_330624,新昌调腔,传统戏剧,浙江省新昌县,浙江省,5,2018,http://www.ihchina.cn/art/representative.html?limit=100&p=24,2026-08-06T10:36:00+00:00,2136
inheritor_2137,马蓝鱼,女,汉族,IV-16,IV-16,IV-016_01_610000,秦腔,传统戏剧,陕西省,陕西省,5,2018,http://www.ihchina.cn/art/representative.html?limit=100&p=24,2026-08-06T10:36:00+00:00,2137
inheritor_2138,卫赞成,男,汉族,IV-16,IV-16,IV-016_01_610000,秦腔,传统戏剧,陕西省,陕西省,5,2018,http://www.ihchina.cn/art/representative.html?limit=100&p=24,2026-08-06T10:36:00+00:00,2138
inheritor_2139,窦凤琴,女,汉族,IV-16,IV-16,IV-016_02_620100,秦腔,传统戏剧,甘肃省秦剧团,甘肃省,5,2018,http://www.ihchina.cn/art/representative.html?limit=100&p=24,2026-08-06T10:36:00+00:00,2139
inheritor_2140,栾德宝,男,汉族,IV-18,IV-18,IV-018_03_130121,晋剧,传统戏剧,河北省井陉县,河北省,5,2018,http://www.ihchina.cn/art/representative.html?limit=100&p=24,2026-08-06T10:36:00+00:00,2140
inheritor_2141,贾炳正,男,汉族,IV-18,IV-18,IV-018_04_140700,晋剧,传统戏剧,山西省晋中市,山西省,5,2018,http://www.ihchina.cn/art/representative.html?limit=100&p=24,2026-08-06T10:36:00+00:00,2141
inheritor_2142,王万梅,女,汉族,IV-18,IV-18,IV-018_04_140700,晋剧,传统戏剧,山西省晋中市,山西省,5,2018,http://www.ihchina.cn/art/representative.html?limit=100&p=24,2026-08-06T10:36:00+00:00,2142
inheritor_2143,何小菊,女,汉族,IV-18,IV-18,IV-018_03_150100,晋剧,传统戏剧,内蒙古自治区呼和浩特市,内蒙古自治区,5,2018,http://www.ihchina.cn/art/representative.html?limit=100&p=24,2026-08-06T10:36:00+00:00,2143
inheritor_2144,阎建国,男,汉族,IV-22,IV-22,IV-022_02_120103,河北梆子,传统戏剧,天津河北梆子剧院,天津市,5,2018,http://www.ihchina.cn/art/representative.html?limit=100&p=24,2026-08-06T10:36:00+00:00,2144
inheritor_2145,苗文华,女,汉族,IV-23,IV-23,IV-023_02_130400,豫剧(桑派),传统戏剧,河北省邯郸市,河北省,5,2018,http://www.ihchina.cn/art/representative.html?limit=100&p=24,2026-08-06T10:36:00+00:00,2145
inheritor_2146,李献民,男,汉族,IV-23,IV-23,IV-023_01_410000,豫剧,传统戏剧,河南省,河南省,5,2018,http://www.ihchina.cn/art/representative.html?limit=100&p=24,2026-08-06T10:36:00+00:00,2146
inheritor_2147,刘铁民,男,汉族,IV-24,IV-24,IV-024_01_411325,宛梆,传统戏剧,河南省内乡县,河南省,5,2018,http://www.ihchina.cn/art/representative.html?limit=100&p=24,2026-08-06T10:36:00+00:00,2147
inheritor_2148,吴从印,男,汉族,IV-26,IV-26,IV-026_02_371728,大平调,传统戏剧,山东省东明县,山东省,5,2018,http://www.ihchina.cn/art/representative.html?limit=100&p=24,2026-08-06T10:36:00+00:00,2148
inheritor_2149,袁秀莲,女,汉族,IV-27,IV-27,IV-027_02_411000,越调,传统戏剧,河南省许昌市,河南省,5,2018,http://www.ihchina.cn/art/representative.html?limit=100&p=24,2026-08-06T10:36:00+00:00,2149
inheritor_2150,叶祥成,男,汉族,IV-27,IV-27,IV-027_04_420625,越调,传统戏剧,湖北省谷城县,湖北省,5,2018,http://www.ihchina.cn/art/representative.html?limit=100&p=24,2026-08-06T10:36:00+00:00,2150
inheritor_2151,杨春霞,女,汉族,IV-28,IV-28,IV-028_01_110102,京剧,传统戏剧,国家京剧院,未知,5,2018,http://www.ihchina.cn/art/representative.html?limit=100&p=24,2026-08-06T10:36:00+00:00,2151
inheritor_2152,萧润增,男,汉族,IV-28,IV-28,IV-028_01_110102,京剧,传统戏剧,国家京剧院,未知,5,2018,http://www.ihchina.cn/art/representative.html?limit=100&p=24,2026-08-06T10:36:00+00:00,2152
inheritor_2153,李鸿儒,男,汉族,IV-28,IV-28,IV-028_01_110102,京剧,传统戏剧,国家京剧院,未知,5,2018,http://www.ihchina.cn/art/representative.html?limit=100&p=24,2026-08-06T10:36:00+00:00,2153
inheritor_2154,耿其昌,男,汉族,IV-28,IV-28,IV-028_01_110102,京剧,传统戏剧,国家京剧院,未知,5,2018,http://www.ihchina.cn/art/representative.html?limit=100&p=24,2026-08-06T10:36:00+00:00,2154
inheritor_2155,寇春华,男,汉族,IV-28,IV-28,IV-028_01_110102,京剧,传统戏剧,国家京剧院,未知,5,2018,http://www.ihchina.cn/art/representative.html?limit=100&p=24,2026-08-06T10:36:00+00:00,2155
inheritor_2156,张曼玲,女,汉族,IV-28,IV-28,IV-028_01_110102,京剧,传统戏剧,国家京剧院,未知,5,2018,http://www.ihchina.cn/art/representative.html?limit=100&p=24,2026-08-06T10:36:00+00:00,2156
inheritor_2157,李光,男,汉族,IV-28,IV-28,IV-028_01_110102,京剧,传统戏剧,国家京剧院,未知,5,2018,http://www.ihchina.cn/art/representative.html?limit=100&p=24,2026-08-06T10:36:00+00:00,2157
inheritor_2158,王平,男,汉族,IV-28,IV-28,IV-028_01_120000,京剧,传统戏剧,天津市,天津市,5,2018,http://www.ihchina.cn/art/representative.html?limit=100&p=24,2026-08-06T10:36:00+00:00,2158
inheritor_2159,孟广禄,男,汉族,IV-28,IV-28,IV-028_01_120000,京剧,传统戏剧,天津市,天津市,5,2018,http://www.ihchina.cn/art/representative.html?limit=100&p=24,2026-08-06T10:36:00+00:00,2159
inheritor_2160,李蔷华,女,汉族,IV-28,IV-28,IV-028_01_310000,京剧,传统戏剧,上海市,上海市,5,2018,http://www.ihchina.cn/art/representative.html?limit=100&p=24,2026-08-06T10:36:00+00:00,2160
inheritor_2161,王立军,男,汉族,IV-28,IV-28,IV-028_01_310000,京剧,传统戏剧,上海市,上海市,5,2018,http://www.ihchina.cn/art/representative.html?limit=100&p=24,2026-08-06T10:36:00+00:00,2161
inheritor_2162,马科,男,汉族,IV-28,IV-28,IV-028_01_310000,京剧,传统戏剧,上海市,上海市,5,2018,http://www.ihchina.cn/art/representative.html?limit=100&p=24,2026-08-06T10:36:00+00:00,2162
inheritor_2163,高一鸣,男,汉族,IV-28,IV-28,IV-028_01_310000,京剧,传统戏剧,上海市,上海市,5,2018,http://www.ihchina.cn/art/representative.html?limit=100&p=24,2026-08-06T10:36:00+00:00,2163
inheritor_2164,鞠小苏,女,汉族,IV-28,IV-28,IV-028_01_370000,京剧,传统戏剧,山东省,山东省,5,2018,http://www.ihchina.cn/art/representative.html?limit=100&p=24,2026-08-06T10:36:00+00:00,2164
inheritor_2165,王小蝉,男,汉族,IV-28,IV-28,IV-028_02_420111,京剧,传统戏剧,湖北省京剧院,湖北省,5,2018,http://www.ihchina.cn/art/representative.html?limit=100&p=24,2026-08-06T10:36:00+00:00,2165
inheritor_2166,姚长生,男,汉族,IV-30,IV-30,IV-030_01_420100,汉剧,传统戏剧,湖北省武汉市,湖北省,5,2018,http://www.ihchina.cn/art/representative.html?limit=100&p=24,2026-08-06T10:36:00+00:00,2166
inheritor_2167,谭复秀,女,汉族,IV-35,IV-35,IV-035_02_421000,荆河戏,传统戏剧,湖北省荆州市,湖北省,5,2018,http://www.ihchina.cn/art/representative.html?limit=100&p=24,2026-08-06T10:36:00+00:00,2167
inheritor_2168,王与佑,男,汉族,IV-35,IV-35,IV-035_01_430723,荆河戏,传统戏剧,湖南省澧县,湖南省,5,2018,http://www.ihchina.cn/art/representative.html?limit=100&p=24,2026-08-06T10:36:00+00:00,2168
inheritor_2169,丁凡,男,汉族,IV-36,IV-36,IV-036_01_440104,粤剧,传统戏剧,广东省文化厅,广东省,5,2018,http://www.ihchina.cn/art/representative.html?limit=100&p=24,2026-08-06T10:36:00+00:00,2169
inheritor_2170,欧小胡,男,汉族,IV-36,IV-36,IV-036_01_440104,粤剧,传统戏剧,广东省广州市,广东省,5,2018,http://www.ihchina.cn/art/representative.html?limit=100&p=24,2026-08-06T10:36:00+00:00,2170
inheritor_2171,林国光,男,汉族,IV-36,IV-36,IV-036_04_440883,粤剧,传统戏剧,广东省吴川市,广东省,5,2018,http://www.ihchina.cn/art/representative.html?limit=100&p=24,2026-08-06T10:36:00+00:00,2171
inheritor_2172,冯杏元,男,壮族,IV-36,IV-36,IV-036_04_450100,粤剧,传统戏剧,广西壮族自治区南宁市,广西壮族自治区,5,2018,http://www.ihchina.cn/art/representative.html?limit=100&p=24,2026-08-06T10:36:00+00:00,2172
inheritor_2173,张树萍,女,汉族,IV-37,IV-37,IV-037_01_450000,桂剧,传统戏剧,广西壮族自治区,广西壮族自治区,5,2018,http://www.ihchina.cn/art/representative.html?limit=100&p=24,2026-08-06T10:36:00+00:00,2173
inheritor_2174,邓义,男,汉族,IV-38,IV-38,IV-038_01_361026,宜黄戏,传统戏剧,江西省宜黄县,江西省,5,2018,http://www.ihchina.cn/art/representative.html?limit=100&p=24,2026-08-06T10:36:00+00:00,2174
inheritor_2175,耿书义,男,汉族,IV-39,IV-39,IV-039_04_130127,乱弹(南岩乱弹),传统戏剧,河北省高邑县,河北省,5,2018,http://www.ihchina.cn/art/representative.html?limit=100&p=24,2026-08-06T10:36:00+00:00,2175
inheritor_2176,蒋桂凤,女,汉族,IV-39,IV-39,IV-039_03_330681,乱弹(诸暨西路乱弹),传统戏剧,浙江省诸暨市,浙江省,5,2018,http://www.ihchina.cn/art/representative.html?limit=100&p=24,2026-08-06T10:36:00+00:00,2176
inheritor_2177,王秀兰,女,汉族,IV-44,IV-44,IV-044_02_371700,大弦戏,传统戏剧,山东省菏泽市,山东省,5,2018,http://www.ihchina.cn/art/representative.html?limit=100&p=24,2026-08-06T10:36:00+00:00,2177
inheritor_2178,陈娟娟,女,汉族,IV-48,IV-48,IV-048_01_350500,高甲戏,传统戏剧,福建省泉州市,福建省,5,2018,http://www.ihchina.cn/art/representative.html?limit=100&p=24,2026-08-06T10:36:00+00:00,2178
inheritor_2179,姚道成,男,汉族,IV-48,IV-48,IV-048_01_350500,高甲戏,传统戏剧,福建省泉州市,福建省,5,2018,http://www.ihchina.cn/art/representative.html?limit=100&p=24,2026-08-06T10:36:00+00:00,2179
inheritor_2180,欧阳燕清,女,汉族,IV-48,IV-48,IV-048_01_350500,高甲戏,传统戏剧,福建省泉州市,福建省,5,2018,http://www.ihchina.cn/art/representative.html?limit=100&p=24,2026-08-06T10:36:00+00:00,2180
inheritor_2181,吴晶晶,女,汉族,IV-48,IV-48,IV-048_01_350200,高甲戏,传统戏剧,福建省厦门市,福建省,5,2018,http://www.ihchina.cn/art/representative.html?limit=100&p=24,2026-08-06T10:36:00+00:00,2181
inheritor_2182,曾昭娟,女,汉族,IV-51,IV-51,IV-051_02_120104,评剧,传统戏剧,天津评剧院,天津市,5,2018,http://www.ihchina.cn/art/representative.html?limit=100&p=24,2026-08-06T10:36:00+00:00,2182
inheritor_2183,王冠丽,女,汉族,IV-51,IV-51,IV-051_02_120104,评剧,传统戏剧,天津评剧院,天津市,5,2018,http://www.ihchina.cn/art/representative.html?limit=100&p=24,2026-08-06T10:36:00+00:00,2183
inheritor_2184,罗会芹,女,汉族,IV-51,IV-51,IV-051_01_130224,评剧,传统戏剧,河北省滦南县,河北省,5,2018,http://www.ihchina.cn/art/representative.html?limit=100&p=24,2026-08-06T10:36:00+00:00,2184
inheritor_2185,王向阳,女,汉族,IV-51,IV-51,IV-051_03_230104,评剧,传统戏剧,黑龙江省评剧院,黑龙江省,5,2018,http://www.ihchina.cn/art/representative.html?limit=100&p=24,2026-08-06T10:36:00+00:00,2185
inheritor_2186,王新荣,女,汉族,IV-52,IV-52,IV-052_01_130481,武安平调落子,传统戏剧,河北省武安市,河北省,5,2018,http://www.ihchina.cn/art/representative.html?limit=100&p=24,2026-08-06T10:36:00+00:00,2186
inheritor_2187,钱惠丽,女,汉族,IV-53,IV-53,IV-053_01_310000,越剧,传统戏剧,上海市,上海市,5,2018,http://www.ihchina.cn/art/representative.html?limit=100&p=24,2026-08-06T10:36:00+00:00,2187
inheritor_2188,王君安,女,汉族,IV-53,IV-53,IV-053_02_350102,越剧(尹派),传统戏剧,福建省芳华越剧团,福建省,5,2018,http://www.ihchina.cn/art/representative.html?limit=100&p=24,2026-08-06T10:36:00+00:00,2188
inheritor_2189,陈甦萍,女,汉族,IV-54,IV-54,IV-054_01_310000,沪剧,传统戏剧,上海市,上海市,5,2018,http://www.ihchina.cn/art/representative.html?limit=100&p=24,2026-08-06T10:36:00+00:00,2189
inheritor_2190,尹家琪,女,汉族,IV-55,IV-55,IV-055_01_320500,苏剧,传统戏剧,江苏省苏州市,江苏省,5,2018,http://www.ihchina.cn/art/representative.html?limit=100&p=24,2026-08-06T10:36:00+00:00,2190
inheritor_2191,徐秀芳,女,汉族,IV-56,IV-56,IV-056_02_320101,扬剧,传统戏剧,江苏省演艺集团扬剧团,江苏省,5,2018,http://www.ihchina.cn/art/representative.html?limit=100&p=24,2026-08-06T10:36:00+00:00,2191
inheritor_2192,武道芳,女,汉族,IV-57,IV-57,IV-057_03_340523,庐剧(东路庐剧),传统戏剧,安徽省和县,安徽省,5,2018,http://www.ihchina.cn/art/representative.html?limit=100&p=24,2026-08-06T10:36:00+00:00,2192
inheritor_2193,彭青莲,女,汉族,IV-58,IV-58,IV-058_01_420000,楚剧,传统戏剧,湖北省,湖北省,5,2018,http://www.ihchina.cn/art/representative.html?limit=100&p=24,2026-08-06T10:36:00+00:00,2193
inheritor_2194,钟惠然,男,汉族,IV-58,IV-58,IV-058_01_420000,楚剧,传统戏剧,湖北省,湖北省,5,2018,http://www.ihchina.cn/art/representative.html?limit=100&p=24,2026-08-06T10:36:00+00:00,2194
inheritor_2195,李春华,女,汉族,IV-59,IV-59,IV-059_01_429005,荆州花鼓戏,传统戏剧,湖北省潜江市,湖北省,5,2018,http://www.ihchina.cn/art/representative.html?limit=100&p=24,2026-08-06T10:36:00+00:00,2195
inheritor_2196,杨俊,女,汉族,IV-60,IV-60,IV-060_01_421127,黄梅戏,传统戏剧,湖北省黄梅县,湖北省,5,2018,http://www.ihchina.cn/art/representative.html?limit=100&p=24,2026-08-06T10:36:00+00:00,2196
inheritor_2197,辛书善,男,汉族,IV-61,IV-61,IV-061_01_611000,商洛花鼓,传统戏剧,陕西省商洛市,陕西省,5,2018,http://www.ihchina.cn/art/representative.html?limit=100&p=24,2026-08-06T10:36:00+00:00,2197
inheritor_2198,李洪湘,女,汉族,IV-62,IV-62,IV-062_03_321324,泗州戏,传统戏剧,江苏省泗洪县,江苏省,5,2018,http://www.ihchina.cn/art/representative.html?limit=100&p=24,2026-08-06T10:36:00+00:00,2198
inheritor_2199,陶万侠,女,汉族,IV-62,IV-62,IV-062_01_341300,泗州戏,传统戏剧,安徽省宿州市,安徽省,5,2018,http://www.ihchina.cn/art/representative.html?limit=100&p=24,2026-08-06T10:36:00+00:00,2199
inheritor_2200,周斌,男,汉族,IV-62,IV-62,IV-062_01_340300,泗州戏,传统戏剧,安徽省蚌埠市,安徽省,5,2018,http://www.ihchina.cn/art/representative.html?limit=100&p=24,2026-08-06T10:36:00+00:00,2200
inheritor_2201,彭金花,女,汉族,IV-65,IV-65,IV-065_03_360983,采茶戏(高安采茶戏),传统戏剧,江西省高安市,江西省,5,2018,http://www.ihchina.cn/art/representative.html?limit=100&p=24,2026-08-06T10:36:00+00:00,2201
inheritor_2202,吕凤琴,女,汉族,IV-66,IV-66,IV-066_01_370300,五音戏,传统戏剧,山东省淄博市,山东省,5,2018,http://www.ihchina.cn/art/representative.html?limit=100&p=24,2026-08-06T10:36:00+00:00,2202
inheritor_2203,夏美华,女,汉族,IV-67,IV-67,IV-067_01_370785,茂腔,传统戏剧,山东省高密市,山东省,5,2018,http://www.ihchina.cn/art/representative.html?limit=100&p=24,2026-08-06T10:36:00+00:00,2203
inheritor_2204,张秋兰,女,汉族,IV-68,IV-68,IV-068_01_410000,曲剧,传统戏剧,河南省,河南省,5,2018,http://www.ihchina.cn/art/representative.html?limit=100&p=24,2026-08-06T10:36:00+00:00,2204
inheritor_2205,张志学,男,汉族,IV-69,IV-69,IV-069_01_620824,曲子戏(华亭曲子戏),传统戏剧,甘肃省华亭县,甘肃省,5,2018,http://www.ihchina.cn/art/representative.html?limit=100&p=24,2026-08-06T10:36:00+00:00,2205
inheritor_2206,王芝兰,女,汉族,IV-70,IV-70,IV-070_02_130726,秧歌戏(蔚县秧歌),传统戏剧,河北省蔚县,河北省,5,2018,http://www.ihchina.cn/art/representative.html?limit=100&p=24,2026-08-06T10:36:00+00:00,2206
inheritor_2207,孙贵明,男,汉族,IV-70,IV-70,IV-070_02_140726,秧歌戏(祁太秧歌),传统戏剧,山西省太谷县,山西省,5,2018,http://www.ihchina.cn/art/representative.html?limit=100&p=24,2026-08-06T10:36:00+00:00,2207
inheritor_2208,李英英,女,汉族,IV-70,IV-70,IV-070_02_140427,秧歌戏(壶关秧歌),传统戏剧,山西省壶关县,山西省,5,2018,http://www.ihchina.cn/art/representative.html?limit=100&p=24,2026-08-06T10:36:00+00:00,2208
inheritor_2209,吴翠花,女,汉族,IV-71,IV-71,IV-071_03_140927,道情戏(神池道情戏),传统戏剧,山西省神池县,山西省,5,2018,http://www.ihchina.cn/art/representative.html?limit=100&p=24,2026-08-06T10:36:00+00:00,2209
inheritor_2210,雷通霞,女,汉族,IV-71,IV-71,IV-071_01_620000,道情戏(陇剧),传统戏剧,甘肃省,甘肃省,5,2018,http://www.ihchina.cn/art/representative.html?limit=100&p=24,2026-08-06T10:36:00+00:00,2210
inheritor_2211,边肖,男,汉族,IV-71,IV-71,IV-071_01_620000,道情戏(陇剧),传统戏剧,甘肃省,甘肃省,5,2018,http://www.ihchina.cn/art/representative.html?limit=100&p=24,2026-08-06T10:36:00+00:00,2211
inheritor_2212,高乐美,男,蒙古族,IV-73,IV-73,IV-073_03_150900,二人台(东路二人台),传统戏剧,内蒙古自治区乌兰察布市,内蒙古自治区,5,2018,http://www.ihchina.cn/art/representative.html?limit=100&p=24,2026-08-06T10:36:00+00:00,2212
inheritor_2213,周瑾,女,汉族,IV-76,IV-76,IV-076_01_450000,彩调,传统戏剧,广西壮族自治区,广西壮族自治区,5,2018,http://www.ihchina.cn/art/representative.html?limit=100&p=24,2026-08-06T10:36:00+00:00,2213
inheritor_2214,邵志庆,女,汉族,IV-78,IV-78,IV-078_03_520115,花灯戏,传统戏剧,贵州省花灯剧团,贵州省,5,2018,http://www.ihchina.cn/art/representative.html?limit=100&p=24,2026-08-06T10:36:00+00:00,2214
inheritor_2215,陈申华,男,汉族,IV-78,IV-78,IV-078_02_532328,花灯戏,传统戏剧,云南省元谋县,云南省,5,2018,http://www.ihchina.cn/art/representative.html?limit=100&p=24,2026-08-06T10:36:00+00:00,2215
inheritor_2216,塔洛,男,藏族,IV-80,IV-80,IV-080_02_513333,藏戏(色达藏戏),传统戏剧,四川省色达县,四川省,5,2018,http://www.ihchina.cn/art/representative.html?limit=100&p=24,2026-08-06T10:36:00+00:00,2216
inheritor_2217,才让华旦,男,藏族,IV-80,IV-80,IV-080_02_632600,藏戏(青海马背藏戏),传统戏剧,青海省果洛藏族自治州,青海省,5,2018,http://www.ihchina.cn/art/representative.html?limit=100&p=24,2026-08-06T10:36:00+00:00,2217
inheritor_2218,农学良,男,壮族,IV-82,IV-82,IV-082_02_532600,壮剧,传统戏剧,云南省文山壮族苗族自治州,云南省,5,2018,http://www.ihchina.cn/art/representative.html?limit=100&p=24,2026-08-06T10:36:00+00:00,2218
inheritor_2219,杨开远,男,侗族,IV-83,IV-83,IV-083_03_450226,侗戏,传统戏剧,广西壮族自治区三江侗族自治县,广西壮族自治区,5,2018,http://www.ihchina.cn/art/representative.html?limit=100&p=24,2026-08-06T10:36:00+00:00,2219
inheritor_2220,黄成珍,女,布依族,IV-84,IV-84,IV-084_01_522327,布依戏,传统戏剧,贵州省册亨县,贵州省,5,2018,http://www.ihchina.cn/art/representative.html?limit=100&p=24,2026-08-06T10:36:00+00:00,2220
inheritor_2221,王秋来,男,汉族,IV-87,IV-87,IV-087_01_341024,目连戏(徽州目连戏),传统戏剧,安徽省祁门县,安徽省,5,2018,http://www.ihchina.cn/art/representative.html?limit=100&p=24,2026-08-06T10:36:00+00:00,2221
inheritor_2222,邹莉莉,女,汉族,IV-87,IV-87,IV-087_04_ 360111,目连戏(江西目连戏),传统戏剧,江西省,江西省,5,2018,http://www.ihchina.cn/art/representative.html?limit=100&p=24,2026-08-06T10:36:00+00:00,2222
inheritor_2223,凌凤英,女,汉族,IV-89,IV-89,IV-089_03_141021,傩戏(任庄扇鼓傩戏),传统戏剧,山西省曲沃县,山西省,5,2018,http://www.ihchina.cn/art/representative.html?limit=100&p=24,2026-08-06T10:36:00+00:00,2223
inheritor_2224,唐茂华,男,汉族,IV-89,IV-89,IV-089_01_341700,傩戏(池州傩戏),传统戏剧,安徽省池州市,安徽省,5,2018,http://www.ihchina.cn/art/representative.html?limit=100&p=24,2026-08-06T10:36:00+00:00,2224
inheritor_2225,邓玉书,男,土家族,IV-89,IV-89,IV-089_02_422801,傩戏(恩施傩戏),传统戏剧,湖北省恩施市,湖北省,5,2018,http://www.ihchina.cn/art/representative.html?limit=100&p=24,2026-08-06T10:36:00+00:00,2225
inheritor_2226,龙景昌,男,侗族,IV-89,IV-89,IV-089_01_431227,傩戏(侗族傩戏),传统戏剧,湖南省新晃侗族自治县,湖南省,5,2018,http://www.ihchina.cn/art/representative.html?limit=100&p=24,2026-08-06T10:36:00+00:00,2226
inheritor_2227,聂满娥,女,汉族,IV-89,IV-89,IV-089_01_431222,傩戏(沅陵辰州傩戏),传统戏剧,湖南省沅陵县,湖南省,5,2018,http://www.ihchina.cn/art/representative.html?limit=100&p=24,2026-08-06T10:36:00+00:00,2227
inheritor_2228,王太保,男,汉族,IV-89,IV-89,IV-089_04_431025,傩戏(临武傩戏),传统戏剧,湖南省临武县,湖南省,5,2018,http://www.ihchina.cn/art/representative.html?limit=100&p=24,2026-08-06T10:36:00+00:00,2228
inheritor_2229,杨朝忠,男,汉族,IV-89,IV-89,IV-089_02_520325,傩戏(仡佬族傩戏),传统戏剧,贵州省道真仡佬族苗族自治县,贵州省,5,2018,http://www.ihchina.cn/art/representative.html?limit=100&p=24,2026-08-06T10:36:00+00:00,2229
inheritor_2230,陈先松,男,汉族,IV-90,IV-90,IV-090_01_520400,安顺地戏,传统戏剧,贵州省安顺市,贵州省,5,2018,http://www.ihchina.cn/art/representative.html?limit=100&p=24,2026-08-06T10:36:00+00:00,2230
inheritor_2231,路宝刚,男,汉族,IV-91,IV-91,IV-091_02_110102,皮影戏(北京皮影戏),传统戏剧,北京市西城区,北京市,5,2018,http://www.ihchina.cn/art/representative.html?limit=100&p=24,2026-08-06T10:36:00+00:00,2231
inheritor_2232,彭佐臣,男,汉族,IV-91,IV-91,IV-091_01_130200,皮影戏(唐山皮影戏),传统戏剧,河北省唐山市,河北省,5,2018,http://www.ihchina.cn/art/representative.html?limit=100&p=24,2026-08-06T10:36:00+00:00,2232
inheritor_2233,梁素芝,女,汉族,IV-91,IV-91,IV-091_04_130225,皮影戏(乐亭皮影戏),传统戏剧,河北省乐亭县,河北省,5,2018,http://www.ihchina.cn/art/representative.html?limit=100&p=24,2026-08-06T10:36:00+00:00,2233
inheritor_2234,李国华,女,汉族,IV-91,IV-91,IV-091_03_150422,皮影戏(巴林左旗皮影戏),传统戏剧,内蒙古自治区巴林左旗,内蒙古自治区,5,2018,http://www.ihchina.cn/art/representative.html?limit=100&p=24,2026-08-06T10:36:00+00:00,2234
inheritor_2235,吕正业,男,满族,IV-91,IV-91,IV-091_02_210300,皮影戏(岫岩皮影戏),传统戏剧,辽宁省鞍山市,辽宁省,5,2018,http://www.ihchina.cn/art/representative.html?limit=100&p=24,2026-08-06T10:36:00+00:00,2235
inheritor_2236,林世敏,女,汉族,IV-91,IV-91,IV-091_02_210881,皮影戏(盖州皮影戏),传统戏剧,辽宁省盖州市,辽宁省,5,2018,http://www.ihchina.cn/art/representative.html?limit=100&p=25,2026-08-06T10:36:03+00:00,2236
inheritor_2237,王访,男,汉族,IV-91,IV-91,IV-091_02_630000,皮影戏(四川皮影戏),传统戏剧,四川省阆中市,四川省,5,2018,http://www.ihchina.cn/art/representative.html?limit=100&p=25,2026-08-06T10:36:03+00:00,2237
inheritor_2238,刘满仓,男,汉族,IV-91,IV-91,IV-091_04_621121,皮影戏(通渭影子腔),传统戏剧,甘肃省通渭县,甘肃省,5,2018,http://www.ihchina.cn/art/representative.html?limit=100&p=25,2026-08-06T10:36:03+00:00,2238
inheritor_2239,周邦辉,男,汉族,IV-91,IV-91,IV-091_02_630000,皮影戏(河湟皮影戏),传统戏剧,青海省,青海省,5,2018,http://www.ihchina.cn/art/representative.html?limit=100&p=25,2026-08-06T10:36:03+00:00,2239
inheritor_2240,许虹,女,汉族,IV-92,IV-92,IV-092_03_320000,木偶戏(杖头木偶戏),传统戏剧,江苏省演艺集团,江苏省,5,2018,http://www.ihchina.cn/art/representative.html?limit=100&p=25,2026-08-06T10:36:03+00:00,2240
inheritor_2241,张良华,男,汉族,IV-92,IV-92,IV-092_03_330329,木偶戏(泰顺提线木偶戏),传统戏剧,浙江省泰顺县,浙江省,5,2018,http://www.ihchina.cn/art/representative.html?limit=100&p=25,2026-08-06T10:36:03+00:00,2241
inheritor_2242,金宗怀,男,汉族,IV-92,IV-92,IV-092_03_330881,木偶戏(廿八都木偶戏),传统戏剧,浙江省江山市,浙江省,5,2018,http://www.ihchina.cn/art/representative.html?limit=100&p=25,2026-08-06T10:36:03+00:00,2242
inheritor_2243,李胜奕,男,汉族,IV-92,IV-92,IV-092_01_350582,木偶戏(晋江布袋木偶戏),传统戏剧,福建省晋江市,福建省,5,2018,http://www.ihchina.cn/art/representative.html?limit=100&p=25,2026-08-06T10:36:03+00:00,2243
inheritor_2244,谭奇书,男,汉族,IV-92,IV-92,IV-092_02_430111,木偶戏(湖南杖头木偶戏),传统戏剧,湖南省木偶皮影艺术剧院,湖南省,5,2018,http://www.ihchina.cn/art/representative.html?limit=100&p=25,2026-08-06T10:36:03+00:00,2244
inheritor_2245,梁东兴,男,汉族,IV-92,IV-92,IV-092_01_440981,木偶戏(高州木偶戏),传统戏剧,广东省高州市,广东省,5,2018,http://www.ihchina.cn/art/representative.html?limit=100&p=25,2026-08-06T10:36:03+00:00,2245
inheritor_2246,李新贤,男,汉族,IV-92,IV-92,IV-092_02_441400,木偶戏(五华提线木偶),传统戏剧,广东省梅州市,广东省,5,2018,http://www.ihchina.cn/art/representative.html?limit=100&p=25,2026-08-06T10:36:03+00:00,2246
inheritor_2247,崔克勤,男,汉族,IV-92,IV-92,IV-092_03_440105,木偶戏(广东木偶戏),传统戏剧,广东省木偶艺术剧院有限公司,广东省,5,2018,http://www.ihchina.cn/art/representative.html?limit=100&p=25,2026-08-06T10:36:03+00:00,2247
inheritor_2248,胡海,男,汉族,IV-92,IV-92,IV-092_04_511025,木偶戏(中型杖头木偶戏),传统戏剧,四川省资中县,四川省,5,2018,http://www.ihchina.cn/art/representative.html?limit=100&p=25,2026-08-06T10:36:03+00:00,2248
inheritor_2249,贾俊霞,女,汉族,IV-93,IV-93,IV-093_03_130683,老调(安国老调),传统戏剧,河北省安国市,河北省,5,2018,http://www.ihchina.cn/art/representative.html?limit=100&p=25,2026-08-06T10:36:03+00:00,2249
inheritor_2250,解会谦,男,汉族,IV-94,IV-94,IV-094_02_130529,四股弦(冀南四股弦),传统戏剧,河北省巨鹿县,河北省,5,2018,http://www.ihchina.cn/art/representative.html?limit=100&p=25,2026-08-06T10:36:03+00:00,2250
inheritor_2251,李玉江,男,汉族,IV-94,IV-94,IV-094_02_130428,四股弦(冀南四股弦),传统戏剧,河北省肥乡县,河北省,5,2018,http://www.ihchina.cn/art/representative.html?limit=100&p=25,2026-08-06T10:36:03+00:00,2251
inheritor_2252,崔彦生,男,汉族,IV-97,IV-97,IV-097_02_130128,坠子戏,传统戏剧,河北省深泽县,河北省,5,2018,http://www.ihchina.cn/art/representative.html?limit=100&p=25,2026-08-06T10:36:03+00:00,2252
inheritor_2253,潘国梁,男,汉族,IV-99,IV-99,IV-099_03_141000,眉户(晋南眉户),传统戏剧,山西省临汾市,山西省,5,2018,http://www.ihchina.cn/art/representative.html?limit=100&p=25,2026-08-06T10:36:03+00:00,2253
inheritor_2254,李瑞芳,女,汉族,IV-99,IV-99,IV-099_04_610103,眉户,传统戏剧,陕西省戏曲研究院,陕西省,5,2018,http://www.ihchina.cn/art/representative.html?limit=100&p=25,2026-08-06T10:36:03+00:00,2254
inheritor_2255,肖杰,女,汉族,IV-100,IV-100,IV-100_02_210300,海城喇叭戏,传统戏剧,辽宁省鞍山市,辽宁省,5,2018,http://www.ihchina.cn/art/representative.html?limit=100&p=25,2026-08-06T10:36:03+00:00,2255
inheritor_2256,施月娥,女,汉族,IV-102,IV-102,IV-102_02_310101,淮剧,传统戏剧,上海淮剧团,上海市,5,2018,http://www.ihchina.cn/art/representative.html?limit=100&p=25,2026-08-06T10:36:03+00:00,2256
inheritor_2257,梁伟平,男,汉族,IV-102,IV-102,IV-102_02_310101,淮剧,传统戏剧,上海淮剧团,上海市,5,2018,http://www.ihchina.cn/art/representative.html?limit=100&p=25,2026-08-06T10:36:03+00:00,2257
inheritor_2258,荣光辉,男,汉族,IV-102,IV-102,IV-102_03_320800,淮剧,传统戏剧,江苏省淮安市,江苏省,5,2018,http://www.ihchina.cn/art/representative.html?limit=100&p=25,2026-08-06T10:36:03+00:00,2258
inheritor_2259,周东亮,男,汉族,IV-103,IV-103,IV-103_02_320101,锡剧,传统戏剧,江苏省演艺集团锡剧团,江苏省,5,2018,http://www.ihchina.cn/art/representative.html?limit=100&p=25,2026-08-06T10:36:03+00:00,2259
inheritor_2260,王建伟,男,汉族,IV-103,IV-103,IV-103_02_320200,锡剧,传统戏剧,江苏省无锡市,江苏省,5,2018,http://www.ihchina.cn/art/representative.html?limit=100&p=25,2026-08-06T10:36:03+00:00,2260
inheritor_2261,霍一君,女,汉族,IV-104,IV-104,IV-104_02_320700,淮海戏,传统戏剧,江苏省连云港市,江苏省,5,2018,http://www.ihchina.cn/art/representative.html?limit=100&p=25,2026-08-06T10:36:03+00:00,2261
inheritor_2262,孙来来,男,汉族,IV-106,IV-106,IV-106_02_330300,瓯剧,传统戏剧,浙江省温州市,浙江省,5,2018,http://www.ihchina.cn/art/representative.html?limit=100&p=25,2026-08-06T10:36:03+00:00,2262
inheritor_2263,姚百青,男,汉族,IV-109,IV-109,IV-109_02_330600,绍剧,传统戏剧,浙江省绍兴市,浙江省,5,2018,http://www.ihchina.cn/art/representative.html?limit=100&p=25,2026-08-06T10:36:03+00:00,2263
inheritor_2264,徐勤纳,男,汉族,IV-110,IV-110,IV-110_02_330700,婺剧,传统戏剧,浙江省金华市,浙江省,5,2018,http://www.ihchina.cn/art/representative.html?limit=100&p=25,2026-08-06T10:36:03+00:00,2264
inheritor_2265,周玉玲,女,汉族,IV-112,IV-112,IV-112_02_340600,花鼓戏,传统戏剧,安徽省淮北市,安徽省,5,2018,http://www.ihchina.cn/art/representative.html?limit=100&p=25,2026-08-06T10:36:03+00:00,2265
inheritor_2266,魏桂凤,女,汉族,IV-112,IV-112,IV-112_04_411522,花鼓戏(光山花鼓戏),传统戏剧,河南省光山县,河南省,5,2018,http://www.ihchina.cn/art/representative.html?limit=100&p=25,2026-08-06T10:36:03+00:00,2266
inheritor_2267,万保英,女,汉族,IV-112,IV-112,IV-112_02_421300,花鼓戏,传统戏剧,湖北省随州市,湖北省,5,2018,http://www.ihchina.cn/art/representative.html?limit=100&p=25,2026-08-06T10:36:03+00:00,2267
inheritor_2268,曾美玲,女,汉族,IV-112,IV-112,IV-112_02_421181,花鼓戏,传统戏剧,湖北省麻城市,湖北省,5,2018,http://www.ihchina.cn/art/representative.html?limit=100&p=25,2026-08-06T10:36:03+00:00,2268
inheritor_2269,胡锐诗,女,汉族,IV-112,IV-112,IV-112_03_420600,花鼓戏(襄阳花鼓戏),传统戏剧,湖北省襄阳市,湖北省,5,2018,http://www.ihchina.cn/art/representative.html?limit=100&p=25,2026-08-06T10:36:03+00:00,2269
inheritor_2270,杜美霜,女,汉族,IV-112,IV-112,IV-112_02_430700,花鼓戏,传统戏剧,湖南省常德市,湖南省,5,2018,http://www.ihchina.cn/art/representative.html?limit=100&p=25,2026-08-06T10:36:03+00:00,2270
inheritor_2271,廖寒梅,女,汉族,IV-112,IV-112,IV-112_03_430400,花鼓戏(衡州花鼓戏),传统戏剧,湖南省衡阳市,湖南省,5,2018,http://www.ihchina.cn/art/representative.html?limit=100&p=25,2026-08-06T10:36:03+00:00,2271
inheritor_2272,李小嘉,女,汉族,IV-112,IV-112,IV-112_03_430102,花鼓戏(长沙花鼓戏),传统戏剧,湖南省花鼓戏剧院,湖南省,5,2018,http://www.ihchina.cn/art/representative.html?limit=100&p=25,2026-08-06T10:36:03+00:00,2272
inheritor_2273,付红伟,女,汉族,IV-113,IV-113,IV-113_02_341600,二夹弦,传统戏剧,安徽省亳州市,安徽省,5,2018,http://www.ihchina.cn/art/representative.html?limit=100&p=25,2026-08-06T10:36:03+00:00,2273
inheritor_2274,袁玲,女,汉族,IV-117,IV-117,IV-117_02_370282,柳腔,传统戏剧,山东省即墨市,山东省,5,2018,http://www.ihchina.cn/art/representative.html?limit=100&p=25,2026-08-06T10:36:03+00:00,2274
inheritor_2275,杜玉珍,女,汉族,IV-118,IV-118,IV-118_02_370829,山东梆子,传统戏剧,山东省嘉祥县,山东省,5,2018,http://www.ihchina.cn/art/representative.html?limit=100&p=25,2026-08-06T10:36:03+00:00,2275
inheritor_2276,祝凤臣,女,汉族,IV-118,IV-118,IV-118_02_371700,山东梆子,传统戏剧,山东省菏泽市,山东省,5,2018,http://www.ihchina.cn/art/representative.html?limit=100&p=25,2026-08-06T10:36:03+00:00,2276
inheritor_2277,李长生,男,汉族,IV-119,IV-119,IV-119_02_371200,莱芜梆子,传统戏剧,山东省莱芜市,山东省,5,2018,http://www.ihchina.cn/art/representative.html?limit=100&p=25,2026-08-06T10:36:03+00:00,2277
inheritor_2278,何满堂,男,汉族,IV-122,IV-122,IV-122_02_610523,同州梆子,传统戏剧,陕西省大荔县,陕西省,5,2018,http://www.ihchina.cn/art/representative.html?limit=100&p=25,2026-08-06T10:36:03+00:00,2278
inheritor_2279,孙三民,男,汉族,IV-123,IV-123,IV-123_02_411727,罗卷戏,传统戏剧,河南省汝南县,河南省,5,2018,http://www.ihchina.cn/art/representative.html?limit=100&p=25,2026-08-06T10:36:03+00:00,2279
inheritor_2280,刘长科,男,汉族,IV-123,IV-123,IV-123_02_410926,罗卷戏,传统戏剧,河南省范县,河南省,5,2018,http://www.ihchina.cn/art/representative.html?limit=100&p=25,2026-08-06T10:36:03+00:00,2280
inheritor_2281,杨道运,男,土家族,IV-125,IV-125,IV-125_02_422826,南剧,传统戏剧,湖北省咸丰县,湖北省,5,2018,http://www.ihchina.cn/art/representative.html?limit=100&p=25,2026-08-06T10:36:03+00:00,2281
inheritor_2282,左大玢,女,汉族,IV-127,IV-127,IV-127_02_430102,湘剧,传统戏剧,湖南省湘剧院,湖南省,5,2018,http://www.ihchina.cn/art/representative.html?limit=100&p=25,2026-08-06T10:36:03+00:00,2282
inheritor_2283,袁祁利,女,汉族,IV-128,IV-128,IV-128_02_431121,祁剧,传统戏剧,湖南省祁阳县,湖南省,5,2018,http://www.ihchina.cn/art/representative.html?limit=100&p=25,2026-08-06T10:36:03+00:00,2283
inheritor_2284,朱宏,男,汉族,IV-131,IV-131,IV-131_02_520100,黔剧,传统戏剧,贵州省黔剧团,贵州省,5,2018,http://www.ihchina.cn/art/representative.html?limit=100&p=25,2026-08-06T10:36:03+00:00,2284
inheritor_2285,王玉珍,女,汉族,IV-132,IV-132,IV-132_02_530112,滇剧,传统戏剧,云南省滇剧院,云南省,5,2018,http://www.ihchina.cn/art/representative.html?limit=100&p=25,2026-08-06T10:36:03+00:00,2285
inheritor_2286,梁子华,男,汉族,IV-132,IV-132,IV-132_02_530400,滇剧,传统戏剧,云南省玉溪市滇剧团,云南省,5,2018,http://www.ihchina.cn/art/representative.html?limit=100&p=25,2026-08-06T10:36:03+00:00,2286
inheritor_2287,杨茂,男,回族,IV-132,IV-132,IV-132_02_530100,滇剧,传统戏剧,云南省昆明市,云南省,5,2018,http://www.ihchina.cn/art/representative.html?limit=100&p=25,2026-08-06T10:36:03+00:00,2287
inheritor_2288,王祖芳,女,佤族,IV-135,IV-135,IV-135_02_530522,佤族清戏,传统戏剧,云南省腾冲县,云南省,5,2018,http://www.ihchina.cn/art/representative.html?limit=100&p=25,2026-08-06T10:36:03+00:00,2288
inheritor_2289,普文学,男,彝族,IV-136,IV-136,IV-136_02_532326,彝剧,传统戏剧,云南省大姚县,云南省,5,2018,http://www.ihchina.cn/art/representative.html?limit=100&p=25,2026-08-06T10:36:03+00:00,2289
inheritor_2290,郭胖胖,女,汉族,IV-139,IV-139,IV-139_03_140502,上党二簧,传统戏剧,山西省晋城市城区,山西省,5,2018,http://www.ihchina.cn/art/representative.html?limit=100&p=25,2026-08-06T10:36:03+00:00,2290
inheritor_2291,许丽娟,女,汉族,IV-141,IV-141,IV-141_03_330500,湖剧,传统戏剧,浙江省湖州市,浙江省,5,2018,http://www.ihchina.cn/art/representative.html?limit=100&p=25,2026-08-06T10:36:03+00:00,2291
inheritor_2292,潘凤霞,女,汉族,IV-144,IV-144,IV-144_03_360100,赣剧,传统戏剧,江西省赣剧院,江西省,5,2018,http://www.ihchina.cn/art/representative.html?limit=100&p=25,2026-08-06T10:36:03+00:00,2292
inheritor_2293,程家训,男,汉族,IV-145,IV-145,IV-145_03_360427,西河戏,传统戏剧,江西省星子县,江西省,5,2018,http://www.ihchina.cn/art/representative.html?limit=100&p=25,2026-08-06T10:36:03+00:00,2293
inheritor_2294,周如文,男,汉族,IV-151,IV-151,IV-151_03_530422,关索戏,传统戏剧,云南省澄江县,云南省,5,2018,http://www.ihchina.cn/art/representative.html?limit=100&p=25,2026-08-06T10:36:03+00:00,2294
inheritor_2295,吴成全,男,汉族,IV-153,IV-153,IV-153_03_610926,弦子腔,传统戏剧,陕西省平利县,陕西省,5,2018,http://www.ihchina.cn/art/representative.html?limit=100&p=25,2026-08-06T10:36:03+00:00,2295
inheritor_2296,王永兰,女,汉族,IV-155,IV-155,IV-155_03_341200,淮北梆子戏,传统戏剧,安徽省阜阳市,安徽省,5,2018,http://www.ihchina.cn/art/representative.html?limit=100&p=25,2026-08-06T10:36:03+00:00,2296
inheritor_2297,钱程,男,汉族,IV-156,IV-156,IV-156_03_310101,滑稽戏,传统戏剧,上海滑稽剧团,上海市,5,2018,http://www.ihchina.cn/art/representative.html?limit=100&p=25,2026-08-06T10:36:03+00:00,2297
inheritor_2298,朱丽珍,女,土家族,IV-157,IV-157,IV-157_03_430802,张家界阳戏,传统戏剧,湖南省张家界市永定区,湖南省,5,2018,http://www.ihchina.cn/art/representative.html?limit=100&p=25,2026-08-06T10:36:03+00:00,2298
inheritor_2299,周文斌,男,汉族,IV-161,IV-161,IV-161_04_360425,永修丫丫戏,传统戏剧,江西省永修县,江西省,5,2018,http://www.ihchina.cn/art/representative.html?limit=100&p=25,2026-08-06T10:36:03+00:00,2299
inheritor_2300,钟烈萱,男,汉族,IV-162,IV-162,IV-162_04_360721,东河戏,传统戏剧,江西省赣州市赣县区,江西省,5,2018,http://www.ihchina.cn/art/representative.html?limit=100&p=25,2026-08-06T10:36:03+00:00,2300
inheritor_2452,杨明坤,男,汉族,V-2,V-2,V-002_01_321000,扬州评话,曲艺,江苏省扬州市,江苏省,5,2018,http://www.ihchina.cn/art/representative.html?limit=100&p=25,2026-08-06T10:36:03+00:00,2452
inheritor_2453,郝秀洁,女,满族,V-5,V-5,V-005_04_120000,西河大鼓,曲艺,天津市,天津市,5,2018,http://www.ihchina.cn/art/representative.html?limit=100&p=25,2026-08-06T10:36:03+00:00,2453
inheritor_2454,霍大顺,男,汉族,V-6,V-6,V-006_01_210100,东北大鼓,曲艺,辽宁省沈阳市,辽宁省,5,2018,http://www.ihchina.cn/art/representative.html?limit=100&p=25,2026-08-06T10:36:03+00:00,2454
inheritor_2455,陈世芳,女,满族,V-6,V-6,V-006_02_210281,东北大鼓,曲艺,辽宁省瓦房店市,辽宁省,5,2018,http://www.ihchina.cn/art/representative.html?limit=100&p=25,2026-08-06T10:36:03+00:00,2455
inheritor_2456,王连科,男,汉族,V-6,V-6,V-006_02_220182,东北大鼓,曲艺,吉林省榆树市,吉林省,5,2018,http://www.ihchina.cn/art/representative.html?limit=100&p=25,2026-08-06T10:36:03+00:00,2456
inheritor_2457,邱淑华,女,汉族,V-6,V-6,V-006_01_230000,东北大鼓,曲艺,黑龙江省,黑龙江省,5,2018,http://www.ihchina.cn/art/representative.html?limit=100&p=25,2026-08-06T10:36:03+00:00,2457
inheritor_2458,王振义,男,汉族,V-7,V-7,V-007_01_130921,木板大鼓,曲艺,河北省沧县,河北省,5,2018,http://www.ihchina.cn/art/representative.html?limit=100&p=25,2026-08-06T10:36:03+00:00,2458
inheritor_2459,王海燕,女,汉族,V-9,V-9,V-009_01_140400,潞安大鼓,曲艺,山西省长治市,山西省,5,2018,http://www.ihchina.cn/art/representative.html?limit=100&p=25,2026-08-06T10:36:03+00:00,2459
inheritor_2460,倪万珠,男,汉族,V-10,V-10,V-010_01_120115,京东大鼓,曲艺,天津市宝坻区,天津市,5,2018,http://www.ihchina.cn/art/representative.html?limit=100&p=25,2026-08-06T10:36:03+00:00,2460
inheritor_2461,崔继昌,男,汉族,V-10,V-10,V-010_02_131000,京东大鼓,曲艺,河北省廊坊市,河北省,5,2018,http://www.ihchina.cn/art/representative.html?limit=100&p=25,2026-08-06T10:36:03+00:00,2461
inheritor_2462,王威学,男,汉族,V-19,V-19,V-019_01_622901,贤孝(河州贤孝),曲艺,甘肃省临夏市,甘肃省,5,2018,http://www.ihchina.cn/art/representative.html?limit=100&p=25,2026-08-06T10:36:03+00:00,2462
inheritor_2463,李洪盛,男,汉族,V-19,V-19,V-019_02_630100,贤孝(西宁贤孝),曲艺,青海省西宁市,青海省,5,2018,http://www.ihchina.cn/art/representative.html?limit=100&p=25,2026-08-06T10:36:03+00:00,2463
inheritor_2464,马付芹,女,汉族,V-20,V-20,V-020_03_130423,河南坠子,曲艺,河北省临漳县,河北省,5,2018,http://www.ihchina.cn/art/representative.html?limit=100&p=25,2026-08-06T10:36:03+00:00,2464
inheritor_2465,陈胜利,男,汉族,V-20,V-20,V-020_01_410000,河南坠子,曲艺,河南省,河南省,5,2018,http://www.ihchina.cn/art/representative.html?limit=100&p=25,2026-08-06T10:36:03+00:00,2465
inheritor_2466,王振刚,男,汉族,V-21,V-21,V-021_02_371700,山东琴书,曲艺,山东省菏泽市,山东省,5,2018,http://www.ihchina.cn/art/representative.html?limit=100&p=25,2026-08-06T10:36:03+00:00,2466
inheritor_2467,何淑玲,女,汉族,V-21,V-21,V-021_03_371725,山东琴书,曲艺,山东省郓城县,山东省,5,2018,http://www.ihchina.cn/art/representative.html?limit=100&p=25,2026-08-06T10:36:03+00:00,2467
inheritor_2468,陈振球,男,汉族,V-31,V-31,V-031_01_440606,龙舟说唱,曲艺,广东省佛山市顺德区,广东省,5,2018,http://www.ihchina.cn/art/representative.html?limit=100&p=25,2026-08-06T10:36:03+00:00,2468
inheritor_2469,李金楚,男,汉族,V-32,V-32,V-032_04_430723,鼓盆歌,曲艺,湖南省澧县,湖南省,5,2018,http://www.ihchina.cn/art/representative.html?limit=100&p=25,2026-08-06T10:36:03+00:00,2469
inheritor_2470,叶莉莉,女,汉族,V-38,V-38,V-038_03_320400,小热昏,曲艺,江苏省常州市,江苏省,5,2018,http://www.ihchina.cn/art/representative.html?limit=100&p=25,2026-08-06T10:36:03+00:00,2470
inheritor_2471,徐长根,男,汉族,V-38,V-38,V-038_01_330100,小热昏,曲艺,浙江省杭州市,浙江省,5,2018,http://www.ihchina.cn/art/representative.html?limit=100&p=25,2026-08-06T10:36:03+00:00,2471
inheritor_2472,高洪胜,男,汉族,V-39,V-39,V-039_01_370000,山东快书,曲艺,山东省,山东省,5,2018,http://www.ihchina.cn/art/representative.html?limit=100&p=25,2026-08-06T10:36:03+00:00,2472
inheritor_2473,甘珠尔,男,蒙古族,V-40,V-40,V-040_01_152222,乌力格尔,曲艺,内蒙古自治区科尔沁右翼中旗,内蒙古自治区,5,2018,http://www.ihchina.cn/art/representative.html?limit=100&p=25,2026-08-06T10:36:03+00:00,2473
inheritor_2474,白扎力增,男,蒙古族,V-40,V-40,V-040_02_150500,乌力格尔,曲艺,内蒙古自治区通辽市,内蒙古自治区,5,2018,http://www.ihchina.cn/art/representative.html?limit=100&p=25,2026-08-06T10:36:03+00:00,2474
inheritor_2475,图木热,男,达斡尔族,V-41,V-41,V-041_02_150722,达斡尔族乌钦,曲艺,内蒙古自治区莫力达瓦达斡尔族自治旗,内蒙古自治区,5,2018,http://www.ihchina.cn/art/representative.html?limit=100&p=25,2026-08-06T10:36:03+00:00,2475
inheritor_2476,陶贵水,男,达斡尔族,V-41,V-41,V-041_01_230000,达斡尔族乌钦,曲艺,黑龙江省,黑龙江省,5,2018,http://www.ihchina.cn/art/representative.html?limit=100&p=25,2026-08-06T10:36:03+00:00,2476
inheritor_2477,孟淑珍,女,鄂伦春族,V-43,V-43,V-043_01_230000,鄂伦春族摩苏昆,曲艺,黑龙江省,黑龙江省,5,2018,http://www.ihchina.cn/art/representative.html?limit=100&p=25,2026-08-06T10:36:03+00:00,2477
inheritor_2478,沃斯尔汉·加尼木汉,男,哈萨克族,V-45,V-45,V-045_02_620924,哈萨克族阿依特斯,曲艺,甘肃省阿克塞哈萨克族自治县,甘肃省,5,2018,http://www.ihchina.cn/art/representative.html?limit=100&p=25,2026-08-06T10:36:03+00:00,2478
inheritor_2479,哈斯木汗·瓦特汗,男,哈萨克族,V-45,V-45,V-045_01_654000,哈萨克族阿依特斯,曲艺,新疆维吾尔自治区伊犁哈萨克自治州,新疆维吾尔自治区,5,2018,http://www.ihchina.cn/art/representative.html?limit=100&p=25,2026-08-06T10:36:03+00:00,2479
inheritor_2480,马志明,男,回族,V-47,V-47,V-047_02_120000,相声,曲艺,天津市,天津市,5,2018,http://www.ihchina.cn/art/representative.html?limit=100&p=25,2026-08-06T10:36:03+00:00,2480
inheritor_2481,种玉杰,男,汉族,V-48,V-48,V-048_02_110105,京韵大鼓,曲艺,北京市歌舞剧院有限责任公司,北京市,5,2018,http://www.ihchina.cn/art/representative.html?limit=100&p=25,2026-08-06T10:36:03+00:00,2481
inheritor_2482,马增蕙,女,汉族,V-49,V-49,V-049_02_110105,单弦牌子曲(含岔曲),曲艺,北京市歌舞剧院有限责任公司,北京市,5,2018,http://www.ihchina.cn/art/representative.html?limit=100&p=25,2026-08-06T10:36:03+00:00,2482
inheritor_2483,陈祥源,男,汉族,V-56,V-56,V-056_02_330200,四明南词,曲艺,浙江省宁波市,浙江省,5,2018,http://www.ihchina.cn/art/representative.html?limit=100&p=25,2026-08-06T10:36:03+00:00,2483
inheritor_2484,范寿春,男,汉族,V-60,V-60,V-060_02_350203,讲古,曲艺,福建省厦门市思明区,福建省,5,2018,http://www.ihchina.cn/art/representative.html?limit=100&p=25,2026-08-06T10:36:03+00:00,2484
inheritor_2485,付群刚,男,汉族,V-61,V-61,V-061_02_420100,湖北大鼓,曲艺,湖北省武汉市,湖北省,5,2018,http://www.ihchina.cn/art/representative.html?limit=100&p=25,2026-08-06T10:36:03+00:00,2485
inheritor_2486,雍开全,男,汉族,V-63,V-63,V-063_02_360300,萍乡春锣,曲艺,江西省萍乡市,江西省,5,2018,http://www.ihchina.cn/art/representative.html?limit=100&p=25,2026-08-06T10:36:03+00:00,2486
inheritor_2487,童双春,男,汉族,V-68,V-68,V-068_02_310101,独脚戏,曲艺,上海市黄浦区,上海市,5,2018,http://www.ihchina.cn/art/representative.html?limit=100&p=26,2026-08-06T10:36:04+00:00,2487
inheritor_2488,叶吉淑,女,汉族,V-75,V-75,V-075_03_500000,四川扬琴,曲艺,重庆市曲艺团,重庆市,5,2018,http://www.ihchina.cn/art/representative.html?limit=100&p=26,2026-08-06T10:36:04+00:00,2488
inheritor_2489,白明理,男,汉族,V-79,V-79,V-079_02_610830,陕北道情,曲艺,陕西省清涧县,陕西省,5,2018,http://www.ihchina.cn/art/representative.html?limit=100&p=26,2026-08-06T10:36:04+00:00,2489
inheritor_2490,徐春华,女,汉族,V-81,V-81,V-081_02_320104,南京白局,曲艺,江苏省南京市秦淮区,江苏省,5,2018,http://www.ihchina.cn/art/representative.html?limit=100&p=26,2026-08-06T10:36:04+00:00,2490
inheritor_2491,王桂凤,女,汉族,V-82,V-82,V-082_02_330100,武林调,曲艺,浙江省杭州市,浙江省,5,2018,http://www.ihchina.cn/art/representative.html?limit=100&p=26,2026-08-06T10:36:04+00:00,2491
inheritor_2492,张青敏,男,汉族,V-85,V-85,V-085_04_370828,山东落子,曲艺,山东省金乡县,山东省,5,2018,http://www.ihchina.cn/art/representative.html?limit=100&p=26,2026-08-06T10:36:04+00:00,2492
inheritor_2493,卢登荣,男,汉族,V-89,V-89,V-089_02_610125,眉户曲子,曲艺,陕西省户县,陕西省,5,2018,http://www.ihchina.cn/art/representative.html?limit=100&p=26,2026-08-06T10:36:04+00:00,2493
inheritor_2494,丁长福,男,汉族,V-91,V-91,V-091_03_500101,金钱板,曲艺,重庆市万州区,重庆市,5,2018,http://www.ihchina.cn/art/representative.html?limit=100&p=26,2026-08-06T10:36:04+00:00,2494
inheritor_2495,刘世红,男,汉族,V-93,V-93,V-093_02_630100,青海越弦,曲艺,青海省西宁市,青海省,5,2018,http://www.ihchina.cn/art/representative.html?limit=100&p=26,2026-08-06T10:36:04+00:00,2495
inheritor_2496,刘引红,女,汉族,V-98,V-98,V-098_03_140428,长子鼓书,曲艺,山西省长子县,山西省,5,2018,http://www.ihchina.cn/art/representative.html?limit=100&p=26,2026-08-06T10:36:04+00:00,2496
inheritor_2497,陈拴发,男,汉族,V-101,V-101,V-101_03_140525,泽州四弦书,曲艺,山西省泽州县,山西省,5,2018,http://www.ihchina.cn/art/representative.html?limit=100&p=26,2026-08-06T10:36:04+00:00,2497
inheritor_2498,金礼浩,男,朝鲜族,V-102,V-102,V-102_03_211200,盘索里,曲艺,辽宁省铁岭市,辽宁省,5,2018,http://www.ihchina.cn/art/representative.html?limit=100&p=26,2026-08-06T10:36:04+00:00,2498
inheritor_2499,叶胜建,男,汉族,V-104,V-104,V-104_03_330225,唱新闻,曲艺,浙江省象山县,浙江省,5,2018,http://www.ihchina.cn/art/representative.html?limit=100&p=26,2026-08-06T10:36:04+00:00,2499
inheritor_2500,黄少梅,女,汉族,V-108,V-108,V-108_03_440100,粤曲,曲艺,广东省广州市,广东省,5,2018,http://www.ihchina.cn/art/representative.html?limit=100&p=26,2026-08-06T10:36:04+00:00,2500
inheritor_2501,区均祥,男,汉族,V-112,V-112,V-112_03_820000,南音说唱,曲艺,澳门特别行政区,澳门特别行政区,5,2018,http://www.ihchina.cn/art/representative.html?limit=100&p=26,2026-08-06T10:36:04+00:00,2501
inheritor_2502,杨成兴,男,汉族,V-114,V-114,V-114_03_370826,端鼓腔,曲艺,山东省微山县,山东省,5,2018,http://www.ihchina.cn/art/representative.html?limit=100&p=26,2026-08-06T10:36:04+00:00,2502
inheritor_2503,籍薇,女,汉族,V-116,V-116,V-116_04_120000,梅花大鼓,曲艺,天津市,天津市,5,2018,http://www.ihchina.cn/art/representative.html?limit=100&p=26,2026-08-06T10:36:04+00:00,2503
inheritor_2504,朱友生,男,汉族,V-121,V-121,V-121_04_360830,永新小鼓,曲艺,江西省永新县,江西省,5,2018,http://www.ihchina.cn/art/representative.html?limit=100&p=26,2026-08-06T10:36:04+00:00,2504
inheritor_2505,邹昆山,男,汉族,V-124,V-124,V-124_04_430000,湖南渔鼓,曲艺,湖南省,湖南省,5,2018,http://www.ihchina.cn/art/representative.html?limit=100&p=26,2026-08-06T10:36:04+00:00,2505
inheritor_2506,李蔚琛,女,汉族,V-125,V-125,V-125_04_450300,桂林渔鼓,曲艺,广西壮族自治区桂林市,广西壮族自治区,5,2018,http://www.ihchina.cn/art/representative.html?limit=100&p=26,2026-08-06T10:36:04+00:00,2506
inheritor_2555,于金生,男,汉族,VI-1,VI-1,VI-001_01_130928,吴桥杂技,传统体育、游艺与杂技,河北省吴桥县,河北省,5,2018,http://www.ihchina.cn/art/representative.html?limit=100&p=26,2026-08-06T10:36:04+00:00,2555
inheritor_2556,郭建兵,男,汉族,VI-3,VI-3,VI-003_02_130123,中幡(正定高照),传统体育、游艺与杂技,河北省正定县,河北省,5,2018,http://www.ihchina.cn/art/representative.html?limit=100&p=26,2026-08-06T10:36:04+00:00,2556
inheritor_2557,祝石梁,男,汉族,VI-3,VI-3,VI-003_02_350783,中幡(建瓯挑幡),传统体育、游艺与杂技,福建省建瓯市,福建省,5,2018,http://www.ihchina.cn/art/representative.html?limit=100&p=26,2026-08-06T10:36:04+00:00,2557
inheritor_2558,赵伯林,男,汉族,VI-6,VI-6,VI-006_04_330681,线狮(草塔抖狮子),传统体育、游艺与杂技,浙江省诸暨市,浙江省,5,2018,http://www.ihchina.cn/art/representative.html?limit=100&p=26,2026-08-06T10:36:04+00:00,2558
inheritor_2559,郭贵增,男,汉族,VI-10,VI-10,VI-010_02_130900a,沧州武术(劈挂拳),传统体育、游艺与杂技,河北省沧州市,河北省,5,2018,http://www.ihchina.cn/art/representative.html?limit=100&p=26,2026-08-06T10:36:04+00:00,2559
inheritor_2560,翟维传,男,汉族,VI-11,VI-11,VI-011_02_130429,太极拳(武氏太极拳),传统体育、游艺与杂技,河北省永年县,河北省,5,2018,http://www.ihchina.cn/art/representative.html?limit=100&p=26,2026-08-06T10:36:04+00:00,2560
inheritor_2561,和有禄,男,汉族,VI-11,VI-11,VI-011_04_410825,太极拳(和氏太极拳),传统体育、游艺与杂技,河南省温县,河南省,5,2018,http://www.ihchina.cn/art/representative.html?limit=100&p=26,2026-08-06T10:36:04+00:00,2561
inheritor_2562,哈森,女,达斡尔族,VI-15,VI-15,VI-015_01_150722,达斡尔族传统曲棍球竞技,传统体育、游艺与杂技,内蒙古自治区莫力达瓦达斡尔族自治旗,内蒙古自治区,5,2018,http://www.ihchina.cn/art/representative.html?limit=100&p=26,2026-08-06T10:36:04+00:00,2562
inheritor_2563,哈达,男,蒙古族,VI-16,VI-16,VI-016_04_152525,蒙古族搏克,传统体育、游艺与杂技,内蒙古自治区东乌珠穆沁旗,内蒙古自治区,5,2018,http://www.ihchina.cn/art/representative.html?limit=100&p=26,2026-08-06T10:36:04+00:00,2563
inheritor_2564,孟克那生,男,蒙古族,VI-16,VI-16,VI-016_04_654202,蒙古族搏克,传统体育、游艺与杂技,新疆维吾尔自治区乌苏市,新疆维吾尔自治区,5,2018,http://www.ihchina.cn/art/representative.html?limit=100&p=26,2026-08-06T10:36:04+00:00,2564
inheritor_2565,那日来,男,蒙古族,VI-20,VI-20,VI-016_04_654202,蒙古族象棋,传统体育、游艺与杂技,内蒙古自治区阿拉善盟,内蒙古自治区,5,2018,http://www.ihchina.cn/art/representative.html?limit=100&p=26,2026-08-06T10:36:04+00:00,2565
inheritor_2566,李勇,男,朝鲜族,VI-21,VI-21,VI-021_03_222401,摔跤(朝鲜族摔跤),传统体育、游艺与杂技,吉林省延吉市,吉林省,5,2018,http://www.ihchina.cn/art/representative.html?limit=100&p=26,2026-08-06T10:36:04+00:00,2566
inheritor_2567,李有贵,男,彝族,VI-21,VI-21,VI-021_03_530126,摔跤(彝族摔跤),传统体育、游艺与杂技,云南省石林彝族自治县,云南省,5,2018,http://www.ihchina.cn/art/representative.html?limit=100&p=26,2026-08-06T10:36:04+00:00,2567
inheritor_2568,米曼·艾米拉,男,维吾尔族,VI-21,VI-21,VI-021_03_653128,摔跤(维吾尔族且力西),传统体育、游艺与杂技,新疆维吾尔自治区岳普湖县,新疆维吾尔自治区,5,2018,http://www.ihchina.cn/art/representative.html?limit=100&p=26,2026-08-06T10:36:04+00:00,2568
inheritor_2569,王超,男,汉族,VI-23,VI-23,VI-023_02_511181,峨眉武术,传统体育、游艺与杂技,四川省峨眉山市,四川省,5,2018,http://www.ihchina.cn/art/representative.html?limit=100&p=26,2026-08-06T10:36:04+00:00,2569
inheritor_2570,刘敬儒,男,汉族,VI-25,VI-25,VI-025_03_110102,八卦掌,传统体育、游艺与杂技,北京市西城区,北京市,5,2018,http://www.ihchina.cn/art/representative.html?limit=100&p=26,2026-08-06T10:36:04+00:00,2570
inheritor_2571,宋光华,男,汉族,VI-26,VI-26,VI-026_03_140726,形意拳,传统体育、游艺与杂技,山西省太谷县,山西省,5,2018,http://www.ihchina.cn/art/representative.html?limit=100&p=26,2026-08-06T10:36:04+00:00,2571
inheritor_2572,穆金桥,男,汉族,VI-29,VI-29,VI-029_03_140727,心意拳,传统体育、游艺与杂技,山西省祁县,山西省,5,2018,http://www.ihchina.cn/art/representative.html?limit=100&p=26,2026-08-06T10:36:04+00:00,2572
inheritor_2573,孙日成,男,汉族,VI-33,VI-33,VI-033_04_370202,螳螂拳,传统体育、游艺与杂技,山东省青岛市市南区,山东省,5,2018,http://www.ihchina.cn/art/representative.html?limit=100&p=26,2026-08-06T10:36:04+00:00,2573
inheritor_2574,张业金,男,汉族,VI-35,VI-35,VI-035_02_421182,岳家拳,传统体育、游艺与杂技,湖北省武穴市,湖北省,5,2018,http://www.ihchina.cn/art/representative.html?limit=100&p=26,2026-08-06T10:36:04+00:00,2574
inheritor_2575,包仁欠本,男,藏族,VI-42,VI-42,VI-042_02_630202,传统箭术(南山射箭),传统体育、游艺与杂技,青海省乐都县,青海省,5,2018,http://www.ihchina.cn/art/representative.html?limit=100&p=26,2026-08-06T10:36:04+00:00,2575
inheritor_2576,巴界·阿布力马金,男,哈萨克族,VI-43,VI-43,VI-043_04_654322,赛马会(哈萨克族赛马),传统体育、游艺与杂技,新疆维吾尔自治区富蕴县,新疆维吾尔自治区,5,2018,http://www.ihchina.cn/art/representative.html?limit=100&p=26,2026-08-06T10:36:04+00:00,2576
inheritor_2577,胡宗显,男,土族,VI-45,VI-45,VI-045_02_630223,土族轮子秋,传统体育、游艺与杂技,青海省互助土族自治县,青海省,5,2018,http://www.ihchina.cn/art/representative.html?limit=100&p=26,2026-08-06T10:36:04+00:00,2577
inheritor_2578,张家棣,男,汉族,VI-46,VI-46,VI-046_02_131026,左各庄杆会,传统体育、游艺与杂技,河北省文安县,河北省,5,2018,http://www.ihchina.cn/art/representative.html?limit=100&p=26,2026-08-06T10:36:04+00:00,2578
inheritor_2579,乔天福,男,汉族,VI-49,VI-49,VI-049_02_410900,东北庄杂技,传统体育、游艺与杂技,河南省濮阳市,河南省,5,2018,http://www.ihchina.cn/art/representative.html?limit=100&p=26,2026-08-06T10:36:04+00:00,2579
inheritor_2580,刘俊昌,男,汉族,VI-50,VI-50,VI-050_02_371422,宁津杂技,传统体育、游艺与杂技,山东省宁津县,山东省,5,2018,http://www.ihchina.cn/art/representative.html?limit=100&p=26,2026-08-06T10:36:04+00:00,2580
inheritor_2581,贾天仓,男,汉族,VI-52,VI-52,VI-052_02_140100,风火流星,传统体育、游艺与杂技,山西省太原市,山西省,5,2018,http://www.ihchina.cn/art/representative.html?limit=100&p=26,2026-08-06T10:36:04+00:00,2581
inheritor_2582,钱小占,男,汉族,VI-53,VI-53,VI-053_02_330100,翻九楼,传统体育、游艺与杂技,浙江省杭州市,浙江省,5,2018,http://www.ihchina.cn/art/representative.html?limit=100&p=26,2026-08-06T10:36:04+00:00,2582
inheritor_2583,楼玉龙,男,汉族,VI-53,VI-53,VI-053_02_330783,翻九楼,传统体育、游艺与杂技,浙江省东阳市,浙江省,5,2018,http://www.ihchina.cn/art/representative.html?limit=100&p=26,2026-08-06T10:36:04+00:00,2583
inheritor_2584,张文仲,男,汉族,VI-56,VI-56,VI-056_03_120102,拦手门,传统体育、游艺与杂技,天津市河东区,天津市,5,2018,http://www.ihchina.cn/art/representative.html?limit=100&p=26,2026-08-06T10:36:04+00:00,2584
inheritor_2585,陈洪元,男,汉族,VI-59,VI-59,VI-059_03_371728,佛汉拳,传统体育、游艺与杂技,山东省东明县,山东省,5,2018,http://www.ihchina.cn/art/representative.html?limit=100&p=26,2026-08-06T10:36:04+00:00,2585
inheritor_2586,刘海港,男,汉族,VI-60,VI-60,VI-060_03_370784,孙膑拳,传统体育、游艺与杂技,山东省安丘市,山东省,5,2018,http://www.ihchina.cn/art/representative.html?limit=100&p=26,2026-08-06T10:36:04+00:00,2586
inheritor_2587,申孝生,男,回族,VI-61,VI-61,VI-061_03_371581,肘捶,传统体育、游艺与杂技,山东省临清市,山东省,5,2018,http://www.ihchina.cn/art/representative.html?limit=100&p=26,2026-08-06T10:36:04+00:00,2587
inheritor_2588,韩海华,男,回族,VI-67,VI-67,VI-067_03_330402,掼牛,传统体育、游艺与杂技,浙江省嘉兴市南湖区,浙江省,5,2018,http://www.ihchina.cn/art/representative.html?limit=100&p=26,2026-08-06T10:36:04+00:00,2588
inheritor_2589,屠荣祥,男,汉族,VI-68,VI-68,VI-068_03_330483,高杆船技,传统体育、游艺与杂技,浙江省桐乡市,浙江省,5,2018,http://www.ihchina.cn/art/representative.html?limit=100&p=26,2026-08-06T10:36:04+00:00,2589
inheritor_2590,满都拉,男,蒙古族,VI-71,VI-71,VI-071_04_150524,布鲁,传统体育、游艺与杂技,内蒙古自治区库伦旗,内蒙古自治区,5,2018,http://www.ihchina.cn/art/representative.html?limit=100&p=26,2026-08-06T10:36:04+00:00,2590
inheritor_2591,孙红喜,男,汉族,VI-76,VI-76,VI-076_04_310110,绵拳,传统体育、游艺与杂技,上海市杨浦区,上海市,5,2018,http://www.ihchina.cn/art/representative.html?limit=100&p=26,2026-08-06T10:36:04+00:00,2591
inheritor_2592,林文辉,男,汉族,VI-78,VI-78,VI-078_04_360881,井冈山全堂狮灯,传统体育、游艺与杂技,江西省井冈山市,江西省,5,2018,http://www.ihchina.cn/art/representative.html?limit=100&p=26,2026-08-06T10:36:04+00:00,2592
inheritor_2593,晏西征,男,汉族,VI-80,VI-80,VI-080_04_431322,梅山武术,传统体育、游艺与杂技,湖南省新化县,湖南省,5,2018,http://www.ihchina.cn/art/representative.html?limit=100&p=26,2026-08-06T10:36:04+00:00,2593
inheritor_2594,夏菊花,女,汉族,VI-81,VI-81,VI-081_04_420100,武汉杂技,传统体育、游艺与杂技,湖北省武汉市,湖北省,5,2018,http://www.ihchina.cn/art/representative.html?limit=100&p=26,2026-08-06T10:36:04+00:00,2594
inheritor_2595,傅腾龙,男,汉族,VI-82,VI-82,VI-082_04_110105,幻术(傅氏幻术),传统体育、游艺与杂技,北京市朝阳区,北京市,5,2018,http://www.ihchina.cn/art/representative.html?limit=100&p=26,2026-08-06T10:36:04+00:00,2595
inheritor_2827,王祖德,男,汉族,VII-3,VII-3,VII-003_01_320500,桃花坞木版年画,传统美术,江苏省苏州市,江苏省,5,2018,http://www.ihchina.cn/art/representative.html?limit=100&p=26,2026-08-06T10:36:04+00:00,2827
inheritor_2828,颜仕国,男,汉族,VII-4,VII-4,VII-004_01_350600,漳州木版年画,传统美术,福建省漳州市,福建省,5,2018,http://www.ihchina.cn/art/representative.html?limit=100&p=26,2026-08-06T10:36:04+00:00,2828
inheritor_2829,任鹤林,男,汉族,VII-7,VII-7,VII-007_01_410200,朱仙镇木版年画,传统美术,河南省开封市,河南省,5,2018,http://www.ihchina.cn/art/representative.html?limit=100&p=26,2026-08-06T10:36:04+00:00,2829
inheritor_2830,钟建桐,男,汉族,VII-8,VII-8,VII-008_01_430524,滩头木版年画,传统美术,湖南省隆回县,湖南省,5,2018,http://www.ihchina.cn/art/representative.html?limit=100&p=26,2026-08-06T10:36:04+00:00,2830
inheritor_2831,刘国利,男,汉族,VII-8,VII-8,VII-008_01_430524,滩头木版年画,传统美术,湖南省隆回县,湖南省,5,2018,http://www.ihchina.cn/art/representative.html?limit=100&p=26,2026-08-06T10:36:04+00:00,2831
inheritor_2832,徐家辉,男,汉族,VII-10,VII-10,VII-010_01_500228,梁平木版年画,传统美术,重庆市梁平区,重庆市,5,2018,http://www.ihchina.cn/art/representative.html?limit=100&p=26,2026-08-06T10:36:04+00:00,2832
inheritor_2833,李芳福,男,汉族,VII-11,VII-11,VII-011_01_510600,绵竹木版年画,传统美术,四川省德阳市,四川省,5,2018,http://www.ihchina.cn/art/representative.html?limit=100&p=26,2026-08-06T10:36:04+00:00,2833
inheritor_2834,和世先,男,纳西族,VII-13,VII-13,VII-013_01_530700,纳西族东巴画,传统美术,云南省丽江市,云南省,5,2018,http://www.ihchina.cn/art/representative.html?limit=100&p=26,2026-08-06T10:36:04+00:00,2834
inheritor_2835,拉孟,男,藏族,VII-14,VII-14,VII-014_01_513300,藏族唐卡(噶玛噶孜画派),传统美术,四川省甘孜藏族自治州,四川省,5,2018,http://www.ihchina.cn/art/representative.html?limit=100&p=26,2026-08-06T10:36:04+00:00,2835
inheritor_2836,次仁罗布,男,藏族,VII-14,VII-14,VII-014_01_540000b,藏族唐卡(钦泽画派),传统美术,西藏自治区,西藏自治区,5,2018,http://www.ihchina.cn/art/representative.html?limit=100&p=26,2026-08-06T10:36:04+00:00,2836
inheritor_2837,扎西,男,藏族,VII-14,VII-14,VII-014_01_540000b,藏族唐卡(钦泽画派),传统美术,西藏自治区,西藏自治区,5,2018,http://www.ihchina.cn/art/representative.html?limit=100&p=26,2026-08-06T10:36:04+00:00,2837
inheritor_2838,嘎德,男,藏族,VII-14,VII-14,VII-014_02_542121,藏族唐卡(昌都嘎玛嘎赤画派),传统美术,西藏自治区昌都市卡若区,西藏自治区,5,2018,http://www.ihchina.cn/art/representative.html?limit=100&p=26,2026-08-06T10:36:04+00:00,2838
inheritor_2839,米玛次仁,男,藏族,VII-14,VII-14,VII-014_02_540127,藏族唐卡(墨竹工卡直孔刺绣唐卡),传统美术,西藏自治区墨竹工卡县,西藏自治区,5,2018,http://www.ihchina.cn/art/representative.html?limit=100&p=26,2026-08-06T10:36:04+00:00,2839
inheritor_2840,交巴加布,男,藏族,VII-14,VII-14,VII-014_02_623027,藏族唐卡(甘南藏族唐卡),传统美术,甘肃省夏河县,甘肃省,5,2018,http://www.ihchina.cn/art/representative.html?limit=100&p=26,2026-08-06T10:36:04+00:00,2840
inheritor_2841,韩月琴,女,汉族,VII-16,VII-16,VII-016_02_210283,剪纸(庄河剪纸),传统美术,辽宁省庄河市,辽宁省,5,2018,http://www.ihchina.cn/art/representative.html?limit=100&p=26,2026-08-06T10:36:04+00:00,2841
inheritor_2842,黄丽凤,女,汉族,VII-16,VII-16,VII-016_02_350500,剪纸(泉州(李尧宝)刻纸),传统美术,福建省泉州市,福建省,5,2018,http://www.ihchina.cn/art/representative.html?limit=100&p=26,2026-08-06T10:36:04+00:00,2842
inheritor_2843,王德荣,女,汉族,VII-16,VII-16,VII-016_02_371600,剪纸(滨州民间剪纸),传统美术,山东省滨州市,山东省,5,2018,http://www.ihchina.cn/art/representative.html?limit=100&p=26,2026-08-06T10:36:04+00:00,2843
inheritor_2844,栾淑娟,女,汉族,VII-16,VII-16,VII-016_02_370600,剪纸(烟台剪纸),传统美术,山东省烟台市,山东省,5,2018,http://www.ihchina.cn/art/representative.html?limit=100&p=26,2026-08-06T10:36:04+00:00,2844
inheritor_2845,李爱荣,女,汉族,VII-16,VII-16,VII-016_02_410782,剪纸(辉县剪纸),传统美术,河南省辉县市,河南省,5,2018,http://www.ihchina.cn/art/representative.html?limit=100&p=26,2026-08-06T10:36:04+00:00,2845
inheritor_2846,姜文英,女,苗族,VII-16,VII-16,VII-016_02_522629,剪纸(苗族剪纸),传统美术,贵州省剑河县,贵州省,5,2018,http://www.ihchina.cn/art/representative.html?limit=100&p=26,2026-08-06T10:36:04+00:00,2846
inheritor_2847,田彦兰,女,回族,VII-16,VII-16,VII-016_04_640000,剪纸(回族剪纸),传统美术,宁夏回族自治区,宁夏回族自治区,5,2018,http://www.ihchina.cn/art/representative.html?limit=100&p=26,2026-08-06T10:36:04+00:00,2847
inheritor_2848,伏兆娥,女,汉族,VII-16,VII-16,VII-016_04_640000,剪纸(回族剪纸),传统美术,宁夏回族自治区,宁夏回族自治区,5,2018,http://www.ihchina.cn/art/representative.html?limit=100&p=26,2026-08-06T10:36:04+00:00,2848
inheritor_2849,郑蝴蝶,女,汉族,VII-16,VII-16,VII-016_03_150200,剪纸(包头剪纸),传统美术,内蒙古自治区包头市,内蒙古自治区,5,2018,http://www.ihchina.cn/art/representative.html?limit=100&p=26,2026-08-06T10:36:04+00:00,2849
inheritor_2850,吴晓平,女,汉族,VII-18,VII-18,VII-018_04_321000,苏绣(扬州刺绣),传统美术,江苏省扬州市,江苏省,5,2018,http://www.ihchina.cn/art/representative.html?limit=100&p=26,2026-08-06T10:36:04+00:00,2850
inheritor_2851,许炽光,男,汉族,VII-20,VII-20,VII-020_01_440100,粤绣(广绣),传统美术,广东省广州市,广东省,5,2018,http://www.ihchina.cn/art/representative.html?limit=100&p=26,2026-08-06T10:36:04+00:00,2851
inheritor_2852,黄敏,女,汉族,VII-21,VII-21,VII-021_02_500103,蜀绣,传统美术,重庆市渝中区,重庆市,5,2018,http://www.ihchina.cn/art/representative.html?limit=100&p=26,2026-08-06T10:36:04+00:00,2852
inheritor_2853,孟德芝,女,汉族,VII-21,VII-21,VII-021_01_510100,蜀绣,传统美术,四川省成都市,四川省,5,2018,http://www.ihchina.cn/art/representative.html?limit=100&p=26,2026-08-06T10:36:04+00:00,2853
inheritor_2854,张桂英,女,苗族,VII-22,VII-22,VII-022_01_522634,苗绣(雷山苗绣),传统美术,贵州省雷山县,贵州省,5,2018,http://www.ihchina.cn/art/representative.html?limit=100&p=26,2026-08-06T10:36:04+00:00,2854
inheritor_2855,王启萍,女,苗族,VII-22,VII-22,VII-022_01_520100,苗绣(花溪苗绣),传统美术,贵州省贵阳市,贵州省,5,2018,http://www.ihchina.cn/art/representative.html?limit=100&p=26,2026-08-06T10:36:04+00:00,2855
inheritor_2856,杨妹岩,女,苗族,VII-22,VII-22,VII-022_01_522629,苗绣(剑河苗绣),传统美术,贵州省剑河县,贵州省,5,2018,http://www.ihchina.cn/art/representative.html?limit=100&p=26,2026-08-06T10:36:04+00:00,2856
inheritor_2857,龙女三九,女,苗族,VII-22,VII-22,VII-022_01_522629,苗绣(剑河苗绣),传统美术,贵州省剑河县,贵州省,5,2018,http://www.ihchina.cn/art/representative.html?limit=100&p=26,2026-08-06T10:36:04+00:00,2857
inheritor_2858,王世福,男,汉族,VII-25,VII-25,VII-025_02_340827,挑花(望江挑花),传统美术,安徽省望江县,安徽省,5,2018,http://www.ihchina.cn/art/representative.html?limit=100&p=26,2026-08-06T10:36:04+00:00,2858
inheritor_2859,杨春英,女,苗族,VII-25,VII-25,VII-025_03_433122,挑花(苗族挑花),传统美术,湖南省泸溪县,湖南省,5,2018,http://www.ihchina.cn/art/representative.html?limit=100&p=26,2026-08-06T10:36:04+00:00,2859
inheritor_2860,张爱光,男,汉族,VII-33,VII-33,VII-033_01_331121,青田石雕,传统美术,浙江省青田县,浙江省,5,2018,http://www.ihchina.cn/art/representative.html?limit=100&p=26,2026-08-06T10:36:04+00:00,2860
inheritor_2861,刘同保,男,汉族,VII-34,VII-34,VII-034_01_130634,曲阳石雕,传统美术,河北省曲阳县,河北省,5,2018,http://www.ihchina.cn/art/representative.html?limit=100&p=26,2026-08-06T10:36:04+00:00,2861
inheritor_2862,刘红立,男,汉族,VII-34,VII-34,VII-034_01_130634,曲阳石雕,传统美术,河北省曲阳县,河北省,5,2018,http://www.ihchina.cn/art/representative.html?limit=100&p=26,2026-08-06T10:36:04+00:00,2862
inheritor_2863,陈礼忠,男,汉族,VII-35,VII-35,VII-035_01_350100,寿山石雕,传统美术,福建省福州市,福建省,5,2018,http://www.ihchina.cn/art/representative.html?limit=100&p=26,2026-08-06T10:36:04+00:00,2863
inheritor_2864,吴正辉,男,汉族,VII-37,VII-37,VII-037_01_341000,徽州三雕,传统美术,安徽省黄山市,安徽省,5,2018,http://www.ihchina.cn/art/representative.html?limit=100&p=26,2026-08-06T10:36:04+00:00,2864
inheritor_2865,俞友鸿,男,汉族,VII-37,VII-37,VII-037_01_361130,徽州三雕(婺源三雕),传统美术,江西省婺源县,江西省,5,2018,http://www.ihchina.cn/art/representative.html?limit=100&p=26,2026-08-06T10:36:04+00:00,2865
inheritor_2866,穆永禄,男,回族,VII-38,VII-38,VII-038_01_622921,临夏砖雕,传统美术,甘肃省临夏县,甘肃省,5,2018,http://www.ihchina.cn/art/representative.html?limit=100&p=27,2026-08-06T10:36:06+00:00,2866
inheritor_2867,马风章,男,回族,VII-38,VII-38,VII-038_04_640400,砖雕(固原砖雕),传统美术,宁夏回族自治区固原市,宁夏回族自治区,5,2018,http://www.ihchina.cn/art/representative.html?limit=100&p=27,2026-08-06T10:36:06+00:00,2867
inheritor_2868,卜文俊,男,汉族,VII-38,VII-38,VII-038_04_640400,砖雕(固原砖雕),传统美术,宁夏回族自治区固原市,宁夏回族自治区,5,2018,http://www.ihchina.cn/art/representative.html?limit=100&p=27,2026-08-06T10:36:06+00:00,2868
inheritor_2869,黄小明,男,汉族,VII-43,VII-43,VII-043_01_330783,东阳木雕,传统美术,浙江省东阳市,浙江省,5,2018,http://www.ihchina.cn/art/representative.html?limit=100&p=27,2026-08-06T10:36:06+00:00,2869
inheritor_2870,季天渊,女,汉族,VII-44,VII-44,VII-044_04_330329,木偶头雕刻(泰顺木偶头雕刻),传统美术,浙江省泰顺县,浙江省,5,2018,http://www.ihchina.cn/art/representative.html?limit=100&p=27,2026-08-06T10:36:06+00:00,2870
inheritor_2871,江碧峰,男,汉族,VII-44,VII-44,VII-044_02_350500,木偶头雕刻(江加走木偶头雕刻),传统美术,福建省泉州市,福建省,5,2018,http://www.ihchina.cn/art/representative.html?limit=100&p=27,2026-08-06T10:36:06+00:00,2871
inheritor_2872,赖明德,男,汉族,VII-45,VII-45,VII-045_01_360300,萍乡湘东傩面具,传统美术,江西省萍乡市,江西省,5,2018,http://www.ihchina.cn/art/representative.html?limit=100&p=27,2026-08-06T10:36:06+00:00,2872
inheritor_2873,王威,男,汉族,VII-46,VII-46,VII-046_01_310114,竹刻(嘉定竹刻),传统美术,上海市嘉定区,上海市,5,2018,http://www.ihchina.cn/art/representative.html?limit=100&p=27,2026-08-06T10:36:06+00:00,2873
inheritor_2874,洪建华,男,汉族,VII-46,VII-46,VII-046_04_341004,竹刻(徽州竹雕),传统美术,安徽省黄山市徽州区,安徽省,5,2018,http://www.ihchina.cn/art/representative.html?limit=100&p=27,2026-08-06T10:36:06+00:00,2874
inheritor_2875,何华一,男,汉族,VII-46,VII-46,VII-046_02_511523,竹刻(江安竹簧),传统美术,四川省江安县,四川省,5,2018,http://www.ihchina.cn/art/representative.html?limit=100&p=27,2026-08-06T10:36:06+00:00,2875
inheritor_2876,双彦,男,满族,VII-47,VII-47,VII-047_04_110105,泥塑(北京兔儿爷),传统美术,北京市朝阳区,北京市,5,2018,http://www.ihchina.cn/art/representative.html?limit=100&p=27,2026-08-06T10:36:06+00:00,2876
inheritor_2877,朱文茜,女,汉族,VII-47,VII-47,VII-047_02_320500,泥塑(苏州泥塑),传统美术,江苏省苏州市,江苏省,5,2018,http://www.ihchina.cn/art/representative.html?limit=100&p=27,2026-08-06T10:36:06+00:00,2877
inheritor_2878,许述章,男,汉族,VII-47,VII-47,VII-047_04_411626,泥塑(淮阳泥泥狗),传统美术,河南省淮阳县,河南省,5,2018,http://www.ihchina.cn/art/representative.html?limit=100&p=27,2026-08-06T10:36:06+00:00,2878
inheritor_2879,吴维清,男,汉族,VII-47,VII-47,VII-047_02_445103,泥塑(大吴泥塑),传统美术,广东省潮安县,广东省,5,2018,http://www.ihchina.cn/art/representative.html?limit=100&p=27,2026-08-06T10:36:06+00:00,2879
inheritor_2880,王登书,男,苗族,VII-47,VII-47,VII-047_02_522622,泥塑(苗族泥哨),传统美术,贵州省黄平县,贵州省,5,2018,http://www.ihchina.cn/art/representative.html?limit=100&p=27,2026-08-06T10:36:06+00:00,2880
inheritor_2881,胡新明,男,汉族,VII-47,VII-47,VII-047_01_610322,泥塑(凤翔泥塑),传统美术,陕西省凤翔县,陕西省,5,2018,http://www.ihchina.cn/art/representative.html?limit=100&p=27,2026-08-06T10:36:06+00:00,2881
inheritor_2882,杨佳年,男,汉族,VII-47,VII-47,VII-047_02_640423,泥塑(杨氏家庭泥塑),传统美术,宁夏回族自治区隆德县,宁夏回族自治区,5,2018,http://www.ihchina.cn/art/representative.html?limit=100&p=27,2026-08-06T10:36:06+00:00,2882
inheritor_2883,生格,男,藏族,VII-48,VII-48,VII-048_03_542100,酥油花(强巴林寺酥油花),传统美术,西藏自治区昌都市,西藏自治区,5,2018,http://www.ihchina.cn/art/representative.html?limit=100&p=27,2026-08-06T10:36:06+00:00,2883
inheritor_2884,桓贡,男,土族,VII-49,VII-49,VII-049_01_632321,热贡艺术,传统美术,青海省同仁县,青海省,5,2018,http://www.ihchina.cn/art/representative.html?limit=100&p=27,2026-08-06T10:36:06+00:00,2884
inheritor_2885,马元良,男,汉族,VII-50,VII-50,VII-050_02_110101,灯彩(北京灯彩),传统美术,北京市东城区,北京市,5,2018,http://www.ihchina.cn/art/representative.html?limit=100&p=27,2026-08-06T10:36:06+00:00,2885
inheritor_2886,汪筱文,男,汉族,VII-50,VII-50,VII-050_02_320500,灯彩(苏州灯彩),传统美术,江苏省苏州市,江苏省,5,2018,http://www.ihchina.cn/art/representative.html?limit=100&p=27,2026-08-06T10:36:06+00:00,2886
inheritor_2887,王汝兰,女,汉族,VII-50,VII-50,VII-050_01_331024,灯彩(仙居花灯),传统美术,浙江省仙居县,浙江省,5,2018,http://www.ihchina.cn/art/representative.html?limit=100&p=27,2026-08-06T10:36:06+00:00,2887
inheritor_2888,胡金龙,男,汉族,VII-50,VII-50,VII-050_01_330481,灯彩(硖石灯彩),传统美术,浙江省海宁市,浙江省,5,2018,http://www.ihchina.cn/art/representative.html?limit=100&p=27,2026-08-06T10:36:06+00:00,2888
inheritor_2889,林顺奎,男,汉族,VII-50,VII-50,VII-050_04_330382,灯彩(乐清首饰龙),传统美术,浙江省乐清市,浙江省,5,2018,http://www.ihchina.cn/art/representative.html?limit=100&p=27,2026-08-06T10:36:06+00:00,2889
inheritor_2890,许谦慎,男,汉族,VII-50,VII-50,VII-050_01_350500,灯彩(泉州花灯),传统美术,福建省泉州市,福建省,5,2018,http://www.ihchina.cn/art/representative.html?limit=100&p=27,2026-08-06T10:36:06+00:00,2890
inheritor_2891,张俊涛,男,汉族,VII-50,VII-50,VII-050_02_410200,灯彩(汴京灯笼张),传统美术,河南省开封市,河南省,5,2018,http://www.ihchina.cn/art/representative.html?limit=100&p=27,2026-08-06T10:36:06+00:00,2891
inheritor_2892,张树祺,男,汉族,VII-50,VII-50,VII-050_01_441900,灯彩(东莞千角灯),传统美术,广东省东莞市,广东省,5,2018,http://www.ihchina.cn/art/representative.html?limit=100&p=27,2026-08-06T10:36:06+00:00,2892
inheritor_2893,刘耀生,男,汉族,VII-50,VII-50,VII-050_02_445102,灯彩(潮州花灯),传统美术,广东省潮州市湘桥区,广东省,5,2018,http://www.ihchina.cn/art/representative.html?limit=100&p=27,2026-08-06T10:36:06+00:00,2893
inheritor_2894,苏成军,男,汉族,VII-51,VII-51,VII-051_02_341523,竹编(舒席),传统美术,安徽省舒城县,安徽省,5,2018,http://www.ihchina.cn/art/representative.html?limit=100&p=27,2026-08-06T10:36:06+00:00,2894
inheritor_2895,陈清河,男,汉族,VII-51,VII-51,VII-051_04_350524,竹编(安溪竹藤编),传统美术,福建省安溪县,福建省,5,2018,http://www.ihchina.cn/art/representative.html?limit=100&p=27,2026-08-06T10:36:06+00:00,2895
inheritor_2896,田先敏,男,汉族,VII-51,VII-51,VII-051_02_360481,竹编(瑞昌竹编),传统美术,江西省瑞昌市,江西省,5,2018,http://www.ihchina.cn/art/representative.html?limit=100&p=27,2026-08-06T10:36:06+00:00,2896
inheritor_2897,危禄绵,男,汉族,VII-51,VII-51,VII-051_03_430900,竹编(益阳小郁竹艺),传统美术,湖南省益阳市,湖南省,5,2018,http://www.ihchina.cn/art/representative.html?limit=100&p=27,2026-08-06T10:36:06+00:00,2897
inheritor_2898,谭素娟,女,毛南族,VII-51,VII-51,VII-051_03_451226,竹编(毛南族花竹帽编织技艺),传统美术,广西壮族自治区环江毛南族自治县,广西壮族自治区,5,2018,http://www.ihchina.cn/art/representative.html?limit=100&p=27,2026-08-06T10:36:06+00:00,2898
inheritor_2899,陈云华,男,汉族,VII-51,VII-51,VII-051_02_511425,竹编(青神竹编),传统美术,四川省青神县,四川省,5,2018,http://www.ihchina.cn/art/representative.html?limit=100&p=27,2026-08-06T10:36:06+00:00,2899
inheritor_2900,赵思进,男,汉族,VII-51,VII-51,VII-051_04_510184,竹编(道明竹编),传统美术,四川省崇州市,四川省,5,2018,http://www.ihchina.cn/art/representative.html?limit=100&p=27,2026-08-06T10:36:06+00:00,2900
inheritor_2901,陈素景,女,汉族,VII-52,VII-52,VII-052_02_371702,面人(曹州面人),传统美术,山东省菏泽市牡丹区,山东省,5,2018,http://www.ihchina.cn/art/representative.html?limit=100&p=27,2026-08-06T10:36:06+00:00,2901
inheritor_2902,王锡金,男,汉族,VII-52,VII-52,VII-052_02_371721,面人(曹县江米人),传统美术,山东省曹县,山东省,5,2018,http://www.ihchina.cn/art/representative.html?limit=100&p=27,2026-08-06T10:36:06+00:00,2902
inheritor_2903,张红霞,女,汉族,VII-53,VII-53,VII-053_02_140522,面花(阳城焙面面塑),传统美术,山西省阳城县,山西省,5,2018,http://www.ihchina.cn/art/representative.html?limit=100&p=27,2026-08-06T10:36:06+00:00,2903
inheritor_2904,董巧兰,女,汉族,VII-53,VII-53,VII-053_02_140823,面花(闻喜花馍),传统美术,山西省闻喜县,山西省,5,2018,http://www.ihchina.cn/art/representative.html?limit=100&p=27,2026-08-06T10:36:06+00:00,2904
inheritor_2905,李成秀,女,汉族,VII-53,VII-53,VII-053_04_141127,面花(岚县面塑),传统美术,山西省岚县,山西省,5,2018,http://www.ihchina.cn/art/representative.html?limit=100&p=27,2026-08-06T10:36:06+00:00,2905
inheritor_2906,王群英,女,汉族,VII-54,VII-54,VII-054_02_130425,草编(大名草编),传统美术,河北省大名县,河北省,5,2018,http://www.ihchina.cn/art/representative.html?limit=100&p=27,2026-08-06T10:36:06+00:00,2906
inheritor_2907,陈焕彬,男,汉族,VII-54,VII-54,VII-054_02_511129,草编(沐川草龙),传统美术,四川省沐川县,四川省,5,2018,http://www.ihchina.cn/art/representative.html?limit=100&p=27,2026-08-06T10:36:06+00:00,2907
inheritor_2908,赛勒汗·卡克木哈孜,女,哈萨克族,VII-54,VII-54,VII-054_03_654224,草编(哈萨克族芨芨草编织技艺),传统美术,新疆维吾尔自治区托里县,新疆维吾尔自治区,5,2018,http://www.ihchina.cn/art/representative.html?limit=100&p=27,2026-08-06T10:36:06+00:00,2908
inheritor_2909,姜朝春,男,汉族,VII-55,VII-55,VII-055_02_130531,柳编(广宗柳编),传统美术,河北省广宗县,河北省,5,2018,http://www.ihchina.cn/art/representative.html?limit=100&p=27,2026-08-06T10:36:06+00:00,2909
inheritor_2910,潘同利,男,汉族,VII-55,VII-55,VII-055_03_341522,柳编(霍邱柳编),传统美术,安徽省霍邱县,安徽省,5,2018,http://www.ihchina.cn/art/representative.html?limit=100&p=27,2026-08-06T10:36:06+00:00,2910
inheritor_2911,王国庆,男,汉族,VII-56,VII-56,VII-056_02_411322,石雕(方城石猴),传统美术,河南省方城县,河南省,5,2018,http://www.ihchina.cn/art/representative.html?limit=100&p=27,2026-08-06T10:36:06+00:00,2911
inheritor_2912,曹明珠,男,汉族,VII-56,VII-56,VII-056_02_430181,石雕(菊花石雕),传统美术,湖南省浏阳市,湖南省,5,2018,http://www.ihchina.cn/art/representative.html?limit=100&p=27,2026-08-06T10:36:06+00:00,2912
inheritor_2913,唐骏,男,汉族,VII-56,VII-56,VII-056_02_510800,石雕(白花石刻),传统美术,四川省广元市,四川省,5,2018,http://www.ihchina.cn/art/representative.html?limit=100&p=27,2026-08-06T10:36:06+00:00,2913
inheritor_2914,石永恩,男,汉族,VII-56,VII-56,VII-056_02_512021,石雕(安岳石刻),传统美术,四川省安岳县,四川省,5,2018,http://www.ihchina.cn/art/representative.html?limit=100&p=27,2026-08-06T10:36:06+00:00,2914
inheritor_2915,杨建明,男,汉族,VII-56,VII-56,VII-056_04_610528,石雕(富平石刻),传统美术,陕西省富平县,陕西省,5,2018,http://www.ihchina.cn/art/representative.html?limit=100&p=27,2026-08-06T10:36:06+00:00,2915
inheritor_2916,鲍武文,男,汉族,VII-56,VII-56,VII-056_04_610826,石雕(绥德石雕),传统美术,陕西省绥德县,陕西省,5,2018,http://www.ihchina.cn/art/representative.html?limit=100&p=27,2026-08-06T10:36:06+00:00,2916
inheritor_2917,崔磊,男,汉族,VII-57,VII-57,VII-057_03_310000,玉雕(海派玉雕),传统美术,上海市,上海市,5,2018,http://www.ihchina.cn/art/representative.html?limit=100&p=27,2026-08-06T10:36:06+00:00,2917
inheritor_2918,洪荣辉,男,汉族,VII-57,VII-57,VII-057_02_445200,玉雕(阳美翡翠玉雕),传统美术,广东省揭阳市,广东省,5,2018,http://www.ihchina.cn/art/representative.html?limit=100&p=27,2026-08-06T10:36:06+00:00,2918
inheritor_2919,李艳军,男,汉族,VII-58,VII-58,VII-058_04_140830,木雕(永乐桃木雕刻),传统美术,山西省芮城县,山西省,5,2018,http://www.ihchina.cn/art/representative.html?limit=100&p=27,2026-08-06T10:36:06+00:00,2919
inheritor_2920,刘节明,男,汉族,VII-58,VII-58,VII-058_04_360803,木雕(东固传统造像),传统美术,江西省吉安市青原区,江西省,5,2018,http://www.ihchina.cn/art/representative.html?limit=100&p=27,2026-08-06T10:36:06+00:00,2920
inheritor_2921,熊应华,男,汉族,VII-58,VII-58,VII-058_04_421224,木雕(通山木雕),传统美术,湖北省通山县,湖北省,5,2018,http://www.ihchina.cn/art/representative.html?limit=100&p=27,2026-08-06T10:36:06+00:00,2921
inheritor_2922,徐日龙,男,汉族,VII-58,VII-58,VII-058_03_469023,木雕(花瑰艺术),传统美术,海南省澄迈县,海南省,5,2018,http://www.ihchina.cn/art/representative.html?limit=100&p=27,2026-08-06T10:36:06+00:00,2922
inheritor_2923,段四兴,男,白族,VII-58,VII-58,VII-058_03_532931,木雕(剑川木雕),传统美术,云南省剑川县,云南省,5,2018,http://www.ihchina.cn/art/representative.html?limit=100&p=27,2026-08-06T10:36:06+00:00,2923
inheritor_2924,韩志耀,男,汉族,VII-59,VII-59,VII-059_04_210203,核雕(大连核雕),传统美术,辽宁省大连市西岗区,辽宁省,5,2018,http://www.ihchina.cn/art/representative.html?limit=100&p=27,2026-08-06T10:36:06+00:00,2924
inheritor_2925,周建明,男,汉族,VII-59,VII-59,VII-059_02_320500,核雕(光福核雕),传统美术,江苏省苏州市,江苏省,5,2018,http://www.ihchina.cn/art/representative.html?limit=100&p=27,2026-08-06T10:36:06+00:00,2925
inheritor_2926,曾昭鸿,男,汉族,VII-59,VII-59,VII-059_02_440183,核雕(广州榄雕),传统美术,广东省增城市,广东省,5,2018,http://www.ihchina.cn/art/representative.html?limit=100&p=27,2026-08-06T10:36:06+00:00,2926
inheritor_2927,李玉成,男,汉族,VII-61,VII-61,VII-061_02_371500,葫芦雕刻(东昌葫芦雕刻),传统美术,山东省聊城市,山东省,5,2018,http://www.ihchina.cn/art/representative.html?limit=100&p=27,2026-08-06T10:36:06+00:00,2927
inheritor_2928,盛一原,男,汉族,VII-62,VII-62,VII-062_02_330784,锡雕,传统美术,浙江省永康市,浙江省,5,2018,http://www.ihchina.cn/art/representative.html?limit=100&p=27,2026-08-06T10:36:06+00:00,2928
inheritor_2929,刘建强,男,汉族,VII-62,VII-62,VII-062_04_360321,锡雕(莲花打锡),传统美术,江西省莲花县,江西省,5,2018,http://www.ihchina.cn/art/representative.html?limit=100&p=27,2026-08-06T10:36:06+00:00,2929
inheritor_2930,扎西顿珠,男,藏族,VII-64,VII-64,VII-064_04_540000,藏文书法(尼赤),传统美术,西藏自治区,西藏自治区,5,2018,http://www.ihchina.cn/art/representative.html?limit=100&p=27,2026-08-06T10:36:06+00:00,2930
inheritor_2931,栾喜魁,男,汉族,VII-65,VII-65,VII-065_02_371500,木版年画(东昌府木版年画),传统美术,山东省聊城市,山东省,5,2018,http://www.ihchina.cn/art/representative.html?limit=100&p=27,2026-08-06T10:36:06+00:00,2931
inheritor_2932,黄素明,男,汉族,VII-66,VII-66,VII-066_04_441900,彩扎(麒麟制作),传统美术,广东省东莞市,广东省,5,2018,http://www.ihchina.cn/art/representative.html?limit=100&p=27,2026-08-06T10:36:06+00:00,2932
inheritor_2933,马文侠,女,汉族,VII-69,VII-69,VII-069_04_230100,麦秆剪贴,传统美术,黑龙江省哈尔滨市,黑龙江省,5,2018,http://www.ihchina.cn/art/representative.html?limit=100&p=27,2026-08-06T10:36:06+00:00,2933
inheritor_2934,蒋云花,女,汉族,VII-69,VII-69,VII-069_02_330726,麦秆剪贴,传统美术,浙江省浦江县,浙江省,5,2018,http://www.ihchina.cn/art/representative.html?limit=100&p=27,2026-08-06T10:36:06+00:00,2934
inheritor_2935,聂远征,男,汉族,VII-69,VII-69,VII-069_04_410922,麦秆剪贴,传统美术,河南省清丰县,河南省,5,2018,http://www.ihchina.cn/art/representative.html?limit=100&p=27,2026-08-06T10:36:06+00:00,2935
inheritor_2936,邓友谱,男,汉族,VII-69,VII-69,VII-069_04_429004,麦秆剪贴,传统美术,湖北省仙桃市,湖北省,5,2018,http://www.ihchina.cn/art/representative.html?limit=100&p=27,2026-08-06T10:36:06+00:00,2936
inheritor_2937,徐全熙,男,汉族,VII-72,VII-72,VII-072_02_630122,湟中堆绣,传统美术,青海省湟中县,青海省,5,2018,http://www.ihchina.cn/art/representative.html?limit=100&p=27,2026-08-06T10:36:06+00:00,2937
inheritor_2938,施成权,女,汉族,VII-73,VII-73,VII-073_02_330300,瓯绣,传统美术,浙江省温州市,浙江省,5,2018,http://www.ihchina.cn/art/representative.html?limit=100&p=27,2026-08-06T10:36:06+00:00,2938
inheritor_2939,黄圣辉,女,汉族,VII-75,VII-75,VII-075_02_420100,汉绣,传统美术,湖北省武汉市江汉区,湖北省,5,2018,http://www.ihchina.cn/art/representative.html?limit=100&p=27,2026-08-06T10:36:06+00:00,2939
inheritor_2940,李兴秀,女,羌族,VII-76,VII-76,VII-076_02_513221,羌族刺绣,传统美术,四川省汶川县,四川省,5,2018,http://www.ihchina.cn/art/representative.html?limit=100&p=27,2026-08-06T10:36:06+00:00,2940
inheritor_2941,赵翠林,女,汉族,VII-77,VII-77,VII-077_02_140581,民间绣活(高平绣活),传统美术,山西省高平市,山西省,5,2018,http://www.ihchina.cn/art/representative.html?limit=100&p=27,2026-08-06T10:36:06+00:00,2941
inheritor_2942,张小红,女,汉族,VII-77,VII-77,VII-077_04_360500,民间绣活(夏布绣),传统美术,江西省新余市,江西省,5,2018,http://www.ihchina.cn/art/representative.html?limit=100&p=27,2026-08-06T10:36:06+00:00,2942
inheritor_2943,刘寿仙,女,汉族,VII-77,VII-77,VII-077_02_421122,民间绣活(红安绣活),传统美术,湖北省红安县,湖北省,5,2018,http://www.ihchina.cn/art/representative.html?limit=100&p=27,2026-08-06T10:36:06+00:00,2943
inheritor_2944,蔡月娥,女,汉族,VII-77,VII-77,VII-077_02_420222,民间绣活(阳新布贴),传统美术,湖北省阳新县,湖北省,5,2018,http://www.ihchina.cn/art/representative.html?limit=100&p=27,2026-08-06T10:36:06+00:00,2944
inheritor_2945,张菊花,女,汉族,VII-77,VII-77,VII-077_02_510800,民间绣活(麻柳刺绣),传统美术,四川省广元市,四川省,5,2018,http://www.ihchina.cn/art/representative.html?limit=100&p=27,2026-08-06T10:36:06+00:00,2945
inheritor_2946,毕跃英,女,彝族,VII-78,VII-78,VII-078_02_530126,彝族(撒尼)刺绣,传统美术,云南省石林彝族自治县,云南省,5,2018,http://www.ihchina.cn/art/representative.html?limit=100&p=27,2026-08-06T10:36:06+00:00,2946
inheritor_2947,夏丽云,女,满族,VII-80,VII-80,VII-080_02_210702,满族刺绣(锦州满族民间刺绣),传统美术,辽宁省锦州市古塔区,辽宁省,5,2018,http://www.ihchina.cn/art/representative.html?limit=100&p=27,2026-08-06T10:36:06+00:00,2947
inheritor_2948,孙艳玲,女,满族,VII-80,VII-80,VII-080_04_231000,满族刺绣,传统美术,黑龙江省牡丹江市,黑龙江省,5,2018,http://www.ihchina.cn/art/representative.html?limit=100&p=27,2026-08-06T10:36:06+00:00,2948
inheritor_2949,刘雅梅,女,汉族,VII-80,VII-80,VII-080_04_230230,满族刺绣,传统美术,黑龙江省克东县,黑龙江省,5,2018,http://www.ihchina.cn/art/representative.html?limit=100&p=27,2026-08-06T10:36:06+00:00,2949
inheritor_2950,孟根其其格,女,蒙古族,VII-81,VII-81,VII-081_04_152523,蒙古族刺绣,传统美术,内蒙古自治区苏尼特左旗,内蒙古自治区,5,2018,http://www.ihchina.cn/art/representative.html?limit=100&p=27,2026-08-06T10:36:06+00:00,2950
inheritor_2951,布如力·斯开克,女,柯尔克孜族,VII-82,VII-82,VII-082_02_652922,柯尔克孜族刺绣,传统美术,新疆维吾尔自治区温宿县,新疆维吾尔自治区,5,2018,http://www.ihchina.cn/art/representative.html?limit=100&p=27,2026-08-06T10:36:06+00:00,2951
inheritor_2952,常弘,女,蒙古族,VII-84,VII-84,VII-084_03_110101,料器(葡萄常料器),传统美术,北京市东城区,北京市,5,2018,http://www.ihchina.cn/art/representative.html?limit=100&p=27,2026-08-06T10:36:06+00:00,2952
inheritor_2953,罗照英,男,汉族,VII-88,VII-88,VII-088_02_429006,糖塑(天门糖塑),传统美术,湖北省天门市,湖北省,5,2018,http://www.ihchina.cn/art/representative.html?limit=100&p=27,2026-08-06T10:36:06+00:00,2953
inheritor_2954,谢炳华,男,汉族,VII-91,VII-91,VII-091_02_330304,镶嵌(彩石镶嵌),传统美术,浙江省温州市瓯海区,浙江省,5,2018,http://www.ihchina.cn/art/representative.html?limit=100&p=27,2026-08-06T10:36:06+00:00,2954
inheritor_2955,曹季德,男,汉族,VII-94,VII-94,VII-094_02_321200,盆景技艺(扬派盆景技艺),传统美术,江苏省泰州市,江苏省,5,2018,http://www.ihchina.cn/art/representative.html?limit=100&p=27,2026-08-06T10:36:06+00:00,2955
inheritor_2956,朱振清,男,汉族,VII-94,VII-94,VII-094_03_320500,盆景技艺(苏派盆景技艺),传统美术,江苏省苏州市,江苏省,5,2018,http://www.ihchina.cn/art/representative.html?limit=100&p=27,2026-08-06T10:36:06+00:00,2956
inheritor_2957,洪观清,男,汉族,VII-94,VII-94,VII-094_02_341021,盆景技艺(徽派盆景技艺),传统美术,安徽省歙县,安徽省,5,2018,http://www.ihchina.cn/art/representative.html?limit=100&p=27,2026-08-06T10:36:06+00:00,2957
inheritor_2959,郝彦明,男,汉族,VII-96,VII-96,VII-096_02_140423,建筑彩绘(炕围画),传统美术,山西省襄垣县,山西省,5,2018,http://www.ihchina.cn/art/representative.html?limit=100&p=27,2026-08-06T10:36:06+00:00,2959
inheritor_2960,梁德颂,男,苗族,VII-98,VII-98,VII-098_03_433125,苗画,传统美术,湖南省保靖县,湖南省,5,2018,http://www.ihchina.cn/art/representative.html?limit=100&p=27,2026-08-06T10:36:06+00:00,2960
inheritor_2961,周文虎,男,汉族,VII-100,VII-100,VII-100_03_350525,永春纸织画,传统美术,福建省永春县,福建省,5,2018,http://www.ihchina.cn/art/representative.html?limit=100&p=27,2026-08-06T10:36:06+00:00,2961
inheritor_2962,李蔷,女,汉族,VII-103,VII-103,VII-103_03_310115,上海绒绣,传统美术,上海市浦东新区,上海市,5,2018,http://www.ihchina.cn/art/representative.html?limit=100&p=27,2026-08-06T10:36:06+00:00,2962
inheritor_2963,邓菊花,女,瑶族,VII-105,VII-105,VII-105_03_440232,瑶族刺绣,传统美术,广东省乳源瑶族自治县,广东省,5,2018,http://www.ihchina.cn/art/representative.html?limit=100&p=27,2026-08-06T10:36:06+00:00,2963
inheritor_2964,龙令香,女,侗族,VII-107,VII-107,VII-107_03_522628,侗族刺绣,传统美术,贵州省锦屏县,贵州省,5,2018,http://www.ihchina.cn/art/representative.html?limit=100&p=27,2026-08-06T10:36:06+00:00,2964
inheritor_2965,刘秀花,女,汉族,VII-110,VII-110,VII-110_04_110111,京绣,传统美术,北京市房山区,北京市,5,2018,http://www.ihchina.cn/art/representative.html?limit=100&p=27,2026-08-06T10:36:06+00:00,2965
inheritor_2966,梁淑平,女,汉族,VII-110,VII-110,VII-110_04_130626,京绣,传统美术,河北省定兴县,河北省,5,2018,http://www.ihchina.cn/art/representative.html?limit=100&p=27,2026-08-06T10:36:06+00:00,2966
inheritor_2967,蔡赛花,女,汉族,VII-112,VII-112,VII-112_04_445100,抽纱(潮州抽纱),传统美术,广东省潮州市,广东省,5,2018,http://www.ihchina.cn/art/representative.html?limit=100&p=28,2026-08-06T10:36:08+00:00,2967
inheritor_2968,吉克伍沙,男,彝族,VII-114,VII-114,VII-114_04_513436,毕摩绘画,传统美术,四川省美姑县,四川省,5,2018,http://www.ihchina.cn/art/representative.html?limit=100&p=28,2026-08-06T10:36:08+00:00,2968
inheritor_2969,次旺仁增,男,藏族,VII-115,VII-115,VII-115_04_542301,彩砂坛城绘制,传统美术,西藏自治区日喀则市,西藏自治区,5,2018,http://www.ihchina.cn/art/representative.html?limit=100&p=28,2026-08-06T10:36:08+00:00,2969
inheritor_2970,樊继美,男,汉族,VII-117,VII-117,VII-117_04_371322,传统玩具(郯城木旋玩具),传统美术,山东省郯城县,山东省,5,2018,http://www.ihchina.cn/art/representative.html?limit=100&p=28,2026-08-06T10:36:08+00:00,2970
inheritor_2971,包金山,男,蒙古族,VII-118,VII-118,VII-118_04_150000,蒙古文书法,传统美术,内蒙古自治区,内蒙古自治区,5,2018,http://www.ihchina.cn/art/representative.html?limit=100&p=28,2026-08-06T10:36:08+00:00,2971
inheritor_2972,格吐肯,男,锡伯族,VII-119,VII-119,VII-119_04_650100,满文、锡伯文书法,传统美术,新疆维吾尔自治区乌鲁木齐市,新疆维吾尔自治区,5,2018,http://www.ihchina.cn/art/representative.html?limit=100&p=28,2026-08-06T10:36:08+00:00,2972
inheritor_2973,杜平,男,汉族,VII-120,VII-120,VII-120_04_341200,刻铜(杜氏刻铜),传统美术,安徽省阜阳市,安徽省,5,2018,http://www.ihchina.cn/art/representative.html?limit=100&p=28,2026-08-06T10:36:08+00:00,2973
inheritor_3300,周桂珍,女,汉族,VIII-1,VIII-1,VIII-001_01_320282,宜兴紫砂陶制作技艺,传统技艺,江苏省宜兴市,江苏省,5,2018,http://www.ihchina.cn/art/representative.html?limit=100&p=28,2026-08-06T10:36:08+00:00,3300
inheritor_3301,玉勐,女,傣族,VIII-5,VIII-5,VIII-005_01_532800,傣族慢轮制陶技艺,传统技艺,云南省西双版纳傣族自治州,云南省,5,2018,http://www.ihchina.cn/art/representative.html?limit=100&p=28,2026-08-06T10:36:08+00:00,3301
inheritor_3302,吐尔逊·肉斯塔木,男,维吾尔族,VIII-6,VIII-6,VIII-006_01_653101,维吾尔族模制法土陶烧制技艺,传统技艺,新疆维吾尔自治区喀什市,新疆维吾尔自治区,5,2018,http://www.ihchina.cn/art/representative.html?limit=100&p=28,2026-08-06T10:36:08+00:00,3302
inheritor_3303,牙合甫江·玉素英,男,维吾尔族,VIII-6,VIII-6,VIII-006_02_650100,维吾尔族模制法土陶烧制技艺,传统技艺,新疆生产建设兵团,新疆维吾尔自治区,5,2018,http://www.ihchina.cn/art/representative.html?limit=100&p=28,2026-08-06T10:36:08+00:00,3303
inheritor_3304,张绍斌,男,汉族,VIII-9,VIII-9,VIII-009_01_331181,龙泉青瓷烧制技艺,传统技艺,浙江省龙泉市,浙江省,5,2018,http://www.ihchina.cn/art/representative.html?limit=100&p=28,2026-08-06T10:36:08+00:00,3304
inheritor_3305,陈明良,男,汉族,VIII-11,VIII-11,VIII-011_01_350526,德化瓷烧制技艺,传统技艺,福建省德化县,福建省,5,2018,http://www.ihchina.cn/art/representative.html?limit=100&p=28,2026-08-06T10:36:08+00:00,3305
inheritor_3306,许瑞峰,男,汉族,VIII-11,VIII-11,VIII-011_01_350526,德化瓷烧制技艺,传统技艺,福建省德化县,福建省,5,2018,http://www.ihchina.cn/art/representative.html?limit=100&p=28,2026-08-06T10:36:08+00:00,3306
inheritor_3307,周铁怀,男,汉族,VIII-12,VIII-12,VIII-012_01_610525,澄城尧头陶瓷烧制技艺,传统技艺,陕西省澄城县,陕西省,5,2018,http://www.ihchina.cn/art/representative.html?limit=100&p=28,2026-08-06T10:36:08+00:00,3307
inheritor_3308,郭俊,男,满族,VIII-13,VIII-13,VIII-013_01_320100,南京云锦木机妆花手工织造技艺,传统技艺,江苏省南京市,江苏省,5,2018,http://www.ihchina.cn/art/representative.html?limit=100&p=28,2026-08-06T10:36:08+00:00,3308
inheritor_3309,贺斌,男,汉族,VIII-16,VIII-16,VIII-016_01_510100,蜀锦织造技艺,传统技艺,四川省成都市,四川省,5,2018,http://www.ihchina.cn/art/representative.html?limit=100&p=28,2026-08-06T10:36:08+00:00,3309
inheritor_3310,李村灵,女,壮族,VIII-20,VIII-20,VIII-020_01_451025,壮族织锦技艺,传统技艺,广西壮族自治区靖西市,广西壮族自治区,5,2018,http://www.ihchina.cn/art/representative.html?limit=100&p=28,2026-08-06T10:36:08+00:00,3310
inheritor_3311,嘎日,女,藏族,VIII-21,VIII-21,VIII-021_01_542200,藏族邦典、卡垫织造技艺,传统技艺,西藏自治区山南市,西藏自治区,5,2018,http://www.ihchina.cn/art/representative.html?limit=100&p=28,2026-08-06T10:36:08+00:00,3311
inheritor_3312,吾吉阿西木·吾舒尔,男,维吾尔族,VIII-23,VIII-23,VIII-023_02_653123,花毡、印花布织染技艺,传统技艺,新疆维吾尔自治区英吉沙县,新疆维吾尔自治区,5,2018,http://www.ihchina.cn/art/representative.html?limit=100&p=28,2026-08-06T10:36:08+00:00,3312
inheritor_3313,周继明,男,汉族,VIII-24,VIII-24,VIII-024_04_330483,蓝印花布印染技艺,传统技艺,浙江省桐乡市,浙江省,5,2018,http://www.ihchina.cn/art/representative.html?limit=100&p=28,2026-08-06T10:36:08+00:00,3313
inheritor_3314,蒋良寿,男,汉族,VIII-24,VIII-24,VIII-024_02_430523,蓝印花布印染技艺,传统技艺,湖南省邵阳县,湖南省,5,2018,http://www.ihchina.cn/art/representative.html?limit=100&p=28,2026-08-06T10:36:08+00:00,3314
inheritor_3315,刘新建,男,汉族,VIII-24,VIII-24,VIII-024_02_433123,蓝印花布印染技艺,传统技艺,湖南省凤凰县,湖南省,5,2018,http://www.ihchina.cn/art/representative.html?limit=100&p=28,2026-08-06T10:36:08+00:00,3315
inheritor_3316,杨芳,女,苗族,VIII-25,VIII-25,VIII-025_01_522636,苗族蜡染技艺,传统技艺,贵州省丹寨县,贵州省,5,2018,http://www.ihchina.cn/art/representative.html?limit=100&p=28,2026-08-06T10:36:08+00:00,3316
inheritor_3317,王月圆,女,苗族,VIII-25,VIII-25,VIII-025_02_520400,蜡染技艺,传统技艺,贵州省安顺市,贵州省,5,2018,http://www.ihchina.cn/art/representative.html?limit=100&p=28,2026-08-06T10:36:08+00:00,3317
inheritor_3318,张晓平,女,汉族,VIII-26,VIII-26,VIII-026_02_510300,扎染技艺(自贡扎染技艺),传统技艺,四川省自贡市,四川省,5,2018,http://www.ihchina.cn/art/representative.html?limit=100&p=28,2026-08-06T10:36:08+00:00,3318
inheritor_3319,段银开,女,白族,VIII-26,VIII-26,VIII-026_01_532901,白族扎染技艺,传统技艺,云南省大理市,云南省,5,2018,http://www.ihchina.cn/art/representative.html?limit=100&p=28,2026-08-06T10:36:08+00:00,3319
inheritor_3320,薛林根,男,汉族,VIII-27,VIII-27,VIII-027_01_320500,香山帮传统建筑营造技艺,传统技艺,江苏省苏州市,江苏省,5,2018,http://www.ihchina.cn/art/representative.html?limit=100&p=28,2026-08-06T10:36:08+00:00,3320
inheritor_3321,钟彦鹏,男,汉族,VIII-28,VIII-28,VIII-028_04_360727,客家民居营造技艺(赣南客家围屋营造技艺),传统技艺,江西省龙南县,江西省,5,2018,http://www.ihchina.cn/art/representative.html?limit=100&p=28,2026-08-06T10:36:08+00:00,3321
inheritor_3322,胡家旺,男,汉族,VIII-29,VIII-29,VIII-029_01_360000,景德镇传统瓷窑作坊营造技艺,传统技艺,江西省,江西省,5,2018,http://www.ihchina.cn/art/representative.html?limit=100&p=28,2026-08-06T10:36:08+00:00,3322
inheritor_3323,杨求诗,男,侗族,VIII-30,VIII-30,VIII-030_01_450226,侗族木构建筑营造技艺,传统技艺,广西壮族自治区三江侗族自治县,广西壮族自治区,5,2018,http://www.ihchina.cn/art/representative.html?limit=100&p=28,2026-08-06T10:36:08+00:00,3323
inheritor_3324,杨光锦,男,侗族,VIII-30,VIII-30,VIII-030_02_522633,侗族木构建筑营造技艺,传统技艺,贵州省从江县,贵州省,5,2018,http://www.ihchina.cn/art/representative.html?limit=100&p=28,2026-08-06T10:36:08+00:00,3324
inheritor_3325,王业财,男,汉族,VIII-35,VIII-35,VIII-035_04_62223,生铁冶铸技艺,传统技艺,甘肃省永靖县,甘肃省,5,2018,http://www.ihchina.cn/art/representative.html?limit=100&p=28,2026-08-06T10:36:08+00:00,3325
inheritor_3326,高庆民,男,汉族,VIII-37,VIII-37,VIII-037_01_331181,宝剑锻制技艺(棠溪宝剑锻制技艺),传统技艺,河南省西平县,河南省,5,2018,http://www.ihchina.cn/art/representative.html?limit=100&p=28,2026-08-06T10:36:08+00:00,3326
inheritor_3327,张忠尧,男,汉族,VIII-38,VIII-38,VIII-038_01_330100,张小泉剪刀锻制技艺,传统技艺,浙江省杭州市,浙江省,5,2018,http://www.ihchina.cn/art/representative.html?limit=100&p=28,2026-08-06T10:36:08+00:00,3327
inheritor_3328,林陵祥,男,汉族,VIII-40,VIII-40,VIII-040_03_350981,银饰锻制技艺(畲族银器锻制技艺),传统技艺,福建省宁德市,福建省,5,2018,http://www.ihchina.cn/art/representative.html?limit=100&p=28,2026-08-06T10:36:08+00:00,3328
inheritor_3329,杨正贵,男,苗族,VIII-40,VIII-40,VIII-040_02_522622,银饰制作技艺(苗族银饰制作技艺),传统技艺,贵州省黄平县,贵州省,5,2018,http://www.ihchina.cn/art/representative.html?limit=100&p=28,2026-08-06T10:36:08+00:00,3329
inheritor_3330,邰引岩,男,苗族,VIII-40,VIII-40,VIII-040_02_522622,银饰锻制技艺(苗族银饰锻制技艺),传统技艺,贵州省剑河县,贵州省,5,2018,http://www.ihchina.cn/art/representative.html?limit=100&p=28,2026-08-06T10:36:08+00:00,3330
inheritor_3331,母炳林,男,白族,VIII-40,VIII-40,VIII-040_04_532932,银饰锻制技艺(鹤庆银器锻制技艺),传统技艺,云南省鹤庆县,云南省,5,2018,http://www.ihchina.cn/art/representative.html?limit=100&p=28,2026-08-06T10:36:08+00:00,3331
inheritor_3332,寸发标,男,白族,VIII-40,VIII-40,VIII-040_04_532932,银饰锻制技艺(鹤庆银器锻制技艺),传统技艺,云南省鹤庆县,云南省,5,2018,http://www.ihchina.cn/art/representative.html?limit=100&p=28,2026-08-06T10:36:08+00:00,3332
inheritor_3333,马尕主麻,男,保安族,VIII-42,VIII-42,VIII-042_01_622927,保安族腰刀锻制技艺,传统技艺,甘肃省积石山保安族东乡族撒拉族自治县,甘肃省,5,2018,http://www.ihchina.cn/art/representative.html?limit=100&p=28,2026-08-06T10:36:08+00:00,3333
inheritor_3334,冶洒力海,男,保安族,VIII-42,VIII-42,VIII-042_01_622927,保安族腰刀锻制技艺,传统技艺,甘肃省积石山保安族东乡族撒拉族自治县,甘肃省,5,2018,http://www.ihchina.cn/art/representative.html?limit=100&p=28,2026-08-06T10:36:08+00:00,3334
inheritor_3335,李荣魁,男,汉族,VIII-43,VIII-43,VIII-043_01_110101,景泰蓝制作技艺,传统技艺,河北省大厂回族自治县,河北省,5,2018,http://www.ihchina.cn/art/representative.html?limit=100&p=28,2026-08-06T10:36:08+00:00,3335
inheritor_3336,伊春光,男,锡伯族,VIII-44,VIII-44,VIII-044_02_650000,弓箭制作技艺(锡伯族弓箭制作技艺),传统技艺,新疆维吾尔自治区,新疆维吾尔自治区,5,2018,http://www.ihchina.cn/art/representative.html?limit=100&p=28,2026-08-06T10:36:08+00:00,3336
inheritor_3337,黄福华,男,汉族,VIII-45,VIII-45,VIII-045_04_350322,家具制作技艺(仙游古典家具制作技艺),传统技艺,福建省仙游县,福建省,5,2018,http://www.ihchina.cn/art/representative.html?limit=100&p=28,2026-08-06T10:36:08+00:00,3337
inheritor_3338,段怡村,男,汉族,VIII-48,VIII-48,VIII-048_01_620100,兰州黄河大水车制作技艺,传统技艺,甘肃省兰州市,甘肃省,5,2018,http://www.ihchina.cn/art/representative.html?limit=100&p=28,2026-08-06T10:36:08+00:00,3338
inheritor_3339,郑修钤,男,汉族,VIII-54,VIII-54,VIII-054_01_350100,福州脱胎漆器髹饰技艺,传统技艺,福建省福州市,福建省,5,2018,http://www.ihchina.cn/art/representative.html?limit=100&p=28,2026-08-06T10:36:08+00:00,3339
inheritor_3340,王德才,男,汉族,VIII-61,VIII-61,VIII-061_04_141023,酿醋技艺(小米醋酿造技艺),传统技艺,山西省襄汾县,山西省,5,2018,http://www.ihchina.cn/art/representative.html?limit=100&p=28,2026-08-06T10:36:08+00:00,3340
inheritor_3341,乔贵清,男,汉族,VIII-62,VIII-62,VIII-062_01_321100,镇江恒顺香醋酿制技艺,传统技艺,江苏省镇江市,江苏省,5,2018,http://www.ihchina.cn/art/representative.html?limit=100&p=28,2026-08-06T10:36:08+00:00,3341
inheritor_3342,曹光华,男,汉族,VIII-65,VIII-65,VIII-065_01_341823,宣纸制作技艺,传统技艺,安徽省泾县,安徽省,5,2018,http://www.ihchina.cn/art/representative.html?limit=100&p=28,2026-08-06T10:36:08+00:00,3342
inheritor_3343,章仕康,男,汉族,VIII-66,VIII-66,VIII-066_01_361124,铅山连四纸制作技艺,传统技艺,江西省铅山县,江西省,5,2018,http://www.ihchina.cn/art/representative.html?limit=100&p=28,2026-08-06T10:36:08+00:00,3343
inheritor_3344,张世峰,男,汉族,VIII-67,VIII-67,VIII-067_04_141023,皮纸制作技艺(平阳麻笺制作技艺),传统技艺,山西省襄汾县,山西省,5,2018,http://www.ihchina.cn/art/representative.html?limit=100&p=28,2026-08-06T10:36:08+00:00,3344
inheritor_3345,潘玉华,男,苗族,VIII-67,VIII-67,VIII-067_01_522636,皮纸制作技艺,传统技艺,贵州省丹寨县,贵州省,5,2018,http://www.ihchina.cn/art/representative.html?limit=100&p=28,2026-08-06T10:36:08+00:00,3345
inheritor_3346,林志文,男,汉族,VIII-71,VIII-71,VIII-071_04_330304,竹纸制作技艺(泽雅屏纸制作技艺),传统技艺,浙江省温州市瓯海区,浙江省,5,2018,http://www.ihchina.cn/art/representative.html?limit=100&p=28,2026-08-06T10:36:08+00:00,3346
inheritor_3347,刘仰根,男,汉族,VIII-71,VIII-71,VIII-071_02_350428,竹纸制作技艺,传统技艺,福建省将乐县,福建省,5,2018,http://www.ihchina.cn/art/representative.html?limit=100&p=28,2026-08-06T10:36:08+00:00,3347
inheritor_3348,李志军,男,汉族,VIII-71,VIII-71,VIII-071_04_430524,竹纸制作技艺(滩头手工抄纸技艺),传统技艺,湖南省隆回县,湖南省,5,2018,http://www.ihchina.cn/art/representative.html?limit=100&p=28,2026-08-06T10:36:08+00:00,3348
inheritor_3349,汪培坤,男,汉族,VIII-73,VIII-73,VIII-073_01_341002,徽墨制作技艺,传统技艺,安徽省黄山市屯溪区,安徽省,5,2018,http://www.ihchina.cn/art/representative.html?limit=100&p=28,2026-08-06T10:36:08+00:00,3349
inheritor_3350,蔡永江,男,汉族,VIII-74,VIII-74,VIII-074_01_341021,歙砚制作技艺,传统技艺,安徽省歙县,安徽省,5,2018,http://www.ihchina.cn/art/representative.html?limit=100&p=28,2026-08-06T10:36:08+00:00,3350
inheritor_3351,汪鸿欣,男,汉族,VIII-74,VIII-74,VIII-074_01_361130,歙砚制作技艺,传统技艺,江西省婺源县,江西省,5,2018,http://www.ihchina.cn/art/representative.html?limit=100&p=28,2026-08-06T10:36:08+00:00,3351
inheritor_3352,杨焯忠,男,汉族,VIII-75,VIII-75,VIII-075_01_441200,端砚制作技艺,传统技艺,广东省肇庆市,广东省,5,2018,http://www.ihchina.cn/art/representative.html?limit=100&p=28,2026-08-06T10:36:08+00:00,3352
inheritor_3353,魏立中,男,汉族,VIII-77,VIII-77,VIII-077_04_330103,木版水印技艺,传统技艺,浙江省杭州市下城区,浙江省,5,2018,http://www.ihchina.cn/art/representative.html?limit=100&p=28,2026-08-06T10:36:08+00:00,3353
inheritor_3354,黄小建,男,汉族,VIII-78,VIII-78,VIII-078_03_330106,雕版印刷技艺(杭州雕版印刷技艺),传统技艺,浙江省杭州市西湖区,浙江省,5,2018,http://www.ihchina.cn/art/representative.html?limit=100&p=28,2026-08-06T10:36:08+00:00,3354
inheritor_3355,夏吾他,男,藏族,VIII-78,VIII-78,VIII-078_03_632321,雕版印刷技艺(同仁刻版印刷技艺),传统技艺,青海省同仁县,青海省,5,2018,http://www.ihchina.cn/art/representative.html?limit=100&p=28,2026-08-06T10:36:08+00:00,3355
inheritor_3356,泽培,男,藏族,VIII-80,VIII-80,VIII-080_02_542122,藏族雕版印刷技艺(波罗古泽刻版制作技艺),传统技艺,西藏自治区江达县,西藏自治区,5,2018,http://www.ihchina.cn/art/representative.html?limit=100&p=28,2026-08-06T10:36:08+00:00,3356
inheritor_3357,孙亚青,女,汉族,VIII-81,VIII-81,VIII-081_02_330100,制扇技艺(王星记扇),传统技艺,浙江省杭州市,浙江省,5,2018,http://www.ihchina.cn/art/representative.html?limit=100&p=28,2026-08-06T10:36:08+00:00,3357
inheritor_3358,吴旭升,男,鄂温克族,VIII-83,VIII-83,VIII-083_02_150785,桦树皮制作技艺(鄂温克族桦树皮制作技艺),传统技艺,内蒙古自治区根河市,内蒙古自治区,5,2018,http://www.ihchina.cn/art/representative.html?limit=100&p=28,2026-08-06T10:36:08+00:00,3358
inheritor_3359,李海彦,男,汉族,VIII-86,VIII-86,VIII-086_02_610526,烟火爆竹制作技艺(蒲城杆火技艺),传统技艺,陕西省蒲城县,陕西省,5,2018,http://www.ihchina.cn/art/representative.html?limit=100&p=28,2026-08-06T10:36:08+00:00,3359
inheritor_3360,王照良,男,黎族,VIII-87,VIII-87,VIII-087_01_469029,黎族钻木取火技艺,传统技艺,海南省保亭黎族苗族自治县,海南省,5,2018,http://www.ihchina.cn/art/representative.html?limit=100&p=28,2026-08-06T10:36:08+00:00,3360
inheritor_3361,孔令民,男,汉族,VIII-88,VIII-88,VIII-088_03_110108b,风筝制作技艺(北京风筝制作技艺),传统技艺,北京市海淀区,北京市,5,2018,http://www.ihchina.cn/art/representative.html?limit=100&p=28,2026-08-06T10:36:08+00:00,3361
inheritor_3362,张效东,男,汉族,VIII-88,VIII-88,VIII-088_01_370700,风筝制作技艺(潍坊风筝),传统技艺,山东省潍坊市,山东省,5,2018,http://www.ihchina.cn/art/representative.html?limit=100&p=28,2026-08-06T10:36:08+00:00,3362
inheritor_3363,王永辉,男,汉族,VIII-89,VIII-89,VIII-089_01_440100,凉茶,传统技艺,广东省文化厅,广东省,5,2018,http://www.ihchina.cn/art/representative.html?limit=100&p=28,2026-08-06T10:36:08+00:00,3363
inheritor_3364,谭广辉,男,汉族,VIII-97,VIII-97,VIII-097_02_440100,广彩瓷烧制技艺,传统技艺,广东省广州市,广东省,5,2018,http://www.ihchina.cn/art/representative.html?limit=100&p=28,2026-08-06T10:36:08+00:00,3364
inheritor_3365,张宏亮,男,汉族,VIII-98,VIII-98,VIII-098_04_140321a,陶器烧制技艺(平定砂器制作技艺),传统技艺,山西省平定县,山西省,5,2018,http://www.ihchina.cn/art/representative.html?limit=100&p=28,2026-08-06T10:36:08+00:00,3365
inheritor_3366,张文亮,男,汉族,VIII-98,VIII-98,VIII-098_04_140321b,陶器烧制技艺(平定黑釉刻花陶瓷制作技艺),传统技艺,山西省平定县,山西省,5,2018,http://www.ihchina.cn/art/representative.html?limit=100&p=28,2026-08-06T10:36:08+00:00,3366
inheritor_3367,李守才,男,汉族,VIII-98,VIII-98,VIII-098_04_320282,陶器烧制技艺(宜兴均陶制作技艺),传统技艺,江苏省宜兴市,江苏省,5,2018,http://www.ihchina.cn/art/representative.html?limit=100&p=28,2026-08-06T10:36:08+00:00,3367
inheritor_3368,谢华,男,汉族,VIII-98,VIII-98,VIII-098_04_445100,陶器烧制技艺(枫溪手拉朱泥壶制作技艺),传统技艺,广东省潮州市,广东省,5,2018,http://www.ihchina.cn/art/representative.html?limit=100&p=28,2026-08-06T10:36:08+00:00,3368
inheritor_3369,陆景平,男,汉族,VIII-98,VIII-98,VIII-098_02_450700,陶器烧制技艺(钦州坭兴陶烧制技艺),传统技艺,广西壮族自治区钦州市,广西壮族自治区,5,2018,http://www.ihchina.cn/art/representative.html?limit=100&p=28,2026-08-06T10:36:08+00:00,3369
inheritor_3370,梁先才,男,汉族,VIII-98,VIII-98,VIII-098_03_500226,陶器烧制技艺(荣昌陶器制作技艺),传统技艺,重庆市荣昌区,重庆市,5,2018,http://www.ihchina.cn/art/representative.html?limit=100&p=28,2026-08-06T10:36:08+00:00,3370
inheritor_3371,罗天锡,男,汉族,VIII-98,VIII-98,VIII-098_03_500226,陶器烧制技艺(荣昌陶器制作技艺),传统技艺,重庆市荣昌区,重庆市,5,2018,http://www.ihchina.cn/art/representative.html?limit=100&p=28,2026-08-06T10:36:08+00:00,3371
inheritor_3372,张禄麒,男,汉族,VIII-98,VIII-98,VIII-098_02_522727,陶器烧制技艺(牙舟陶器烧制技艺),传统技艺,贵州省平塘县,贵州省,5,2018,http://www.ihchina.cn/art/representative.html?limit=100&p=28,2026-08-06T10:36:08+00:00,3372
inheritor_3373,当珍批初,男,藏族,VIII-98,VIII-98,VIII-098_02_513337,陶器烧制技艺(藏族黑陶烧制技艺),传统技艺,云南省迪庆藏族自治州,云南省,5,2018,http://www.ihchina.cn/art/representative.html?limit=100&p=28,2026-08-06T10:36:08+00:00,3373
inheritor_3374,陈绍康,男,汉族,VIII-98,VIII-98,VIII-098_02_532524,陶器烧制技艺(建水紫陶烧制技艺),传统技艺,云南省建水县,云南省,5,2018,http://www.ihchina.cn/art/representative.html?limit=100&p=28,2026-08-06T10:36:08+00:00,3374
inheritor_3375,俞彩根,女,汉族,VIII-99,VIII-99,VIII-099_02_330110,蚕丝织造技艺(余杭清水丝绵制作技艺),传统技艺,浙江省杭州市余杭区,浙江省,5,2018,http://www.ihchina.cn/art/representative.html?limit=100&p=28,2026-08-06T10:36:08+00:00,3375
inheritor_3376,邵官兴,男,汉族,VIII-99,VIII-99,VIII-099_02_330104,蚕丝织造技艺(杭罗织造技艺),传统技艺,浙江省杭州市福兴丝绸厂,浙江省,5,2018,http://www.ihchina.cn/art/representative.html?limit=100&p=28,2026-08-06T10:36:08+00:00,3376
inheritor_3377,顾明琪,男,汉族,VIII-99,VIII-99,VIII-099_03_330503,蚕丝织造技艺(辑里湖丝手工制作技艺),传统技艺,浙江省湖州市南浔区,浙江省,5,2018,http://www.ihchina.cn/art/representative.html?limit=100&p=28,2026-08-06T10:36:08+00:00,3377
inheritor_3378,陈爱国,女,汉族,VIII-100,VIII-100,VIII-100_04_130533,传统棉纺织技艺(威县土布纺织技艺),传统技艺,河北省威县,河北省,5,2018,http://www.ihchina.cn/art/representative.html?limit=100&p=28,2026-08-06T10:36:08+00:00,3378
inheritor_3379,王桂凤,女,汉族,VIII-100,VIII-100,VIII-100_03_330281,传统棉纺织技艺(余姚土布制作技艺),传统技艺,浙江省余姚市,浙江省,5,2018,http://www.ihchina.cn/art/representative.html?limit=100&p=28,2026-08-06T10:36:08+00:00,3379
inheritor_3380,李从会,女,傈僳族,VIII-100,VIII-100,VIII-100_04_513424,传统棉纺织技艺(傈僳族火草织布技艺),传统技艺,四川省德昌县,四川省,5,2018,http://www.ihchina.cn/art/representative.html?limit=100&p=28,2026-08-06T10:36:08+00:00,3380
inheritor_3381,说各惹曲,女,彝族,VIII-101,VIII-101,VIII-101_02_513431,毛纺织及擀制技艺(彝族毛纺织及擀制技艺),传统技艺,四川省昭觉县,四川省,5,2018,http://www.ihchina.cn/art/representative.html?limit=100&p=28,2026-08-06T10:36:08+00:00,3381
inheritor_3382,冬措,女,藏族,VIII-101,VIII-101,VIII-101_02_513333,毛纺织及擀制技艺(藏族牛羊毛编织技艺),传统技艺,四川省色达县,四川省,5,2018,http://www.ihchina.cn/art/representative.html?limit=100&p=28,2026-08-06T10:36:08+00:00,3382
inheritor_3383,李俭康,男,汉族,VIII-102,VIII-102,VIII-102_02_500226,夏布织造技艺,传统技艺,重庆市荣昌区,重庆市,5,2018,http://www.ihchina.cn/art/representative.html?limit=100&p=28,2026-08-06T10:36:08+00:00,3383
inheritor_3384,玉儿甩,女,傣族,VIII-106,VIII-106,VIII-106_02_532800,傣族织锦技艺,传统技艺,云南省西双版纳傣族自治州,云南省,5,2018,http://www.ihchina.cn/art/representative.html?limit=100&p=28,2026-08-06T10:36:08+00:00,3384
inheritor_3385,杨万仁,男,瑶族,VIII-108,VIII-108,VIII-108_02_522635,枫香印染技艺,传统技艺,贵州省麻江县,贵州省,5,2018,http://www.ihchina.cn/art/representative.html?limit=100&p=28,2026-08-06T10:36:08+00:00,3385
inheritor_3386,王国英,女,汉族,VIII-110,VIII-110,VIII-110_02_110000,地毯织造技艺(北京宫毯织造技艺),传统技艺,北京市,北京市,5,2018,http://www.ihchina.cn/art/representative.html?limit=100&p=28,2026-08-06T10:36:08+00:00,3386
inheritor_3387,刘静波,男,汉族,VIII-110,VIII-110,VIII-110_04_620502,地毯织造技艺(天水丝毯织造技艺),传统技艺,甘肃省天水市秦州区,甘肃省,5,2018,http://www.ihchina.cn/art/representative.html?limit=100&p=28,2026-08-06T10:36:08+00:00,3387
inheritor_3388,张晓春,男,汉族,VIII-111,VIII-111,VIII-111_02_141122,滩羊皮鞣制工艺,传统技艺,山西省交城县,山西省,5,2018,http://www.ihchina.cn/art/representative.html?limit=100&p=28,2026-08-06T10:36:08+00:00,3388
inheritor_3389,丁和平,男,回族,VIII-111,VIII-111,VIII-111_02_141122,滩羊皮鞣制工艺(二毛皮制作技艺),传统技艺,宁夏回族自治区,宁夏回族自治区,5,2018,http://www.ihchina.cn/art/representative.html?limit=100&p=28,2026-08-06T10:36:08+00:00,3389
inheritor_3390,丁跃成,男,回族,VIII-111,VIII-111,VIII-111_02_141122,滩羊皮鞣制工艺(二毛皮制作技艺),传统技艺,宁夏回族自治区,宁夏回族自治区,5,2018,http://www.ihchina.cn/art/representative.html?limit=100&p=28,2026-08-06T10:36:08+00:00,3390
inheritor_3391,葛长云,女,鄂伦春族,VIII-112,VIII-112,VIII-112_02_231102,鄂伦春族狍皮制作技艺,传统技艺,黑龙江省黑河市爱辉区,黑龙江省,5,2018,http://www.ihchina.cn/art/representative.html?limit=100&p=28,2026-08-06T10:36:08+00:00,3391
inheritor_3392,艾买尔·吐尼牙孜,男,维吾尔族,VIII-114,VIII-114,VIII-114_02_652924,维吾尔族卡拉库尔胎羔皮帽制作技艺,传统技艺,新疆维吾尔自治区沙雅县,新疆维吾尔自治区,5,2018,http://www.ihchina.cn/art/representative.html?limit=100&p=28,2026-08-06T10:36:08+00:00,3392
inheritor_3393,王杰忠,男,汉族,VIII-117,VIII-117,VIII-117_04_140824,金银细工制作技艺,传统技艺,山西省稷山县,山西省,5,2018,http://www.ihchina.cn/art/representative.html?limit=100&p=29,2026-08-06T10:36:10+00:00,3393
inheritor_3394,李建军,男,汉族,VIII-117,VIII-117,VIII-117_02_320100,金银细工制作技艺,传统技艺,江苏省南京市,江苏省,5,2018,http://www.ihchina.cn/art/representative.html?limit=100&p=29,2026-08-06T10:36:10+00:00,3394
inheritor_3395,方学斌,男,汉族,VIII-117,VIII-117,VIII-117_02_321012,金银细工制作技艺,传统技艺,江苏省江都市,江苏省,5,2018,http://www.ihchina.cn/art/representative.html?limit=100&p=29,2026-08-06T10:36:10+00:00,3395
inheritor_3396,尕玛代青,男,藏族,VIII-120,VIII-120,VIII-120_02_632700,藏族金属锻制技艺(藏刀锻制技艺),传统技艺,青海省玉树藏族自治州,青海省,5,2018,http://www.ihchina.cn/art/representative.html?limit=100&p=29,2026-08-06T10:36:10+00:00,3396
inheritor_3397,赵基德,男,朝鲜族,VIII-124,VIII-124,VIII-124_02_222400,民族乐器制作技艺(朝鲜族民族乐器制作技艺,传统技艺,吉林省延边朝鲜族自治州,吉林省,5,2018,http://www.ihchina.cn/art/representative.html?limit=100&p=29,2026-08-06T10:36:10+00:00,3397
inheritor_3398,高占春,男,汉族,VIII-124,VIII-124,VIII-124_03_310112,民族乐器制作技艺(上海民族乐器制作技艺),传统技艺,上海市闵行区,上海市,5,2018,http://www.ihchina.cn/art/representative.html?limit=100&p=29,2026-08-06T10:36:10+00:00,3398
inheritor_3399,蔡志强,男,汉族,VIII-124,VIII-124,VIII-124_02_350600,民族乐器制作技艺(漳州蔡福美传统制鼓技艺,传统技艺,福建省漳州市,福建省,5,2018,http://www.ihchina.cn/art/representative.html?limit=100&p=29,2026-08-06T10:36:10+00:00,3399
inheritor_3400,潘柔达,男,苗族,VIII-124,VIII-124,VIII-124_03_522601,民族乐器制作技艺(苗族芦笙制作技艺),传统技艺,贵州省凯里市,贵州省,5,2018,http://www.ihchina.cn/art/representative.html?limit=100&p=29,2026-08-06T10:36:10+00:00,3400
inheritor_3401,俸传诗,男,傣族,VIII-124,VIII-124,VIII-124_03_530902,民族乐器制作技艺(傣族象脚鼓制作技艺),传统技艺,云南省临沧市临翔区,云南省,5,2018,http://www.ihchina.cn/art/representative.html?limit=100&p=29,2026-08-06T10:36:10+00:00,3401
inheritor_3402,万紫,女,汉族,VIII-126,VIII-126,VIII-126_02_110000,金漆镶嵌髹饰技艺,传统技艺,北京市,北京市,5,2018,http://www.ihchina.cn/art/representative.html?limit=100&p=29,2026-08-06T10:36:10+00:00,3402
inheritor_3403,李爱珍,女,汉族,VIII-127,VIII-127,VIII-127_04_140824,漆器髹饰技艺(稷山螺钿漆器髹饰技艺),传统技艺,山西省稷山县,山西省,5,2018,http://www.ihchina.cn/art/representative.html?limit=100&p=29,2026-08-06T10:36:10+00:00,3403
inheritor_3404,丁国坤,男,汉族,VIII-127,VIII-127,VIII-127_03_361128,漆器髹饰技艺(鄱阳脱胎漆器髹饰技艺),传统技艺,江西省鄱阳县,江西省,5,2018,http://www.ihchina.cn/art/representative.html?limit=100&p=29,2026-08-06T10:36:10+00:00,3404
inheritor_3405,傅以周,男,汉族,VIII-127,VIII-127,VIII-127_03_441700,漆器髹饰技艺(阳江漆器髹饰技艺),传统技艺,广东省阳江市,广东省,5,2018,http://www.ihchina.cn/art/representative.html?limit=100&p=29,2026-08-06T10:36:10+00:00,3405
inheritor_3406,刘靖,男,汉族,VIII-129,VIII-129,VIII-129_02_340181,纸笺加工技艺,传统技艺,安徽省巢湖市,安徽省,5,2018,http://www.ihchina.cn/art/representative.html?limit=100&p=29,2026-08-06T10:36:10+00:00,3406
inheritor_3407,佘征军,男,汉族,VIII-130,VIII-130,VIII-130_02_341800,宣笔制作技艺,传统技艺,安徽省宣城市,安徽省,5,2018,http://www.ihchina.cn/art/representative.html?limit=100&p=29,2026-08-06T10:36:10+00:00,3407
inheritor_3408,卢锁忠,男,藏族,VIII-133,VIII-133,VIII-133_03_640100,砚台制作技艺(洮砚制作技艺),传统技艺,甘肃省卓尼县,甘肃省,5,2018,http://www.ihchina.cn/art/representative.html?limit=100&p=29,2026-08-06T10:36:10+00:00,3408
inheritor_3409,杨锡伟,男,汉族,VIII-134,VIII-134,VIII-134_02_350600,印泥制作技艺(漳州八宝印泥),传统技艺,福建省漳州市,福建省,5,2018,http://www.ihchina.cn/art/representative.html?limit=100&p=29,2026-08-06T10:36:10+00:00,3409
inheritor_3410,杨泽华,男,汉族,VIII-136,VIII-136,VIII-136_02_110101,装裱修复技艺(古字画装裱修复技艺),传统技艺,故宫博物院,未知,5,2018,http://www.ihchina.cn/art/representative.html?limit=100&p=29,2026-08-06T10:36:10+00:00,3410
inheritor_3411,周海宽,男,汉族,VIII-136,VIII-136,VIII-136_02_110101,装裱修复技艺(古字画装裱修复技艺),传统技艺,故宫博物院,未知,5,2018,http://www.ihchina.cn/art/representative.html?limit=100&p=29,2026-08-06T10:36:10+00:00,3411
inheritor_3412,单嘉玖,女,汉族,VIII-136,VIII-136,VIII-136_02_110101,装裱修复技艺(古字画装裱修复技艺),传统技艺,故宫博物院,未知,5,2018,http://www.ihchina.cn/art/representative.html?limit=100&p=29,2026-08-06T10:36:10+00:00,3412
inheritor_3413,张旭光,男,汉族,VIII-136,VIII-136,VIII-136_02_110101,装裱修复技艺(古字画装裱修复技艺),传统技艺,故宫博物院,未知,5,2018,http://www.ihchina.cn/art/representative.html?limit=100&p=29,2026-08-06T10:36:10+00:00,3413
inheritor_3414,李淑珍,女,汉族,VIII-136,VIII-136,VIII-136_02_110102,装裱修复技艺(古字画装裱修复技艺),传统技艺,北京市荣宝斋,北京市,5,2018,http://www.ihchina.cn/art/representative.html?limit=100&p=29,2026-08-06T10:36:10+00:00,3414
inheritor_3415,刘细秀,男,汉族,VIII-138,VIII-138,VIII-138_02_350902,水密隔舱福船制造技艺,传统技艺,福建省宁德市蕉城区,福建省,5,2018,http://www.ihchina.cn/art/representative.html?limit=100&p=29,2026-08-06T10:36:10+00:00,3415
inheritor_3416,黄宗财,男,汉族,VIII-138,VIII-138,VIII-138_04_350505,水密隔舱福船制造技艺,传统技艺,福建省泉州市泉港区,福建省,5,2018,http://www.ihchina.cn/art/representative.html?limit=100&p=29,2026-08-06T10:36:10+00:00,3416
inheritor_3417,旦增曲扎,男,藏族,VIII-141,VIII-141,VIII-141_02_540123,藏香制作技艺,传统技艺,西藏自治区尼木县,西藏自治区,5,2018,http://www.ihchina.cn/art/representative.html?limit=100&p=29,2026-08-06T10:36:10+00:00,3417
inheritor_3418,杨大金,男,汉族,VIII-144,VIII-144,VIII-144_02_510525,蒸馏酒传统酿造技艺(古蔺郎酒传统酿造技艺,传统技艺,四川省古蔺县,四川省,5,2018,http://www.ihchina.cn/art/representative.html?limit=100&p=29,2026-08-06T10:36:10+00:00,3418
inheritor_3419,王浩平,男,汉族,VIII-145,VIII-145,VIII-145_02_320482,酿造酒传统酿造技艺(封缸酒传统酿造技艺),传统技艺,江苏省常州市金坛区,江苏省,5,2018,http://www.ihchina.cn/art/representative.html?limit=100&p=29,2026-08-06T10:36:10+00:00,3419
inheritor_3420,吕敏湘,男,汉族,VIII-145,VIII-145,VIII-145_02_330700,酿造酒传统酿造技艺(金华酒传统酿造技艺),传统技艺,浙江省金华市,浙江省,5,2018,http://www.ihchina.cn/art/representative.html?limit=100&p=29,2026-08-06T10:36:10+00:00,3420
inheritor_3421,陈成忠,男,汉族,VIII-147,VIII-147,VIII-147_04_350104,花茶制作技艺(福州茉莉花茶窨制工艺),传统技艺,福建省福州市仓山区,福建省,5,2018,http://www.ihchina.cn/art/representative.html?limit=100&p=29,2026-08-06T10:36:10+00:00,3421
inheritor_3422,施跃文,男,汉族,VIII-148,VIII-148,VIII-148_03_320506,绿茶制作技艺(碧螺春制作技艺),传统技艺,江苏省苏州市吴中区,江苏省,5,2018,http://www.ihchina.cn/art/representative.html?limit=100&p=29,2026-08-06T10:36:10+00:00,3422
inheritor_3423,郑福年,男,汉族,VIII-148,VIII-148,VIII-148_03_330522,绿茶制作技艺(紫笋茶制作技艺),传统技艺,浙江省长兴县,浙江省,5,2018,http://www.ihchina.cn/art/representative.html?limit=100&p=29,2026-08-06T10:36:10+00:00,3423
inheritor_3424,廖永传,男,汉族,VIII-148,VIII-148,VIII-148_04_360729,绿茶制作技艺(赣南客家擂茶制作技艺),传统技艺,江西省全南县,江西省,5,2018,http://www.ihchina.cn/art/representative.html?limit=100&p=29,2026-08-06T10:36:10+00:00,3424
inheritor_3425,方根民,男,汉族,VIII-148,VIII-148,VIII-148_04_361130,绿茶制作技艺(婺源绿茶制作技艺),传统技艺,江西省婺源县,江西省,5,2018,http://www.ihchina.cn/art/representative.html?limit=100&p=29,2026-08-06T10:36:10+00:00,3425
inheritor_3426,周祖宏,男,汉族,VIII-148,VIII-148,VIII-148_04_411500,绿茶制作技艺(信阳毛尖茶制作技艺),传统技艺,河南省信阳市,河南省,5,2018,http://www.ihchina.cn/art/representative.html?limit=100&p=29,2026-08-06T10:36:10+00:00,3426
inheritor_3427,杨胜伟,男,苗族,VIII-148,VIII-148,VIII-148_04_422801,绿茶制作技艺(恩施玉露制作技艺),传统技艺,湖北省恩施市,湖北省,5,2018,http://www.ihchina.cn/art/representative.html?limit=100&p=29,2026-08-06T10:36:10+00:00,3427
inheritor_3428,张子全,男,布依族,VIII-148,VIII-148,VIII-148_04_522701,绿茶制作技艺(都匀毛尖茶制作技艺),传统技艺,贵州省都匀市,贵州省,5,2018,http://www.ihchina.cn/art/representative.html?limit=100&p=29,2026-08-06T10:36:10+00:00,3428
inheritor_3429,王昶,男,汉族,VIII-149,VIII-149,VIII-149_02_341024,红茶制作技艺(祁门红茶制作技艺),传统技艺,安徽省祁门县,安徽省,5,2018,http://www.ihchina.cn/art/representative.html?limit=100&p=29,2026-08-06T10:36:10+00:00,3429
inheritor_3430,张成仁,男,汉族,VIII-149,VIII-149,VIII-149_04_530921,红茶制作技艺(滇红茶制作技艺),传统技艺,云南省凤庆县,云南省,5,2018,http://www.ihchina.cn/art/representative.html?limit=100&p=29,2026-08-06T10:36:10+00:00,3430
inheritor_3431,李胜夫,男,汉族,VIII-152,VIII-152,VIII-152_02_430923,黑茶制作技艺(千两茶制作技艺),传统技艺,湖南省安化县,湖南省,5,2018,http://www.ihchina.cn/art/representative.html?limit=100&p=29,2026-08-06T10:36:10+00:00,3431
inheritor_3432,刘杏益,男,汉族,VIII-152,VIII-152,VIII-152_02_430900,黑茶制作技艺(茯砖茶制作技艺),传统技艺,湖南省益阳市,湖南省,5,2018,http://www.ihchina.cn/art/representative.html?limit=100&p=29,2026-08-06T10:36:10+00:00,3432
inheritor_3433,韦洁群,女,汉族,VIII-152,VIII-152,VIII-152_04_450421,黑茶制作技艺(六堡茶制作技艺),传统技艺,广西壮族自治区苍梧县,广西壮族自治区,5,2018,http://www.ihchina.cn/art/representative.html?limit=100&p=29,2026-08-06T10:36:10+00:00,3433
inheritor_3434,谭政,男,汉族,VIII-153,VIII-153,VIII-153_02_469003,晒盐技艺(海盐晒制技艺),传统技艺,海南省儋州市,海南省,5,2018,http://www.ihchina.cn/art/representative.html?limit=100&p=29,2026-08-06T10:36:10+00:00,3434
inheritor_3435,陈思维,男,汉族,VIII-154,VIII-154,VIII-154_04_510522,酱油酿造技艺(先市酱油酿造技艺),传统技艺,四川省合江县,四川省,5,2018,http://www.ihchina.cn/art/representative.html?limit=100&p=29,2026-08-06T10:36:10+00:00,3435
inheritor_3436,曾凡玉,女,汉族,VIII-156,VIII-156,VIII-156_02_500000,豆豉酿制技艺(永川豆豉酿制技艺),传统技艺,重庆市,重庆市,5,2018,http://www.ihchina.cn/art/representative.html?limit=100&p=29,2026-08-06T10:36:10+00:00,3436
inheritor_3437,万绍碧,女,汉族,VIII-159,VIII-159,VIII-159_02_500102,榨菜传统制作技艺(涪陵榨菜传统制作技艺),传统技艺,重庆市涪陵区,重庆市,5,2018,http://www.ihchina.cn/art/representative.html?limit=100&p=29,2026-08-06T10:36:10+00:00,3437
inheritor_3438,李辉忠,男,汉族,VIII-160,VIII-160,VIII-160_04_120103,传统面食制作技艺(桂发祥十八街麻花制作技,传统技艺,天津市河西区,天津市,5,2018,http://www.ihchina.cn/art/representative.html?limit=100&p=29,2026-08-06T10:36:10+00:00,3438
inheritor_3439,李建钢,男,汉族,VIII-160,VIII-160,VIII-160_04_310114,传统面食制作技艺(南翔小笼馒头制作技艺),传统技艺,上海市嘉定区,上海市,5,2018,http://www.ihchina.cn/art/representative.html?limit=100&p=29,2026-08-06T10:36:10+00:00,3439
inheritor_3440,王春花,女,汉族,VIII-162,VIII-162,VIII-162_02_370300,周村烧饼制作技艺,传统技艺,山东省淄博市,山东省,5,2018,http://www.ihchina.cn/art/representative.html?limit=100&p=29,2026-08-06T10:36:10+00:00,3440
inheritor_3441,管升阔,男,汉族,VIII-166,VIII-166,VIII-166_03_530381,火腿制作技艺(宣威火腿制作技艺),传统技艺,云南省宣威市,云南省,5,2018,http://www.ihchina.cn/art/representative.html?limit=100&p=29,2026-08-06T10:36:10+00:00,3441
inheritor_3442,陈立新,男,汉族,VIII-168,VIII-168,VIII-168_02_110101,牛羊肉烹制技艺(东来顺涮羊肉制作技艺),传统技艺,北京市东来顺集团有限责任公司,北京市,5,2018,http://www.ihchina.cn/art/representative.html?limit=100&p=29,2026-08-06T10:36:10+00:00,3442
inheritor_3443,万春生,男,汉族,VIII-168,VIII-168,VIII-168_02_110102b,牛羊肉烹制技艺(北京烤肉制作技艺),传统技艺,北京市聚德华天控股有限公司,北京市,5,2018,http://www.ihchina.cn/art/representative.html?limit=100&p=29,2026-08-06T10:36:10+00:00,3443
inheritor_3444,王天明,男,汉族,VIII-168,VIII-168,VIII-168_02_140728,牛羊肉烹制技艺(冠云平遥牛肉传统加工技艺,传统技艺,山西省冠云平遥牛肉集团有限公司,山西省,5,2018,http://www.ihchina.cn/art/representative.html?limit=100&p=29,2026-08-06T10:36:10+00:00,3444
inheritor_3445,亓飞,男,汉族,VIII-169,VIII-169,VIII-169_04_371202,酱肉制作技艺(亓氏酱香源肉食酱制技艺),传统技艺,山东省莱芜市莱城区,山东省,5,2018,http://www.ihchina.cn/art/representative.html?limit=100&p=29,2026-08-06T10:36:10+00:00,3445
inheritor_3446,李增林,男,汉族,VIII-174,VIII-174,VIII-174_02_110101,官式古建筑营造技艺(北京故宫),传统技艺,故宫博物院,未知,5,2018,http://www.ihchina.cn/art/representative.html?limit=100&p=29,2026-08-06T10:36:10+00:00,3446
inheritor_3447,吴生茂,男,汉族,VIII-174,VIII-174,VIII-174_02_110101,官式古建筑营造技艺(北京故宫),传统技艺,故宫博物院,未知,5,2018,http://www.ihchina.cn/art/representative.html?limit=100&p=29,2026-08-06T10:36:10+00:00,3447
inheritor_3448,李建国,男,汉族,VIII-174,VIII-174,VIII-174_02_110101,官式古建筑营造技艺(北京故宫),传统技艺,故宫博物院,未知,5,2018,http://www.ihchina.cn/art/representative.html?limit=100&p=29,2026-08-06T10:36:10+00:00,3448
inheritor_3449,白福春,男,满族,VIII-174,VIII-174,VIII-174_02_110101,官式古建筑营造技艺(北京故宫),传统技艺,故宫博物院,未知,5,2018,http://www.ihchina.cn/art/representative.html?limit=100&p=29,2026-08-06T10:36:10+00:00,3449
inheritor_3450,胡淼,男,汉族,VIII-175,VIII-175,VIII-175_02_331126,木拱桥传统营造技艺,传统技艺,浙江省庆元县,浙江省,5,2018,http://www.ihchina.cn/art/representative.html?limit=100&p=29,2026-08-06T10:36:10+00:00,3450
inheritor_3451,蒋钦全,男,汉族,VIII-179,VIII-179,VIII-179_02_350502,闽南传统民居营造技艺,传统技艺,福建省泉州市鲤城区,福建省,5,2018,http://www.ihchina.cn/art/representative.html?limit=100&p=29,2026-08-06T10:36:10+00:00,3451
inheritor_3452,陈和永,男,汉族,VIII-179,VIII-179,VIII-179_04_350206,闽南传统民居营造技艺,传统技艺,福建省厦门市湖里区,福建省,5,2018,http://www.ihchina.cn/art/representative.html?limit=100&p=29,2026-08-06T10:36:10+00:00,3452
inheritor_3453,张和成,男,汉族,VIII-180,VIII-180,VIII-180_02_140829,窑洞营造技艺,传统技艺,山西省平陆县,山西省,5,2018,http://www.ihchina.cn/art/representative.html?limit=100&p=29,2026-08-06T10:36:10+00:00,3453
inheritor_3454,王四虎,男,汉族,VIII-180,VIII-180,VIII-180_03_411222,窑洞营造技艺(地坑院营造技艺),传统技艺,河南省陕县,河南省,5,2018,http://www.ihchina.cn/art/representative.html?limit=100&p=29,2026-08-06T10:36:10+00:00,3454
inheritor_3455,李茂政,男,汉族,VIII-180,VIII-180,VIII-180_02_621000,窑洞营造技艺,传统技艺,甘肃省庆阳市,甘肃省,5,2018,http://www.ihchina.cn/art/representative.html?limit=100&p=29,2026-08-06T10:36:10+00:00,3455
inheritor_3456,斌巴,女,蒙古族,VIII-181,VIII-181,VIII-181_02_150725,蒙古包营造技艺,传统技艺,内蒙古自治区陈巴尔虎旗,内蒙古自治区,5,2018,http://www.ihchina.cn/art/representative.html?limit=100&p=29,2026-08-06T10:36:10+00:00,3456
inheritor_3457,李廷怀,男,汉族,VIII-189,VIII-189,VIII-189_03_410482,汝瓷烧制技艺,传统技艺,河南省汝州市,河南省,5,2018,http://www.ihchina.cn/art/representative.html?limit=100&p=29,2026-08-06T10:36:10+00:00,3457
inheritor_3458,王君子,男,汉族,VIII-189,VIII-189,VIII-189_03_410421,汝瓷烧制技艺,传统技艺,河南省宝丰县,河南省,5,2018,http://www.ihchina.cn/art/representative.html?limit=100&p=29,2026-08-06T10:36:10+00:00,3458
inheritor_3459,刘坤庭,男,汉族,VIII-191,VIII-191,VIII-191_03_430112,长沙窑铜官陶瓷烧制技艺,传统技艺,湖南省长沙市望城区,湖南省,5,2018,http://www.ihchina.cn/art/representative.html?limit=100&p=29,2026-08-06T10:36:10+00:00,3459
inheritor_3460,金永才,男,汉族,VIII-195,VIII-195,VIII-195_03_532525,乌铜走银制作技艺,传统技艺,云南省石屏县,云南省,5,2018,http://www.ihchina.cn/art/representative.html?limit=100&p=29,2026-08-06T10:36:10+00:00,3460
inheritor_3461,恽小钢,男,汉族,VIII-197,VIII-197,VIII-197_03_110101,青铜器修复及复制技艺,传统技艺,故宫博物院,未知,5,2018,http://www.ihchina.cn/art/representative.html?limit=100&p=29,2026-08-06T10:36:10+00:00,3461
inheritor_3462,吕团结,男,汉族,VIII-197,VIII-197,VIII-197_03_110101,青铜器修复及复制技艺,传统技艺,故宫博物院,未知,5,2018,http://www.ihchina.cn/art/representative.html?limit=100&p=29,2026-08-06T10:36:10+00:00,3462
inheritor_3463,仇庆年,男,汉族,VIII-198,VIII-198,VIII-198_03_320500,国画颜料制作技艺(姜思序堂国画颜料制作技,传统技艺,江苏省苏州市,江苏省,5,2018,http://www.ihchina.cn/art/representative.html?limit=100&p=29,2026-08-06T10:36:10+00:00,3463
inheritor_3464,杨文,男,汉族,VIII-200,VIII-200,VIII-200_04_341002,毛笔制作技艺(徽笔制作技艺),传统技艺,安徽省黄山市屯溪区,安徽省,5,2018,http://www.ihchina.cn/art/representative.html?limit=100&p=29,2026-08-06T10:36:10+00:00,3464
inheritor_3465,郭文林,男,满族,VIII-202,VIII-202,VIII-202_03_110101,古书画临摹复制技艺,传统技艺,故宫博物院,未知,5,2018,http://www.ihchina.cn/art/representative.html?limit=100&p=29,2026-08-06T10:36:10+00:00,3465
inheritor_3466,梁连起,男,汉族,VIII-205,VIII-205,VIII-205_03_130600,直隶官府菜烹饪技艺,传统技艺,河北省保定市,河北省,5,2018,http://www.ihchina.cn/art/representative.html?limit=100&p=29,2026-08-06T10:36:10+00:00,3466
inheritor_3467,彭文瑜,男,汉族,VIII-206,VIII-206,VIII-206_03_370881,孔府菜烹饪技艺,传统技艺,山东省曲阜市,山东省,5,2018,http://www.ihchina.cn/art/representative.html?limit=100&p=29,2026-08-06T10:36:10+00:00,3467
inheritor_3468,刘成柏,男,土家族,VIII-211,VIII-211,VIII-211_03_500240,土家族吊脚楼营造技艺,传统技艺,重庆市石柱土家族自治县,重庆市,5,2018,http://www.ihchina.cn/art/representative.html?limit=100&p=29,2026-08-06T10:36:10+00:00,3468
inheritor_3469,张志忠,男,汉族,VIII-213,VIII-213,VIII-213_04_130500,邢窑陶瓷烧制技艺,传统技艺,河北省邢台市,河北省,5,2018,http://www.ihchina.cn/art/representative.html?limit=100&p=29,2026-08-06T10:36:10+00:00,3469
inheritor_3470,陈新华,男,汉族,VIII-214,VIII-214,VIII-214_04_300702,婺州窑陶瓷烧制技艺,传统技艺,浙江省金华市婺城区,浙江省,5,2018,http://www.ihchina.cn/art/representative.html?limit=100&p=29,2026-08-06T10:36:10+00:00,3470
inheritor_3471,刘品三,男,汉族,VIII-215,VIII-215,VIII-215_04_360800,吉州窑陶瓷烧制技艺,传统技艺,江西省吉安市,江西省,5,2018,http://www.ihchina.cn/art/representative.html?limit=100&p=29,2026-08-06T10:36:10+00:00,3471
inheritor_3472,李景洲,男,汉族,VIII-216,VIII-216,VIII-216_04_410185,登封窑陶瓷烧制技艺,传统技艺,河南省登封市,河南省,5,2018,http://www.ihchina.cn/art/representative.html?limit=100&p=29,2026-08-06T10:36:10+00:00,3472
inheritor_3473,柴战柱,男,汉族,VIII-217,VIII-217,VIII-217_04_410800,当阳峪绞胎瓷烧制技艺,传统技艺,河南省焦作市,河南省,5,2018,http://www.ihchina.cn/art/representative.html?limit=100&p=29,2026-08-06T10:36:10+00:00,3473
inheritor_3474,谢金英,男,汉族,VIII-218,VIII-218,VIII-218_04_445100,潮州彩瓷烧制技艺,传统技艺,广东省潮州市,广东省,5,2018,http://www.ihchina.cn/art/representative.html?limit=100&p=29,2026-08-06T10:36:10+00:00,3474
inheritor_3475,叶竹青,男,汉族,VIII-218,VIII-218,VIII-218_04_445100,潮州彩瓷烧制技艺,传统技艺,广东省潮州市,广东省,5,2018,http://www.ihchina.cn/art/representative.html?limit=100&p=29,2026-08-06T10:36:10+00:00,3475
inheritor_3476,王芝文,男,汉族,VIII-219,VIII-219,VIII-219_04_440500,陶瓷微书,传统技艺,广东省汕头市,广东省,5,2018,http://www.ihchina.cn/art/representative.html?limit=100&p=29,2026-08-06T10:36:10+00:00,3476
inheritor_3477,蒋道银,男,汉族,VIII-220,VIII-220,VIII-220_04_310105,古陶瓷修复技艺,传统技艺,上海市长宁区,上海市,5,2018,http://www.ihchina.cn/art/representative.html?limit=100&p=29,2026-08-06T10:36:10+00:00,3477
inheritor_3478,张宪忠,男,藏族,VIII-221,VIII-221,VIII-221_04_630000,藏族鎏钴技艺,传统技艺,青海省,青海省,5,2018,http://www.ihchina.cn/art/representative.html?limit=100&p=29,2026-08-06T10:36:10+00:00,3478
inheritor_3479,李安民,男,汉族,VIII-222,VIII-222,VIII-222_04_140202,铜器制作技艺(大同铜器制作技艺),传统技艺,山西省大同市城区,山西省,5,2018,http://www.ihchina.cn/art/representative.html?limit=100&p=29,2026-08-06T10:36:10+00:00,3479
inheritor_3480,王津,男,汉族,VIII-223,VIII-223,VIII-223_04_110101,古代钟表修复技艺,传统技艺,故宫博物院,未知,5,2018,http://www.ihchina.cn/art/representative.html?limit=100&p=29,2026-08-06T10:36:10+00:00,3480
inheritor_3481,李时亮,男,回族,VIII-224,VIII-224,VIII-224_04_110102,传统香制作技艺(药香制作技艺),传统技艺,北京市西城区,北京市,5,2018,http://www.ihchina.cn/art/representative.html?limit=100&p=29,2026-08-06T10:36:10+00:00,3481
inheritor_3482,黄欧,男,汉族,VIII-224,VIII-224,VIII-224_04_441900,传统香制作技艺(莞香制作技艺),传统技艺,广东省东莞市,广东省,5,2018,http://www.ihchina.cn/art/representative.html?limit=100&p=29,2026-08-06T10:36:10+00:00,3482
inheritor_3483,陶高,女,蒙古族,VIII-226,VIII-226,VIII-226_04_152530,奶制品制作技艺(察干伊德),传统技艺,内蒙古自治区正蓝旗,内蒙古自治区,5,2018,http://www.ihchina.cn/art/representative.html?limit=100&p=29,2026-08-06T10:36:10+00:00,3483
inheritor_3484,刘敬贤,男,汉族,VIII-227,VIII-227,VIII-227_04_210100,辽菜传统烹饪技艺,传统技艺,辽宁省沈阳市,辽宁省,5,2018,http://www.ihchina.cn/art/representative.html?limit=100&p=29,2026-08-06T10:36:10+00:00,3484
inheritor_3485,王军,男,汉族,VIII-229,VIII-229,VIII-229_04_230112,老汤精配制,传统技艺,黑龙江省哈尔滨市阿城区,黑龙江省,5,2018,http://www.ihchina.cn/art/representative.html?limit=100&p=29,2026-08-06T10:36:10+00:00,3485
inheritor_3486,杨舜天,男,汉族,VIII-232,VIII-232,VIII-232_04_340400,豆腐传统制作技艺,传统技艺,安徽省淮南市,安徽省,5,2018,http://www.ihchina.cn/art/representative.html?limit=100&p=29,2026-08-06T10:36:10+00:00,3486
inheritor_3487,郭兰堂,男,汉族,VIII-234,VIII-234,VIII-234_04_370685,龙口粉丝传统制作技艺,传统技艺,山东省招远市,山东省,5,2018,http://www.ihchina.cn/art/representative.html?limit=100&p=29,2026-08-06T10:36:10+00:00,3487
inheritor_3488,王丽珠,女,汉族,VIII-235,VIII-235,VIII-235_04_532503,蒙自过桥米线制作技艺,传统技艺,云南省蒙自市,云南省,5,2018,http://www.ihchina.cn/art/representative.html?limit=100&p=29,2026-08-06T10:36:10+00:00,3488
inheritor_3489,祁伟成,男,汉族,VIII-237,VIII-237,VIII-237_04_140100,古建筑模型制作技艺,传统技艺,山西省太原市,山西省,5,2018,http://www.ihchina.cn/art/representative.html?limit=100&p=29,2026-08-06T10:36:10+00:00,3489
inheritor_3490,吴玉林,男,回族,VIII-238,VIII-238,VIII-238_04_321000,传统造园技艺(扬州园林营造技艺),传统技艺,江苏省扬州市,江苏省,5,2018,http://www.ihchina.cn/art/representative.html?limit=100&p=29,2026-08-06T10:36:10+00:00,3490
inheritor_3491,胥元明,男,汉族,VIII-241,VIII-241,VIII-241_04_622923,古建筑修复技艺,传统技艺,甘肃省永靖县,甘肃省,5,2018,http://www.ihchina.cn/art/representative.html?limit=100&p=29,2026-08-06T10:36:10+00:00,3491
inheritor_3566,王建生,男,汉族,IX-2,IX-2,IX-002_04_110102,中医诊疗法(清华池传统修脚术),传统医药,北京市西城区,北京市,5,2018,http://www.ihchina.cn/art/representative.html?limit=100&p=29,2026-08-06T10:36:10+00:00,3566
inheritor_3567,吴以岭,男,汉族,IX-2,IX-2,IX-002_04_130100,中医诊疗法(中医络病诊疗方法),传统医药,河北省石家庄市,河北省,5,2018,http://www.ihchina.cn/art/representative.html?limit=100&p=30,2026-08-06T10:36:12+00:00,3567
inheritor_3568,王红星,男,汉族,IX-2,IX-2,IX-002_04_130600,中医诊疗法(脏腑推拿疗法),传统医药,河北省保定市,河北省,5,2018,http://www.ihchina.cn/art/representative.html?limit=100&p=30,2026-08-06T10:36:12+00:00,3568
inheritor_3569,陆德铭,男,汉族,IX-2,IX-2,IX-002_04_310104,中医诊疗法(顾氏外科疗法),传统医药,上海市,上海市,5,2018,http://www.ihchina.cn/art/representative.html?limit=100&p=30,2026-08-06T10:36:12+00:00,3569
inheritor_3570,严蔚冰,男,汉族,IX-2,IX-2,IX-002_04_310109,中医诊疗法(古本易筋经十二势导引法),传统医药,上海市,上海市,5,2018,http://www.ihchina.cn/art/representative.html?limit=100&p=30,2026-08-06T10:36:12+00:00,3570
inheritor_3571,陆琴,女,汉族,IX-2,IX-2,IX-002_04_321000,中医诊疗法(扬州传统修脚术),传统医药,江苏省扬州市,江苏省,5,2018,http://www.ihchina.cn/art/representative.html?limit=100&p=30,2026-08-06T10:36:12+00:00,3571
inheritor_3572,董幼祺,男,汉族,IX-2,IX-2,IX-002_04_330203,中医诊疗法(董氏儿科医术),传统医药,浙江省宁波市海曙区,浙江省,5,2018,http://www.ihchina.cn/art/representative.html?limit=100&p=30,2026-08-06T10:36:12+00:00,3572
inheritor_3573,郑铎,男,汉族,IX-2,IX-2,IX-002_04_341021,中医诊疗法(西园喉科医术),传统医药,安徽省歙县,安徽省,5,2018,http://www.ihchina.cn/art/representative.html?limit=100&p=30,2026-08-06T10:36:12+00:00,3573
inheritor_3574,买建修,男,回族,IX-2,IX-2,IX-002_04_411602,中医诊疗法(买氏中医外治法),传统医药,河南省周口市川汇区,河南省,5,2018,http://www.ihchina.cn/art/representative.html?limit=100&p=30,2026-08-06T10:36:12+00:00,3574
inheritor_3575,毛顺卿,男,汉族,IX-2,IX-2,IX-002_04_411729,中医诊疗法(毛氏济世堂脱骨疽疗法),传统医药,河南省新蔡县,河南省,5,2018,http://www.ihchina.cn/art/representative.html?limit=100&p=30,2026-08-06T10:36:12+00:00,3575
inheritor_3576,镇水清,男,汉族,IX-2,IX-2,IX-002_04_421202,中医诊疗法(镇氏风湿病马钱子疗法),传统医药,湖北省咸宁市咸安区,湖北省,5,2018,http://www.ihchina.cn/art/representative.html?limit=100&p=30,2026-08-06T10:36:12+00:00,3576
inheritor_3577,韩竞生,男,汉族,IX-2,IX-2,IX-002_04_440400,中医诊疗法(一指禅推拿),传统医药,广东省珠海市,广东省,5,2018,http://www.ihchina.cn/art/representative.html?limit=100&p=30,2026-08-06T10:36:12+00:00,3577
inheritor_3578,陈荣钟,男,汉族,IX-2,IX-2,IX-002_04_440300,中医诊疗法(贾氏点穴疗法),传统医药,广东省深圳市,广东省,5,2018,http://www.ihchina.cn/art/representative.html?limit=100&p=30,2026-08-06T10:36:12+00:00,3578
inheritor_3579,王俊良,男,满族,IX-3,IX-3,IX-003_04_220500a,中药炮制技艺(人参炮制技艺),传统医药,吉林省通化市,吉林省,5,2018,http://www.ihchina.cn/art/representative.html?limit=100&p=30,2026-08-06T10:36:12+00:00,3579
inheritor_3581,李明焱,男,汉族,IX-3,IX-3,IX-003_04_330723,中药炮制技艺(武义寿仙谷中药炮制技艺),传统医药,浙江省武义县,浙江省,5,2018,http://www.ihchina.cn/art/representative.html?limit=100&p=30,2026-08-06T10:36:12+00:00,3581
inheritor_3582,袁小平,男,汉族,IX-3,IX-3,IX-003_04_360982,中药炮制技艺(樟树中药炮制技艺),传统医药,江西省樟树市,江西省,5,2018,http://www.ihchina.cn/art/representative.html?limit=100&p=30,2026-08-06T10:36:12+00:00,3582
inheritor_3583,胡昌江,男,汉族,IX-3,IX-3,IX-003_02_510100,中药炮制技艺,传统医药,四川省成都市,四川省,5,2018,http://www.ihchina.cn/art/representative.html?limit=100&p=30,2026-08-06T10:36:12+00:00,3583
inheritor_3584,郭玉凤,女,汉族,IX-4,IX-4,IX-004_03_120111,中医传统制剂方法(达仁堂清宫寿桃丸传统制,传统医药,天津中新药业集团股份有限公司达仁堂制药厂,天津市,5,2018,http://www.ihchina.cn/art/representative.html?limit=100&p=30,2026-08-06T10:36:12+00:00,3584
inheritor_3585,李燕钰,女,汉族,IX-4,IX-4,IX-004_04_120104,中医传统制剂方法(安宫牛黄丸制作技艺),传统医药,天津市南开区,天津市,5,2018,http://www.ihchina.cn/art/representative.html?limit=100&p=30,2026-08-06T10:36:12+00:00,3585
inheritor_3586,高强,男,汉族,IX-4,IX-4,IX-004_04_120104b,中医传统制剂方法(隆顺榕卫药制作技艺),传统医药,天津市南开区,天津市,5,2018,http://www.ihchina.cn/art/representative.html?limit=100&p=30,2026-08-06T10:36:12+00:00,3586
inheritor_3587,马卫东,男,汉族,IX-4,IX-4,IX-004_04_120106,中医传统制剂方法(益德成闻药制作技艺),传统医药,天津市红桥区,天津市,5,2018,http://www.ihchina.cn/art/representative.html?limit=100&p=30,2026-08-06T10:36:12+00:00,3587
inheritor_3588,刘文伟,男,汉族,IX-4,IX-4,IX-004_04_120111,中医传统制剂方法(京万红软膏组方与制作技,传统医药,天津市西青区,天津市,5,2018,http://www.ihchina.cn/art/representative.html?limit=100&p=30,2026-08-06T10:36:12+00:00,3588
inheritor_3590,王燕铭,男,汉族,IX-4,IX-4,IX-004_04_230104,中医传统制剂方法(老王麻子膏药制作技艺),传统医药,黑龙江省哈尔滨市道外区,黑龙江省,5,2018,http://www.ihchina.cn/art/representative.html?limit=100&p=30,2026-08-06T10:36:12+00:00,3590
inheritor_3591,刘柏生,男,汉族,IX-4,IX-4,IX-004_03_320281,中医传统制剂方法(致和堂膏滋药制作技艺),传统医药,江苏省江阴市,江苏省,5,2018,http://www.ihchina.cn/art/representative.html?limit=100&p=30,2026-08-06T10:36:12+00:00,3591
inheritor_3592,俞柏堂,男,汉族,IX-4,IX-4,IX-004_04_330102,中医传统制剂方法(方回春堂传统膏方制作技,传统医药,浙江省杭州市上城区,浙江省,5,2018,http://www.ihchina.cn/art/representative.html?limit=100&p=30,2026-08-06T10:36:12+00:00,3592
inheritor_3593,廖志钟,男,汉族,IX-4,IX-4,IX-004_03_441322,中医传统制剂方法(罗浮山百草油制作技艺),传统医药,广东省博罗县,广东省,5,2018,http://www.ihchina.cn/art/representative.html?limit=100&p=30,2026-08-06T10:36:12+00:00,3593
inheritor_3594,柯树泉,男,汉族,IX-4,IX-4,IX-004_04_440500,中医传统制剂方法(太安堂麒麟丸制作技艺),传统医药,广东省汕头市,广东省,5,2018,http://www.ihchina.cn/art/representative.html?limit=100&p=30,2026-08-06T10:36:12+00:00,3594
inheritor_3595,殷树荣,男,汉族,IX-4,IX-4,IX-004_03_500108,中医传统制剂方法(桐君阁传统丸剂制作技艺,传统医药,重庆市南岸区,重庆市,5,2018,http://www.ihchina.cn/art/representative.html?limit=100&p=30,2026-08-06T10:36:12+00:00,3595
inheritor_3596,张元昆,女,汉族,IX-4,IX-4,IX-004_04_530100,中医传统制剂方法(昆中药传统中药制剂),传统医药,云南省昆明市,云南省,5,2018,http://www.ihchina.cn/art/representative.html?limit=100&p=30,2026-08-06T10:36:12+00:00,3596
inheritor_3597,马绪斌,男,汉族,IX-4,IX-4,IX-004_04_610103,中医传统制剂方法(马明仁膏药制作技艺),传统医药,陕西省西安市碑林区,陕西省,5,2018,http://www.ihchina.cn/art/representative.html?limit=100&p=30,2026-08-06T10:36:12+00:00,3597
inheritor_3598,郭诚杰,男,汉族,IX-5,IX-5,IX-005_01_110108,针灸,传统医药,中国针灸学会,未知,5,2018,http://www.ihchina.cn/art/representative.html?limit=100&p=30,2026-08-06T10:36:12+00:00,3598
inheritor_3599,李鼎,男,汉族,IX-5,IX-5,IX-005_01_110108,针灸,传统医药,中国针灸学会,未知,5,2018,http://www.ihchina.cn/art/representative.html?limit=100&p=30,2026-08-06T10:36:12+00:00,3599
inheritor_3600,石学敏,男,汉族,IX-5,IX-5,IX-005_01_110108,针灸,传统医药,中国针灸学会,未知,5,2018,http://www.ihchina.cn/art/representative.html?limit=100&p=30,2026-08-06T10:36:12+00:00,3600
inheritor_3601,田从豁,男,汉族,IX-5,IX-5,IX-005_01_110108,针灸,传统医药,中国针灸学会,未知,5,2018,http://www.ihchina.cn/art/representative.html?limit=100&p=30,2026-08-06T10:36:12+00:00,3601
inheritor_3602,张缙,男,汉族,IX-5,IX-5,IX-005_01_110108,针灸,传统医药,中国针灸学会,未知,5,2018,http://www.ihchina.cn/art/representative.html?limit=100&p=30,2026-08-06T10:36:12+00:00,3602
inheritor_3603,陆焱垚,女,汉族,IX-5,IX-5,IX-005_03_310104,针灸(陆氏针灸疗法),传统医药,上海市,上海市,5,2018,http://www.ihchina.cn/art/representative.html?limit=100&p=30,2026-08-06T10:36:12+00:00,3603
inheritor_3604,金瑛,男,汉族,IX-5,IX-5,IX-005_04_330800,针灸(杨继洲针灸),传统医药,浙江省衢州市,浙江省,5,2018,http://www.ihchina.cn/art/representative.html?limit=100&p=30,2026-08-06T10:36:12+00:00,3604
inheritor_3605,罗素兰,女,汉族,IX-6,IX-6,IX-006_02_110105,中医正骨疗法(罗氏正骨法),传统医药,北京市朝阳区,北京市,5,2018,http://www.ihchina.cn/art/representative.html?limit=100&p=30,2026-08-06T10:36:12+00:00,3605
inheritor_3606,苏继承,男,汉族,IX-6,IX-6,IX-006_04_210381,中医正骨疗法(海城苏氏正骨),传统医药,辽宁省海城市,辽宁省,5,2018,http://www.ihchina.cn/art/representative.html?limit=100&p=30,2026-08-06T10:36:12+00:00,3606
inheritor_3607,石印玉,男,汉族,IX-6,IX-6,IX-006_04_310115,中医正骨疗法(上海石氏伤科疗法),传统医药,上海市,上海市,5,2018,http://www.ihchina.cn/art/representative.html?limit=100&p=30,2026-08-06T10:36:12+00:00,3607
inheritor_3608,章岩友,男,汉族,IX-6,IX-6,IX-006_03_331000,中医正骨疗法(章氏骨伤疗法),传统医药,浙江省台州市,浙江省,5,2018,http://www.ihchina.cn/art/representative.html?limit=100&p=30,2026-08-06T10:36:12+00:00,3608
inheritor_3609,郭艳幸,女,汉族,IX-6,IX-6,IX-006_02_410300,中医正骨疗法(平乐郭氏正骨法),传统医药,河南省洛阳市,河南省,5,2018,http://www.ihchina.cn/art/representative.html?limit=100&p=30,2026-08-06T10:36:12+00:00,3609
inheritor_3610,廖怀章,男,汉族,IX-6,IX-6,IX-006_04_430522,中医正骨疗法(新邵孙氏正骨术),传统医药,湖南省新邵县,湖南省,5,2018,http://www.ihchina.cn/art/representative.html?limit=100&p=30,2026-08-06T10:36:12+00:00,3610
inheritor_3611,明珠,男,藏族,IX-9,IX-9,IX-009_04_542200,藏医药(山南藏医药浴法),传统医药,西藏自治区山南市,西藏自治区,5,2018,http://www.ihchina.cn/art/representative.html?limit=100&p=30,2026-08-06T10:36:12+00:00,3611
inheritor_3612,索南旺杰,男,藏族,IX-9,IX-9,IX-009_02_623026,藏医药(甘南藏医药),传统医药,甘肃省碌曲县,甘肃省,5,2018,http://www.ihchina.cn/art/representative.html?limit=100&p=30,2026-08-06T10:36:12+00:00,3612
inheritor_3613,尼玛才让,男,藏族,IX-9,IX-9,IX-009_04_630100,藏医药(藏医放血疗法),传统医药,青海省,青海省,5,2018,http://www.ihchina.cn/art/representative.html?limit=100&p=30,2026-08-06T10:36:12+00:00,3613
inheritor_3614,包斯琴,女,蒙古族,IX-12,IX-12,IX-012_03_150100,蒙医药(蒙医传统正骨术),传统医药,内蒙古自治区中蒙医医院,内蒙古自治区,5,2018,http://www.ihchina.cn/art/representative.html?limit=100&p=30,2026-08-06T10:36:12+00:00,3614
inheritor_3615,王布和,男,蒙古族,IX-12,IX-12,IX-012_04_152222,蒙医药(科尔沁蒙医药浴疗法),传统医药,内蒙古自治区科尔沁右翼中旗,内蒙古自治区,5,2018,http://www.ihchina.cn/art/representative.html?limit=100&p=30,2026-08-06T10:36:12+00:00,3615
inheritor_3616,赵有辉,男,瑶族,IX-14,IX-14,IX-014_02_522633,瑶族医药(药浴疗法),传统医药,贵州省从江县,贵州省,5,2018,http://www.ihchina.cn/art/representative.html?limit=100&p=30,2026-08-06T10:36:12+00:00,3616
inheritor_3617,田兴秀,男,苗族,IX-15,IX-15,IX-015_03_433124,苗医药(钻节风疗法),传统医药,湖南省花垣县,湖南省,5,2018,http://www.ihchina.cn/art/representative.html?limit=100&p=30,2026-08-06T10:36:12+00:00,3617
inheritor_3618,王增世,男,苗族,IX-15,IX-15,IX-015_02_522634,苗医药(骨伤蛇伤疗法),传统医药,贵州省雷山县,贵州省,5,2018,http://www.ihchina.cn/art/representative.html?limit=100&p=30,2026-08-06T10:36:12+00:00,3618
inheritor_3619,陈卫川,男,回族,IX-17,IX-17,IX-017_04_640300,回族医药(陈氏回族医技十法),传统医药,宁夏回族自治区吴忠市,宁夏回族自治区,5,2018,http://www.ihchina.cn/art/representative.html?limit=100&p=30,2026-08-06T10:36:12+00:00,3619
inheritor_3620,阿布都克力木·阿布都热木,男,维吾尔族,IX-21,IX-21,IX-021_03_653125,维吾尔医药(食物疗法),传统医药,新疆维吾尔自治区莎车县,新疆维吾尔自治区,5,2018,http://www.ihchina.cn/art/representative.html?limit=100&p=30,2026-08-06T10:36:12+00:00,3620
inheritor_3621,吾尔阿力·赛塔尔汗,男,哈萨克族,IX-23,IX-23,IX-023_04_654300,哈萨克族医药(布拉吾药浴熏蒸疗法、卧塔什正骨术、冻伤疗法),传统医药,新疆维吾尔自治区阿勒泰地区,新疆维吾尔自治区,5,2018,http://www.ihchina.cn/art/representative.html?limit=100&p=30,2026-08-06T10:36:12+00:00,3621
inheritor_3623,巴合提别克·胡马尔哈吉,男,哈萨克族,IX-23,IX-23,IX-023_04_654300,哈萨克族医药(布拉吾药浴熏蒸疗法、卧塔什正骨术、冻伤疗法),传统医药,新疆维吾尔自治区阿勒泰地区,新疆维吾尔自治区,5,2018,http://www.ihchina.cn/art/representative.html?limit=100&p=30,2026-08-06T10:36:12+00:00,3623
inheritor_3685,谭国政,男,汉族,X-3,X-3,X-003_01_420527,端午节(屈原故里端午习俗),民俗,湖北省秭归县,湖北省,5,2018,http://www.ihchina.cn/art/representative.html?limit=100&p=30,2026-08-06T10:36:12+00:00,3685
inheritor_3686,刘桂生,男,汉族,X-3,X-3,X-003_04_420700,端午节(泽林旱龙舟),民俗,湖北省鄂州市,湖北省,5,2018,http://www.ihchina.cn/art/representative.html?limit=100&p=30,2026-08-06T10:36:12+00:00,3686
inheritor_3687,何信,男,汉族,X-5,X-5,X-005_02_440600,中秋节(佛山秋色),民俗,广东省佛山市,广东省,5,2018,http://www.ihchina.cn/art/representative.html?limit=100&p=30,2026-08-06T10:36:12+00:00,3687
inheritor_3688,赵保忠,男,景颇族,X-11,X-11,X-011_01_533124,景颇族目瑙纵歌,民俗,云南省陇川县,云南省,5,2018,http://www.ihchina.cn/art/representative.html?limit=100&p=30,2026-08-06T10:36:12+00:00,3688
inheritor_3689,卢超元,男,壮族,X-12,X-12,X-012_04_450122,三月三(壮族三月三),民俗,广西壮族自治区南宁市武鸣区,广西壮族自治区,5,2018,http://www.ihchina.cn/art/representative.html?limit=100&p=30,2026-08-06T10:36:12+00:00,3689
inheritor_3690,廖熙福,男,壮族,X-15,X-15,X-015_01_451200,壮族蚂虫另节,民俗,广西壮族自治区河池市,广西壮族自治区,5,2018,http://www.ihchina.cn/art/representative.html?limit=100&p=30,2026-08-06T10:36:12+00:00,3690
inheritor_3691,谢忠厚,男,仫佬族,X-16,X-16,X-016_01_451225,仫佬族依饭节,民俗,广西壮族自治区罗城仫佬族自治县,广西壮族自治区,5,2018,http://www.ihchina.cn/art/representative.html?limit=100&p=30,2026-08-06T10:36:12+00:00,3691
inheritor_3692,余无子满,女,羌族,X-18,X-18,X-018_01_513200,羌族瓦尔俄足节,民俗,四川省阿坝藏族羌族自治州,四川省,5,2018,http://www.ihchina.cn/art/representative.html?limit=100&p=30,2026-08-06T10:36:12+00:00,3692
inheritor_3693,王国光,男,独龙族,X-23,X-23,X-023_01_533324,独龙族卡雀哇节,民俗,云南省贡山独龙族怒族自治县,云南省,5,2018,http://www.ihchina.cn/art/representative.html?limit=100&p=30,2026-08-06T10:36:12+00:00,3693
inheritor_3694,李汉良,男,怒族,X-24,X-24,X-024_01_533324,怒族仙女节,民俗,云南省贡山独龙族怒族自治县,云南省,5,2018,http://www.ihchina.cn/art/representative.html?limit=100&p=30,2026-08-06T10:36:12+00:00,3694
inheritor_3695,艾德买提·焦孜克,男,塔吉克族,X-28,X-28,X-028_01_653131,塔吉克族引水节和播种节,民俗,新疆维吾尔自治区塔什库尔干塔吉克自治县,新疆维吾尔自治区,5,2018,http://www.ihchina.cn/art/representative.html?limit=100&p=30,2026-08-06T10:36:12+00:00,3695
inheritor_3696,郭日扎布,男,蒙古族,X-34,X-34,X-034_01_150600,成吉思汗祭典,民俗,内蒙古自治区鄂尔多斯市,内蒙古自治区,5,2018,http://www.ihchina.cn/art/representative.html?limit=100&p=30,2026-08-06T10:36:12+00:00,3696
inheritor_3697,孔祥楷,男,汉族,X-35,X-35,X-035_03_330800,祭孔大典(南孔祭典),民俗,浙江省衢州市,浙江省,5,2018,http://www.ihchina.cn/art/representative.html?limit=100&p=30,2026-08-06T10:36:12+00:00,3697
inheritor_3698,马兆盛,男,汉族,X-36,X-36,X-036_04_120112,妈祖祭典(葛沽宝辇会),民俗,天津市津南区,天津市,5,2018,http://www.ihchina.cn/art/representative.html?limit=100&p=30,2026-08-06T10:36:12+00:00,3698
inheritor_3699,吴江,男,汉族,X-36,X-36,X-036_03_330322,妈祖祭典(洞头妈祖祭典),民俗,浙江省洞头县,浙江省,5,2018,http://www.ihchina.cn/art/representative.html?limit=100&p=30,2026-08-06T10:36:12+00:00,3699
inheritor_3700,陈键铨,男,汉族,X-36,X-36,X-036_04_820000,妈祖祭典(澳门妈祖信俗),民俗,澳门特别行政区,澳门特别行政区,5,2018,http://www.ihchina.cn/art/representative.html?limit=100&p=30,2026-08-06T10:36:12+00:00,3700
inheritor_3701,杨廷杰,男,汉族,X-37,X-37,X-037_01_620500,太昊伏羲祭典,民俗,甘肃省天水市,甘肃省,5,2018,http://www.ihchina.cn/art/representative.html?limit=100&p=30,2026-08-06T10:36:12+00:00,3701
inheritor_3702,张乃林,男,汉族,X-38,X-38,X-038_01_130426,女娲祭典,民俗,河北省涉县,河北省,5,2018,http://www.ihchina.cn/art/representative.html?limit=100&p=30,2026-08-06T10:36:12+00:00,3702
inheritor_3703,王世贵,男,汉族,X-38,X-38,X-038_03_620522,女娲祭典(秦安女娲祭典),民俗,甘肃省秦安县,甘肃省,5,2018,http://www.ihchina.cn/art/representative.html?limit=100&p=30,2026-08-06T10:36:12+00:00,3703
inheritor_3704,塔力普·库宛,男,维吾尔族,X-49,X-49,X-049_01_653127,维吾尔刀郎麦西热甫,民俗,新疆维吾尔自治区麦盖提县,新疆维吾尔自治区,5,2018,http://www.ihchina.cn/art/representative.html?limit=100&p=30,2026-08-06T10:36:12+00:00,3704
inheritor_3705,艾力亚斯·尕依提,男,维吾尔族,X-49,X-49,X-049_02_652928,新疆维吾尔族麦西热甫(新疆维吾尔刀郎麦西,民俗,新疆维吾尔自治区阿瓦提县,新疆维吾尔自治区,5,2018,http://www.ihchina.cn/art/representative.html?limit=100&p=30,2026-08-06T10:36:12+00:00,3705
inheritor_3706,戴水平,男,汉族,X-52,X-52,X-052_01_360424,全丰花灯,民俗,江西省修水县,江西省,5,2018,http://www.ihchina.cn/art/representative.html?limit=100&p=30,2026-08-06T10:36:12+00:00,3706
inheritor_3707,杨凤山,男,汉族,X-54,X-54,X-054_02_130121,民间社火(桃林坪花脸社火),民俗,河北省井陉县,河北省,5,2018,http://www.ihchina.cn/art/representative.html?limit=100&p=30,2026-08-06T10:36:12+00:00,3707
inheritor_3708,赵志高,男,汉族,X-54,X-54,X-054_04_140702,民间社火(南庄无根架火),民俗,山西省晋中市榆次区,山西省,5,2018,http://www.ihchina.cn/art/representative.html?limit=100&p=30,2026-08-06T10:36:12+00:00,3708
inheritor_3709,吕春景,男,满族,X-54,X-54,X-054_02_210521,民间社火(本溪社火),民俗,辽宁省本溪满族自治县,辽宁省,5,2018,http://www.ihchina.cn/art/representative.html?limit=100&p=30,2026-08-06T10:36:12+00:00,3709
inheritor_3710,孙书林,男,汉族,X-54,X-54,X-054_02_410621,民间社火(浚县民间社火),民俗,河南省浚县,河南省,5,2018,http://www.ihchina.cn/art/representative.html?limit=100&p=30,2026-08-06T10:36:12+00:00,3710
inheritor_3711,李建中,男,汉族,X-54,X-54,X-054_02_610723,民间社火(洋县悬台社火),民俗,陕西省洋县,陕西省,5,2018,http://www.ihchina.cn/art/representative.html?limit=100&p=30,2026-08-06T10:36:12+00:00,3711
inheritor_3712,曹纳木,男,蒙古族,X-55,X-55,X-055_01_150600,鄂尔多斯婚礼,民俗,内蒙古自治区鄂尔多斯市,内蒙古自治区,5,2018,http://www.ihchina.cn/art/representative.html?limit=100&p=30,2026-08-06T10:36:12+00:00,3712
inheritor_3713,朱清山,男,汉族,X-60,X-60,X-060_02_411081,药市习俗(禹州药会),民俗,河南省禹州市,河南省,5,2018,http://www.ihchina.cn/art/representative.html?limit=100&p=30,2026-08-06T10:36:12+00:00,3713
inheritor_3714,韦真礼,男,壮族,X-61,X-61,X-061_01_451200,壮族铜鼓习俗,民俗,广西壮族自治区河池市,广西壮族自治区,5,2018,http://www.ihchina.cn/art/representative.html?limit=100&p=30,2026-08-06T10:36:12+00:00,3714
inheritor_3715,杨文琴,女,苗族,X-65,X-65,X-065_02_520402,苗族服饰,民俗,贵州省安顺市西秀区,贵州省,5,2018,http://www.ihchina.cn/art/representative.html?limit=100&p=30,2026-08-06T10:36:12+00:00,3715
inheritor_3716,熊光珍,女,苗族,X-65,X-65,X-065_02_520203,苗族服饰,民俗,贵州省六盘水市六枝特区,贵州省,5,2018,http://www.ihchina.cn/art/representative.html?limit=100&p=30,2026-08-06T10:36:12+00:00,3716
inheritor_3717,何金秀,女,瑶族,X-67,X-67,X-067_01_451221,瑶族服饰,民俗,广西壮族自治区南丹县,广西壮族自治区,5,2018,http://www.ihchina.cn/art/representative.html?limit=100&p=30,2026-08-06T10:36:12+00:00,3717
inheritor_3718,潘继凤,女,瑶族,X-67,X-67,X-067_04_450328,瑶族服饰,民俗,广西壮族自治区龙胜各族自治县,广西壮族自治区,5,2018,http://www.ihchina.cn/art/representative.html?limit=100&p=30,2026-08-06T10:36:12+00:00,3718
inheritor_3719,杨兴亚,男,汉族,X-68,X-68,X-068_04_331022,农历二十四节气(三门祭冬),民俗,浙江省三门县,浙江省,5,2018,http://www.ihchina.cn/art/representative.html?limit=100&p=30,2026-08-06T10:36:12+00:00,3719
inheritor_3720,吴海深,男,苗族,X-68,X-68,X-068_04_433124,农历二十四节气(苗族赶秋),民俗,湖南省花垣县,湖南省,5,2018,http://www.ihchina.cn/art/representative.html?limit=100&p=30,2026-08-06T10:36:12+00:00,3720
inheritor_3721,封万明,男,汉族,X-68,X-68,X-068_03_520623,农历二十四节气(石阡说春),民俗,贵州省石阡县,贵州省,5,2018,http://www.ihchina.cn/art/representative.html?limit=100&p=30,2026-08-06T10:36:12+00:00,3721
inheritor_3722,郭建明,男,汉族,X-71,X-71,X-071_02_130726,元宵节(蔚县拜灯山习俗),民俗,河北省蔚县,河北省,5,2018,http://www.ihchina.cn/art/representative.html?limit=100&p=30,2026-08-06T10:36:12+00:00,3722
inheritor_3723,梁志福,男,汉族,X-71,X-71,X-071_04_130824,元宵节(抡花),民俗,河北省滦平县,河北省,5,2018,http://www.ihchina.cn/art/representative.html?limit=100&p=30,2026-08-06T10:36:12+00:00,3723
inheritor_3724,贾峰岳,男,汉族,X-71,X-71,X-071_02_141125,元宵节(柳林盘子会),民俗,山西省柳林县,山西省,5,2018,http://www.ihchina.cn/art/representative.html?limit=100&p=30,2026-08-06T10:36:12+00:00,3724
inheritor_3725,傅叶茂,男,汉族,X-71,X-71,X-071_04_330109,元宵节(河上龙灯胜会),民俗,浙江省杭州市萧山区,浙江省,5,2018,http://www.ihchina.cn/art/representative.html?limit=100&p=30,2026-08-06T10:36:12+00:00,3725
inheritor_3726,童全灿,男,汉族,X-71,X-71,X-071_04_330226,元宵节(前童元宵行会),民俗,浙江省宁海县,浙江省,5,2018,http://www.ihchina.cn/art/representative.html?limit=100&p=30,2026-08-06T10:36:12+00:00,3726
inheritor_3727,张向仁,男,汉族,X-71,X-71,X-071_04_370303,元宵节(淄博花灯会),民俗,山东省淄博市张店区,山东省,5,2018,http://www.ihchina.cn/art/representative.html?limit=100&p=30,2026-08-06T10:36:12+00:00,3727
inheritor_3728,韩素莲,女,汉族,X-72,X-72,X-072_02_330225,渔民开洋、谢洋节,民俗,浙江省象山县,浙江省,5,2018,http://www.ihchina.cn/art/representative.html?limit=100&p=30,2026-08-06T10:36:12+00:00,3728
inheritor_3729,王巍岩,男,汉族,X-72,X-72,X-072_02_371082,渔民开洋、谢洋节,民俗,山东省荣成市,山东省,5,2018,http://www.ihchina.cn/art/representative.html?limit=100&p=30,2026-08-06T10:36:12+00:00,3729
inheritor_3730,吴牛振,男,苗族,X-77,X-77,X-077_03_433101,苗族四月八,民俗,湖南省吉首市,湖南省,5,2018,http://www.ihchina.cn/art/representative.html?limit=100&p=30,2026-08-06T10:36:12+00:00,3730
inheritor_3731,王腊生,男,德昂族,X-78,X-78,X-078_02_533100,德昂族浇花节,民俗,云南省德宏傣族景颇族自治州,云南省,5,2018,http://www.ihchina.cn/art/representative.html?limit=100&p=31,2026-08-06T10:36:13+00:00,3731
inheritor_3732,再屯娜,女,塔塔尔族,X-80,X-80,X-080_02_654200,塔塔尔族撒班节,民俗,新疆维吾尔自治区塔城地区,新疆维吾尔自治区,5,2018,http://www.ihchina.cn/art/representative.html?limit=100&p=31,2026-08-06T10:36:13+00:00,3732
inheritor_3733,程忠信,男,汉族,X-84,X-84,X-084_03_330784,庙会(方岩庙会),民俗,浙江省永康市,浙江省,5,2018,http://www.ihchina.cn/art/representative.html?limit=100&p=31,2026-08-06T10:36:13+00:00,3733
inheritor_3734,吴吉山,男,锡伯族,X-85,X-85,X-085_03_210100,民间信俗(锡伯族喜利妈妈信俗),民俗,辽宁省沈阳市,辽宁省,5,2018,http://www.ihchina.cn/art/representative.html?limit=100&p=31,2026-08-06T10:36:13+00:00,3734
inheritor_3735,徐顺炜,男,汉族,X-85,X-85,X-085_02_330303,民间信俗(汤和信俗),民俗,浙江省温州市龙湾区,浙江省,5,2018,http://www.ihchina.cn/art/representative.html?limit=100&p=31,2026-08-06T10:36:13+00:00,3735
inheritor_3736,黄光辉,男,汉族,X-85,X-85,X-085_02_350922,民间信俗(陈靖姑信俗),民俗,福建省古田县,福建省,5,2018,http://www.ihchina.cn/art/representative.html?limit=100&p=31,2026-08-06T10:36:13+00:00,3736
inheritor_3737,陈基坤,男,汉族,X-85,X-85,X-085_04_450700,民间信俗(钦州跳岭头),民俗,广西壮族自治区钦州市,广西壮族自治区,5,2018,http://www.ihchina.cn/art/representative.html?limit=100&p=31,2026-08-06T10:36:13+00:00,3737
inheritor_3738,斯那品初,男,藏族,X-85,X-85,X-085_04_533422,民间信俗(梅里神山祭祀),民俗,云南省德钦县,云南省,5,2018,http://www.ihchina.cn/art/representative.html?limit=100&p=31,2026-08-06T10:36:13+00:00,3738
inheritor_3739,刘仕美,女,壮族,X-85,X-85,X-085_04_532623,民间信俗(女子太阳山祭祀),民俗,云南省西畴县,云南省,5,2018,http://www.ihchina.cn/art/representative.html?limit=100&p=31,2026-08-06T10:36:13+00:00,3739
inheritor_3740,张庆明,男,汉族,X-85,X-85,X-085_04_640324,民间信俗(同心莲花山青苗水会),民俗,宁夏回族自治区同心县,宁夏回族自治区,5,2018,http://www.ihchina.cn/art/representative.html?limit=100&p=31,2026-08-06T10:36:13+00:00,3740
inheritor_3741,郑权光,男,汉族,X-85,X-85,X-085_04_820000a,民间信俗(澳门哪吒信俗),民俗,澳门特别行政区,澳门特别行政区,5,2018,http://www.ihchina.cn/art/representative.html?limit=100&p=31,2026-08-06T10:36:13+00:00,3741
inheritor_3742,叶达,男,汉族,X-85,X-85,X-085_04_820000a,民间信俗(澳门哪吒信俗),民俗,澳门特别行政区,澳门特别行政区,5,2018,http://www.ihchina.cn/art/representative.html?limit=100&p=31,2026-08-06T10:36:13+00:00,3742
inheritor_3743,加火加木措,男,藏族,X-86,X-86,X-086_02_632200,青海湖祭海,民俗,青海省海北藏族自治州,青海省,5,2018,http://www.ihchina.cn/art/representative.html?limit=100&p=31,2026-08-06T10:36:13+00:00,3743
inheritor_3744,高裕民,男,汉族,X-87,X-87,X-087_02_140822,抬阁(芯子、铁枝、飘色)(万荣抬阁),民俗,山西省万荣县,山西省,5,2018,http://www.ihchina.cn/art/representative.html?limit=100&p=31,2026-08-06T10:36:13+00:00,3744
inheritor_3745,郝来喜,男,汉族,X-87,X-87,X-087_02_140923,抬阁(芯子、铁枝、飘色)(峨口挠阁),民俗,山西省代县,山西省,5,2018,http://www.ihchina.cn/art/representative.html?limit=100&p=31,2026-08-06T10:36:13+00:00,3745
inheritor_3746,姚汝明,男,汉族,X-87,X-87,X-087_02_320482,抬阁(芯子、铁枝、飘色)(金坛抬阁),民俗,江苏省常州市金坛区,江苏省,5,2018,http://www.ihchina.cn/art/representative.html?limit=100&p=31,2026-08-06T10:36:13+00:00,3746
inheritor_3747,李阳波,男,汉族,X-87,X-87,X-087_03_430681,抬阁(长乐抬阁故事会),民俗,湖南省汨罗市,湖南省,5,2018,http://www.ihchina.cn/art/representative.html?limit=100&p=31,2026-08-06T10:36:13+00:00,3747
inheritor_3748,刘齐跃,男,汉族,X-87,X-87,X-087_04_431382,抬阁(珠梅抬故事),民俗,湖南省涟源市,湖南省,5,2018,http://www.ihchina.cn/art/representative.html?limit=100&p=31,2026-08-06T10:36:13+00:00,3748
inheritor_3749,梁尔敦,男,汉族,X-87,X-87,X-087_02_640423,抬阁(芯子、铁枝、飘色)(隆德县高台),民俗,宁夏回族自治区隆德县,宁夏回族自治区,5,2018,http://www.ihchina.cn/art/representative.html?limit=100&p=31,2026-08-06T10:36:13+00:00,3749
inheritor_3750,杨建军,男,汉族,X-88,X-88,X-088_02_411725,打铁花,民俗,河南省确山县,河南省,5,2018,http://www.ihchina.cn/art/representative.html?limit=100&p=31,2026-08-06T10:36:13+00:00,3750
inheritor_3751,刘一侠,男,汉族,X-90,X-90,X-090_03_330328,祭祖习俗(太公祭),民俗,浙江省文成县,浙江省,5,2018,http://www.ihchina.cn/art/representative.html?limit=100&p=31,2026-08-06T10:36:13+00:00,3751
inheritor_3752,诸葛议,男,汉族,X-90,X-90,X-090_04_330781,祭祖习俗(诸葛后裔祭祖),民俗,浙江省兰溪市,浙江省,5,2018,http://www.ihchina.cn/art/representative.html?limit=100&p=31,2026-08-06T10:36:13+00:00,3752
inheritor_3753,陈敦和,男,汉族,X-90,X-90,X-090_04_341024,祭祖习俗(徽州祠祭),民俗,安徽省祁门县,安徽省,5,2018,http://www.ihchina.cn/art/representative.html?limit=100&p=31,2026-08-06T10:36:13+00:00,3753
inheritor_3754,额尔登达来,男,蒙古族,X-92,X-92,X-092_02_152900,蒙古族养驼习俗,民俗,内蒙古自治区阿拉善盟,内蒙古自治区,5,2018,http://www.ihchina.cn/art/representative.html?limit=100&p=31,2026-08-06T10:36:13+00:00,3754
inheritor_3755,赵炳林,男,汉族,X-93,X-93,X-093_02_220621,长白山采参习俗,民俗,吉林省抚松县,吉林省,5,2018,http://www.ihchina.cn/art/representative.html?limit=100&p=31,2026-08-06T10:36:13+00:00,3755
inheritor_3756,郭幸福,男,汉族,X-98,X-98,X-098_02_440400,汉族传统婚俗(斗门水上婚嫁习俗),民俗,广东省珠海市,广东省,5,2018,http://www.ihchina.cn/art/representative.html?limit=100&p=31,2026-08-06T10:36:13+00:00,3756
inheritor_3757,巴拉嘎日玛,女,蒙古族,X-108,X-108,X-108_02_150000,蒙古族服饰,民俗,内蒙古自治区,内蒙古自治区,5,2018,http://www.ihchina.cn/art/representative.html?limit=100&p=31,2026-08-06T10:36:13+00:00,3757
inheritor_3758,其木格,女,蒙古族,X-108,X-108,X-108_04_152530,蒙古族服饰,民俗,内蒙古自治区正蓝旗,内蒙古自治区,5,2018,http://www.ihchina.cn/art/representative.html?limit=100&p=31,2026-08-06T10:36:13+00:00,3758
inheritor_3759,娜仁其其格,女,蒙古族,X-108,X-108,X-108_02_620923,蒙古族服饰,民俗,甘肃省肃北蒙古族自治县,甘肃省,5,2018,http://www.ihchina.cn/art/representative.html?limit=100&p=31,2026-08-06T10:36:13+00:00,3759
inheritor_3760,俞玉兰,女,朝鲜族,X-109,X-109,X-109_02_222400,朝鲜族服饰,民俗,吉林省延边朝鲜族自治州,吉林省,5,2018,http://www.ihchina.cn/art/representative.html?limit=100&p=31,2026-08-06T10:36:13+00:00,3760
inheritor_3761,兰曲钗,男,畲族,X-110,X-110,X-110_02_350123,畲族服饰,民俗,福建省罗源县,福建省,5,2018,http://www.ihchina.cn/art/representative.html?limit=100&p=31,2026-08-06T10:36:13+00:00,3761
inheritor_3762,阿旺旦达,男,藏族,X-113,X-113,X-113_02_542227,藏族服饰,民俗,西藏自治区措美县,西藏自治区,5,2018,http://www.ihchina.cn/art/representative.html?limit=100&p=31,2026-08-06T10:36:13+00:00,3762
inheritor_3763,南布,女,藏族,X-113,X-113,X-113_02_542425,藏族服饰,民俗,西藏自治区安多县,西藏自治区,5,2018,http://www.ihchina.cn/art/representative.html?limit=100&p=31,2026-08-06T10:36:13+00:00,3763
inheritor_3764,次仁旺堆,男,藏族,X-113,X-113,X-113_02_542426,藏族服饰,民俗,西藏自治区申扎县,西藏自治区,5,2018,http://www.ihchina.cn/art/representative.html?limit=100&p=31,2026-08-06T10:36:13+00:00,3764
inheritor_3765,加羊卓玛,女,藏族,X-113,X-113,X-113_04_632500,藏族服饰,民俗,青海省海南藏族自治州,海南省,5,2018,http://www.ihchina.cn/art/representative.html?limit=100&p=31,2026-08-06T10:36:13+00:00,3765
inheritor_3766,席秀忠,女,土族,X-115,X-115,X-115_02_630223,土族服饰,民俗,青海省互助土族自治县,青海省,5,2018,http://www.ihchina.cn/art/representative.html?limit=100&p=31,2026-08-06T10:36:13+00:00,3766
inheritor_3767,马建新,男,撒拉族,X-116,X-116,X-116_02_630225,撒拉族服饰,民俗,青海省循化撒拉族自治县,青海省,5,2018,http://www.ihchina.cn/art/representative.html?limit=100&p=31,2026-08-06T10:36:13+00:00,3767
inheritor_3768,金艾斯古丽·努尔坦阿肯,女,哈萨克族,X-118,X-118,X-118_02_654000,哈萨克族服饰,民俗,新疆维吾尔自治区伊犁哈萨克自治州,新疆维吾尔自治区,5,2018,http://www.ihchina.cn/art/representative.html?limit=100&p=31,2026-08-06T10:36:13+00:00,3768
inheritor_3769,王书保,男,汉族,X-120,X-120,X-120_03_469002,南海航道更路经,民俗,海南省琼海市,海南省,5,2018,http://www.ihchina.cn/art/representative.html?limit=100&p=31,2026-08-06T10:36:13+00:00,3769
inheritor_3770,相建峰,男,汉族,X-123,X-123,X-123_03_140881,中和节(永济背冰),民俗,山西省永济市,山西省,5,2018,http://www.ihchina.cn/art/representative.html?limit=100&p=31,2026-08-06T10:36:13+00:00,3770
inheritor_3771,赵玉玲,女,俄罗斯族,X-124,X-124,X-124_03_150784,俄罗斯族巴斯克节,民俗,内蒙古自治区额尔古纳市,内蒙古自治区,5,2018,http://www.ihchina.cn/art/representative.html?limit=100&p=31,2026-08-06T10:36:13+00:00,3771
inheritor_3772,卢文学,男,哈尼族,X-133,X-133,X-133_03_532528,祭寨神林,民俗,云南省元阳县,云南省,5,2018,http://www.ihchina.cn/art/representative.html?limit=100&p=31,2026-08-06T10:36:13+00:00,3772
inheritor_3773,莫景海,男,达斡尔族,X-139,X-139,X-139_03_230206,婚俗(达斡尔族传统婚俗),民俗,黑龙江省齐齐哈尔市富拉尔基区,黑龙江省,5,2018,http://www.ihchina.cn/art/representative.html?limit=100&p=31,2026-08-06T10:36:13+00:00,3773
inheritor_3774,蓝余根,男,畲族,X-139,X-139,X-139_04_331127,婚俗(畲族婚俗),民俗,浙江省景宁畲族自治县,浙江省,5,2018,http://www.ihchina.cn/art/representative.html?limit=100&p=31,2026-08-06T10:36:13+00:00,3774
inheritor_3775,库尔马西·胡特曼,男,柯尔克孜族,X-143,X-143,X-143_03_653023,柯尔克孜族驯鹰习俗,民俗,新疆维吾尔自治区阿合奇县,新疆维吾尔自治区,5,2018,http://www.ihchina.cn/art/representative.html?limit=100&p=31,2026-08-06T10:36:13+00:00,3775
inheritor_3776,侯保兵,男,苗族,X-146,X-146,X-146_04_532523,苗族花山节,民俗,云南省屏边苗族自治县,云南省,5,2018,http://www.ihchina.cn/art/representative.html?limit=100&p=31,2026-08-06T10:36:13+00:00,3776
inheritor_3777,嘎尔迪脑日布,男,蒙古族,X-147,X-147,X-147_04_150626,察干苏力德祭,民俗,内蒙古自治区乌审旗,内蒙古自治区,5,2018,http://www.ihchina.cn/art/representative.html?limit=100&p=31,2026-08-06T10:36:13+00:00,3777
inheritor_3778,白双虎,男,蒙古族,X-148,X-148,X-148_04_152223,博格达乌拉祭,民俗,内蒙古自治区扎赉特旗,内蒙古自治区,5,2018,http://www.ihchina.cn/art/representative.html?limit=100&p=31,2026-08-06T10:36:13+00:00,3778
inheritor_3779,其木德,女,鄂温克族,X-155,X-155,X-155_04_150725,鄂温克族服饰,民俗,内蒙古自治区陈巴尔虎旗,内蒙古自治区,5,2018,http://www.ihchina.cn/art/representative.html?limit=100&p=31,2026-08-06T10:36:13+00:00,3779
inheritor_3780,贾巴子则,女,彝族,X-156,X-156,X-156_04_513431,彝族服饰,民俗,四川省昭觉县,四川省,5,2018,http://www.ihchina.cn/art/representative.html?limit=100&p=31,2026-08-06T10:36:13+00:00,3780
inheritor_3781,普玉珍,女,彝族,X-156,X-156,X-156_04_532300,彝族服饰,民俗,云南省楚雄彝族自治州,云南省,5,2018,http://www.ihchina.cn/art/representative.html?limit=100&p=31,2026-08-06T10:36:13+00:00,3781
inheritor_3782,王菁,女,布依族,X-157,X-157,X-157_04_520000,布依族服饰,民俗,贵州省,贵州省,5,2018,http://www.ihchina.cn/art/representative.html?limit=100&p=31,2026-08-06T10:36:13+00:00,3782
inheritor_3783,夏尔汗·克力木,女,柯尔克孜族,X-159,X-159,X-159_04_653024,柯尔克孜族服饰,民俗,新疆维吾尔自治区乌恰县,新疆维吾尔自治区,5,2018,http://www.ihchina.cn/art/representative.html?limit=100&p=31,2026-08-06T10:36:13+00:00,3783
inheritor_29839,王朝美,女,苗族,I-1,I-1,I-001_01_522622,苗族古歌,民间文学,贵州省黄平县,贵州省,6,2025,http://www.ihchina.cn/art/representative.html?limit=100&p=31,2026-08-06T10:36:13+00:00,29839
inheritor_29840,王启光,男,苗族,I-1,I-1,I-001_10_520181,苗族古歌(簪汪传),民间文学,贵州省贵阳市清镇市,贵州省,6,2025,http://www.ihchina.cn/art/representative.html?limit=100&p=31,2026-08-06T10:36:13+00:00,29840
inheritor_29841,张洪珍,女,苗族,I-1,I-1,I-001_01_522630,苗族古歌,民间文学,贵州省台江县,贵州省,6,2025,http://www.ihchina.cn/art/representative.html?limit=100&p=31,2026-08-06T10:36:13+00:00,29841
inheritor_29842,覃安业,男,壮族,I-2,I-2,I-002_01_451021,布洛陀,民间文学,广西壮族自治区田阳县,广西壮族自治区,6,2025,http://www.ihchina.cn/art/representative.html?limit=100&p=31,2026-08-06T10:36:13+00:00,29842
inheritor_29843,骆玉华,男,汉族,I-7,I-7,I-007_01_411727,梁祝传说,民间文学,河南省汝南县,河南省,6,2025,http://www.ihchina.cn/art/representative.html?limit=100&p=31,2026-08-06T10:36:13+00:00,29843
inheritor_29844,何士环(何世环),女,满族,I-12,I-12,I-012_10_231124,满族说部(孙吴县满语故事),民间文学,黑龙江省黑河市孙吴县,黑龙江省,6,2025,http://www.ihchina.cn/art/representative.html?limit=100&p=31,2026-08-06T10:36:13+00:00,29844
inheritor_29845,刘正坤,男,汉族,I-13,I-13,I-013_02_321282,宝卷(靖江宝卷),民间文学,江苏省靖江市,江苏省,6,2025,http://www.ihchina.cn/art/representative.html?limit=100&p=31,2026-08-06T10:36:13+00:00,29845
inheritor_29846,赵旭峰,男,汉族,I-13,I-13,I-013_01_620602,河西宝卷,民间文学,甘肃省武威市凉州区,甘肃省,6,2025,http://www.ihchina.cn/art/representative.html?limit=100&p=31,2026-08-06T10:36:13+00:00,29846
inheritor_29847,王丽娟,女,汉族,I-13,I-13,I-013_04_320500,宝卷(吴地宝卷),民间文学,江苏省苏州市,江苏省,6,2025,http://www.ihchina.cn/art/representative.html?limit=100&p=31,2026-08-06T10:36:13+00:00,29847
inheritor_29848,裴陆平,男,汉族,I-13,I-13,I-013_10_621126,宝卷(岷县宝卷),民间文学,甘肃省定西市岷县,甘肃省,6,2025,http://www.ihchina.cn/art/representative.html?limit=100&p=31,2026-08-06T10:36:13+00:00,29848
inheritor_29849,王发礼,男,汉族,I-14,I-14,I-014_01_130182,耿村民间故事,民间文学,河北省藁城市,河北省,6,2025,http://www.ihchina.cn/art/representative.html?limit=100&p=31,2026-08-06T10:36:13+00:00,29849
inheritor_29850,唐建琴,女,汉族,I-22,I-22,I-022_02_320200,吴歌,民间文学,江苏省无锡市,江苏省,6,2025,http://www.ihchina.cn/art/representative.html?limit=100&p=31,2026-08-06T10:36:13+00:00,29850
inheritor_29851,杨晓峰,男,汉族,I-22,I-22,I-022_02_310118,吴歌,民间文学,上海市青浦区,上海市,6,2025,http://www.ihchina.cn/art/representative.html?limit=100&p=31,2026-08-06T10:36:13+00:00,29851
inheritor_29852,江努日·图日干巴依(江努尔·图日干巴依),男,柯尔克孜族,I-25,I-25,I-025_01_653000,玛纳斯,民间文学,新疆维吾尔自治区克孜勒苏柯尔克孜自治州,新疆维吾尔自治区,6,2025,http://www.ihchina.cn/art/representative.html?limit=100&p=31,2026-08-06T10:36:13+00:00,29852
inheritor_29853,满都来,男,蒙古族,I-26,I-26,I-026_01_652800,江格尔,民间文学,新疆维吾尔自治区巴音郭楞蒙古自治州,新疆维吾尔自治区,6,2025,http://www.ihchina.cn/art/representative.html?limit=100&p=31,2026-08-06T10:36:13+00:00,29853
inheritor_29854,昆其克·恰克尔塔(查·功其克),男,蒙古族,I-27,I-27,I-027_01_650000,格萨(斯)尔,民间文学,新疆维吾尔自治区,新疆维吾尔自治区,6,2025,http://www.ihchina.cn/art/representative.html?limit=100&p=31,2026-08-06T10:36:13+00:00,29854
inheritor_29855,巴达玛仁钦,男,蒙古族,I-27,I-27,I-027_04_150423,格萨(斯)尔,民间文学,内蒙古自治区巴林右旗,内蒙古自治区,6,2025,http://www.ihchina.cn/art/representative.html?limit=100&p=31,2026-08-06T10:36:13+00:00,29855
inheritor_29856,查欧,男,藏族,I-27,I-27,I-027_01_540000,格萨(斯)尔,民间文学,西藏自治区,西藏自治区,6,2025,http://www.ihchina.cn/art/representative.html?limit=100&p=31,2026-08-06T10:36:13+00:00,29856
inheritor_29857,扎西多杰,男,藏族,I-27,I-27,I-027_01_540000,格萨(斯)尔,民间文学,西藏自治区,西藏自治区,6,2025,http://www.ihchina.cn/art/representative.html?limit=100&p=31,2026-08-06T10:36:13+00:00,29857
inheritor_29858,张玉英,女,彝族,I-28,I-28,I-028_01_530126,阿诗玛,民间文学,云南省石林彝族自治县,云南省,6,2025,http://www.ihchina.cn/art/representative.html?limit=100&p=31,2026-08-06T10:36:13+00:00,29858
inheritor_29859,雷国胜,男,畲族,I-30,I-30,I-030_01_350921,畲族小说歌,民间文学,福建省霞浦县,福建省,6,2025,http://www.ihchina.cn/art/representative.html?limit=100&p=31,2026-08-06T10:36:13+00:00,29859
inheritor_29860,赵兴寿,男,汉族,I-31,I-31,I-031_01_420581,青林寺谜语,民间文学,湖北省宜都市,湖北省,6,2025,http://www.ihchina.cn/art/representative.html?limit=100&p=31,2026-08-06T10:36:13+00:00,29860
inheritor_29861,张哲源,男,汉族,I-31,I-31,I-031_02_440515,谜语(澄海灯谜),民间文学,广东省汕头市澄海区,广东省,6,2025,http://www.ihchina.cn/art/representative.html?limit=100&p=31,2026-08-06T10:36:13+00:00,29861
inheritor_29862,池尚明,男,汉族,I-32,I-32,I-032_02_110229,八达岭长城传说,民间文学,北京市延庆县,北京市,6,2025,http://www.ihchina.cn/art/representative.html?limit=100&p=31,2026-08-06T10:36:13+00:00,29862
inheritor_29863,李作权,男,汉族,I-48,I-48,I-048_02_420526,王昭君传说,民间文学,湖北省兴山县,湖北省,6,2025,http://www.ihchina.cn/art/representative.html?limit=100&p=31,2026-08-06T10:36:13+00:00,29863
inheritor_29864,崔勇,男,满族,I-53,I-53,I-053_02_210102,满族民间故事,民间文学,辽宁省文学艺术界联合会民间文艺家协会,辽宁省,6,2025,http://www.ihchina.cn/art/representative.html?limit=100&p=31,2026-08-06T10:36:13+00:00,29864
inheritor_29865,龙再成,男,苗族,I-61,I-61,I-061_02_522600,仰阿莎,民间文学,贵州省黔东南苗族侗族自治州,贵州省,6,2025,http://www.ihchina.cn/art/representative.html?limit=100&p=31,2026-08-06T10:36:13+00:00,29865
inheritor_29866,罗英,女,彝族,I-63,I-63,I-063_02_532300,梅葛,民间文学,云南省楚雄彝族自治州,云南省,6,2025,http://www.ihchina.cn/art/representative.html?limit=100&p=31,2026-08-06T10:36:13+00:00,29866
inheritor_29867,依布拉英·亚克甫(依布拉音·亚合甫),男,维吾尔族,I-71,I-71,I-071_02_650000,维吾尔族达斯坦,民间文学,新疆维吾尔自治区,新疆维吾尔自治区,6,2025,http://www.ihchina.cn/art/representative.html?limit=100&p=31,2026-08-06T10:36:13+00:00,29867
inheritor_29868,石云昌,男,侗族,I-73,I-73,I-073_02_522632,珠郎娘美,民间文学,贵州省榕江县,贵州省,6,2025,http://www.ihchina.cn/art/representative.html?limit=100&p=31,2026-08-06T10:36:13+00:00,29868
inheritor_29869,陆顺红,男,壮族,I-82,I-82,I-082_02_451023,壮族嘹歌,民间文学,广西壮族自治区平果县,广西壮族自治区,6,2025,http://www.ihchina.cn/art/representative.html?limit=100&p=31,2026-08-06T10:36:13+00:00,29869
inheritor_29870,萨伍提·麦乎提(萨吾提·马赫苏提),男,柯尔克孜族,I-83,I-83,I-083_02_650100,柯尔克孜约隆,民间文学,新疆师范大学,新疆维吾尔自治区,6,2025,http://www.ihchina.cn/art/representative.html?limit=100&p=31,2026-08-06T10:36:13+00:00,29870
inheritor_29871,朱金勇,男,羌族,I-91,I-91,I-091_03_513221,禹的传说,民间文学,四川省汶川县,四川省,6,2025,http://www.ihchina.cn/art/representative.html?limit=100&p=31,2026-08-06T10:36:13+00:00,29871
inheritor_29872,山西,男,蒙古族,I-114,I-114,I-114_10_620923,祝赞词(肃北蒙古族祝赞词),民间文学,甘肃省酒泉市肃北蒙古族自治县,甘肃省,6,2025,http://www.ihchina.cn/art/representative.html?limit=100&p=31,2026-08-06T10:36:13+00:00,29872
inheritor_29873,蓝永红,男,瑶族,I-117,I-117,I-117_03_451228,密洛陀,民间文学,广西壮族自治区都安瑶族自治县,广西壮族自治区,6,2025,http://www.ihchina.cn/art/representative.html?limit=100&p=31,2026-08-06T10:36:13+00:00,29873
inheritor_29874,虾其仙,女,彝族,I-121,I-121,I-121_03_532504,阿细先基,民间文学,云南省弥勒县,云南省,6,2025,http://www.ihchina.cn/art/representative.html?limit=100&p=31,2026-08-06T10:36:13+00:00,29874
inheritor_29875,胡万·那仁拜,男,哈萨克族,I-125,I-125,I-125_10_654027,谚语(哈萨克族谚语),民间文学,新疆维吾尔自治区伊犁哈萨克自治州特克斯县,新疆维吾尔自治区,6,2025,http://www.ihchina.cn/art/representative.html?limit=100&p=31,2026-08-06T10:36:13+00:00,29875
inheritor_29876,黄清华,女,汉族,I-131,I-131,I-131_04_411282,老子传说,民间文学,河南省灵宝市,河南省,6,2025,http://www.ihchina.cn/art/representative.html?limit=100&p=31,2026-08-06T10:36:13+00:00,29876
inheritor_29877,金地伍,男,彝族,I-141,I-141,I-141_04_513430,毕阿史拉则传说,民间文学,四川省金阳县,四川省,6,2025,http://www.ihchina.cn/art/representative.html?limit=100&p=31,2026-08-06T10:36:13+00:00,29877
inheritor_29878,曾令兵,男,汉族,I-155,I-155,I-155_04_330822,常山喝彩歌谣,民间文学,浙江省常山县,浙江省,6,2025,http://www.ihchina.cn/art/representative.html?limit=100&p=31,2026-08-06T10:36:13+00:00,29878
inheritor_29879,田如超,男,苗族,I-166,I-166,I-166_10_520628,巴狄雄萨滚,民间文学,贵州省铜仁市松桃苗族自治县,贵州省,6,2025,http://www.ihchina.cn/art/representative.html?limit=100&p=31,2026-08-06T10:36:13+00:00,29879
inheritor_29880,冀爱芳,女,汉族,II-1,II-1,II-001_01_140722,左权开花调,传统音乐,山西省左权县,山西省,6,2025,http://www.ihchina.cn/art/representative.html?limit=100&p=31,2026-08-06T10:36:13+00:00,29880
inheritor_29881,王永茂,男,汉族,II-2,II-2,II-002_01_140930,河曲民歌,传统音乐,山西省河曲县,山西省,6,2025,http://www.ihchina.cn/art/representative.html?limit=100&p=31,2026-08-06T10:36:13+00:00,29881
inheritor_29882,斯琴格日乐,男,蒙古族,II-3,II-3,II-003_10_152526,蒙古族长调民歌(乌珠穆沁长调),传统音乐,内蒙古自治区锡林郭勒盟西乌珠穆沁旗,内蒙古自治区,6,2025,http://www.ihchina.cn/art/representative.html?limit=100&p=31,2026-08-06T10:36:13+00:00,29882
inheritor_29883,闹尔再,女,蒙古族,II-3,II-3,II-003_02_652800,蒙古族长调民歌,传统音乐,新疆维吾尔自治区巴音郭楞蒙古自治州,新疆维吾尔自治区,6,2025,http://www.ihchina.cn/art/representative.html?limit=100&p=31,2026-08-06T10:36:13+00:00,29883
inheritor_29884,陈跃兰(陈月兰),女,汉族,II-5,II-5,II-005_01_340500,当涂民歌,传统音乐,安徽省马鞍山市,安徽省,6,2025,http://www.ihchina.cn/art/representative.html?limit=100&p=31,2026-08-06T10:36:13+00:00,29884
inheritor_29885,郭德京,男,汉族,II-8,II-8,II-008_01_360732,兴国山歌,传统音乐,江西省兴国县,江西省,6,2025,http://www.ihchina.cn/art/representative.html?limit=100&p=31,2026-08-06T10:36:13+00:00,29885
inheritor_29886,万会知,女,汉族,II-9,II-9,II-009_01_420526,兴山民歌,传统音乐,湖北省兴山县,湖北省,6,2025,http://www.ihchina.cn/art/representative.html?limit=100&p=32,2026-08-06T10:36:15+00:00,29886
inheritor_29887,向佐绒,女,土家族,II-10,II-10,II-010_01_430822,桑植民歌,传统音乐,湖南省桑植县,湖南省,6,2025,http://www.ihchina.cn/art/representative.html?limit=100&p=32,2026-08-06T10:36:15+00:00,29887
inheritor_29888,童爱娜,女,汉族,II-11,II-11,II-011_01_441400,梅州客家山歌,传统音乐,广东省梅州市,广东省,6,2025,http://www.ihchina.cn/art/representative.html?limit=100&p=32,2026-08-06T10:36:15+00:00,29888
inheritor_29889,张远来,男,汉族,II-13,II-13,II-013_01_460200,崖州民歌,传统音乐,海南省三亚市,海南省,6,2025,http://www.ihchina.cn/art/representative.html?limit=100&p=32,2026-08-06T10:36:15+00:00,29889
inheritor_29890,王安银,男,汉族,II-18,II-18,II-018_01_610924,紫阳民歌,传统音乐,陕西省紫阳县,陕西省,6,2025,http://www.ihchina.cn/art/representative.html?limit=100&p=32,2026-08-06T10:36:15+00:00,29890
inheritor_29891,白金花,女,裕固族,II-19,II-19,II-019_01_620721,裕固族民歌,传统音乐,甘肃省肃南裕固族自治县,甘肃省,6,2025,http://www.ihchina.cn/art/representative.html?limit=100&p=32,2026-08-06T10:36:15+00:00,29891
inheritor_29892,宋宝元,男,汉族,II-20,II-20,II-020_01_630121,花儿(老爷山花儿会),传统音乐,青海省大通回族土族自治县,青海省,6,2025,http://www.ihchina.cn/art/representative.html?limit=100&p=32,2026-08-06T10:36:15+00:00,29892
inheritor_29893,张建军,男,汉族,II-20,II-20,II-020_01_640000,花儿(宁夏回族山花儿),传统音乐,宁夏回族自治区,宁夏回族自治区,6,2025,http://www.ihchina.cn/art/representative.html?limit=100&p=32,2026-08-06T10:36:15+00:00,29893
inheritor_29894,文香莲,女,汉族,II-20,II-20,II-020_01_622922,花儿(莲花山花儿会),传统音乐,甘肃省康乐县,甘肃省,6,2025,http://www.ihchina.cn/art/representative.html?limit=100&p=32,2026-08-06T10:36:15+00:00,29894
inheritor_29895,才合杰,男,藏族,II-21,II-21,II-021_01_632500,藏族拉伊,传统音乐,青海省海南藏族自治州,海南省,6,2025,http://www.ihchina.cn/art/representative.html?limit=100&p=32,2026-08-06T10:36:15+00:00,29895
inheritor_29896,潘学文,女,苗族,II-23,II-23,II-023_01_431229,靖州苗族歌鼟,传统音乐,湖南省靖州苗族侗族自治县,湖南省,6,2025,http://www.ihchina.cn/art/representative.html?limit=100&p=32,2026-08-06T10:36:15+00:00,29896
inheritor_29897,冯广香,女,土家族,II-25,II-25,II-025_01_500114,南溪号子,传统音乐,重庆市黔江区,重庆市,6,2025,http://www.ihchina.cn/art/representative.html?limit=100&p=32,2026-08-06T10:36:15+00:00,29897
inheritor_29898,李德翠,女,土家族,II-27,II-27,II-027_02_420528,薅草锣鼓(长阳山歌),传统音乐,湖北省长阳土家族自治县,湖北省,6,2025,http://www.ihchina.cn/art/representative.html?limit=100&p=32,2026-08-06T10:36:15+00:00,29898
inheritor_29899,肖世芹,男,汉族,II-27,II-27,II-027_02_420500,薅草锣鼓(宜昌薅草锣鼓),传统音乐,湖北省宜昌市,湖北省,6,2025,http://www.ihchina.cn/art/representative.html?limit=100&p=32,2026-08-06T10:36:15+00:00,29899
inheritor_29900,张玉珍,女,汉族,II-27,II-27,II-027_04_320831,薅草锣鼓(金湖秧歌),传统音乐,江苏省金湖县,江苏省,6,2025,http://www.ihchina.cn/art/representative.html?limit=100&p=32,2026-08-06T10:36:15+00:00,29900
inheritor_29901,吴长交(吴长姣),女,侗族,II-29,II-29,II-029_01_522632,侗族琵琶歌,传统音乐,贵州省榕江县,贵州省,6,2025,http://www.ihchina.cn/art/representative.html?limit=100&p=32,2026-08-06T10:36:15+00:00,29901
inheritor_29902,莫花美,女,壮族,II-30,II-30,II-030_02_450124,多声部民歌(壮族三声部民歌),传统音乐,广西壮族自治区马山县,广西壮族自治区,6,2025,http://www.ihchina.cn/art/representative.html?limit=100&p=32,2026-08-06T10:36:15+00:00,29902
inheritor_29903,欧玉梅,女,瑶族,II-30,II-30,II-030_02_451123,多声部民歌(瑶族蝴蝶歌),传统音乐,广西壮族自治区富川瑶族自治县,广西壮族自治区,6,2025,http://www.ihchina.cn/art/representative.html?limit=100&p=32,2026-08-06T10:36:15+00:00,29903
inheritor_29904,见车牙(见车亚),男,羌族,II-30,II-30,II-030_02_513224,多声部民歌(羌族多声部民歌),传统音乐,四川省松潘县,四川省,6,2025,http://www.ihchina.cn/art/representative.html?limit=100&p=32,2026-08-06T10:36:15+00:00,29904
inheritor_29905,泽英俊,男,藏族,II-30,II-30,II-030_04_513228,多声部民歌(阿尔麦多声部民歌),传统音乐,四川省黑水县,四川省,6,2025,http://www.ihchina.cn/art/representative.html?limit=100&p=32,2026-08-06T10:36:15+00:00,29905
inheritor_29906,杨开员,男,苗族,II-30,II-30,II-030_02_522629,多声部民歌(苗族多声部民歌),传统音乐,贵州省剑河县,贵州省,6,2025,http://www.ihchina.cn/art/representative.html?limit=100&p=32,2026-08-06T10:36:15+00:00,29906
inheritor_29907,黄苏平,男,汉族,II-33,II-33,II-033_01_430723,澧水船工号子,传统音乐,湖南省澧县,湖南省,6,2025,http://www.ihchina.cn/art/representative.html?limit=100&p=32,2026-08-06T10:36:15+00:00,29907
inheritor_29908,徐毅,男,汉族,II-34,II-34,II-034_02_320600,古琴艺术(梅庵琴派),传统音乐,江苏省南通市,江苏省,6,2025,http://www.ihchina.cn/art/representative.html?limit=100&p=32,2026-08-06T10:36:15+00:00,29908
inheritor_29909,徐君跃,男,汉族,II-34,II-34,II-034_02_330100,古琴艺术(浙派),传统音乐,浙江省杭州市,浙江省,6,2025,http://www.ihchina.cn/art/representative.html?limit=100&p=32,2026-08-06T10:36:15+00:00,29909
inheritor_29910,区君虹,男,汉族,II-34,II-34,II-034_02_440100,古琴艺术(岭南派),传统音乐,广东省广州市,广东省,6,2025,http://www.ihchina.cn/art/representative.html?limit=100&p=32,2026-08-06T10:36:15+00:00,29910
inheritor_29911,李明忠,男,汉族,II-34,II-34,II-034_10_152526,古琴艺术,传统音乐,陕西省,陕西省,6,2025,http://www.ihchina.cn/art/representative.html?limit=100&p=32,2026-08-06T10:36:15+00:00,29911
inheritor_29912,包玉明,男,蒙古族,II-35,II-35,II-035_10_210900,蒙古族马头琴音乐(蒙古勒津马头琴音乐),传统音乐,辽宁省阜新市,辽宁省,6,2025,http://www.ihchina.cn/art/representative.html?limit=100&p=32,2026-08-06T10:36:15+00:00,29912
inheritor_29913,青格勒,男,蒙古族,II-35,II-35,II-035_01_150000,蒙古族马头琴音乐,传统音乐,内蒙古自治区,内蒙古自治区,6,2025,http://www.ihchina.cn/art/representative.html?limit=100&p=32,2026-08-06T10:36:15+00:00,29913
inheritor_29914,周本祥,男,汉族,II-37,II-37,II-037_04_341323,唢呐艺术(灵璧菠林喇叭),传统音乐,安徽省灵璧县,安徽省,6,2025,http://www.ihchina.cn/art/representative.html?limit=100&p=32,2026-08-06T10:36:15+00:00,29914
inheritor_29915,谢海明(谢海民),男,汉族,II-37,II-37,II-037_02_360731,唢呐艺术(于都唢呐公婆吹),传统音乐,江西省于都县,江西省,6,2025,http://www.ihchina.cn/art/representative.html?limit=100&p=32,2026-08-06T10:36:15+00:00,29915
inheritor_29916,孙化洋,男,汉族,II-37,II-37,II-037_02_370883,唢呐艺术(邹城平派鼓吹乐),传统音乐,山东省邹城市,山东省,6,2025,http://www.ihchina.cn/art/representative.html?limit=100&p=32,2026-08-06T10:36:15+00:00,29916
inheritor_29917,姚希呐,男,汉族,II-37,II-37,II-037_02_130209,唢呐艺术(唐山花吹),传统音乐,河北省唐海县,河北省,6,2025,http://www.ihchina.cn/art/representative.html?limit=100&p=32,2026-08-06T10:36:15+00:00,29917
inheritor_29918,索忠秀,男,汉族,II-37,II-37,II-037_02_140428,唢呐艺术(上党八音会),传统音乐,山西省长子县,山西省,6,2025,http://www.ihchina.cn/art/representative.html?limit=100&p=32,2026-08-06T10:36:15+00:00,29918
inheritor_29919,陈海元,男,羌族,II-38,II-38,II-038_01_513223,羌笛演奏及制作技艺,传统音乐,四川省茂县,四川省,6,2025,http://www.ihchina.cn/art/representative.html?limit=100&p=32,2026-08-06T10:36:15+00:00,29919
inheritor_29920,于水龙,男,满族,II-39,II-39,II-039_01_210000,辽宁鼓乐,传统音乐,辽宁省,辽宁省,6,2025,http://www.ihchina.cn/art/representative.html?limit=100&p=32,2026-08-06T10:36:15+00:00,29920
inheritor_29921,魏喜明,女,汉族,II-42,II-42,II-042_01_330683,嵊州吹打,传统音乐,浙江省嵊州市,浙江省,6,2025,http://www.ihchina.cn/art/representative.html?limit=100&p=32,2026-08-06T10:36:15+00:00,29921
inheritor_29922,刘广荣,男,汉族,II-44,II-44,II-044_02_321012,十番音乐(邵伯锣鼓小牌子),传统音乐,江苏省江都市,江苏省,6,2025,http://www.ihchina.cn/art/representative.html?limit=100&p=32,2026-08-06T10:36:15+00:00,29922
inheritor_29923,张玉芳,男,汉族,II-45,II-45,II-045_02_371702,鲁西南鼓吹乐,传统音乐,山东省菏泽市牡丹区,山东省,6,2025,http://www.ihchina.cn/art/representative.html?limit=100&p=32,2026-08-06T10:36:15+00:00,29923
inheritor_29924,陈镇锡,男,汉族,II-50,II-50,II-050_01_445100,潮州音乐,传统音乐,广东省潮州市,广东省,6,2025,http://www.ihchina.cn/art/representative.html?limit=100&p=32,2026-08-06T10:36:15+00:00,29924
inheritor_29925,陈桂洲,男,汉族,II-50,II-50,II-050_01_440500,潮州音乐,传统音乐,广东省汕头市,广东省,6,2025,http://www.ihchina.cn/art/representative.html?limit=100&p=32,2026-08-06T10:36:15+00:00,29925
inheritor_29926,贺志灿,男,汉族,II-53,II-53,II-053_01_500228,梁平癞子锣鼓,传统音乐,重庆市梁平县,重庆市,6,2025,http://www.ihchina.cn/art/representative.html?limit=100&p=32,2026-08-06T10:36:15+00:00,29926
inheritor_29927,王德方,男,土家族,II-54,II-54,II-054_02_420529,土家族打溜子,传统音乐,湖北省五峰土家族自治县,湖北省,6,2025,http://www.ihchina.cn/art/representative.html?limit=100&p=32,2026-08-06T10:36:15+00:00,29927
inheritor_29928,刘海民,男,汉族,II-55,II-55,II-055_01_130429,河北鼓吹乐,传统音乐,河北省永年县,河北省,6,2025,http://www.ihchina.cn/art/representative.html?limit=100&p=32,2026-08-06T10:36:15+00:00,29928
inheritor_29929,张勇,男,汉族,II-56,II-56,II-056_01_141000,晋南威风锣鼓,传统音乐,山西省临汾市,山西省,6,2025,http://www.ihchina.cn/art/representative.html?limit=100&p=32,2026-08-06T10:36:15+00:00,29929
inheritor_29930,樊祥富,男,汉族,II-58,II-58,II-058_01_140500,上党八音会,传统音乐,山西省晋城市,山西省,6,2025,http://www.ihchina.cn/art/representative.html?limit=100&p=32,2026-08-06T10:36:15+00:00,29930
inheritor_29931,贾廷信,男,汉族,II-59,II-59,II-059_02_110115,冀中笙管乐(白庙村音乐会),传统音乐,北京市大兴区,北京市,6,2025,http://www.ihchina.cn/art/representative.html?limit=100&p=32,2026-08-06T10:36:15+00:00,29931
inheritor_29932,李长林,男,汉族,II-59,II-59,II-059_02_130638,冀中笙管乐(雄县古乐),传统音乐,河北省雄县,河北省,6,2025,http://www.ihchina.cn/art/representative.html?limit=100&p=32,2026-08-06T10:36:15+00:00,29932
inheritor_29933,潘德森,男,汉族,II-59,II-59,II-059_02_131022,冀中笙管乐(小冯村音乐会),传统音乐,河北省固安县,河北省,6,2025,http://www.ihchina.cn/art/representative.html?limit=100&p=32,2026-08-06T10:36:15+00:00,29933
inheritor_29934,屈永增,男,汉族,II-65,II-65,II-065_01_110000,智化寺京音乐,传统音乐,北京市,北京市,6,2025,http://www.ihchina.cn/art/representative.html?limit=100&p=32,2026-08-06T10:36:15+00:00,29934
inheritor_29935,赵连武,男,汉族,II-69,II-69,II-069_01_420300,武当山宫观道乐,传统音乐,湖北省十堰市,湖北省,6,2025,http://www.ihchina.cn/art/representative.html?limit=100&p=32,2026-08-06T10:36:15+00:00,29935
inheritor_29936,艾买提·苏批(艾买提·苏皮),男,维吾尔族,II-70,II-70,II-070_01_652200,新疆维吾尔木卡姆艺术(哈密木卡姆),传统音乐,新疆维吾尔自治区哈密地区,新疆维吾尔自治区,6,2025,http://www.ihchina.cn/art/representative.html?limit=100&p=32,2026-08-06T10:36:15+00:00,29936
inheritor_29937,玉山·买合木提,男,维吾尔族,II-70,II-70,II-070_01_652122,新疆维吾尔木卡姆艺术(吐鲁番木卡姆),传统音乐,新疆维吾尔自治区鄯善县,新疆维吾尔自治区,6,2025,http://www.ihchina.cn/art/representative.html?limit=100&p=32,2026-08-06T10:36:15+00:00,29937
inheritor_29938,卓圣翔,男,汉族,II-71,II-71,II-071_01_350200,南音,传统音乐,福建省厦门市,福建省,6,2025,http://www.ihchina.cn/art/representative.html?limit=100&p=32,2026-08-06T10:36:15+00:00,29938
inheritor_29939,李白燕,女,汉族,II-71,II-71,II-071_01_350500,南音,传统音乐,福建省泉州市,福建省,6,2025,http://www.ihchina.cn/art/representative.html?limit=100&p=32,2026-08-06T10:36:15+00:00,29939
inheritor_29940,刘宗训,男,汉族,II-72,II-72,II-072_01_350500,泉州北管,传统音乐,福建省泉州市,福建省,6,2025,http://www.ihchina.cn/art/representative.html?limit=100&p=32,2026-08-06T10:36:15+00:00,29940
inheritor_29941,薛胜友,男,汉族,II-76,II-76,II-076_02_340322,五河民歌,传统音乐,安徽省五河县,安徽省,6,2025,http://www.ihchina.cn/art/representative.html?limit=100&p=32,2026-08-06T10:36:15+00:00,29941
inheritor_29942,王凤琴,女,汉族,II-77,II-77,II-077_02_341500,大别山民歌,传统音乐,安徽省六安市,安徽省,6,2025,http://www.ihchina.cn/art/representative.html?limit=100&p=32,2026-08-06T10:36:15+00:00,29942
inheritor_29943,黄清芳,女,汉族,II-81,II-81,II-081_02_421003,马山民歌,传统音乐,湖北省荆州市荆州区,湖北省,6,2025,http://www.ihchina.cn/art/representative.html?limit=100&p=32,2026-08-06T10:36:15+00:00,29943
inheritor_29944,侯同贵,男,汉族,II-83,II-83,II-083_02_420381,吕家河民歌,传统音乐,湖北省丹江口市,湖北省,6,2025,http://www.ihchina.cn/art/representative.html?limit=100&p=32,2026-08-06T10:36:15+00:00,29944
inheritor_29945,何建勋,男,土家族,II-84,II-84,II-084_02_500241,秀山民歌,传统音乐,重庆市秀山土家族苗族自治县,重庆市,6,2025,http://www.ihchina.cn/art/representative.html?limit=100&p=32,2026-08-06T10:36:15+00:00,29945
inheritor_29946,严明军,男,汉族,II-98,II-98,II-098_02_420527,江河号子(长江峡江号子),传统音乐,湖北省秭归县,湖北省,6,2025,http://www.ihchina.cn/art/representative.html?limit=100&p=32,2026-08-06T10:36:15+00:00,29946
inheritor_29947,柏文泰,男,汉族,II-103,II-103,II-103_02_371322,鲁南五大调,传统音乐,山东省郯城县,山东省,6,2025,http://www.ihchina.cn/art/representative.html?limit=100&p=32,2026-08-06T10:36:15+00:00,29947
inheritor_29948,敖云别立格,女,蒙古族,II-105,II-105,II-105_10_152921,蒙古族民歌(和硕特民歌),传统音乐,内蒙古自治区阿拉善盟阿拉善左旗,内蒙古自治区,6,2025,http://www.ihchina.cn/art/representative.html?limit=100&p=32,2026-08-06T10:36:15+00:00,29948
inheritor_29949,侯青河,男,蒙古族,II-105,II-105,II-105_02_150500,蒙古族民歌(科尔沁叙事民歌),传统音乐,内蒙古自治区通辽市,内蒙古自治区,6,2025,http://www.ihchina.cn/art/representative.html?limit=100&p=32,2026-08-06T10:36:15+00:00,29949
inheritor_29950,乌日娜,女,鄂温克族,II-106,II-106,II-106_02_150724,鄂温克族民歌(鄂温克叙事民歌),传统音乐,内蒙古自治区鄂温克族自治旗,内蒙古自治区,6,2025,http://www.ihchina.cn/art/representative.html?limit=100&p=32,2026-08-06T10:36:15+00:00,29950
inheritor_29951,孟满荣,男,达斡尔族,II-108,II-108,II-108_02_150722,达斡尔族民歌(达斡尔扎恩达勒),传统音乐,内蒙古自治区莫力达瓦达斡尔族自治旗,内蒙古自治区,6,2025,http://www.ihchina.cn/art/representative.html?limit=100&p=32,2026-08-06T10:36:15+00:00,29951
inheritor_29952,王取荣,男,黎族,II-111,II-111,II-111_02_469030,黎族民歌(琼中黎族民歌),传统音乐,海南省琼中黎族苗族自治县,海南省,6,2025,http://www.ihchina.cn/art/representative.html?limit=100&p=32,2026-08-06T10:36:15+00:00,29952
inheritor_29953,马金莲,女,藏族,II-115,II-115,II-115_02_620623,藏族民歌(华锐藏族民歌),传统音乐,甘肃省天祝藏族自治县,甘肃省,6,2025,http://www.ihchina.cn/art/representative.html?limit=100&p=32,2026-08-06T10:36:15+00:00,29953
inheritor_29954,曼苏尔·杂克尔,男,乌孜别克族,II-117,II-117,II-117_02_653100,乌孜别克族埃希来、叶来,传统音乐,新疆维吾尔自治区喀什地区,新疆维吾尔自治区,6,2025,http://www.ihchina.cn/art/representative.html?limit=100&p=32,2026-08-06T10:36:15+00:00,29954
inheritor_29955,马成海,男,回族,II-118,II-118,II-118_02_632221,回族宴席曲,传统音乐,青海省门源回族自治县,青海省,6,2025,http://www.ihchina.cn/art/representative.html?limit=100&p=32,2026-08-06T10:36:15+00:00,29955
inheritor_29956,周丽娟,女,汉族,II-119,II-119,II-119_02_310115,琵琶艺术(浦东派),传统音乐,上海市南汇区,上海市,6,2025,http://www.ihchina.cn/art/representative.html?limit=100&p=32,2026-08-06T10:36:15+00:00,29956
inheritor_29957,王臻,女,汉族,II-119,II-119,II-119_02_310230,琵琶艺术(瀛洲古调派),传统音乐,上海市崇明县,上海市,6,2025,http://www.ihchina.cn/art/representative.html?limit=100&p=32,2026-08-06T10:36:15+00:00,29957
inheritor_29958,刘玉新,男,汉族,II-122,II-122,II-122_02_120113,津门法鼓(刘园祥音法鼓),传统音乐,天津市北辰区,天津市,6,2025,http://www.ihchina.cn/art/representative.html?limit=100&p=32,2026-08-06T10:36:15+00:00,29958
inheritor_29959,吴强,男,汉族,II-122,II-122,II-122_02_120103b,津门法鼓(杨家庄永音法鼓),传统音乐,天津市河西区,天津市,6,2025,http://www.ihchina.cn/art/representative.html?limit=100&p=32,2026-08-06T10:36:15+00:00,29959
inheritor_29960,王国海,男,汉族,II-123,II-123,II-123_02_410200,锣鼓艺术(开封盘鼓),传统音乐,河南省开封市,河南省,6,2025,http://www.ihchina.cn/art/representative.html?limit=100&p=32,2026-08-06T10:36:15+00:00,29960
inheritor_29961,薛宗峰(薛宗锋),男,汉族,II-123,II-123,II-123_02_410425,锣鼓艺术(大铜器),传统音乐,河南省郏县,河南省,6,2025,http://www.ihchina.cn/art/representative.html?limit=100&p=32,2026-08-06T10:36:15+00:00,29961
inheritor_29962,洪玉卿,男,回族,II-123,II-123,II-123_10_371581,锣鼓艺术(临清驾鼓),传统音乐,山东省聊城市临清市,山东省,6,2025,http://www.ihchina.cn/art/representative.html?limit=100&p=32,2026-08-06T10:36:15+00:00,29962
inheritor_29963,阿卜力孜·萨迪克(阿布力孜·斯迪克),男,维吾尔族,II-127,II-127,II-127_02_650000,维吾尔族鼓吹乐,传统音乐,新疆维吾尔自治区,新疆维吾尔自治区,6,2025,http://www.ihchina.cn/art/representative.html?limit=100&p=32,2026-08-06T10:36:15+00:00,29963
inheritor_29964,王建立(王健立),男,布依族,II-130,II-130,II-130_02_522325,布依族勒尤,传统音乐,贵州省贞丰县,贵州省,6,2025,http://www.ihchina.cn/art/representative.html?limit=100&p=32,2026-08-06T10:36:15+00:00,29964
inheritor_29965,廓尘,男,汉族,II-138,II-138,II-138_02_320400,佛教音乐(天宁寺梵呗唱诵),传统音乐,江苏省常州市,江苏省,6,2025,http://www.ihchina.cn/art/representative.html?limit=100&p=32,2026-08-06T10:36:15+00:00,29965
inheritor_29966,心澄,男,汉族,II-138,II-138,II-138_04_321100,佛教音乐(金山寺水陆法会仪式音乐),传统音乐,江苏省镇江市,江苏省,6,2025,http://www.ihchina.cn/art/representative.html?limit=100&p=32,2026-08-06T10:36:15+00:00,29966
inheritor_29967,伍虎勇,男,汉族,II-139,II-139,II-139_02_320200,道教音乐(无锡道教音乐),传统音乐,江苏省无锡市,江苏省,6,2025,http://www.ihchina.cn/art/representative.html?limit=100&p=32,2026-08-06T10:36:15+00:00,29967
inheritor_29968,苏本栋,男,汉族,II-151,II-151,II-151_03_371700,弦索乐(菏泽弦索乐),传统音乐,山东省菏泽市,山东省,6,2025,http://www.ihchina.cn/art/representative.html?limit=100&p=32,2026-08-06T10:36:15+00:00,29968
inheritor_29969,舒信虎,男,汉族,II-157,II-157,II-157_10_330922,渔歌(嵊泗渔歌),传统音乐,浙江省舟山市嵊泗县,浙江省,6,2025,http://www.ihchina.cn/art/representative.html?limit=100&p=32,2026-08-06T10:36:15+00:00,29969
inheritor_29970,黄晓,男,汉族,II-172,II-172,II-172_10_310230,崇明山歌,传统音乐,上海市崇明区,上海市,6,2025,http://www.ihchina.cn/art/representative.html?limit=100&p=32,2026-08-06T10:36:15+00:00,29970
inheritor_29971,毛呈祥,男,仡佬族,II-176,II-176,II-176_10_520623,仡佬族民歌,传统音乐,贵州省铜仁市石阡县,贵州省,6,2025,http://www.ihchina.cn/art/representative.html?limit=100&p=32,2026-08-06T10:36:15+00:00,29971
inheritor_29972,肯玉珍,女,独龙族,II-177,II-177,II-177_10_533324,独龙族民歌,传统音乐,云南省怒江傈僳族自治州贡山独龙族怒族自治县,云南省,6,2025,http://www.ihchina.cn/art/representative.html?limit=100&p=32,2026-08-06T10:36:15+00:00,29972
inheritor_29973,李绍伟,男,壮族,II-186,II-186,II-186_10_451400,壮族天琴艺术,传统音乐,广西壮族自治区崇左市,广西壮族自治区,6,2025,http://www.ihchina.cn/art/representative.html?limit=100&p=32,2026-08-06T10:36:15+00:00,29973
inheritor_29974,罗文军,男,汉族,II-187,II-187,II-187_10_530924,阿数瑟,传统音乐,云南省临沧市镇康县,云南省,6,2025,http://www.ihchina.cn/art/representative.html?limit=100&p=32,2026-08-06T10:36:15+00:00,29974
inheritor_29975,刘建平,男,汉族,III-2,III-2,III-002_10_990436,秧歌(滦州地秧歌),传统舞蹈,河北省唐山市滦州市,河北省,6,2025,http://www.ihchina.cn/art/representative.html?limit=100&p=32,2026-08-06T10:36:15+00:00,29975
inheritor_29976,修建国,男,汉族,III-2,III-2,III-002_01_370687,秧歌(海阳大秧歌),传统舞蹈,山东省海阳市,山东省,6,2025,http://www.ihchina.cn/art/representative.html?limit=100&p=32,2026-08-06T10:36:15+00:00,29976
inheritor_29977,李长喜,男,汉族,III-2,III-2,III-002_02_141182,秧歌(汾阳地秧歌),传统舞蹈,山西省汾阳市,山西省,6,2025,http://www.ihchina.cn/art/representative.html?limit=100&p=32,2026-08-06T10:36:15+00:00,29977
inheritor_29978,巴恒金,男,汉族,III-2,III-2,III-002_01_210400,秧歌(抚顺地秧歌),传统舞蹈,辽宁省抚顺市,辽宁省,6,2025,http://www.ihchina.cn/art/representative.html?limit=100&p=32,2026-08-06T10:36:15+00:00,29978
inheritor_29979,赵成海,男,满族,III-2,III-2,III-002_10_220200,秧歌(乌拉满族秧歌),传统舞蹈,吉林省吉林市,吉林省,6,2025,http://www.ihchina.cn/art/representative.html?limit=100&p=32,2026-08-06T10:36:15+00:00,29979
inheritor_29980,王元清,男,汉族,III-2,III-2,III-002_04_110229,秧歌(延庆旱船),传统舞蹈,北京市延庆县,北京市,6,2025,http://www.ihchina.cn/art/representative.html?limit=100&p=32,2026-08-06T10:36:15+00:00,29980
inheritor_29981,宋建亮,男,汉族,III-2,III-2,III-002_01_130322,秧歌(昌黎地秧歌),传统舞蹈,河北省昌黎县,河北省,6,2025,http://www.ihchina.cn/art/representative.html?limit=100&p=32,2026-08-06T10:36:15+00:00,29981
inheritor_29982,袁贵林,男,汉族,III-2,III-2,III-002_01_210400,秧歌(抚顺地秧歌),传统舞蹈,辽宁省抚顺市,辽宁省,6,2025,http://www.ihchina.cn/art/representative.html?limit=100&p=32,2026-08-06T10:36:15+00:00,29982
inheritor_29983,林惠宣,男,汉族,III-4,III-4,III-004_02_440600,龙舞(人龙舞),传统舞蹈,广东省佛山市,广东省,6,2025,http://www.ihchina.cn/art/representative.html?limit=100&p=32,2026-08-06T10:36:15+00:00,29983
inheritor_29984,梁志春,男,汉族,III-4,III-4,III-004_01_500000,龙舞(铜梁龙舞),传统舞蹈,重庆市,重庆市,6,2025,http://www.ihchina.cn/art/representative.html?limit=100&p=32,2026-08-06T10:36:15+00:00,29984
inheritor_29985,谭显均,男,汉族,III-4,III-4,III-004_10_511700,龙舞(安仁板凳龙),传统舞蹈,四川省达州市,四川省,6,2025,http://www.ihchina.cn/art/representative.html?limit=100&p=32,2026-08-06T10:36:15+00:00,29985
inheritor_29986,林长就,男,汉族,III-4,III-4,III-004_03_330329,龙舞(碇步龙),传统舞蹈,浙江省泰顺县,浙江省,6,2025,http://www.ihchina.cn/art/representative.html?limit=100&p=33,2026-08-06T10:36:17+00:00,29986
inheritor_29987,李承锋,男,土家族,III-4,III-4,III-004_10_430821,龙舞(板板龙灯),传统舞蹈,湖南省张家界市慈利县,湖南省,6,2025,http://www.ihchina.cn/art/representative.html?limit=100&p=33,2026-08-06T10:36:17+00:00,29987
inheritor_29988,黄金渐,男,汉族,III-4,III-4,III-004_02_442000,龙舞(醉龙),传统舞蹈,广东省中山市,广东省,6,2025,http://www.ihchina.cn/art/representative.html?limit=100&p=33,2026-08-06T10:36:17+00:00,29988
inheritor_29989,张光武,男,汉族,III-4,III-4,III-004_10_341022,龙舞(徽州板凳龙),传统舞蹈,安徽省黄山市休宁县,安徽省,6,2025,http://www.ihchina.cn/art/representative.html?limit=100&p=33,2026-08-06T10:36:17+00:00,29989
inheritor_29990,黄兴良,男,汉族,III-5,III-5,III-005_10_440306,狮舞(上川黄连胜醒狮舞),传统舞蹈,广东省深圳市宝安区,广东省,6,2025,http://www.ihchina.cn/art/representative.html?limit=100&p=33,2026-08-06T10:36:17+00:00,29990
inheritor_29991,赵雪林,男,汉族,III-5,III-5,III-005_03_310112,狮舞(马桥手狮舞),传统舞蹈,上海市闵行区,上海市,6,2025,http://www.ihchina.cn/art/representative.html?limit=100&p=33,2026-08-06T10:36:17+00:00,29991
inheritor_29992,黎忠春,男,汉族,III-5,III-5,III-005_03_360722,狮舞(古陂蓆狮、犁狮),传统舞蹈,江西省信丰县,江西省,6,2025,http://www.ihchina.cn/art/representative.html?limit=100&p=33,2026-08-06T10:36:17+00:00,29992
inheritor_29993,赵伟斌,男,汉族,III-5,III-5,III-005_01_440100,狮舞(广东醒狮),传统舞蹈,广东省广州市,广东省,6,2025,http://www.ihchina.cn/art/representative.html?limit=100&p=33,2026-08-06T10:36:17+00:00,29993
inheritor_29994,李永茂,男,壮族,III-5,III-5,III-005_03_451021,狮舞(田阳壮族狮舞),传统舞蹈,广西壮族自治区田阳县,广西壮族自治区,6,2025,http://www.ihchina.cn/art/representative.html?limit=100&p=33,2026-08-06T10:36:17+00:00,29994
inheritor_29995,毛云锋,男,汉族,III-5,III-5,III-005_03_500243,狮舞(高台狮舞),传统舞蹈,重庆市彭水苗族土家族自治县,重庆市,6,2025,http://www.ihchina.cn/art/representative.html?limit=100&p=33,2026-08-06T10:36:17+00:00,29995
inheritor_29996,黄正权,男,布依族,III-5,III-5,III-005_02_522301,狮舞(布依族高台狮灯舞),传统舞蹈,贵州省兴义市,贵州省,6,2025,http://www.ihchina.cn/art/representative.html?limit=100&p=33,2026-08-06T10:36:17+00:00,29996
inheritor_29997,马新建,男,回族,III-5,III-5,III-005_02_411624,狮舞(槐店文狮子),传统舞蹈,河南省沈丘县,河南省,6,2025,http://www.ihchina.cn/art/representative.html?limit=100&p=33,2026-08-06T10:36:17+00:00,29997
inheritor_29998,班用明,男,藏族,III-7,III-7,III-007_02_621222,傩舞(文县池哥昼),传统舞蹈,甘肃省文县,甘肃省,6,2025,http://www.ihchina.cn/art/representative.html?limit=100&p=33,2026-08-06T10:36:17+00:00,29998
inheritor_29999,肖亦萍,男,汉族,III-7,III-7,III-007_10_360300,傩舞(萍乡耍傩神),传统舞蹈,江西省萍乡市,江西省,6,2025,http://www.ihchina.cn/art/representative.html?limit=100&p=33,2026-08-06T10:36:17+00:00,29999
inheritor_30000,彭秋生,男,汉族,III-7,III-7,III-007_02_440811,傩舞(湛江傩舞),传统舞蹈,广东省湛江市麻章区,广东省,6,2025,http://www.ihchina.cn/art/representative.html?limit=100&p=33,2026-08-06T10:36:17+00:00,30000
inheritor_30001,林忠诚(林松),男,汉族,III-8,III-8,III-008_01_440500,英歌(潮阳英歌),传统舞蹈,广东省汕头市,广东省,6,2025,http://www.ihchina.cn/art/representative.html?limit=100&p=33,2026-08-06T10:36:17+00:00,30001
inheritor_30002,王吉先,男,汉族,III-9,III-9,III-009_02_210881,高跷(盖州高跷),传统舞蹈,辽宁省盖州市,辽宁省,6,2025,http://www.ihchina.cn/art/representative.html?limit=100&p=33,2026-08-06T10:36:17+00:00,30002
inheritor_30003,谭海则,男,汉族,III-13,III-13,III-013_01_610624,安塞腰鼓,传统舞蹈,陕西省安塞县,陕西省,6,2025,http://www.ihchina.cn/art/representative.html?limit=100&p=33,2026-08-06T10:36:17+00:00,30003
inheritor_30004,田志信,男,土家族,III-17,III-17,III-017_01_433100,土家族摆手舞,传统舞蹈,湖南省湘西土家族苗族自治州,湖南省,6,2025,http://www.ihchina.cn/art/representative.html?limit=100&p=33,2026-08-06T10:36:17+00:00,30004
inheritor_30005,王扎西(扎西),男,藏族,III-19,III-19,III-019_01_513335,弦子舞(巴塘弦子舞),传统舞蹈,四川省巴塘县,四川省,6,2025,http://www.ihchina.cn/art/representative.html?limit=100&p=33,2026-08-06T10:36:17+00:00,30005
inheritor_30006,次登,男,藏族,III-20,III-20,III-020_02_513325,锅庄舞(甘孜锅庄),传统舞蹈,四川省雅江县,四川省,6,2025,http://www.ihchina.cn/art/representative.html?limit=100&p=33,2026-08-06T10:36:17+00:00,30006
inheritor_30007,扎西才仁,男,藏族,III-20,III-20,III-020_01_632700,锅庄舞(玉树卓舞),传统舞蹈,青海省玉树藏族自治州,青海省,6,2025,http://www.ihchina.cn/art/representative.html?limit=100&p=33,2026-08-06T10:36:17+00:00,30007
inheritor_30008,钱富全,男,藏族,III-20,III-20,III-020_02_513226,锅庄舞(马奈锅庄),传统舞蹈,四川省金川县,四川省,6,2025,http://www.ihchina.cn/art/representative.html?limit=100&p=33,2026-08-06T10:36:17+00:00,30008
inheritor_30009,土呷泽仁,男,藏族,III-20,III-20,III-020_02_513332,锅庄舞(甘孜锅庄),传统舞蹈,四川省石渠县,四川省,6,2025,http://www.ihchina.cn/art/representative.html?limit=100&p=33,2026-08-06T10:36:17+00:00,30009
inheritor_30010,三宝,男,傈僳族,III-21,III-21,III-021_04_533400,热巴舞,传统舞蹈,云南省迪庆藏族自治州,云南省,6,2025,http://www.ihchina.cn/art/representative.html?limit=100&p=33,2026-08-06T10:36:17+00:00,30010
inheritor_30011,马玉林,男,藏族,III-21,III-21,III-021_04_533400,热巴舞,传统舞蹈,云南省迪庆藏族自治州,云南省,6,2025,http://www.ihchina.cn/art/representative.html?limit=100&p=33,2026-08-06T10:36:17+00:00,30011
inheritor_30012,李光得,男,苗族,III-23,III-23,III-023_04_522323,苗族芦笙舞,传统舞蹈,贵州省普安县,贵州省,6,2025,http://www.ihchina.cn/art/representative.html?limit=100&p=33,2026-08-06T10:36:17+00:00,30012
inheritor_30013,祝英,女,苗族,III-23,III-23,III-023_01_520525,苗族芦笙舞(滚山珠),传统舞蹈,贵州省纳雍县,贵州省,6,2025,http://www.ihchina.cn/art/representative.html?limit=100&p=33,2026-08-06T10:36:17+00:00,30013
inheritor_30014,吴玉华,女,达斡尔族,III-28,III-28,III-028_01_150722,达斡尔族鲁日格勒舞,传统舞蹈,内蒙古莫力达瓦达斡尔族自治旗,内蒙古自治区,6,2025,http://www.ihchina.cn/art/representative.html?limit=100&p=33,2026-08-06T10:36:17+00:00,30014
inheritor_30015,阿旺顿珠,男,藏族,III-39,III-39,III-039_10_540100,卓舞(热振曲卓),传统舞蹈,西藏自治区拉萨市,西藏自治区,6,2025,http://www.ihchina.cn/art/representative.html?limit=100&p=33,2026-08-06T10:36:17+00:00,30015
inheritor_30016,苏安福,男,汉族,III-42,III-42,III-042_03_140824,鼓舞(稷山高台花鼓),传统舞蹈,山西省稷山县,山西省,6,2025,http://www.ihchina.cn/art/representative.html?limit=100&p=33,2026-08-06T10:36:17+00:00,30016
inheritor_30017,王成德,男,汉族,III-42,III-42,III-042_10_211400,鼓舞(辽西太平鼓),传统舞蹈,辽宁省葫芦岛市,辽宁省,6,2025,http://www.ihchina.cn/art/representative.html?limit=100&p=33,2026-08-06T10:36:17+00:00,30017
inheritor_30018,柳学光,男,彝族,III-42,III-42,III-042_10_530426,鼓舞(彝族花鼓舞),传统舞蹈,云南省玉溪市峨山彝族自治县,云南省,6,2025,http://www.ihchina.cn/art/representative.html?limit=100&p=33,2026-08-06T10:36:17+00:00,30018
inheritor_30019,刘锦棠,男,汉族,III-43,III-43,III-043_04_810000,麒麟舞(西贡坑口客家舞麒麟),传统舞蹈,香港特别行政区,香港特别行政区,6,2025,http://www.ihchina.cn/art/representative.html?limit=100&p=33,2026-08-06T10:36:17+00:00,30019
inheritor_30020,韩志永(韩志勇),男,汉族,III-43,III-43,III-043_03_411422,麒麟舞(睢县麒麟舞),传统舞蹈,河南省睢县,河南省,6,2025,http://www.ihchina.cn/art/representative.html?limit=100&p=33,2026-08-06T10:36:17+00:00,30020
inheritor_30021,谢玉球,男,汉族,III-43,III-43,III-043_03_440300b,麒麟舞(大船坑舞麒麟),传统舞蹈,广东省深圳市,广东省,6,2025,http://www.ihchina.cn/art/representative.html?limit=100&p=33,2026-08-06T10:36:17+00:00,30021
inheritor_30022,张志明,男,汉族,III-43,III-43,III-043_03_440300a,麒麟舞(坂田永胜堂舞麒麟),传统舞蹈,广东省深圳市,广东省,6,2025,http://www.ihchina.cn/art/representative.html?limit=100&p=33,2026-08-06T10:36:17+00:00,30022
inheritor_30023,刘伟团,男,汉族,III-43,III-43,III-043_03_441900,麒麟舞(樟木头舞麒麟),传统舞蹈,广东省东莞市,广东省,6,2025,http://www.ihchina.cn/art/representative.html?limit=100&p=33,2026-08-06T10:36:17+00:00,30023
inheritor_30024,陈文世,男,汉族,III-45,III-45,III-045_02_350300,灯舞(莆田九鲤灯舞),传统舞蹈,福建省莆田市,福建省,6,2025,http://www.ihchina.cn/art/representative.html?limit=100&p=33,2026-08-06T10:36:17+00:00,30024
inheritor_30025,何武,男,汉族,III-45,III-45,III-045_02_360821,灯舞(鲤鱼灯舞),传统舞蹈,江西省吉安县,江西省,6,2025,http://www.ihchina.cn/art/representative.html?limit=100&p=33,2026-08-06T10:36:17+00:00,30025
inheritor_30026,施观彬,男,汉族,III-45,III-45,III-045_02_331121,灯舞(青田鱼灯舞),传统舞蹈,浙江省青田县,浙江省,6,2025,http://www.ihchina.cn/art/representative.html?limit=100&p=33,2026-08-06T10:36:17+00:00,30026
inheritor_30027,杨海人,男,汉族,III-45,III-45,III-045_04_330523,灯舞(上舍化龙灯),传统舞蹈,浙江省安吉县,浙江省,6,2025,http://www.ihchina.cn/art/representative.html?limit=100&p=33,2026-08-06T10:36:17+00:00,30027
inheritor_30028,毛明康,男,汉族,III-45,III-45,III-045_10_421000,灯舞(五虾闹鲇),传统舞蹈,湖北省荆州市,湖北省,6,2025,http://www.ihchina.cn/art/representative.html?limit=100&p=33,2026-08-06T10:36:17+00:00,30028
inheritor_30029,孙元多,男,汉族,III-48,III-48,III-048_02_340421,火老虎,传统舞蹈,安徽省凤台县,安徽省,6,2025,http://www.ihchina.cn/art/representative.html?limit=100&p=33,2026-08-06T10:36:17+00:00,30029
inheritor_30030,刘守红,男,土家族,III-52,III-52,III-052_02_422802,肉连响,传统舞蹈,湖北省利川市,湖北省,6,2025,http://www.ihchina.cn/art/representative.html?limit=100&p=33,2026-08-06T10:36:17+00:00,30030
inheritor_30031,谈森荣,男,汉族,III-58,III-58,III-058_03_440400,鹤舞(三灶鹤舞),传统舞蹈,广东省珠海市,广东省,6,2025,http://www.ihchina.cn/art/representative.html?limit=100&p=33,2026-08-06T10:36:17+00:00,30031
inheritor_30032,赵雄,男,瑶族,III-60,III-60,III-060_02_431129,瑶族长鼓舞,传统舞蹈,湖南省江华瑶族自治县,湖南省,6,2025,http://www.ihchina.cn/art/representative.html?limit=100&p=33,2026-08-06T10:36:17+00:00,30032
inheritor_30033,盘金海,男,瑶族,III-60,III-60,III-060_03_451324,瑶族长鼓舞(黄泥鼓舞),传统舞蹈,广西壮族自治区金秀瑶族自治县,广西壮族自治区,6,2025,http://www.ihchina.cn/art/representative.html?limit=100&p=33,2026-08-06T10:36:17+00:00,30033
inheritor_30034,何炳义(何炳丽),女,藏族,III-68,III-68,III-068_02_513222,博巴森根,传统舞蹈,四川省理县,四川省,6,2025,http://www.ihchina.cn/art/representative.html?limit=100&p=33,2026-08-06T10:36:17+00:00,30034
inheritor_30035,苏万朝,男,彝族,III-69,III-69,III-069_02_520527,彝族铃铛舞,传统舞蹈,贵州省赫章县,贵州省,6,2025,http://www.ihchina.cn/art/representative.html?limit=100&p=33,2026-08-06T10:36:17+00:00,30035
inheritor_30036,郭建荣,男,彝族,III-70,III-70,III-070_02_532927,彝族打歌,传统舞蹈,云南省巍山彝族回族自治县,云南省,6,2025,http://www.ihchina.cn/art/representative.html?limit=100&p=33,2026-08-06T10:36:17+00:00,30036
inheritor_30037,仁增旺姆,女,藏族,III-80,III-80,III-080_02_542522,宣舞(古格宣舞),传统舞蹈,西藏自治区札达县,西藏自治区,6,2025,http://www.ihchina.cn/art/representative.html?limit=100&p=33,2026-08-06T10:36:17+00:00,30037
inheritor_30038,扎西旺拉,男,藏族,III-82,III-82,III-082_02_542326,堆谐(拉孜堆谐),传统舞蹈,西藏自治区拉孜县,西藏自治区,6,2025,http://www.ihchina.cn/art/representative.html?limit=100&p=33,2026-08-06T10:36:17+00:00,30038
inheritor_30039,朗加旺久,男,藏族,III-84,III-84,III-084_02_542423,阿谐(达布阿谐),传统舞蹈,西藏自治区比如县,西藏自治区,6,2025,http://www.ihchina.cn/art/representative.html?limit=100&p=33,2026-08-06T10:36:17+00:00,30039
inheritor_30040,拉巴次仁,男,藏族,III-89,III-89,III-089_02_540124,廓孜,传统舞蹈,西藏自治区曲水县,西藏自治区,6,2025,http://www.ihchina.cn/art/representative.html?limit=100&p=33,2026-08-06T10:36:17+00:00,30040
inheritor_30041,杨学明,男,藏族,III-91,III-91,III-091_02_623022,巴郎鼓舞,传统舞蹈,甘肃省卓尼县,甘肃省,6,2025,http://www.ihchina.cn/art/representative.html?limit=100&p=33,2026-08-06T10:36:17+00:00,30041
inheritor_30042,钟必武,男,白族,III-98,III-98,III-098_03_430822,仗鼓舞(桑植仗鼓舞),传统舞蹈,湖南省桑植县,湖南省,6,2025,http://www.ihchina.cn/art/representative.html?limit=100&p=33,2026-08-06T10:36:17+00:00,30042
inheritor_30043,王有春,男,黎族,III-101,III-101,III-101_03_469025,老古舞,传统舞蹈,海南省白沙黎族自治县,海南省,6,2025,http://www.ihchina.cn/art/representative.html?limit=100&p=33,2026-08-06T10:36:17+00:00,30043
inheritor_30044,杨茂春,男,汉族,III-108,III-108,III-108_03_621126,巴当舞,传统舞蹈,甘肃省岷县,甘肃省,6,2025,http://www.ihchina.cn/art/representative.html?limit=100&p=33,2026-08-06T10:36:17+00:00,30044
inheritor_30045,李明珍,女,汉族,III-113,III-113,III-113_04_140722,左权小花戏,传统舞蹈,山西省左权县,山西省,6,2025,http://www.ihchina.cn/art/representative.html?limit=100&p=33,2026-08-06T10:36:17+00:00,30045
inheritor_30046,白春杰,女,蒙古族,III-114,III-114,III-114_04_220721,博舞,传统舞蹈,吉林省前郭尔罗斯蒙古族自治县,吉林省,6,2025,http://www.ihchina.cn/art/representative.html?limit=100&p=33,2026-08-06T10:36:17+00:00,30046
inheritor_30047,姚占楷,男,汉族,III-122,III-122,III-122_04_510525,古蔺花灯,传统舞蹈,四川省古蔺县,四川省,6,2025,http://www.ihchina.cn/art/representative.html?limit=100&p=33,2026-08-06T10:36:17+00:00,30047
inheritor_30048,李建光,男,哈尼族,III-127,III-127,III-127_04_532524,铓鼓舞,传统舞蹈,云南省建水县,云南省,6,2025,http://www.ihchina.cn/art/representative.html?limit=100&p=33,2026-08-06T10:36:17+00:00,30048
inheritor_30049,岩翁(张飞),男,德昂族,III-128,III-128,III-128_04_533102,水鼓舞,传统舞蹈,云南省瑞丽市,云南省,6,2025,http://www.ihchina.cn/art/representative.html?limit=100&p=33,2026-08-06T10:36:17+00:00,30049
inheritor_30050,波益四,男,怒族,III-129,III-129,III-129_04_533323,怒族达比亚舞,传统舞蹈,云南省福贡县,云南省,6,2025,http://www.ihchina.cn/art/representative.html?limit=100&p=33,2026-08-06T10:36:17+00:00,30050
inheritor_30051,热西提·吐尔逊,男,维吾尔族,III-131,III-131,III-131_04_652101,纳孜库姆,传统舞蹈,新疆维吾尔自治区吐鲁番市,新疆维吾尔自治区,6,2025,http://www.ihchina.cn/art/representative.html?limit=100&p=33,2026-08-06T10:36:17+00:00,30051
inheritor_30052,李宗霖,男,汉族,III-135,III-135,III-135_10_350181,佾舞,传统舞蹈,福建省福州市福清市,福建省,6,2025,http://www.ihchina.cn/art/representative.html?limit=100&p=33,2026-08-06T10:36:17+00:00,30052
inheritor_30053,陈秀兴,男,苗族,III-137,III-137,III-137_10_469001,海南苗族盘皇舞,传统舞蹈,海南省五指山市,海南省,6,2025,http://www.ihchina.cn/art/representative.html?limit=100&p=33,2026-08-06T10:36:17+00:00,30053
inheritor_30054,石光荣,男,苗族,III-140,III-140,III-140_10_522600,苗族古瓢舞,传统舞蹈,贵州省黔东南苗族侗族自治州,贵州省,6,2025,http://www.ihchina.cn/art/representative.html?limit=100&p=33,2026-08-06T10:36:17+00:00,30054
inheritor_30055,赛丙,男,傣族,III-141,III-141,III-141_10_530000,傣族白象、马鹿舞,传统舞蹈,云南省,云南省,6,2025,http://www.ihchina.cn/art/representative.html?limit=100&p=33,2026-08-06T10:36:17+00:00,30055
inheritor_30056,阿娜,女,俄罗斯族,III-144,III-144,III-144_10_654201,俄罗斯族踢踏舞,传统舞蹈,新疆维吾尔自治区塔城地区塔城市,新疆维吾尔自治区,6,2025,http://www.ihchina.cn/art/representative.html?limit=100&p=33,2026-08-06T10:36:17+00:00,30056
inheritor_30057,周志刚,男,汉族,IV-1,IV-1,IV-001_01_310000,昆曲,传统戏剧,上海市,上海市,6,2025,http://www.ihchina.cn/art/representative.html?limit=100&p=33,2026-08-06T10:36:17+00:00,30057
inheritor_30058,孔爱萍,女,汉族,IV-1,IV-1,IV-001_01_320000,昆曲,传统戏剧,江苏省,江苏省,6,2025,http://www.ihchina.cn/art/representative.html?limit=100&p=33,2026-08-06T10:36:17+00:00,30058
inheritor_30059,王奉梅,女,汉族,IV-1,IV-1,IV-001_01_330000,昆曲,传统戏剧,浙江省,浙江省,6,2025,http://www.ihchina.cn/art/representative.html?limit=100&p=33,2026-08-06T10:36:17+00:00,30059
inheritor_30060,马玉森,男,汉族,IV-1,IV-1,IV-001_01_110000,昆曲,传统戏剧,北京市,北京市,6,2025,http://www.ihchina.cn/art/representative.html?limit=100&p=33,2026-08-06T10:36:17+00:00,30060
inheritor_30061,乔燕和,女,汉族,IV-1,IV-1,IV-001_01_110000,昆曲,传统戏剧,北京市,北京市,6,2025,http://www.ihchina.cn/art/representative.html?limit=100&p=33,2026-08-06T10:36:17+00:00,30061
inheritor_30062,李廷波,男,汉族,IV-4,IV-4,IV-004_01_440500,潮剧,传统戏剧,广东省汕头市,广东省,6,2025,http://www.ihchina.cn/art/representative.html?limit=100&p=33,2026-08-06T10:36:17+00:00,30062
inheritor_30063,吴勤国,男,汉族,IV-7,IV-7,IV-007_01_330800,高腔(西安高腔),传统戏剧,浙江省衢州市,浙江省,6,2025,http://www.ihchina.cn/art/representative.html?limit=100&p=33,2026-08-06T10:36:17+00:00,30063
inheritor_30064,王莺,女,汉族,IV-8,IV-8,IV-008_01_330624,新昌调腔,传统戏剧,浙江省新昌县,浙江省,6,2025,http://www.ihchina.cn/art/representative.html?limit=100&p=33,2026-08-06T10:36:17+00:00,30064
inheritor_30065,黄荣华,女,汉族,IV-12,IV-12,IV-012_01_500000,川剧,传统戏剧,重庆市,重庆市,6,2025,http://www.ihchina.cn/art/representative.html?limit=100&p=33,2026-08-06T10:36:17+00:00,30065
inheritor_30066,刘芸,女,汉族,IV-12,IV-12,IV-012_01_510000,川剧,传统戏剧,四川省,四川省,6,2025,http://www.ihchina.cn/art/representative.html?limit=100&p=33,2026-08-06T10:36:17+00:00,30066
inheritor_30067,李东桥,男,汉族,IV-16,IV-16,IV-016_01_610000,秦腔,传统戏剧,陕西省,陕西省,6,2025,http://www.ihchina.cn/art/representative.html?limit=100&p=33,2026-08-06T10:36:17+00:00,30067
inheritor_30068,苏凤丽,女,汉族,IV-16,IV-16,IV-016_02_620100,秦腔,传统戏剧,甘肃省秦剧团,甘肃省,6,2025,http://www.ihchina.cn/art/representative.html?limit=100&p=33,2026-08-06T10:36:17+00:00,30068
inheritor_30069,李梅,女,汉族,IV-16,IV-16,IV-016_01_610000,秦腔,传统戏剧,陕西省,陕西省,6,2025,http://www.ihchina.cn/art/representative.html?limit=100&p=33,2026-08-06T10:36:17+00:00,30069
inheritor_30070,惠敏莉,女,汉族,IV-16,IV-16,IV-016_01_610000,秦腔,传统戏剧,陕西省,陕西省,6,2025,http://www.ihchina.cn/art/representative.html?limit=100&p=33,2026-08-06T10:36:17+00:00,30070
inheritor_30071,栗桂莲,女,汉族,IV-18,IV-18,IV-018_01_140000,晋剧,传统戏剧,山西省,山西省,6,2025,http://www.ihchina.cn/art/representative.html?limit=100&p=33,2026-08-06T10:36:17+00:00,30071
inheritor_30072,宋转转,女,汉族,IV-18,IV-18,IV-018_01_140000,晋剧,传统戏剧,山西省,山西省,6,2025,http://www.ihchina.cn/art/representative.html?limit=100&p=33,2026-08-06T10:36:17+00:00,30072
inheritor_30073,董丽萍,女,汉族,IV-18,IV-18,IV-018_02_130700,晋剧,传统戏剧,河北省张家口市,河北省,6,2025,http://www.ihchina.cn/art/representative.html?limit=100&p=33,2026-08-06T10:36:17+00:00,30073
inheritor_30074,苗洁,女,汉族,IV-18,IV-18,IV-018_01_140000,晋剧,传统戏剧,山西省,山西省,6,2025,http://www.ihchina.cn/art/representative.html?limit=100&p=33,2026-08-06T10:36:17+00:00,30074
inheritor_30075,冯继忠,男,汉族,IV-18,IV-18,IV-018_04_140700,晋剧,传统戏剧,山西省晋中市,山西省,6,2025,http://www.ihchina.cn/art/representative.html?limit=100&p=33,2026-08-06T10:36:17+00:00,30075
inheritor_30076,姬荣生,男,汉族,IV-18,IV-18,IV-018_01_140000,晋剧,传统戏剧,山西省,山西省,6,2025,http://www.ihchina.cn/art/representative.html?limit=100&p=33,2026-08-06T10:36:17+00:00,30076
inheritor_30077,金世耀,男,汉族,IV-18,IV-18,IV-018_01_140000,晋剧,传统戏剧,山西省,山西省,6,2025,http://www.ihchina.cn/art/representative.html?limit=100&p=33,2026-08-06T10:36:17+00:00,30077
inheritor_30078,李萍,女,汉族,IV-18,IV-18,IV-018_02_130700,晋剧,传统戏剧,河北省张家口市,河北省,6,2025,http://www.ihchina.cn/art/representative.html?limit=100&p=33,2026-08-06T10:36:17+00:00,30078
inheritor_30079,陈素琴,女,汉族,IV-21,IV-21,IV-021_01_140500,上党梆子,传统戏剧,山西省晋城市,山西省,6,2025,http://www.ihchina.cn/art/representative.html?limit=100&p=33,2026-08-06T10:36:17+00:00,30079
inheritor_30080,陈春,女,汉族,IV-22,IV-22,IV-022_02_120103,河北梆子,传统戏剧,天津河北梆子剧院,天津市,6,2025,http://www.ihchina.cn/art/representative.html?limit=100&p=33,2026-08-06T10:36:17+00:00,30080
inheritor_30081,刘凤岭,男,汉族,IV-22,IV-22,IV-022_01_130000,河北梆子,传统戏剧,河北省,河北省,6,2025,http://www.ihchina.cn/art/representative.html?limit=100&p=33,2026-08-06T10:36:17+00:00,30081
inheritor_30082,周奎生(周魁生),男,汉族,IV-26,IV-26,IV-026_02_371728,大平调,传统戏剧,山东省东明县,山东省,6,2025,http://www.ihchina.cn/art/representative.html?limit=100&p=33,2026-08-06T10:36:17+00:00,30082
inheritor_30083,韩学荣,女,汉族,IV-26,IV-26,IV-026_03_410621,大平调,传统戏剧,河南省浚县,河南省,6,2025,http://www.ihchina.cn/art/representative.html?limit=100&p=33,2026-08-06T10:36:17+00:00,30083
inheritor_30084,申小梅,女,汉族,IV-27,IV-27,IV-027_01_411600,越调,传统戏剧,河南省周口市,河南省,6,2025,http://www.ihchina.cn/art/representative.html?limit=100&p=33,2026-08-06T10:36:17+00:00,30084
inheritor_30085,杜镇杰,男,汉族,IV-28,IV-28,IV-028_01_110000,京剧,传统戏剧,北京市,北京市,6,2025,http://www.ihchina.cn/art/representative.html?limit=100&p=33,2026-08-06T10:36:17+00:00,30085
inheritor_30086,李文敏,女,汉族,IV-28,IV-28,IV-028_01_110000,京剧,传统戏剧,北京市,北京市,6,2025,http://www.ihchina.cn/art/representative.html?limit=100&p=34,2026-08-06T10:36:18+00:00,30086
inheritor_30087,杨少春,男,汉族,IV-28,IV-28,IV-028_01_110000,京剧,传统戏剧,北京市,北京市,6,2025,http://www.ihchina.cn/art/representative.html?limit=100&p=34,2026-08-06T10:36:18+00:00,30087
inheritor_30088,刘习中,男,汉族,IV-28,IV-28,IV-028_01_110102,京剧,传统戏剧,国家京剧院,未知,6,2025,http://www.ihchina.cn/art/representative.html?limit=100&p=34,2026-08-06T10:36:18+00:00,30088
inheritor_30089,于魁智,男,回族,IV-28,IV-28,IV-028_01_110102,京剧,传统戏剧,国家京剧院,未知,6,2025,http://www.ihchina.cn/art/representative.html?limit=100&p=34,2026-08-06T10:36:18+00:00,30089
inheritor_30090,王蓉蓉,女,汉族,IV-28,IV-28,IV-028_01_110000,京剧,传统戏剧,北京市,北京市,6,2025,http://www.ihchina.cn/art/representative.html?limit=100&p=34,2026-08-06T10:36:18+00:00,30090
inheritor_30091,石晓亮,男,汉族,IV-28,IV-28,IV-028_01_120000,京剧,传统戏剧,天津市,天津市,6,2025,http://www.ihchina.cn/art/representative.html?limit=100&p=34,2026-08-06T10:36:18+00:00,30091
inheritor_30092,奚中路,男,汉族,IV-28,IV-28,IV-028_01_310000,京剧,传统戏剧,上海市,上海市,6,2025,http://www.ihchina.cn/art/representative.html?limit=100&p=34,2026-08-06T10:36:18+00:00,30092
inheritor_30093,白云明,男,汉族,IV-28,IV-28,IV-028_01_370000,京剧,传统戏剧,山东省,山东省,6,2025,http://www.ihchina.cn/art/representative.html?limit=100&p=34,2026-08-06T10:36:18+00:00,30093
inheritor_30094,裴咏杰,男,汉族,IV-28,IV-28,IV-028_02_420111,京剧,传统戏剧,湖北省京剧院,湖北省,6,2025,http://www.ihchina.cn/art/representative.html?limit=100&p=34,2026-08-06T10:36:18+00:00,30094
inheritor_30095,龚苏萍,女,汉族,IV-28,IV-28,IV-028_03_320000,京剧,传统戏剧,江苏省演艺集团,江苏省,6,2025,http://www.ihchina.cn/art/representative.html?limit=100&p=34,2026-08-06T10:36:18+00:00,30095
inheritor_30096,黄彩平,女,汉族,IV-31,IV-31,IV-031_02_420324,汉调二簧,传统戏剧,湖北省竹溪县,湖北省,6,2025,http://www.ihchina.cn/art/representative.html?limit=100&p=34,2026-08-06T10:36:18+00:00,30096
inheritor_30097,伍银莲,女,汉族,IV-33,IV-33,IV-033_01_350800,闽西汉剧,传统戏剧,福建省龙岩市,福建省,6,2025,http://www.ihchina.cn/art/representative.html?limit=100&p=34,2026-08-06T10:36:18+00:00,30097
inheritor_30098,刘茂林,男,汉族,IV-34,IV-34,IV-034_01_430600,巴陵戏,传统戏剧,湖南省岳阳市,湖南省,6,2025,http://www.ihchina.cn/art/representative.html?limit=100&p=34,2026-08-06T10:36:18+00:00,30098
inheritor_30099,李淑勤,女,汉族,IV-36,IV-36,IV-036_01_440600,粤剧,传统戏剧,广东省佛山市,广东省,6,2025,http://www.ihchina.cn/art/representative.html?limit=100&p=34,2026-08-06T10:36:18+00:00,30099
inheritor_30100,梁素梅,女,壮族,IV-36,IV-36,IV-036_04_450100,粤剧,传统戏剧,广西壮族自治区南宁市,广西壮族自治区,6,2025,http://www.ihchina.cn/art/representative.html?limit=100&p=34,2026-08-06T10:36:18+00:00,30100
inheritor_30101,曾小敏,女,汉族,IV-36,IV-36,IV-036_01_440104,粤剧,传统戏剧,广东省文化厅,广东省,6,2025,http://www.ihchina.cn/art/representative.html?limit=100&p=34,2026-08-06T10:36:18+00:00,30101
inheritor_30102,唐光明,男,汉族,IV-38,IV-38,IV-038_01_361026,宜黄戏,传统戏剧,江西省宜黄县,江西省,6,2025,http://www.ihchina.cn/art/representative.html?limit=100&p=34,2026-08-06T10:36:18+00:00,30102
inheritor_30103,林红阳,男,汉族,IV-39,IV-39,IV-039_01_330726,乱弹,传统戏剧,浙江省浦江县,浙江省,6,2025,http://www.ihchina.cn/art/representative.html?limit=100&p=34,2026-08-06T10:36:18+00:00,30103
inheritor_30104,陈媛,女,汉族,IV-43,IV-43,IV-043_01_370000,柳子戏,传统戏剧,山东省,山东省,6,2025,http://www.ihchina.cn/art/representative.html?limit=100&p=34,2026-08-06T10:36:18+00:00,30104
inheritor_30105,杨春伟,男,汉族,IV-43,IV-43,IV-043_01_370000,柳子戏,传统戏剧,山东省,山东省,6,2025,http://www.ihchina.cn/art/representative.html?limit=100&p=34,2026-08-06T10:36:18+00:00,30105
inheritor_30106,常银良,男,汉族,IV-43,IV-43,IV-043_02_410922,柳子戏,传统戏剧,河南省清丰县,河南省,6,2025,http://www.ihchina.cn/art/representative.html?limit=100&p=34,2026-08-06T10:36:18+00:00,30106
inheritor_30107,宋飞云,男,汉族,IV-44,IV-44,IV-044_01_410526,大弦戏,传统戏剧,河南省滑县,河南省,6,2025,http://www.ihchina.cn/art/representative.html?limit=100&p=34,2026-08-06T10:36:18+00:00,30107
inheritor_30108,陈德忠,男,汉族,IV-45,IV-45,IV-045_01_350100,闽剧,传统戏剧,福建省福州市,福建省,6,2025,http://www.ihchina.cn/art/representative.html?limit=100&p=34,2026-08-06T10:36:18+00:00,30108
inheritor_30109,周虹,女,汉族,IV-45,IV-45,IV-045_01_350100,闽剧,传统戏剧,福建省福州市,福建省,6,2025,http://www.ihchina.cn/art/representative.html?limit=100&p=34,2026-08-06T10:36:18+00:00,30109
inheritor_30110,刘宝平,男,汉族,IV-49,IV-49,IV-049_03_141021,碗碗腔(曲沃碗碗腔),传统戏剧,山西省曲沃县,山西省,6,2025,http://www.ihchina.cn/art/representative.html?limit=100&p=34,2026-08-06T10:36:18+00:00,30110
inheritor_30111,付梅,女,汉族,IV-50,IV-50,IV-050_01_411400,四平调,传统戏剧,河南省商丘市,河南省,6,2025,http://www.ihchina.cn/art/representative.html?limit=100&p=34,2026-08-06T10:36:18+00:00,30111
inheritor_30112,马惠民,男,汉族,IV-51,IV-51,IV-051_02_110106,评剧,传统戏剧,北京市中国评剧院,北京市,6,2025,http://www.ihchina.cn/art/representative.html?limit=100&p=34,2026-08-06T10:36:18+00:00,30112
inheritor_30113,李惟铨,男,汉族,IV-51,IV-51,IV-051_02_110106,评剧,传统戏剧,北京市中国评剧院,北京市,6,2025,http://www.ihchina.cn/art/representative.html?limit=100&p=34,2026-08-06T10:36:18+00:00,30113
inheritor_30114,方亚芬,女,汉族,IV-53,IV-53,IV-053_01_310000,越剧,传统戏剧,上海市,上海市,6,2025,http://www.ihchina.cn/art/representative.html?limit=100&p=34,2026-08-06T10:36:18+00:00,30114
inheritor_30115,吴凤花,女,汉族,IV-53,IV-53,IV-053_01_330683,越剧,传统戏剧,浙江省,浙江省,6,2025,http://www.ihchina.cn/art/representative.html?limit=100&p=34,2026-08-06T10:36:18+00:00,30115
inheritor_30116,李政成,男,汉族,IV-56,IV-56,IV-056_01_321000,扬剧,传统戏剧,江苏省扬州市,江苏省,6,2025,http://www.ihchina.cn/art/representative.html?limit=100&p=34,2026-08-06T10:36:18+00:00,30116
inheritor_30117,夏青玲,女,汉族,IV-58,IV-58,IV-058_01_420000,楚剧,传统戏剧,湖北省,湖北省,6,2025,http://www.ihchina.cn/art/representative.html?limit=100&p=34,2026-08-06T10:36:18+00:00,30117
inheritor_30118,凃崇华,女,汉族,IV-58,IV-58,IV-058_01_420000,楚剧,传统戏剧,湖北省,湖北省,6,2025,http://www.ihchina.cn/art/representative.html?limit=100&p=34,2026-08-06T10:36:18+00:00,30118
inheritor_30119,李祖勋,男,汉族,IV-58,IV-58,IV-058_01_420000,楚剧,传统戏剧,湖北省,湖北省,6,2025,http://www.ihchina.cn/art/representative.html?limit=100&p=34,2026-08-06T10:36:18+00:00,30119
inheritor_30120,吴培义,男,汉族,IV-59,IV-59,IV-059_01_429005,荆州花鼓戏,传统戏剧,湖北省潜江市,湖北省,6,2025,http://www.ihchina.cn/art/representative.html?limit=100&p=34,2026-08-06T10:36:18+00:00,30120
inheritor_30121,张辉,男,汉族,IV-60,IV-60,IV-060_01_421127,黄梅戏,传统戏剧,湖北省黄梅县,湖北省,6,2025,http://www.ihchina.cn/art/representative.html?limit=100&p=34,2026-08-06T10:36:18+00:00,30121
inheritor_30122,王琴,女,汉族,IV-60,IV-60,IV-060_01_340800,黄梅戏,传统戏剧,安徽省安庆市,安徽省,6,2025,http://www.ihchina.cn/art/representative.html?limit=100&p=34,2026-08-06T10:36:18+00:00,30122
inheritor_30123,刘莉莉,女,汉族,IV-63,IV-63,IV-063_02_371300,柳琴戏,传统戏剧,山东省临沂市,山东省,6,2025,http://www.ihchina.cn/art/representative.html?limit=100&p=34,2026-08-06T10:36:18+00:00,30123
inheritor_30124,王晓红,女,汉族,IV-63,IV-63,IV-063_02_320300,柳琴戏,传统戏剧,江苏省徐州市,江苏省,6,2025,http://www.ihchina.cn/art/representative.html?limit=100&p=34,2026-08-06T10:36:18+00:00,30124
inheritor_30125,陆逸红,女,汉族,IV-64,IV-64,IV-064_01_350600,歌仔戏,传统戏剧,福建省漳州市,福建省,6,2025,http://www.ihchina.cn/art/representative.html?limit=100&p=34,2026-08-06T10:36:18+00:00,30125
inheritor_30126,庄海蓉,女,汉族,IV-64,IV-64,IV-064_01_350200,歌仔戏,传统戏剧,福建省厦门市,福建省,6,2025,http://www.ihchina.cn/art/representative.html?limit=100&p=34,2026-08-06T10:36:18+00:00,30126
inheritor_30127,吴岚,女,汉族,IV-65,IV-65,IV-065_03_361002,采茶戏(抚州采茶戏),传统戏剧,江西省抚州市临川区,江西省,6,2025,http://www.ihchina.cn/art/representative.html?limit=100&p=34,2026-08-06T10:36:18+00:00,30127
inheritor_30128,褚凤荣,女,汉族,IV-65,IV-65,IV-065_03_360983,采茶戏(高安采茶戏),传统戏剧,江西省高安市,江西省,6,2025,http://www.ihchina.cn/art/representative.html?limit=100&p=34,2026-08-06T10:36:18+00:00,30128
inheritor_30129,费丽君,女,汉族,IV-65,IV-65,IV-065_02_420222,采茶戏,传统戏剧,湖北省阳新县,湖北省,6,2025,http://www.ihchina.cn/art/representative.html?limit=100&p=34,2026-08-06T10:36:18+00:00,30129
inheritor_30130,张美香(张梅香),女,汉族,IV-67,IV-67,IV-067_01_370281,茂腔,传统戏剧,山东省胶州市,山东省,6,2025,http://www.ihchina.cn/art/representative.html?limit=100&p=34,2026-08-06T10:36:18+00:00,30130
inheritor_30131,刘青,女,汉族,IV-68,IV-68,IV-068_01_410000,曲剧,传统戏剧,河南省,河南省,6,2025,http://www.ihchina.cn/art/representative.html?limit=100&p=34,2026-08-06T10:36:18+00:00,30131
inheritor_30132,屈登梅,女,汉族,IV-70,IV-70,IV-070_02_130726,秧歌戏(蔚县秧歌),传统戏剧,河北省蔚县,河北省,6,2025,http://www.ihchina.cn/art/representative.html?limit=100&p=34,2026-08-06T10:36:18+00:00,30132
inheritor_30133,张芬然,女,汉族,IV-70,IV-70,IV-070_01_130682,秧歌戏(定州秧歌戏),传统戏剧,河北省定州市,河北省,6,2025,http://www.ihchina.cn/art/representative.html?limit=100&p=34,2026-08-06T10:36:18+00:00,30133
inheritor_30134,季祥林,男,汉族,IV-71,IV-71,IV-071_01_370683,道情戏(蓝关戏),传统戏剧,山东省莱州市,山东省,6,2025,http://www.ihchina.cn/art/representative.html?limit=100&p=34,2026-08-06T10:36:18+00:00,30134
inheritor_30135,范玉,男,汉族,IV-71,IV-71,IV-071_01_140623,道情戏(晋北道情戏),传统戏剧,山西省右玉县,山西省,6,2025,http://www.ihchina.cn/art/representative.html?limit=100&p=34,2026-08-06T10:36:18+00:00,30135
inheritor_30136,窦凤霞,女,汉族,IV-71,IV-71,IV-071_01_620000,道情戏(陇剧),传统戏剧,甘肃省,甘肃省,6,2025,http://www.ihchina.cn/art/representative.html?limit=100&p=34,2026-08-06T10:36:18+00:00,30136
inheritor_30137,张美兰,女,汉族,IV-73,IV-73,IV-073_01_140930,二人台,传统戏剧,山西省河曲县,山西省,6,2025,http://www.ihchina.cn/art/representative.html?limit=100&p=34,2026-08-06T10:36:18+00:00,30137
inheritor_30138,郝云婧,女,汉族,IV-73,IV-73,IV-073_01_140930,二人台,传统戏剧,山西省河曲县,山西省,6,2025,http://www.ihchina.cn/art/representative.html?limit=100&p=34,2026-08-06T10:36:18+00:00,30138
inheritor_30139,段八旺,男,汉族,IV-73,IV-73,IV-073_01_150100,二人台,传统戏剧,内蒙古自治区呼和浩特市,内蒙古自治区,6,2025,http://www.ihchina.cn/art/representative.html?limit=100&p=34,2026-08-06T10:36:18+00:00,30139
inheritor_30140,多单(登达),男,藏族,IV-80,IV-80,IV-080_02_513330,藏戏(德格格萨尔藏戏),传统戏剧,四川省德格县,四川省,6,2025,http://www.ihchina.cn/art/representative.html?limit=100&p=34,2026-08-06T10:36:18+00:00,30140
inheritor_30141,边点旺久,男,藏族,IV-80,IV-80,IV-080_01_540000a,藏戏(拉萨觉木隆),传统戏剧,西藏自治区,西藏自治区,6,2025,http://www.ihchina.cn/art/representative.html?limit=100&p=34,2026-08-06T10:36:18+00:00,30141
inheritor_30142,洛桑扎西,男,藏族,IV-80,IV-80,IV-080_01_540000a,藏戏(拉萨觉木隆),传统戏剧,西藏自治区,西藏自治区,6,2025,http://www.ihchina.cn/art/representative.html?limit=100&p=34,2026-08-06T10:36:18+00:00,30142
inheritor_30143,王志军,男,壮族,IV-82,IV-82,IV-082_02_532600,壮剧,传统戏剧,云南省文山壮族苗族自治州,云南省,6,2025,http://www.ihchina.cn/art/representative.html?limit=100&p=34,2026-08-06T10:36:18+00:00,30143
inheritor_30144,黄志元,男,壮族,IV-82,IV-82,IV-082_01_450000,壮剧,传统戏剧,广西壮族自治区,广西壮族自治区,6,2025,http://www.ihchina.cn/art/representative.html?limit=100&p=34,2026-08-06T10:36:18+00:00,30144
inheritor_30145,吴胜华,男,侗族,IV-83,IV-83,IV-083_01_522631,侗戏,传统戏剧,贵州省黎平县,贵州省,6,2025,http://www.ihchina.cn/art/representative.html?limit=100&p=34,2026-08-06T10:36:18+00:00,30145
inheritor_30146,金保,男,傣族,IV-86,IV-86,IV-086_01_533100,傣剧,传统戏剧,云南省德宏傣族景颇族自治州,云南省,6,2025,http://www.ihchina.cn/art/representative.html?limit=100&p=34,2026-08-06T10:36:18+00:00,30146
inheritor_30147,田敏,男,汉族,IV-87,IV-87,IV-087_04_330600,目连戏(绍兴目连戏),传统戏剧,浙江省绍兴市,浙江省,6,2025,http://www.ihchina.cn/art/representative.html?limit=100&p=34,2026-08-06T10:36:18+00:00,30147
inheritor_30148,王士龙,男,汉族,IV-87,IV-87,IV-087_10_340223,目连戏(南陵目连戏),传统戏剧,安徽省芜湖市南陵县,安徽省,6,2025,http://www.ihchina.cn/art/representative.html?limit=100&p=34,2026-08-06T10:36:18+00:00,30148
inheritor_30149,叶正初,男,汉族,IV-87,IV-87,IV-087_01_341024,目连戏(徽州目连戏),传统戏剧,安徽省祁门县,安徽省,6,2025,http://www.ihchina.cn/art/representative.html?limit=100&p=34,2026-08-06T10:36:18+00:00,30149
inheritor_30150,丁守艮,男,汉族,IV-88,IV-88,IV-088_01_140821,锣鼓杂戏,传统戏剧,山西省临猗县,山西省,6,2025,http://www.ihchina.cn/art/representative.html?limit=100&p=34,2026-08-06T10:36:18+00:00,30150
inheritor_30151,叶守兴,男,汉族,IV-90,IV-90,IV-090_01_520400,安顺地戏,传统戏剧,贵州省安顺市,贵州省,6,2025,http://www.ihchina.cn/art/representative.html?limit=100&p=34,2026-08-06T10:36:18+00:00,30151
inheritor_30152,吕崇德,男,汉族,IV-91,IV-91,IV-091_01_610500,皮影戏(华县皮影戏),传统戏剧,陕西省渭南市,陕西省,6,2025,http://www.ihchina.cn/art/representative.html?limit=100&p=34,2026-08-06T10:36:18+00:00,30152
inheritor_30153,刘立新,男,汉族,IV-91,IV-91,IV-091_03_130322,皮影戏(昌黎皮影戏),传统戏剧,河北省昌黎县,河北省,6,2025,http://www.ihchina.cn/art/representative.html?limit=100&p=34,2026-08-06T10:36:18+00:00,30153
inheritor_30154,许子林,男,汉族,IV-91,IV-91,IV-091_01_211382,皮影戏(凌源皮影戏),传统戏剧,辽宁省凌源市,辽宁省,6,2025,http://www.ihchina.cn/art/representative.html?limit=100&p=34,2026-08-06T10:36:18+00:00,30154
inheritor_30155,高娟琴,女,汉族,IV-91,IV-91,IV-091_01_330481,皮影戏(海宁皮影戏),传统戏剧,浙江省海宁市,浙江省,6,2025,http://www.ihchina.cn/art/representative.html?limit=100&p=34,2026-08-06T10:36:18+00:00,30155
inheritor_30156,严祖斌,男,汉族,IV-91,IV-91,IV-091_01_429005,皮影戏(江汉平原皮影戏),传统戏剧,湖北省潜江市,湖北省,6,2025,http://www.ihchina.cn/art/representative.html?limit=100&p=34,2026-08-06T10:36:18+00:00,30156
inheritor_30157,马凤兰,女,汉族,IV-91,IV-91,IV-091_10_210700,皮影戏(锦州皮影戏),传统戏剧,辽宁省锦州市,辽宁省,6,2025,http://www.ihchina.cn/art/representative.html?limit=100&p=34,2026-08-06T10:36:18+00:00,30157
inheritor_30158,赵忠义,男,汉族,IV-91,IV-91,IV-091_10_210700,皮影戏(锦州皮影戏),传统戏剧,辽宁省锦州市,辽宁省,6,2025,http://www.ihchina.cn/art/representative.html?limit=100&p=34,2026-08-06T10:36:18+00:00,30158
inheritor_30159,何华平,男,汉族,IV-91,IV-91,IV-091_02_511321,皮影戏(四川皮影戏),传统戏剧,四川省南部县,四川省,6,2025,http://www.ihchina.cn/art/representative.html?limit=100&p=34,2026-08-06T10:36:18+00:00,30159
inheritor_30160,赵丽亚,女,汉族,IV-91,IV-91,IV-091_01_130200,皮影戏(唐山皮影戏),传统戏剧,河北省唐山市,河北省,6,2025,http://www.ihchina.cn/art/representative.html?limit=100&p=34,2026-08-06T10:36:18+00:00,30160
inheritor_30161,关海英,女,满族,IV-91,IV-91,IV-091_02_231221,皮影戏(望奎县皮影戏),传统戏剧,黑龙江省望奎县,黑龙江省,6,2025,http://www.ihchina.cn/art/representative.html?limit=100&p=34,2026-08-06T10:36:18+00:00,30161
inheritor_30162,洪惠君,男,汉族,IV-92,IV-92,IV-092_01_350600,木偶戏(漳州布袋木偶戏),传统戏剧,福建省漳州市,福建省,6,2025,http://www.ihchina.cn/art/representative.html?limit=100&p=34,2026-08-06T10:36:18+00:00,30162
inheritor_30163,熊国安,男,汉族,IV-92,IV-92,IV-092_02_430111,木偶戏(湖南杖头木偶戏),传统戏剧,湖南省木偶皮影艺术剧院,湖南省,6,2025,http://www.ihchina.cn/art/representative.html?limit=100&p=34,2026-08-06T10:36:18+00:00,30163
inheritor_30164,林尤盾,男,汉族,IV-92,IV-92,IV-092_02_469005,木偶戏(文昌公仔戏),传统戏剧,海南省文昌市,海南省,6,2025,http://www.ihchina.cn/art/representative.html?limit=100&p=34,2026-08-06T10:36:18+00:00,30164
inheritor_30165,陈为群,男,汉族,IV-92,IV-92,IV-092_03_310106,木偶戏(海派木偶戏),传统戏剧,上海木偶剧团,上海市,6,2025,http://www.ihchina.cn/art/representative.html?limit=100&p=34,2026-08-06T10:36:18+00:00,30165
inheritor_30166,李明卿,男,汉族,IV-92,IV-92,IV-092_10_350800,木偶戏(闽西客家木偶戏),传统戏剧,福建省龙岩市,福建省,6,2025,http://www.ihchina.cn/art/representative.html?limit=100&p=34,2026-08-06T10:36:18+00:00,30166
inheritor_30167,应爱芳,女,汉族,IV-92,IV-92,IV-092_02_330326,木偶戏(平阳木偶戏),传统戏剧,浙江省平阳县,浙江省,6,2025,http://www.ihchina.cn/art/representative.html?limit=100&p=34,2026-08-06T10:36:18+00:00,30167
inheritor_30168,黄晓华,男,汉族,IV-92,IV-92,IV-092_10_420100,木偶戏(武汉杖头木偶戏),传统戏剧,湖北省武汉市,湖北省,6,2025,http://www.ihchina.cn/art/representative.html?limit=100&p=34,2026-08-06T10:36:18+00:00,30168
inheritor_30169,陈俊龙,男,汉族,IV-92,IV-92,IV-092_03_445200,木偶戏(揭阳铁枝木偶戏),传统戏剧,广东省揭阳市,广东省,6,2025,http://www.ihchina.cn/art/representative.html?limit=100&p=34,2026-08-06T10:36:18+00:00,30169
inheritor_30170,蔡晓华,男,汉族,IV-92,IV-92,IV-092_03_330329,木偶戏(泰顺提线木偶戏),传统戏剧,浙江省泰顺县,浙江省,6,2025,http://www.ihchina.cn/art/representative.html?limit=100&p=34,2026-08-06T10:36:18+00:00,30170
inheritor_30171,杜振忠,男,汉族,IV-93,IV-93,IV-093_02_130600,老调(保定老调),传统戏剧,河北省保定市,河北省,6,2025,http://www.ihchina.cn/art/representative.html?limit=100&p=34,2026-08-06T10:36:18+00:00,30171
inheritor_30172,李会林,男,汉族,IV-94,IV-94,IV-094_02_130434,四股弦(冀南四股弦),传统戏剧,河北省魏县,河北省,6,2025,http://www.ihchina.cn/art/representative.html?limit=100&p=34,2026-08-06T10:36:18+00:00,30172
inheritor_30173,汤香平,男,汉族,IV-95,IV-95,IV-095_02_130426,赛戏,传统戏剧,河北省涉县,河北省,6,2025,http://www.ihchina.cn/art/representative.html?limit=100&p=34,2026-08-06T10:36:18+00:00,30173
inheritor_30174,张莉,女,汉族,IV-97,IV-97,IV-097_02_341300,坠子戏,传统戏剧,安徽省宿州市,安徽省,6,2025,http://www.ihchina.cn/art/representative.html?limit=100&p=34,2026-08-06T10:36:18+00:00,30174
inheritor_30175,李杉,男,汉族,IV-98,IV-98,IV-098_02_140481,上党落子,传统戏剧,山西省潞城市,山西省,6,2025,http://www.ihchina.cn/art/representative.html?limit=100&p=34,2026-08-06T10:36:18+00:00,30175
inheritor_30176,焦瑞霞,女,汉族,IV-99,IV-99,IV-099_04_610103,眉户,传统戏剧,陕西省戏曲研究院,陕西省,6,2025,http://www.ihchina.cn/art/representative.html?limit=100&p=34,2026-08-06T10:36:18+00:00,30176
inheritor_30177,闫慧芳,女,汉族,IV-99,IV-99,IV-099_02_140800,眉户(运城眉户),传统戏剧,山西省运城市,山西省,6,2025,http://www.ihchina.cn/art/representative.html?limit=100&p=34,2026-08-06T10:36:18+00:00,30177
inheritor_30178,陈澄,女,汉族,IV-102,IV-102,IV-102_02_320900,淮剧,传统戏剧,江苏省盐城市,江苏省,6,2025,http://www.ihchina.cn/art/representative.html?limit=100&p=34,2026-08-06T10:36:18+00:00,30178
inheritor_30179,王书龙,男,汉族,IV-102,IV-102,IV-102_02_320900,淮剧,传统戏剧,江苏省盐城市,江苏省,6,2025,http://www.ihchina.cn/art/representative.html?limit=100&p=34,2026-08-06T10:36:18+00:00,30179
inheritor_30180,黄静慧,女,汉族,IV-103,IV-103,IV-103_02_320200,锡剧,传统戏剧,江苏省无锡市,江苏省,6,2025,http://www.ihchina.cn/art/representative.html?limit=100&p=34,2026-08-06T10:36:18+00:00,30180
inheritor_30181,章世杰,男,汉族,IV-106,IV-106,IV-106_02_330300,瓯剧,传统戏剧,浙江省温州市,浙江省,6,2025,http://www.ihchina.cn/art/representative.html?limit=100&p=34,2026-08-06T10:36:18+00:00,30181
inheritor_30182,王锦文,女,汉族,IV-107,IV-107,IV-107_02_330200,甬剧,传统戏剧,浙江省宁波市,浙江省,6,2025,http://www.ihchina.cn/art/representative.html?limit=100&p=34,2026-08-06T10:36:18+00:00,30182
inheritor_30183,施洁净,女,汉族,IV-109,IV-109,IV-109_02_330600,绍剧,传统戏剧,浙江省绍兴市,浙江省,6,2025,http://www.ihchina.cn/art/representative.html?limit=100&p=34,2026-08-06T10:36:18+00:00,30183
inheritor_30184,李赛俭,女,汉族,IV-112,IV-112,IV-112_02_430500,花鼓戏,传统戏剧,湖南省邵阳市,湖南省,6,2025,http://www.ihchina.cn/art/representative.html?limit=100&p=34,2026-08-06T10:36:18+00:00,30184
inheritor_30185,柳六荣,女,汉族,IV-112,IV-112,IV-112_02_430600,花鼓戏,传统戏剧,湖南省岳阳县,湖南省,6,2025,http://www.ihchina.cn/art/representative.html?limit=100&p=34,2026-08-06T10:36:18+00:00,30185
inheritor_30186,何相安,男,汉族,IV-112,IV-112,IV-112_02_421300,花鼓戏,传统戏剧,湖北省随州市,湖北省,6,2025,http://www.ihchina.cn/art/representative.html?limit=100&p=35,2026-08-06T10:36:20+00:00,30186
inheritor_30187,吴丽,女,汉族,IV-113,IV-113,IV-113_02_341600,二夹弦,传统戏剧,安徽省亳州市,安徽省,6,2025,http://www.ihchina.cn/art/representative.html?limit=100&p=35,2026-08-06T10:36:20+00:00,30187
inheritor_30188,俎书献,男,汉族,IV-113,IV-113,IV-113_02_410526,二夹弦,传统戏剧,河南省滑县,河南省,6,2025,http://www.ihchina.cn/art/representative.html?limit=100&p=35,2026-08-06T10:36:20+00:00,30188
inheritor_30189,董砚萍,女,汉族,IV-116,IV-116,IV-116_02_370100,吕剧,传统戏剧,山东省济南市,山东省,6,2025,http://www.ihchina.cn/art/representative.html?limit=100&p=35,2026-08-06T10:36:20+00:00,30189
inheritor_30190,栾胜利,男,汉族,IV-116,IV-116,IV-116_02_370112,吕剧,传统戏剧,山东省吕剧院,山东省,6,2025,http://www.ihchina.cn/art/representative.html?limit=100&p=35,2026-08-06T10:36:20+00:00,30190
inheritor_30191,苏智,男,汉族,IV-116,IV-116,IV-116_02_370112,吕剧,传统戏剧,山东省吕剧院,山东省,6,2025,http://www.ihchina.cn/art/representative.html?limit=100&p=35,2026-08-06T10:36:20+00:00,30191
inheritor_30192,杨圣军,男,汉族,IV-118,IV-118,IV-118_02_370900,山东梆子,传统戏剧,山东省泰安市,山东省,6,2025,http://www.ihchina.cn/art/representative.html?limit=100&p=35,2026-08-06T10:36:20+00:00,30192
inheritor_30193,张玉勇,男,汉族,IV-118,IV-118,IV-118_02_371700,山东梆子,传统戏剧,山东省菏泽市,山东省,6,2025,http://www.ihchina.cn/art/representative.html?limit=100&p=35,2026-08-06T10:36:20+00:00,30193
inheritor_30194,李红,女,汉族,IV-118,IV-118,IV-118_02_370900,山东梆子,传统戏剧,山东省泰安市,山东省,6,2025,http://www.ihchina.cn/art/representative.html?limit=100&p=35,2026-08-06T10:36:20+00:00,30194
inheritor_30195,张克学,男,汉族,IV-119,IV-119,IV-119_02_371200,莱芜梆子,传统戏剧,山东省莱芜市,山东省,6,2025,http://www.ihchina.cn/art/representative.html?limit=100&p=35,2026-08-06T10:36:20+00:00,30195
inheritor_30196,燕玲(燕凌),女,汉族,IV-121,IV-121,IV-121_02_320300,徐州梆子,传统戏剧,江苏省徐州市,江苏省,6,2025,http://www.ihchina.cn/art/representative.html?limit=100&p=35,2026-08-06T10:36:20+00:00,30196
inheritor_30197,王荣焕,女,汉族,IV-123,IV-123,IV-123_04_411381,罗卷戏,传统戏剧,河南省邓州市,河南省,6,2025,http://www.ihchina.cn/art/representative.html?limit=100&p=35,2026-08-06T10:36:20+00:00,30197
inheritor_30198,费建楚,男,汉族,IV-128,IV-128,IV-128_02_430400,祁剧,传统戏剧,湖南省衡阳市,湖南省,6,2025,http://www.ihchina.cn/art/representative.html?limit=100&p=35,2026-08-06T10:36:20+00:00,30198
inheritor_30199,申桂桃,女,汉族,IV-128,IV-128,IV-128_02_430502,祁剧,传统戏剧,湖南省祁剧院,湖南省,6,2025,http://www.ihchina.cn/art/representative.html?limit=100&p=35,2026-08-06T10:36:20+00:00,30199
inheritor_30200,张广武,男,汉族,IV-129,IV-129,IV-129_02_441400,广东汉剧,传统戏剧,广东汉剧院,广东省,6,2025,http://www.ihchina.cn/art/representative.html?limit=100&p=35,2026-08-06T10:36:20+00:00,30200
inheritor_30201,陈素珍,女,汉族,IV-130,IV-130,IV-130_02_460100,琼剧,传统戏剧,海南省海口市,海南省,6,2025,http://www.ihchina.cn/art/representative.html?limit=100&p=35,2026-08-06T10:36:20+00:00,30201
inheritor_30202,李敏生,男,汉族,IV-133,IV-133,IV-133_02_610524,合阳跳戏,传统戏剧,陕西省合阳县,陕西省,6,2025,http://www.ihchina.cn/art/representative.html?limit=100&p=35,2026-08-06T10:36:20+00:00,30202
inheritor_30203,杨海兰,女,汉族,IV-139,IV-139,IV-139_03_140502,上党二簧,传统戏剧,山西省晋城市城区,山西省,6,2025,http://www.ihchina.cn/art/representative.html?limit=100&p=35,2026-08-06T10:36:20+00:00,30203
inheritor_30204,高新发,男,汉族,IV-141,IV-141,IV-141_03_330500,湖剧,传统戏剧,浙江省湖州市,浙江省,6,2025,http://www.ihchina.cn/art/representative.html?limit=100&p=35,2026-08-06T10:36:20+00:00,30204
inheritor_30205,李玉英,男,汉族,IV-143,IV-143,IV-143_03_341225,嗨子戏,传统戏剧,安徽省阜南县,安徽省,6,2025,http://www.ihchina.cn/art/representative.html?limit=100&p=35,2026-08-06T10:36:20+00:00,30205
inheritor_30206,陈俐,女,汉族,IV-144,IV-144,IV-144_03_360100,赣剧,传统戏剧,江西省赣剧院,江西省,6,2025,http://www.ihchina.cn/art/representative.html?limit=100&p=35,2026-08-06T10:36:20+00:00,30206
inheritor_30207,黄菊枝,女,汉族,IV-145,IV-145,IV-145_03_360427,西河戏,传统戏剧,江西省星子县,江西省,6,2025,http://www.ihchina.cn/art/representative.html?limit=100&p=35,2026-08-06T10:36:20+00:00,30207
inheritor_30208,袁现英,女,汉族,IV-148,IV-148,IV-148_03_410527,落腔,传统戏剧,河南省内黄县,河南省,6,2025,http://www.ihchina.cn/art/representative.html?limit=100&p=35,2026-08-06T10:36:20+00:00,30208
inheritor_30209,王汝刚,男,汉族,IV-156,IV-156,IV-156_03_310101,滑稽戏,传统戏剧,上海滑稽剧团,上海市,6,2025,http://www.ihchina.cn/art/representative.html?limit=100&p=35,2026-08-06T10:36:20+00:00,30209
inheritor_30210,陈永霞,男,土家族,IV-157,IV-157,IV-157_10_500242,阳戏(酉阳土家面具阳戏),传统戏剧,重庆市酉阳土家族苗族自治县,重庆市,6,2025,http://www.ihchina.cn/art/representative.html?limit=100&p=35,2026-08-06T10:36:20+00:00,30210
inheritor_30211,李大富,男,汉族,IV-157,IV-157,IV-157_04_510800,阳戏(射箭提阳戏),传统戏剧,四川省广元市昭化区,四川省,6,2025,http://www.ihchina.cn/art/representative.html?limit=100&p=35,2026-08-06T10:36:20+00:00,30211
inheritor_30212,周昌智(周昌志),男,汉族,IV-157,IV-157,IV-157_10_500242,阳戏(贵州阳戏),传统戏剧,贵州省,贵州省,6,2025,http://www.ihchina.cn/art/representative.html?limit=100&p=35,2026-08-06T10:36:20+00:00,30212
inheritor_30213,梁厚芳,女,汉族,IV-157,IV-157,IV-157_04_431202,阳戏(上河阳戏),传统戏剧,湖南省怀化市鹤城区,湖南省,6,2025,http://www.ihchina.cn/art/representative.html?limit=100&p=35,2026-08-06T10:36:20+00:00,30213
inheritor_30214,黎岗,男,汉族,IV-157,IV-157,IV-157_10_500242,阳戏(贵州阳戏),传统戏剧,贵州省,贵州省,6,2025,http://www.ihchina.cn/art/representative.html?limit=100&p=35,2026-08-06T10:36:20+00:00,30214
inheritor_30215,姚维云,男,汉族,IV-157,IV-157,IV-157_10_500242,阳戏(贵州阳戏),传统戏剧,贵州省,贵州省,6,2025,http://www.ihchina.cn/art/representative.html?limit=100&p=35,2026-08-06T10:36:20+00:00,30215
inheritor_30216,姚艺民,男,汉族,IV-159,IV-159,IV-159_04_140830,线腔,传统戏剧,山西省芮城县,山西省,6,2025,http://www.ihchina.cn/art/representative.html?limit=100&p=35,2026-08-06T10:36:20+00:00,30216
inheritor_30217,陈秀枝,女,汉族,IV-163,IV-163,IV-163_10_130500,南路丝弦,传统戏剧,河北省邢台市,河北省,6,2025,http://www.ihchina.cn/art/representative.html?limit=100&p=35,2026-08-06T10:36:20+00:00,30217
inheritor_30218,安静芳,女,朝鲜族,IV-164,IV-164,IV-164_10_220000,吉剧,传统戏剧,吉林省,吉林省,6,2025,http://www.ihchina.cn/art/representative.html?limit=100&p=35,2026-08-06T10:36:20+00:00,30218
inheritor_30219,赵彩霞,女,汉族,IV-165,IV-165,IV-165_10_220700,满族新城戏,传统戏剧,吉林省松原市,吉林省,6,2025,http://www.ihchina.cn/art/representative.html?limit=100&p=35,2026-08-06T10:36:20+00:00,30219
inheritor_30220,何美绪,男,汉族,IV-168,IV-168,IV-168_10_510800,端公戏(旺苍端公戏),传统戏剧,四川省广元市,四川省,6,2025,http://www.ihchina.cn/art/representative.html?limit=100&p=35,2026-08-06T10:36:20+00:00,30220
inheritor_30221,张杰兴,男,白族,IV-169,IV-169,IV-169_10_532929,白族吹吹腔,传统戏剧,云南省大理白族自治州云龙县,云南省,6,2025,http://www.ihchina.cn/art/representative.html?limit=100&p=35,2026-08-06T10:36:20+00:00,30221
inheritor_30222,普布,男,藏族,IV-170,IV-170,IV-170_10_542300,巴贡(霞尔巴贡),传统戏剧,西藏自治区日喀则市,西藏自治区,6,2025,http://www.ihchina.cn/art/representative.html?limit=100&p=35,2026-08-06T10:36:20+00:00,30222
inheritor_30223,飞文基,男,其他,IV-171,IV-171,IV-171_10_820000,土生土语话剧,传统戏剧,澳门特别行政区,澳门特别行政区,6,2025,http://www.ihchina.cn/art/representative.html?limit=100&p=35,2026-08-06T10:36:20+00:00,30223
inheritor_30224,高峻,男,汉族,V-1,V-1,V-001_02_310000,苏州评弹(苏州评话、苏州弹词),曲艺,上海市书场工作者协会,上海市,6,2025,http://www.ihchina.cn/art/representative.html?limit=100&p=35,2026-08-06T10:36:20+00:00,30224
inheritor_30225,汪正华,男,汉族,V-1,V-1,V-001_03_320100,苏州评弹(苏州评话、苏州弹词),曲艺,江苏省演艺集团,江苏省,6,2025,http://www.ihchina.cn/art/representative.html?limit=100&p=35,2026-08-06T10:36:20+00:00,30225
inheritor_30226,姜庆玲,女,汉族,V-2,V-2,V-002_01_321000,扬州评话,曲艺,江苏省扬州市,江苏省,6,2025,http://www.ihchina.cn/art/representative.html?limit=100&p=35,2026-08-06T10:36:20+00:00,30226
inheritor_30227,叶兆辰,男,汉族,V-3,V-3,V-003_01_350100,福州评话,曲艺,福建省福州市,福建省,6,2025,http://www.ihchina.cn/art/representative.html?limit=100&p=35,2026-08-06T10:36:20+00:00,30227
inheritor_30228,贾昌福,男,汉族,V-8,V-8,V-008_10_130224,乐亭大鼓,曲艺,河北省唐山市滦南县,河北省,6,2025,http://www.ihchina.cn/art/representative.html?limit=100&p=35,2026-08-06T10:36:20+00:00,30228
inheritor_30229,张怀生,男,汉族,V-12,V-12,V-012_01_410300,河洛大鼓,曲艺,河南省洛阳市,河南省,6,2025,http://www.ihchina.cn/art/representative.html?limit=100&p=35,2026-08-06T10:36:20+00:00,30229
inheritor_30230,王晗华,女,汉族,V-13,V-13,V-013_03_330326,温州鼓词,曲艺,浙江省平阳县,浙江省,6,2025,http://www.ihchina.cn/art/representative.html?limit=100&p=35,2026-08-06T10:36:20+00:00,30230
inheritor_30231,曹伯炎,男,汉族,V-14,V-14,V-014_01_610600,陕北说书,曲艺,陕西省延安市,陕西省,6,2025,http://www.ihchina.cn/art/representative.html?limit=100&p=35,2026-08-06T10:36:20+00:00,30231
inheritor_30232,陈晓岚,女,汉族,V-15,V-15,V-015_01_350100,福州伬艺,曲艺,福建省福州市,福建省,6,2025,http://www.ihchina.cn/art/representative.html?limit=100&p=35,2026-08-06T10:36:20+00:00,30232
inheritor_30233,胡化山,男,汉族,V-21,V-21,V-021_02_371700,山东琴书,曲艺,山东省菏泽市,山东省,6,2025,http://www.ihchina.cn/art/representative.html?limit=100&p=35,2026-08-06T10:36:20+00:00,30233
inheritor_30234,刘静,女,汉族,V-32,V-32,V-032_04_430723,鼓盆歌,曲艺,湖南省澧县,湖南省,6,2025,http://www.ihchina.cn/art/representative.html?limit=100&p=35,2026-08-06T10:36:20+00:00,30234
inheritor_30235,王素珍,女,汉族,V-35,V-35,V-035_04_211000,二人转,曲艺,辽宁省辽阳市,辽宁省,6,2025,http://www.ihchina.cn/art/representative.html?limit=100&p=35,2026-08-06T10:36:20+00:00,30235
inheritor_30236,张德力根(张德力格尔),男,蒙古族,V-40,V-40,V-040_01_150526,乌力格尔,曲艺,内蒙古自治区扎鲁特旗,内蒙古自治区,6,2025,http://www.ihchina.cn/art/representative.html?limit=100&p=35,2026-08-06T10:36:20+00:00,30236
inheritor_30237,鄂灵巧,女,达斡尔族,V-41,V-41,V-041_02_150722,达斡尔族乌钦,曲艺,内蒙古自治区莫力达瓦达斡尔族自治旗,内蒙古自治区,6,2025,http://www.ihchina.cn/art/representative.html?limit=100&p=35,2026-08-06T10:36:20+00:00,30237
inheritor_30238,葛玉霞,女,赫哲族,V-42,V-42,V-042_01_230000,赫哲族伊玛堪,曲艺,黑龙江省,黑龙江省,6,2025,http://www.ihchina.cn/art/representative.html?limit=100&p=35,2026-08-06T10:36:20+00:00,30238
inheritor_30239,赵炎,男,汉族,V-47,V-47,V-047_02_110102,相声,曲艺,中国广播艺术团,未知,6,2025,http://www.ihchina.cn/art/representative.html?limit=100&p=35,2026-08-06T10:36:20+00:00,30239
inheritor_30240,常宝丰,男,满族,V-47,V-47,V-047_02_120000,相声,曲艺,天津市,天津市,6,2025,http://www.ihchina.cn/art/representative.html?limit=100&p=35,2026-08-06T10:36:20+00:00,30240
inheritor_30241,刘秀梅,女,回族,V-49,V-49,V-049_10_130224,单弦牌子曲(含岔曲),曲艺,天津市,天津市,6,2025,http://www.ihchina.cn/art/representative.html?limit=100&p=35,2026-08-06T10:36:20+00:00,30241
inheritor_30242,王德新(王超堂),男,汉族,V-53,V-53,V-053_02_330100,杭州评话,曲艺,浙江省杭州市,浙江省,6,2025,http://www.ihchina.cn/art/representative.html?limit=100&p=35,2026-08-06T10:36:20+00:00,30242
inheritor_30243,康毅,男,汉族,V-59,V-59,V-059_02_310115,浦东说书,曲艺,上海市浦东新区,上海市,6,2025,http://www.ihchina.cn/art/representative.html?limit=100&p=35,2026-08-06T10:36:20+00:00,30243
inheritor_30244,王显平,女,汉族,V-62,V-62,V-062_02_140423,襄垣鼓书,曲艺,山西省襄垣县,山西省,6,2025,http://www.ihchina.cn/art/representative.html?limit=100&p=35,2026-08-06T10:36:20+00:00,30244
inheritor_30245,姬玉香,女,汉族,V-64,V-64,V-064_02_411300,三弦书(南阳三弦书),曲艺,河南省南阳市,河南省,6,2025,http://www.ihchina.cn/art/representative.html?limit=100&p=35,2026-08-06T10:36:20+00:00,30245
inheritor_30246,沈健丽,女,汉族,V-67,V-67,V-067_02_330212,宁波走书,曲艺,浙江省宁波市鄞州区,浙江省,6,2025,http://www.ihchina.cn/art/representative.html?limit=100&p=35,2026-08-06T10:36:20+00:00,30246
inheritor_30247,黄宪高,男,汉族,V-68,V-68,V-068_02_330100,独脚戏,曲艺,浙江省杭州市,浙江省,6,2025,http://www.ihchina.cn/art/representative.html?limit=100&p=35,2026-08-06T10:36:20+00:00,30247
inheritor_30248,姚俐玲,女,汉族,V-70,V-70,V-070_02_420100,湖北小曲,曲艺,湖北省武汉市,湖北省,6,2025,http://www.ihchina.cn/art/representative.html?limit=100&p=35,2026-08-06T10:36:20+00:00,30248
inheritor_30249,陆先模,男,土家族,V-71,V-71,V-071_02_420529,南曲,曲艺,湖北省五峰土家族自治县,湖北省,6,2025,http://www.ihchina.cn/art/representative.html?limit=100&p=35,2026-08-06T10:36:20+00:00,30249
inheritor_30250,潘光正,男,汉族,V-76,V-76,V-076_02_500101,四川竹琴,曲艺,重庆市三峡曲艺团,重庆市,6,2025,http://www.ihchina.cn/art/representative.html?limit=100&p=35,2026-08-06T10:36:20+00:00,30250
inheritor_30251,马光华,女,汉族,V-77,V-77,V-077_03_500000,四川清音,曲艺,重庆市曲艺团,重庆市,6,2025,http://www.ihchina.cn/art/representative.html?limit=100&p=35,2026-08-06T10:36:20+00:00,30251
inheritor_30252,黄玲玲,女,汉族,V-81,V-81,V-081_02_320104,南京白局,曲艺,江苏省南京市秦淮区,江苏省,6,2025,http://www.ihchina.cn/art/representative.html?limit=100&p=35,2026-08-06T10:36:20+00:00,30252
inheritor_30253,陈华春,男,汉族,V-83,V-83,V-083_02_330621,绍兴宣卷,曲艺,浙江省绍兴县,浙江省,6,2025,http://www.ihchina.cn/art/representative.html?limit=100&p=35,2026-08-06T10:36:20+00:00,30253
inheritor_30254,李永俊,男,汉族,V-92,V-92,V-092_02_630100,青海平弦,曲艺,青海省西宁市,青海省,6,2025,http://www.ihchina.cn/art/representative.html?limit=100&p=35,2026-08-06T10:36:20+00:00,30254
inheritor_30255,少布(海青),男,蒙古族,V-95,V-95,V-095_02_150522,好来宝,曲艺,内蒙古自治区科尔沁左翼后旗,内蒙古自治区,6,2025,http://www.ihchina.cn/art/representative.html?limit=100&p=35,2026-08-06T10:36:20+00:00,30255
inheritor_30256,努尔沙拉·阿铁别克(努尔沙拉·阿铁依别克,女,哈萨克族,V-96,V-96,V-096_02_654000,哈萨克族铁尔麦,曲艺,新疆维吾尔自治区伊犁哈萨克自治州,新疆维吾尔自治区,6,2025,http://www.ihchina.cn/art/representative.html?limit=100&p=35,2026-08-06T10:36:20+00:00,30256
inheritor_30257,鲍先平,女,汉族,V-98,V-98,V-098_03_140428,长子鼓书,曲艺,山西省长子县,山西省,6,2025,http://www.ihchina.cn/art/representative.html?limit=100&p=35,2026-08-06T10:36:20+00:00,30257
inheritor_30258,卢顶风,男,汉族,V-103,V-103,V-103_03_330784,永康鼓词,曲艺,浙江省永康市,浙江省,6,2025,http://www.ihchina.cn/art/representative.html?limit=100&p=35,2026-08-06T10:36:20+00:00,30258
inheritor_30259,李仲球,男,汉族,V-109,V-109,V-109_03_441900,木鱼歌,曲艺,广东省东莞市,广东省,6,2025,http://www.ihchina.cn/art/representative.html?limit=100&p=35,2026-08-06T10:36:20+00:00,30259
inheritor_30260,曾令弟,男,汉族,V-110,V-110,V-110_03_500000,四川评书,曲艺,重庆市曲艺团,重庆市,6,2025,http://www.ihchina.cn/art/representative.html?limit=100&p=35,2026-08-06T10:36:20+00:00,30260
inheritor_30261,丁立新,男,汉族,V-114,V-114,V-114_03_370923,端鼓腔,曲艺,山东省东平县,山东省,6,2025,http://www.ihchina.cn/art/representative.html?limit=100&p=35,2026-08-06T10:36:20+00:00,30261
inheritor_30262,肖秋林,男,汉族,V-120,V-120,V-120_04_360731,客家古文,曲艺,江西省于都县,江西省,6,2025,http://www.ihchina.cn/art/representative.html?limit=100&p=35,2026-08-06T10:36:20+00:00,30262
inheritor_30263,邹华春,男,汉族,V-124,V-124,V-124_04_430000,湖南渔鼓,曲艺,湖南省,湖南省,6,2025,http://www.ihchina.cn/art/representative.html?limit=100&p=35,2026-08-06T10:36:20+00:00,30263
inheritor_30264,申海花,女,汉族,V-129,V-129,V-129_10_140424,屯留道情,曲艺,山西省长治市屯留区,山西省,6,2025,http://www.ihchina.cn/art/representative.html?limit=100&p=35,2026-08-06T10:36:20+00:00,30264
inheritor_30265,侯安风,女,汉族,V-130,V-130,V-130_10_140524,陵川钢板书,曲艺,山西省晋城市陵川县,山西省,6,2025,http://www.ihchina.cn/art/representative.html?limit=100&p=35,2026-08-06T10:36:20+00:00,30265
inheritor_30266,牛崇祥,男,汉族,V-131,V-131,V-131_10_321302,苏北大鼓,曲艺,江苏省宿迁市宿城区,江苏省,6,2025,http://www.ihchina.cn/art/representative.html?limit=100&p=35,2026-08-06T10:36:20+00:00,30266
inheritor_30267,王东粉,女,汉族,V-136,V-136,V-136_10_411200,陕州锣鼓书,曲艺,河南省三门峡市,河南省,6,2025,http://www.ihchina.cn/art/representative.html?limit=100&p=35,2026-08-06T10:36:20+00:00,30267
inheritor_30268,张亚辉,男,白族,V-142,V-142,V-142_10_532901,大本曲,曲艺,云南省大理白族自治州大理市,云南省,6,2025,http://www.ihchina.cn/art/representative.html?limit=100&p=35,2026-08-06T10:36:20+00:00,30268
inheritor_30269,杨正华(杨振华),男,白族,V-142,V-142,V-142_10_532901,大本曲,曲艺,云南省大理白族自治州大理市,云南省,6,2025,http://www.ihchina.cn/art/representative.html?limit=100&p=35,2026-08-06T10:36:20+00:00,30269
inheritor_30270,刘文龙,男,汉族,V-144,V-144,V-144_10_610000,陕西快板,曲艺,陕西省,陕西省,6,2025,http://www.ihchina.cn/art/representative.html?limit=100&p=35,2026-08-06T10:36:20+00:00,30270
inheritor_30271,胡根基,男,汉族,VI-6,VI-6,VI-006_02_330784,线狮(九狮图),传统体育、游艺与杂技,浙江省永康市,浙江省,6,2025,http://www.ihchina.cn/art/representative.html?limit=100&p=35,2026-08-06T10:36:20+00:00,30271
inheritor_30272,覃献平,男,壮族,VI-8,VI-8,VI-008_01_420300,武当武术,传统体育、游艺与杂技,湖北省十堰市,湖北省,6,2025,http://www.ihchina.cn/art/representative.html?limit=100&p=35,2026-08-06T10:36:20+00:00,30272
inheritor_30273,祁明松,男,汉族,VI-10,VI-10,VI-010_02_130900b,沧州武术(燕青拳),传统体育、游艺与杂技,河北省沧州市,河北省,6,2025,http://www.ihchina.cn/art/representative.html?limit=100&p=35,2026-08-06T10:36:20+00:00,30273
inheritor_30274,孙婉容,女,汉族,VI-11,VI-11,VI-011_10_110102,太极拳(孙氏太极拳),传统体育、游艺与杂技,北京市西城区,北京市,6,2025,http://www.ihchina.cn/art/representative.html?limit=100&p=35,2026-08-06T10:36:20+00:00,30274
inheritor_30275,陈沛菊,女,汉族,VI-11,VI-11,VI-011_01_410800,太极拳(陈氏太极拳),传统体育、游艺与杂技,河南省焦作市,河南省,6,2025,http://www.ihchina.cn/art/representative.html?limit=100&p=35,2026-08-06T10:36:20+00:00,30275
inheritor_30276,陈小星,男,汉族,VI-11,VI-11,VI-011_01_410800,太极拳(陈氏太极拳),传统体育、游艺与杂技,河南省焦作市,河南省,6,2025,http://www.ihchina.cn/art/representative.html?limit=100&p=35,2026-08-06T10:36:20+00:00,30276
inheritor_30277,栾新春,男,汉族,VI-11,VI-11,VI-011_10_130600,太极拳(孙氏太极拳),传统体育、游艺与杂技,河北省保定市,河北省,6,2025,http://www.ihchina.cn/art/representative.html?limit=100&p=35,2026-08-06T10:36:20+00:00,30277
inheritor_30278,李剑方,男,汉族,VI-11,VI-11,VI-011_04_130526,太极拳(王其和太极拳),传统体育、游艺与杂技,河北省任县,河北省,6,2025,http://www.ihchina.cn/art/representative.html?limit=100&p=35,2026-08-06T10:36:20+00:00,30278
inheritor_30279,姚志平,男,汉族,VI-11,VI-11,VI-011_02_130429,太极拳(武氏太极拳),传统体育、游艺与杂技,河北省永年县,河北省,6,2025,http://www.ihchina.cn/art/representative.html?limit=100&p=35,2026-08-06T10:36:20+00:00,30279
inheritor_30280,陈炳,男,汉族,VI-11,VI-11,VI-011_01_410800,太极拳(陈氏太极拳),传统体育、游艺与杂技,河南省焦作市,河南省,6,2025,http://www.ihchina.cn/art/representative.html?limit=100&p=35,2026-08-06T10:36:20+00:00,30280
inheritor_30281,额日登巴雅尔,男,蒙古族,VI-16,VI-16,VI-016_01_150000,蒙古族搏克,传统体育、游艺与杂技,内蒙古自治区,内蒙古自治区,6,2025,http://www.ihchina.cn/art/representative.html?limit=100&p=35,2026-08-06T10:36:20+00:00,30281
inheritor_30282,关贵林,男,满族,VI-21,VI-21,VI-021_10_210100,摔跤(沈阳北市摔跤),传统体育、游艺与杂技,辽宁省沈阳市,辽宁省,6,2025,http://www.ihchina.cn/art/representative.html?limit=100&p=35,2026-08-06T10:36:20+00:00,30282
inheritor_30283,阿拉腾乌拉,男,蒙古族,VI-22,VI-22,VI-022_02_152900,沙力搏尔式摔跤,传统体育、游艺与杂技,内蒙古自治区阿拉善左旗,内蒙古自治区,6,2025,http://www.ihchina.cn/art/representative.html?limit=100&p=35,2026-08-06T10:36:20+00:00,30283
inheritor_30284,邵智勇,男,汉族,VI-24,VI-24,VI-024_02_610112,红拳,传统体育、游艺与杂技,陕西省,陕西省,6,2025,http://www.ihchina.cn/art/representative.html?limit=100&p=35,2026-08-06T10:36:20+00:00,30284
inheritor_30285,高宝东,男,汉族,VI-26,VI-26,VI-026_03_140726,形意拳,传统体育、游艺与杂技,山西省太谷县,山西省,6,2025,http://www.ihchina.cn/art/representative.html?limit=100&p=35,2026-08-06T10:36:20+00:00,30285
inheritor_30286,布秉全,男,汉族,VI-26,VI-26,VI-026_03_140726,形意拳,传统体育、游艺与杂技,山西省太谷县,山西省,6,2025,http://www.ihchina.cn/art/representative.html?limit=100&p=36,2026-08-06T10:36:22+00:00,30286
inheritor_30287,王秀芬,女,回族,VI-32,VI-32,VI-032_02_371525,查拳,传统体育、游艺与杂技,山东省冠县,山东省,6,2025,http://www.ihchina.cn/art/representative.html?limit=100&p=36,2026-08-06T10:36:22+00:00,30287
inheritor_30288,沙宗朝,男,回族,VI-32,VI-32,VI-032_02_371525,查拳,传统体育、游艺与杂技,山东省冠县,山东省,6,2025,http://www.ihchina.cn/art/representative.html?limit=100&p=36,2026-08-06T10:36:22+00:00,30288
inheritor_30289,雷杰,男,汉族,VI-35,VI-35,VI-035_04_421127,岳家拳,传统体育、游艺与杂技,湖北省黄梅县,湖北省,6,2025,http://www.ihchina.cn/art/representative.html?limit=100&p=36,2026-08-06T10:36:22+00:00,30289
inheritor_30290,陈忠杰,男,汉族,VI-36,VI-36,VI-036_02_440705,蔡李佛拳,传统体育、游艺与杂技,广东省江门市新会区,广东省,6,2025,http://www.ihchina.cn/art/representative.html?limit=100&p=36,2026-08-06T10:36:22+00:00,30290
inheritor_30291,房胜棠,男,汉族,VI-36,VI-36,VI-036_10_310107,蔡李佛拳(广州北胜蔡李佛拳),传统体育、游艺与杂技,广东省,广东省,6,2025,http://www.ihchina.cn/art/representative.html?limit=100&p=36,2026-08-06T10:36:22+00:00,30291
inheritor_30292,朱彦青,男,汉族,VI-41,VI-41,VI-041_02_140900,挠羊赛,传统体育、游艺与杂技,山西省忻州市,山西省,6,2025,http://www.ihchina.cn/art/representative.html?limit=100&p=36,2026-08-06T10:36:22+00:00,30292
inheritor_30293,李尖参,男,藏族,VI-42,VI-42,VI-042_02_630202,传统箭术(南山射箭),传统体育、游艺与杂技,青海省乐都县,青海省,6,2025,http://www.ihchina.cn/art/representative.html?limit=100&p=36,2026-08-06T10:36:22+00:00,30293
inheritor_30294,扎哇,男,藏族,VI-43,VI-43,VI-043_02_632700,赛马会(玉树赛马会),传统体育、游艺与杂技,青海省玉树藏族自治州,青海省,6,2025,http://www.ihchina.cn/art/representative.html?limit=100&p=36,2026-08-06T10:36:22+00:00,30294
inheritor_30295,金光侠,男,汉族,VI-54,VI-54,VI-054_02_330600,调吊,传统体育、游艺与杂技,浙江省绍兴市,浙江省,6,2025,http://www.ihchina.cn/art/representative.html?limit=100&p=36,2026-08-06T10:36:22+00:00,30295
inheritor_30296,陈伟强,男,汉族,VI-58,VI-58,VI-058_03_350100,地术拳,传统体育、游艺与杂技,福建省精武保安培训学校,福建省,6,2025,http://www.ihchina.cn/art/representative.html?limit=100&p=36,2026-08-06T10:36:22+00:00,30296
inheritor_30297,陈静,女,汉族,VI-63,VI-63,VI-063_03_341600,华佗五禽戏,传统体育、游艺与杂技,安徽省亳州市,安徽省,6,2025,http://www.ihchina.cn/art/representative.html?limit=100&p=36,2026-08-06T10:36:22+00:00,30297
inheritor_30298,李占华,男,汉族,VI-73,VI-73,VI-073_04_110102,通背拳,传统体育、游艺与杂技,北京市西城区,北京市,6,2025,http://www.ihchina.cn/art/representative.html?limit=100&p=36,2026-08-06T10:36:22+00:00,30298
inheritor_30299,宋君杰,男,汉族,VI-74,VI-74,VI-074_04_131102,戳脚,传统体育、游艺与杂技,河北省衡水市桃城区,河北省,6,2025,http://www.ihchina.cn/art/representative.html?limit=100&p=36,2026-08-06T10:36:22+00:00,30299
inheritor_30300,郑祖杰,男,汉族,VI-77,VI-77,VI-077_04_350100,咏春拳,传统体育、游艺与杂技,福建省福州市,福建省,6,2025,http://www.ihchina.cn/art/representative.html?limit=100&p=36,2026-08-06T10:36:22+00:00,30300
inheritor_30301,吴卫民,男,汉族,VI-81,VI-81,VI-081_04_420100,武汉杂技,传统体育、游艺与杂技,湖北省武汉市,湖北省,6,2025,http://www.ihchina.cn/art/representative.html?limit=100&p=36,2026-08-06T10:36:22+00:00,30301
inheritor_30302,王献坡,男,汉族,VI-82,VI-82,VI-082_10_410421,幻术(宝丰魔术),传统体育、游艺与杂技,河南省平顶山市宝丰县,河南省,6,2025,http://www.ihchina.cn/art/representative.html?limit=100&p=36,2026-08-06T10:36:22+00:00,30302
inheritor_30303,周志丽,女,汉族,VI-82,VI-82,VI-082_04_610100,幻术(周化一魔术),传统体育、游艺与杂技,陕西省,陕西省,6,2025,http://www.ihchina.cn/art/representative.html?limit=100&p=36,2026-08-06T10:36:22+00:00,30303
inheritor_30304,尼玛扎华,男,藏族,VI-83,VI-83,VI-083_10_513200,藏棋,传统体育、游艺与杂技,四川省阿坝藏族羌族自治州,四川省,6,2025,http://www.ihchina.cn/art/representative.html?limit=100&p=36,2026-08-06T10:36:22+00:00,30304
inheritor_30305,高铁静,男,汉族,VI-85,VI-85,VI-085_10_120110,无极拳,传统体育、游艺与杂技,天津市东丽区,天津市,6,2025,http://www.ihchina.cn/art/representative.html?limit=100&p=36,2026-08-06T10:36:22+00:00,30305
inheritor_30306,颜勇,男,回族,VI-87,VI-87,VI-087_10_341600,西凉掌(亳州晰扬掌),传统体育、游艺与杂技,安徽省亳州市,安徽省,6,2025,http://www.ihchina.cn/art/representative.html?limit=100&p=36,2026-08-06T10:36:22+00:00,30306
inheritor_30307,颜亮鸣,男,汉族,VI-89,VI-89,VI-089_10_430300,巫家拳,传统体育、游艺与杂技,湖南省湘潭市,湖南省,6,2025,http://www.ihchina.cn/art/representative.html?limit=100&p=36,2026-08-06T10:36:22+00:00,30307
inheritor_30308,孔令春,男,汉族,VI-92,VI-92,VI-092_10_130983,青萍剑(贾氏青萍剑),传统体育、游艺与杂技,河北省沧州市黄骅市,河北省,6,2025,http://www.ihchina.cn/art/representative.html?limit=100&p=36,2026-08-06T10:36:22+00:00,30308
inheritor_30309,王福海,男,汉族,VI-93,VI-93,VI-093_10_331023,易筋经(天台山易筋经),传统体育、游艺与杂技,浙江省台州市天台县,浙江省,6,2025,http://www.ihchina.cn/art/representative.html?limit=100&p=36,2026-08-06T10:36:22+00:00,30309
inheritor_30310,库兰·再依提那尔(库兰汗·兰塔),女,哈萨克族,VI-103,VI-103,VI-103_10_654325,姑娘追,传统体育、游艺与杂技,新疆维吾尔自治区阿勒泰地区青河县,新疆维吾尔自治区,6,2025,http://www.ihchina.cn/art/representative.html?limit=100&p=36,2026-08-06T10:36:22+00:00,30310
inheritor_30311,李少春,男,傣族,VI-105,VI-105,VI-105_10_530000,打陀螺,传统体育、游艺与杂技,云南省,云南省,6,2025,http://www.ihchina.cn/art/representative.html?limit=100&p=36,2026-08-06T10:36:22+00:00,30311
inheritor_30312,木天光,男,哈尼族,VI-105,VI-105,VI-105_10_530000,打陀螺,传统体育、游艺与杂技,云南省,云南省,6,2025,http://www.ihchina.cn/art/representative.html?limit=100&p=36,2026-08-06T10:36:22+00:00,30312
inheritor_30313,杨文祥,男,汉族,VI-106,VI-106,VI-106_10_120223,登杆(大六分村登杆),传统体育、游艺与杂技,天津市静海区,天津市,6,2025,http://www.ihchina.cn/art/representative.html?limit=100&p=36,2026-08-06T10:36:22+00:00,30313
inheritor_30314,王文壮,男,汉族,VI-107,VI-107,VI-107_10_120114,飞叉(永良飞叉),传统体育、游艺与杂技,天津市武清区,天津市,6,2025,http://www.ihchina.cn/art/representative.html?limit=100&p=36,2026-08-06T10:36:22+00:00,30314
inheritor_30315,侯忠义,男,汉族,VI-108,VI-108,VI-108_10_341221,临泉杂技,传统体育、游艺与杂技,安徽省阜阳市临泉县,安徽省,6,2025,http://www.ihchina.cn/art/representative.html?limit=100&p=36,2026-08-06T10:36:22+00:00,30315
inheritor_30316,叶保芬(叶宝芬),女,汉族,VII-3,VII-3,VII-003_01_320500,桃花坞木版年画,传统美术,江苏省苏州市,江苏省,6,2025,http://www.ihchina.cn/art/representative.html?limit=100&p=36,2026-08-06T10:36:22+00:00,30316
inheritor_30317,杨乃东,男,汉族,VII-5,VII-5,VII-005_01_370700,杨家埠木版年画,传统美术,山东省潍坊市,山东省,6,2025,http://www.ihchina.cn/art/representative.html?limit=100&p=36,2026-08-06T10:36:22+00:00,30317
inheritor_30318,王树花,女,汉族,VII-6,VII-6,VII-006_01_370785,高密扑灰年画,传统美术,山东省高密市,山东省,6,2025,http://www.ihchina.cn/art/representative.html?limit=100&p=36,2026-08-06T10:36:22+00:00,30318
inheritor_30319,张廷旭,男,汉族,VII-7,VII-7,VII-007_01_410200,朱仙镇木版年画,传统美术,河南省开封市,河南省,6,2025,http://www.ihchina.cn/art/representative.html?limit=100&p=36,2026-08-06T10:36:22+00:00,30319
inheritor_30320,曲久,男,藏族,VII-14,VII-14,VII-014_10_513300,藏族唐卡(郎卡杰唐卡),传统美术,四川省甘孜藏族自治州,四川省,6,2025,http://www.ihchina.cn/art/representative.html?limit=100&p=36,2026-08-06T10:36:22+00:00,30320
inheritor_30321,格桑,男,藏族,VII-14,VII-14,VII-014_02_542121,藏族唐卡(昌都嘎玛嘎赤画派),传统美术,西藏自治区昌都县,西藏自治区,6,2025,http://www.ihchina.cn/art/representative.html?limit=100&p=36,2026-08-06T10:36:22+00:00,30321
inheritor_30322,尼玛,男,藏族,VII-14,VII-14,VII-014_10_632700,藏族唐卡(藏娘唐卡),传统美术,青海省玉树藏族自治州,青海省,6,2025,http://www.ihchina.cn/art/representative.html?limit=100&p=36,2026-08-06T10:36:22+00:00,30322
inheritor_30323,土登伟色,男,藏族,VII-14,VII-14,VII-014_10_632622,藏族唐卡(班玛马尾钉线绣唐卡),传统美术,青海省果洛藏族自治州班玛县,青海省,6,2025,http://www.ihchina.cn/art/representative.html?limit=100&p=36,2026-08-06T10:36:22+00:00,30323
inheritor_30324,嘎玛丹增,男,藏族,VII-14,VII-14,VII-014_10_540000,藏族唐卡(齐吾岗派),传统美术,西藏自治区,西藏自治区,6,2025,http://www.ihchina.cn/art/representative.html?limit=100&p=36,2026-08-06T10:36:22+00:00,30324
inheritor_30325,罗珠巴松,男,藏族,VII-14,VII-14,VII-014_02_542121,藏族唐卡(昌都嘎玛嘎赤画派),传统美术,西藏自治区昌都县,西藏自治区,6,2025,http://www.ihchina.cn/art/representative.html?limit=100&p=36,2026-08-06T10:36:22+00:00,30325
inheritor_30326,杨志刚,男,汉族,VII-15,VII-15,VII-015_02_110102,内画(北京内画鼻烟壶),传统美术,北京市西城区,北京市,6,2025,http://www.ihchina.cn/art/representative.html?limit=100&p=36,2026-08-06T10:36:22+00:00,30326
inheritor_30327,张广庆,男,汉族,VII-15,VII-15,VII-015_04_370303,内画(鲁派内画),传统美术,山东省淄博市张店区,山东省,6,2025,http://www.ihchina.cn/art/representative.html?limit=100&p=36,2026-08-06T10:36:22+00:00,30327
inheritor_30328,付清超(傅清超),女,满族,VII-16,VII-16,VII-016_10_231283,剪纸(海伦剪纸),传统美术,黑龙江省绥化市海伦市,黑龙江省,6,2025,http://www.ihchina.cn/art/representative.html?limit=100&p=36,2026-08-06T10:36:22+00:00,30328
inheritor_30329,廉正义,男,汉族,VII-16,VII-16,VII-016_02_411224,剪纸(卢氏剪纸),传统美术,河南省卢氏县,河南省,6,2025,http://www.ihchina.cn/art/representative.html?limit=100&p=36,2026-08-06T10:36:22+00:00,30329
inheritor_30330,韦帮粉(韦邦粉),女,水族,VII-16,VII-16,VII-016_04_522700,剪纸(水族剪纸),传统美术,贵州省黔南布依族苗族自治州,贵州省,6,2025,http://www.ihchina.cn/art/representative.html?limit=100&p=36,2026-08-06T10:36:22+00:00,30330
inheritor_30331,何爱叶,女,汉族,VII-16,VII-16,VII-016_03_610429,剪纸(旬邑彩贴剪纸),传统美术,陕西省旬邑县,陕西省,6,2025,http://www.ihchina.cn/art/representative.html?limit=100&p=36,2026-08-06T10:36:22+00:00,30331
inheritor_30332,张多堂,男,汉族,VII-16,VII-16,VII-016_02_140223,剪纸(广灵染色剪纸),传统美术,山西省广灵县,山西省,6,2025,http://www.ihchina.cn/art/representative.html?limit=100&p=36,2026-08-06T10:36:22+00:00,30332
inheritor_30333,刘吉英,女,满族,VII-16,VII-16,VII-016_02_210323,剪纸(岫岩满族剪纸),传统美术,辽宁省岫岩满族自治县,辽宁省,6,2025,http://www.ihchina.cn/art/representative.html?limit=100&p=36,2026-08-06T10:36:22+00:00,30333
inheritor_30334,向亮晶,女,汉族,VII-16,VII-16,VII-016_10_430923,剪纸(梅山剪纸),传统美术,湖南省益阳市安化县,湖南省,6,2025,http://www.ihchina.cn/art/representative.html?limit=100&p=36,2026-08-06T10:36:22+00:00,30334
inheritor_30335,刘洁琼,女,汉族,VII-16,VII-16,VII-016_03_610622,剪纸(延川剪纸),传统美术,陕西省延川县,陕西省,6,2025,http://www.ihchina.cn/art/representative.html?limit=100&p=36,2026-08-06T10:36:22+00:00,30335
inheritor_30336,高少萍,女,汉族,VII-16,VII-16,VII-016_02_350623,剪纸(漳浦剪纸),传统美术,福建省漳浦县,福建省,6,2025,http://www.ihchina.cn/art/representative.html?limit=100&p=36,2026-08-06T10:36:22+00:00,30336
inheritor_30337,石俊凤,女,满族,VII-16,VII-16,VII-016_01_130826,剪纸(丰宁满族剪纸),传统美术,河北省丰宁满族自治县,河北省,6,2025,http://www.ihchina.cn/art/representative.html?limit=100&p=36,2026-08-06T10:36:22+00:00,30337
inheritor_30338,周冬梅,女,汉族,VII-16,VII-16,VII-016_04_350722,剪纸(浦城剪纸),传统美术,福建省浦城县,福建省,6,2025,http://www.ihchina.cn/art/representative.html?limit=100&p=36,2026-08-06T10:36:22+00:00,30338
inheritor_30339,齐秀花,女,汉族,VII-16,VII-16,VII-016_02_370785,剪纸(高密剪纸),传统美术,山东省高密市,山东省,6,2025,http://www.ihchina.cn/art/representative.html?limit=100&p=36,2026-08-06T10:36:22+00:00,30339
inheritor_30340,刘伟,男,汉族,VII-16,VII-16,VII-016_03_620422,剪纸(会宁剪纸),传统美术,甘肃省会宁县,甘肃省,6,2025,http://www.ihchina.cn/art/representative.html?limit=100&p=36,2026-08-06T10:36:22+00:00,30340
inheritor_30341,吕慧,女,汉族,VII-16,VII-16,VII-016_04_140926,剪纸(静乐剪纸),传统美术,山西省静乐县,山西省,6,2025,http://www.ihchina.cn/art/representative.html?limit=100&p=36,2026-08-06T10:36:22+00:00,30341
inheritor_30342,王银凤,女,汉族,VII-16,VII-16,VII-016_10_140100,剪纸(太原剪纸),传统美术,山西省太原市,山西省,6,2025,http://www.ihchina.cn/art/representative.html?limit=100&p=36,2026-08-06T10:36:22+00:00,30342
inheritor_30343,刘莲花,女,汉族,VII-16,VII-16,VII-016_04_330122,剪纸(桐庐剪纸),传统美术,浙江省桐庐县,浙江省,6,2025,http://www.ihchina.cn/art/representative.html?limit=100&p=36,2026-08-06T10:36:22+00:00,30343
inheritor_30344,卢发良,男,汉族,VII-16,VII-16,VII-016_01_330382,剪纸(乐清细纹刻纸),传统美术,浙江省乐清市,浙江省,6,2025,http://www.ihchina.cn/art/representative.html?limit=100&p=36,2026-08-06T10:36:22+00:00,30344
inheritor_30345,池福新,男,汉族,VII-16,VII-16,VII-016_02_420902,剪纸(孝感雕花剪纸),传统美术,湖北省孝感市孝南区,湖北省,6,2025,http://www.ihchina.cn/art/representative.html?limit=100&p=36,2026-08-06T10:36:22+00:00,30345
inheritor_30346,马又甫,男,汉族,VII-16,VII-16,VII-016_02_429004,剪纸(仙桃雕花剪纸),传统美术,湖北省仙桃市,湖北省,6,2025,http://www.ihchina.cn/art/representative.html?limit=100&p=36,2026-08-06T10:36:22+00:00,30346
inheritor_30347,夏祖康,男,汉族,VII-16,VII-16,VII-016_02_420700,剪纸(鄂州雕花剪纸),传统美术,湖北省鄂州市,湖北省,6,2025,http://www.ihchina.cn/art/representative.html?limit=100&p=36,2026-08-06T10:36:22+00:00,30347
inheritor_30348,杨桂军,男,苗族,VII-16,VII-16,VII-016_02_433122,剪纸(踏虎凿花),传统美术,湖南省泸溪县,湖南省,6,2025,http://www.ihchina.cn/art/representative.html?limit=100&p=36,2026-08-06T10:36:22+00:00,30348
inheritor_30349,饶宝莲,女,汉族,VII-16,VII-16,VII-016_01_440600,剪纸(广东剪纸),传统美术,广东省佛山市,广东省,6,2025,http://www.ihchina.cn/art/representative.html?limit=100&p=36,2026-08-06T10:36:22+00:00,30349
inheritor_30350,张湘明,男,汉族,VII-16,VII-16,VII-016_01_445100,剪纸(广东剪纸),传统美术,广东省潮州市,广东省,6,2025,http://www.ihchina.cn/art/representative.html?limit=100&p=36,2026-08-06T10:36:22+00:00,30350
inheritor_30351,王西安,女,汉族,VII-16,VII-16,VII-016_01_610624,剪纸(安塞剪纸),传统美术,陕西省安塞县,陕西省,6,2025,http://www.ihchina.cn/art/representative.html?limit=100&p=36,2026-08-06T10:36:22+00:00,30351
inheritor_30352,钱月芳,女,汉族,VII-17,VII-17,VII-017_01_310117,顾绣,传统美术,上海市松江区,上海市,6,2025,http://www.ihchina.cn/art/representative.html?limit=100&p=36,2026-08-06T10:36:22+00:00,30352
inheritor_30353,孙燕云,女,汉族,VII-18,VII-18,VII-018_10_320400,苏绣(常州乱针绣),传统美术,江苏省常州市,江苏省,6,2025,http://www.ihchina.cn/art/representative.html?limit=100&p=36,2026-08-06T10:36:22+00:00,30353
inheritor_30354,李艳,女,汉族,VII-19,VII-19,VII-019_01_430100,湘绣,传统美术,湖南省长沙市,湖南省,6,2025,http://www.ihchina.cn/art/representative.html?limit=100&p=36,2026-08-06T10:36:22+00:00,30354
inheritor_30355,李淑英,女,汉族,VII-20,VII-20,VII-020_01_445100,粤绣(潮绣),传统美术,广东省潮州市,广东省,6,2025,http://www.ihchina.cn/art/representative.html?limit=100&p=36,2026-08-06T10:36:22+00:00,30355
inheritor_30356,黄伟雄,男,汉族,VII-20,VII-20,VII-020_10_445100,粤绣(珠绣),传统美术,广东省潮州市,广东省,6,2025,http://www.ihchina.cn/art/representative.html?limit=100&p=36,2026-08-06T10:36:22+00:00,30356
inheritor_30357,伍洁仪,女,汉族,VII-20,VII-20,VII-020_01_440100,粤绣(广绣),传统美术,广东省广州市,广东省,6,2025,http://www.ihchina.cn/art/representative.html?limit=100&p=36,2026-08-06T10:36:22+00:00,30357
inheritor_30358,彭世平,男,汉族,VII-21,VII-21,VII-021_01_510100,蜀绣,传统美术,四川省成都市,四川省,6,2025,http://www.ihchina.cn/art/representative.html?limit=100&p=36,2026-08-06T10:36:22+00:00,30358
inheritor_30359,吴英继,女,苗族,VII-22,VII-22,VII-022_10_433124,苗绣(湘西苗绣),传统美术,湖南省湘西土家族苗族自治州花垣县,湖南省,6,2025,http://www.ihchina.cn/art/representative.html?limit=100&p=36,2026-08-06T10:36:22+00:00,30359
inheritor_30360,刘忠嫦,女,苗族,VII-22,VII-22,VII-022_02_522601,苗绣,传统美术,贵州省凯里市,贵州省,6,2025,http://www.ihchina.cn/art/representative.html?limit=100&p=36,2026-08-06T10:36:22+00:00,30360
inheritor_30361,王金花,女,苗族,VII-22,VII-22,VII-022_02_522601,苗绣,传统美术,贵州省凯里市,贵州省,6,2025,http://www.ihchina.cn/art/representative.html?limit=100&p=36,2026-08-06T10:36:22+00:00,30361
inheritor_30362,石丽平,女,苗族,VII-22,VII-22,VII-022_10_520628,苗绣(松桃苗绣),传统美术,贵州省铜仁市松桃苗族自治县,贵州省,6,2025,http://www.ihchina.cn/art/representative.html?limit=100&p=36,2026-08-06T10:36:22+00:00,30362
inheritor_30363,井秋红,女,汉族,VII-26,VII-26,VII-026_02_320300,香包(徐州香包),传统美术,江苏省徐州市,江苏省,6,2025,http://www.ihchina.cn/art/representative.html?limit=100&p=36,2026-08-06T10:36:22+00:00,30363
inheritor_30364,萧剑波,男,汉族,VII-27,VII-27,VII-027_04_320412,象牙雕刻(常州象牙浅刻),传统美术,江苏省常州市武进区,江苏省,6,2025,http://www.ihchina.cn/art/representative.html?limit=100&p=36,2026-08-06T10:36:22+00:00,30364
inheritor_30365,王树昌,男,汉族,VII-34,VII-34,VII-034_01_130634,曲阳石雕,传统美术,河北省曲阳县,河北省,6,2025,http://www.ihchina.cn/art/representative.html?limit=100&p=36,2026-08-06T10:36:22+00:00,30365
inheritor_30366,陈益晶,男,汉族,VII-35,VII-35,VII-035_01_350100,寿山石雕,传统美术,福建省福州市,福建省,6,2025,http://www.ihchina.cn/art/representative.html?limit=100&p=36,2026-08-06T10:36:22+00:00,30366
inheritor_30367,李亚华,女,汉族,VII-36,VII-36,VII-036_10_350206,惠安石雕(影雕),传统美术,福建省厦门市湖里区,福建省,6,2025,http://www.ihchina.cn/art/representative.html?limit=100&p=36,2026-08-06T10:36:22+00:00,30367
inheritor_30368,吴德强,男,汉族,VII-36,VII-36,VII-036_01_350521,惠安石雕,传统美术,福建省惠安县,福建省,6,2025,http://www.ihchina.cn/art/representative.html?limit=100&p=36,2026-08-06T10:36:22+00:00,30368
inheritor_30369,张建奎,男,汉族,VII-36,VII-36,VII-036_01_350521,惠安石雕,传统美术,福建省惠安县,福建省,6,2025,http://www.ihchina.cn/art/representative.html?limit=100&p=36,2026-08-06T10:36:22+00:00,30369
inheritor_30370,沈占伟,男,汉族,VII-38,VII-38,VII-038_01_622921,临夏砖雕,传统美术,甘肃省临夏县,甘肃省,6,2025,http://www.ihchina.cn/art/representative.html?limit=100&p=36,2026-08-06T10:36:22+00:00,30370
inheritor_30371,陈德丰,男,汉族,VII-40,VII-40,VII-040_02_445200,潮州木雕,传统美术,广东省揭阳市,广东省,6,2025,http://www.ihchina.cn/art/representative.html?limit=100&p=36,2026-08-06T10:36:22+00:00,30371
inheritor_30372,金子松,男,汉族,VII-40,VII-40,VII-040_01_445100,潮州木雕,传统美术,广东省潮州市,广东省,6,2025,http://www.ihchina.cn/art/representative.html?limit=100&p=36,2026-08-06T10:36:22+00:00,30372
inheritor_30373,林汉旋,男,汉族,VII-40,VII-40,VII-040_02_445200,潮州木雕,传统美术,广东省揭阳市,广东省,6,2025,http://www.ihchina.cn/art/representative.html?limit=100&p=36,2026-08-06T10:36:22+00:00,30373
inheritor_30374,彭国龙,男,汉族,VII-45,VII-45,VII-045_01_360300,萍乡湘东傩面具,传统美术,江西省萍乡市,江西省,6,2025,http://www.ihchina.cn/art/representative.html?limit=100&p=36,2026-08-06T10:36:22+00:00,30374
inheritor_30375,白坚忍(白坚仁),男,汉族,VII-46,VII-46,VII-046_02_320400,竹刻(常州留青竹刻),传统美术,江苏省常州市,江苏省,6,2025,http://www.ihchina.cn/art/representative.html?limit=100&p=36,2026-08-06T10:36:22+00:00,30375
inheritor_30376,顾启望,男,汉族,VII-46,VII-46,VII-046_02_331003,竹刻(黄岩翻簧竹雕),传统美术,浙江省台州市黄岩区,浙江省,6,2025,http://www.ihchina.cn/art/representative.html?limit=100&p=36,2026-08-06T10:36:22+00:00,30376
inheritor_30377,柳成荫,男,汉族,VII-47,VII-47,VII-047_01_320200,泥塑(惠山泥人),传统美术,江苏省无锡市,江苏省,6,2025,http://www.ihchina.cn/art/representative.html?limit=100&p=36,2026-08-06T10:36:22+00:00,30377
inheritor_30378,李邦华,男,汉族,VII-50,VII-50,VII-050_02_110105,灯彩(北京灯彩),传统美术,北京市朝阳区,北京市,6,2025,http://www.ihchina.cn/art/representative.html?limit=100&p=36,2026-08-06T10:36:22+00:00,30378
inheritor_30379,陈棣桢,男,汉族,VII-50,VII-50,VII-050_02_440600,灯彩(佛山彩灯),传统美术,广东省佛山市,广东省,6,2025,http://www.ihchina.cn/art/representative.html?limit=100&p=36,2026-08-06T10:36:22+00:00,30379
inheritor_30380,丁志云,男,汉族,VII-51,VII-51,VII-051_04_510184,竹编(道明竹编),传统美术,四川省崇州市,四川省,6,2025,http://www.ihchina.cn/art/representative.html?limit=100&p=36,2026-08-06T10:36:22+00:00,30380
inheritor_30381,胡正仁,男,汉族,VII-51,VII-51,VII-051_02_330783,竹编(东阳竹编),传统美术,浙江省东阳市,浙江省,6,2025,http://www.ihchina.cn/art/representative.html?limit=100&p=36,2026-08-06T10:36:22+00:00,30381
inheritor_30382,吕成,男,汉族,VII-51,VII-51,VII-051_01_330683,嵊州竹编,传统美术,浙江省嵊州市,浙江省,6,2025,http://www.ihchina.cn/art/representative.html?limit=100&p=36,2026-08-06T10:36:22+00:00,30382
inheritor_30383,王玓,女,汉族,VII-52,VII-52,VII-052_10_120103,面人(天津面塑),传统美术,天津市河西区,天津市,6,2025,http://www.ihchina.cn/art/representative.html?limit=100&p=36,2026-08-06T10:36:22+00:00,30383
inheritor_30384,陈瑜,女,汉族,VII-52,VII-52,VII-052_02_310104,面人(上海面人赵),传统美术,上海工艺美术研究所,上海市,6,2025,http://www.ihchina.cn/art/representative.html?limit=100&p=36,2026-08-06T10:36:22+00:00,30384
inheritor_30385,袁建花,女,汉族,VII-53,VII-53,VII-053_04_141127,面花(岚县面塑),传统美术,山西省岚县,山西省,6,2025,http://www.ihchina.cn/art/representative.html?limit=100&p=36,2026-08-06T10:36:22+00:00,30385
inheritor_30386,杨玉兴,男,汉族,VII-54,VII-54,VII-054_02_370683,草编(莱州草辫),传统美术,山东省莱州市,山东省,6,2025,http://www.ihchina.cn/art/representative.html?limit=100&p=37,2026-08-06T10:36:23+00:00,30386
inheritor_30387,杨进邦,男,汉族,VII-55,VII-55,VII-055_10_371329,柳编(临沭柳编),传统美术,山东省临沂市临沭县,山东省,6,2025,http://www.ihchina.cn/art/representative.html?limit=100&p=37,2026-08-06T10:36:23+00:00,30387
inheritor_30388,张万富,男,汉族,VII-55,VII-55,VII-055_03_131022,柳编(固安柳编),传统美术,河北省固安县,河北省,6,2025,http://www.ihchina.cn/art/representative.html?limit=100&p=37,2026-08-06T10:36:23+00:00,30388
inheritor_30389,袁嘉骐,男,汉族,VII-56,VII-56,VII-056_10_420000,石雕(绿松石雕),传统美术,湖北省,湖北省,6,2025,http://www.ihchina.cn/art/representative.html?limit=100&p=37,2026-08-06T10:36:23+00:00,30389
inheritor_30390,刘能风,男,汉族,VII-56,VII-56,VII-056_10_500225,石雕(大足石雕),传统美术,重庆市大足区,重庆市,6,2025,http://www.ihchina.cn/art/representative.html?limit=100&p=37,2026-08-06T10:36:23+00:00,30390
inheritor_30391,王石麟,男,汉族,VII-56,VII-56,VII-056_02_370683,石雕(掖县滑石雕刻),传统美术,山东省莱州市,山东省,6,2025,http://www.ihchina.cn/art/representative.html?limit=100&p=37,2026-08-06T10:36:23+00:00,30391
inheritor_30392,叶美三,男,汉族,VII-56,VII-56,VII-056_02_440882,石雕(雷州石狗),传统美术,广东省雷州市,广东省,6,2025,http://www.ihchina.cn/art/representative.html?limit=100&p=37,2026-08-06T10:36:23+00:00,30392
inheritor_30393,尹国安,男,汉族,VII-56,VII-56,VII-056_02_420281,石雕(大冶石雕),传统美术,湖北省大冶市,湖北省,6,2025,http://www.ihchina.cn/art/representative.html?limit=100&p=37,2026-08-06T10:36:23+00:00,30393
inheritor_30394,胡杨,男,侗族,VII-56,VII-56,VII-056_04_431228,石雕(沅洲石雕),传统美术,湖南省芷江侗族自治县,湖南省,6,2025,http://www.ihchina.cn/art/representative.html?limit=100&p=37,2026-08-06T10:36:23+00:00,30394
inheritor_30395,粱丙公(梁秉公),男,汉族,VII-56,VII-56,VII-056_02_370829,石雕(嘉祥石雕),传统美术,山东省嘉祥县,山东省,6,2025,http://www.ihchina.cn/art/representative.html?limit=100&p=37,2026-08-06T10:36:23+00:00,30395
inheritor_30396,才旦加,男,藏族,VII-56,VII-56,VII-056_02_632323,石雕(泽库和日寺石刻),传统美术,青海省泽库县,青海省,6,2025,http://www.ihchina.cn/art/representative.html?limit=100&p=37,2026-08-06T10:36:23+00:00,30396
inheritor_30397,陈继武,男,汉族,VII-56,VII-56,VII-056_02_430181,石雕(菊花石雕),传统美术,湖南省浏阳市,湖南省,6,2025,http://www.ihchina.cn/art/representative.html?limit=100&p=37,2026-08-06T10:36:23+00:00,30397
inheritor_30398,郭石林,男,汉族,VII-57,VII-57,VII-057_02_110101,玉雕(北京玉雕),传统美术,北京市玉器厂,北京市,6,2025,http://www.ihchina.cn/art/representative.html?limit=100&p=37,2026-08-06T10:36:23+00:00,30398
inheritor_30399,杨根连,男,汉族,VII-57,VII-57,VII-057_02_110101,玉雕(北京玉雕),传统美术,北京市玉器厂,北京市,6,2025,http://www.ihchina.cn/art/representative.html?limit=100&p=37,2026-08-06T10:36:23+00:00,30399
inheritor_30400,张铁城,男,汉族,VII-57,VII-57,VII-057_02_110101,玉雕(北京玉雕),传统美术,北京市玉器厂,北京市,6,2025,http://www.ihchina.cn/art/representative.html?limit=100&p=37,2026-08-06T10:36:23+00:00,30400
inheritor_30401,蒋喜,男,汉族,VII-57,VII-57,VII-057_02_320500,玉雕(苏州玉雕),传统美术,江苏省苏州市,江苏省,6,2025,http://www.ihchina.cn/art/representative.html?limit=100&p=37,2026-08-06T10:36:23+00:00,30401
inheritor_30402,尹志强,男,汉族,VII-57,VII-57,VII-057_02_440103,玉雕(广州玉雕),传统美术,广东省广州市荔湾区,广东省,6,2025,http://www.ihchina.cn/art/representative.html?limit=100&p=37,2026-08-06T10:36:23+00:00,30402
inheritor_30403,白玛占堆,男,藏族,VII-58,VII-58,VII-058_10_542200,木雕(藏族扎囊木雕),传统美术,西藏自治区山南市,西藏自治区,6,2025,http://www.ihchina.cn/art/representative.html?limit=100&p=37,2026-08-06T10:36:23+00:00,30403
inheritor_30404,张红萍,女,汉族,VII-58,VII-58,VII-058_10_350500,木雕(泉州木雕),传统美术,福建省泉州市,福建省,6,2025,http://www.ihchina.cn/art/representative.html?limit=100&p=37,2026-08-06T10:36:23+00:00,30404
inheritor_30405,郑春辉,男,汉族,VII-58,VII-58,VII-058_03_350300,木雕(莆田木雕),传统美术,福建省莆田市,福建省,6,2025,http://www.ihchina.cn/art/representative.html?limit=100&p=37,2026-08-06T10:36:23+00:00,30405
inheritor_30406,郑银聘,男,汉族,VII-58,VII-58,VII-058_10_350500,木雕(泉州木雕),传统美术,福建省泉州市,福建省,6,2025,http://www.ihchina.cn/art/representative.html?limit=100&p=37,2026-08-06T10:36:23+00:00,30406
inheritor_30407,刘斌,男,汉族,VII-59,VII-59,VII-059_02_370700,核雕(潍坊核雕),传统美术,山东省潍坊市,山东省,6,2025,http://www.ihchina.cn/art/representative.html?limit=100&p=37,2026-08-06T10:36:23+00:00,30407
inheritor_30408,吴名驹,男,汉族,VII-60,VII-60,VII-060_02_460100,椰雕(海南椰雕),传统美术,海南省海口市,海南省,6,2025,http://www.ihchina.cn/art/representative.html?limit=100&p=37,2026-08-06T10:36:23+00:00,30408
inheritor_30409,石岩,男,汉族,VII-62,VII-62,VII-062_10_210700,锡雕(锦州锡雕),传统美术,辽宁省锦州市,辽宁省,6,2025,http://www.ihchina.cn/art/representative.html?limit=100&p=37,2026-08-06T10:36:23+00:00,30409
inheritor_30410,王圣良,男,汉族,VII-62,VII-62,VII-062_02_371200,锡雕,传统美术,山东省莱芜市,山东省,6,2025,http://www.ihchina.cn/art/representative.html?limit=100&p=37,2026-08-06T10:36:23+00:00,30410
inheritor_30411,赵国琦,男,汉族,VII-65,VII-65,VII-065_02_141000,木版年画(平阳木版年画),传统美术,山西省临汾市,山西省,6,2025,http://www.ihchina.cn/art/representative.html?limit=100&p=37,2026-08-06T10:36:23+00:00,30411
inheritor_30412,张荣强,男,汉族,VII-65,VII-65,VII-065_02_511126,木版年画(夹江年画),传统美术,四川省夹江县,四川省,6,2025,http://www.ihchina.cn/art/representative.html?limit=100&p=37,2026-08-06T10:36:23+00:00,30412
inheritor_30413,聂大勇,男,土家族,VII-66,VII-66,VII-066_02_433123,彩扎(凤凰纸扎),传统美术,湖南省凤凰县,湖南省,6,2025,http://www.ihchina.cn/art/representative.html?limit=100&p=37,2026-08-06T10:36:23+00:00,30413
inheritor_30414,黎婉珍,女,汉族,VII-66,VII-66,VII-066_02_440600,彩扎(佛山狮头),传统美术,广东省佛山市,广东省,6,2025,http://www.ihchina.cn/art/representative.html?limit=100&p=37,2026-08-06T10:36:23+00:00,30414
inheritor_30415,周合平,男,汉族,VII-66,VII-66,VII-066_10_500224,彩扎(铜梁龙灯彩扎),传统美术,重庆市铜梁区,重庆市,6,2025,http://www.ihchina.cn/art/representative.html?limit=100&p=37,2026-08-06T10:36:23+00:00,30415
inheritor_30416,刘印玲,女,汉族,VII-66,VII-66,VII-066_02_320382,彩扎(邳州纸塑狮子头),传统美术,江苏省邳州市,江苏省,6,2025,http://www.ihchina.cn/art/representative.html?limit=100&p=37,2026-08-06T10:36:23+00:00,30416
inheritor_30417,黄北,男,汉族,VII-67,VII-67,VII-067_02_330382,龙档(乐清龙档),传统美术,浙江省乐清市,浙江省,6,2025,http://www.ihchina.cn/art/representative.html?limit=100&p=37,2026-08-06T10:36:23+00:00,30417
inheritor_30418,滑树林,男,汉族,VII-70,VII-70,VII-070_10_110101,北京绢人,传统美术,北京市东城区,北京市,6,2025,http://www.ihchina.cn/art/representative.html?limit=100&p=37,2026-08-06T10:36:23+00:00,30418
inheritor_30419,乔应菊,女,汉族,VII-72,VII-72,VII-072_02_630122,湟中堆绣,传统美术,青海省湟中县,青海省,6,2025,http://www.ihchina.cn/art/representative.html?limit=100&p=37,2026-08-06T10:36:23+00:00,30419
inheritor_30420,林媞,女,汉族,VII-73,VII-73,VII-073_02_330300,瓯绣,传统美术,浙江省温州市,浙江省,6,2025,http://www.ihchina.cn/art/representative.html?limit=100&p=37,2026-08-06T10:36:23+00:00,30420
inheritor_30421,程曼平(程曼萍),女,汉族,VII-74,VII-74,VII-074_02_410200,汴绣,传统美术,河南省开封市,河南省,6,2025,http://www.ihchina.cn/art/representative.html?limit=100&p=37,2026-08-06T10:36:23+00:00,30421
inheritor_30422,李夏音,女,汉族,VII-77,VII-77,VII-077_10_110101,民间绣活(宁夏刺绣),传统美术,宁夏回族自治区,宁夏回族自治区,6,2025,http://www.ihchina.cn/art/representative.html?limit=100&p=37,2026-08-06T10:36:23+00:00,30422
inheritor_30423,阿依夏木·扎依提(阿依夏木汗·扎依提),女,维吾尔族,VII-79,VII-79,VII-079_02_652200,维吾尔族刺绣,传统美术,新疆维吾尔自治区哈密地区,新疆维吾尔自治区,6,2025,http://www.ihchina.cn/art/representative.html?limit=100&p=37,2026-08-06T10:36:23+00:00,30423
inheritor_30424,张立新,女,汉族,VII-80,VII-80,VII-080_02_220500,满族刺绣(长白山满族枕头顶刺绣),传统美术,吉林省通化市,吉林省,6,2025,http://www.ihchina.cn/art/representative.html?limit=100&p=37,2026-08-06T10:36:23+00:00,30424
inheritor_30425,郑建琴,女,汉族,VII-85,VII-85,VII-085_02_330300,瓯塑,传统美术,浙江省温州市,浙江省,6,2025,http://www.ihchina.cn/art/representative.html?limit=100&p=37,2026-08-06T10:36:23+00:00,30425
inheritor_30426,谢新建,男,汉族,VII-86,VII-86,VII-086_02_371726,砖塑(鄄城砖塑),传统美术,山东省鄄城县,山东省,6,2025,http://www.ihchina.cn/art/representative.html?limit=100&p=37,2026-08-06T10:36:23+00:00,30426
inheritor_30427,邹武,男,汉族,VII-89,VII-89,VII-089_02_360100,瓷板画,传统美术,江西省南昌市,江西省,6,2025,http://www.ihchina.cn/art/representative.html?limit=100&p=37,2026-08-06T10:36:23+00:00,30427
inheritor_30428,陈国弦,男,汉族,VII-90,VII-90,VII-090_02_350100,软木画,传统美术,福建省福州市,福建省,6,2025,http://www.ihchina.cn/art/representative.html?limit=100&p=37,2026-08-06T10:36:23+00:00,30428
inheritor_30429,许少雄,男,汉族,VII-91,VII-91,VII-091_02_440500,镶嵌(嵌瓷),传统美术,广东省汕头市,广东省,6,2025,http://www.ihchina.cn/art/representative.html?limit=100&p=37,2026-08-06T10:36:23+00:00,30429
inheritor_30430,沈柏平,男,汉族,VII-94,VII-94,VII-094_03_320500,盆景技艺(苏派盆景技艺),传统美术,江苏省苏州市,江苏省,6,2025,http://www.ihchina.cn/art/representative.html?limit=100&p=37,2026-08-06T10:36:23+00:00,30430
inheritor_30431,王如生,男,汉族,VII-94,VII-94,VII-094_04_320682,盆景技艺(如皋盆景),传统美术,江苏省如皋市,江苏省,6,2025,http://www.ihchina.cn/art/representative.html?limit=100&p=37,2026-08-06T10:36:23+00:00,30431
inheritor_30432,李小梅,女,汉族,VII-95,VII-95,VII-095_02_140426,布老虎(黎侯虎),传统美术,山西省黎城县,山西省,6,2025,http://www.ihchina.cn/art/representative.html?limit=100&p=37,2026-08-06T10:36:23+00:00,30432
inheritor_30433,陈进德,男,汉族,VII-96,VII-96,VII-096_10_640500,建筑彩绘(中卫建筑彩绘),传统美术,宁夏回族自治区中卫市,宁夏回族自治区,6,2025,http://www.ihchina.cn/art/representative.html?limit=100&p=37,2026-08-06T10:36:23+00:00,30433
inheritor_30434,朱木兰,女,汉族,VII-97,VII-97,VII-097_03_510114,棕编(新繁棕编),传统美术,四川省成都市新都区,四川省,6,2025,http://www.ihchina.cn/art/representative.html?limit=100&p=37,2026-08-06T10:36:23+00:00,30434
inheritor_30435,邵悦文,男,汉族,VII-101,VII-101,VII-101_03_140728,平遥纱阁戏人,传统美术,山西省平遥县,山西省,6,2025,http://www.ihchina.cn/art/representative.html?limit=100&p=37,2026-08-06T10:36:23+00:00,30435
inheritor_30436,裘群珠,女,汉族,VII-104,VII-104,VII-104_03_330212,宁波金银彩绣,传统美术,浙江省宁波市鄞州区,浙江省,6,2025,http://www.ihchina.cn/art/representative.html?limit=100&p=37,2026-08-06T10:36:23+00:00,30436
inheritor_30437,滕天一,女,满族,VII-111,VII-111,VII-111_04_130826,布糊画,传统美术,河北省丰宁满族自治县,河北省,6,2025,http://www.ihchina.cn/art/representative.html?limit=100&p=37,2026-08-06T10:36:23+00:00,30437
inheritor_30438,陈焕升,男,满族,VII-116,VII-116,VII-116_04_210400,琥珀雕刻,传统美术,辽宁省抚顺市,辽宁省,6,2025,http://www.ihchina.cn/art/representative.html?limit=100&p=37,2026-08-06T10:36:23+00:00,30438
inheritor_30439,龚振涛,男,汉族,VII-116,VII-116,VII-116_04_210400,琥珀雕刻,传统美术,辽宁省抚顺市,辽宁省,6,2025,http://www.ihchina.cn/art/representative.html?limit=100&p=37,2026-08-06T10:36:23+00:00,30439
inheritor_30440,黄俊军,男,汉族,VII-120,VII-120,VII-120_10_360681,刻铜(贵溪錾铜雕刻),传统美术,江西省鹰潭市贵溪市,江西省,6,2025,http://www.ihchina.cn/art/representative.html?limit=100&p=37,2026-08-06T10:36:23+00:00,30440
inheritor_30441,李志辉,女,汉族,VII-123,VII-123,VII-123_10_510184,藤编(怀远藤编),传统美术,四川省成都市崇州市,四川省,6,2025,http://www.ihchina.cn/art/representative.html?limit=100&p=37,2026-08-06T10:36:23+00:00,30441
inheritor_30442,陈良顺,男,汉族,VII-123,VII-123,VII-123_10_610721,藤编(汉中藤编),传统美术,陕西省汉中市南郑区,陕西省,6,2025,http://www.ihchina.cn/art/representative.html?limit=100&p=37,2026-08-06T10:36:23+00:00,30442
inheritor_30443,格日勒,女,蒙古族,VII-124,VII-124,VII-124_10_152921,蒙古族唐卡(马鬃绕线堆绣唐卡),传统美术,内蒙古自治区阿拉善盟阿拉善左旗,内蒙古自治区,6,2025,http://www.ihchina.cn/art/representative.html?limit=100&p=37,2026-08-06T10:36:23+00:00,30443
inheritor_30444,李哲,男,汉族,VII-125,VII-125,VII-125_10_411303,烙画(南阳烙画),传统美术,河南省南阳市卧龙区,河南省,6,2025,http://www.ihchina.cn/art/representative.html?limit=100&p=37,2026-08-06T10:36:23+00:00,30444
inheritor_30445,陈伯余,男,汉族,VII-127,VII-127,VII-127_10_320981,发绣(东台发绣),传统美术,江苏省盐城市东台市,江苏省,6,2025,http://www.ihchina.cn/art/representative.html?limit=100&p=37,2026-08-06T10:36:23+00:00,30445
inheritor_30446,孟永国,男,汉族,VII-127,VII-127,VII-127_10_330302,发绣(温州发绣),传统美术,浙江省温州市鹿城区,浙江省,6,2025,http://www.ihchina.cn/art/representative.html?limit=100&p=37,2026-08-06T10:36:23+00:00,30446
inheritor_30447,谢丽瑜,女,汉族,VII-128,VII-128,VII-128_10_350200,厦门珠绣,传统美术,福建省厦门市,福建省,6,2025,http://www.ihchina.cn/art/representative.html?limit=100&p=37,2026-08-06T10:36:23+00:00,30447
inheritor_30448,阿西巫之莫,女,彝族,VII-130,VII-130,VII-130_10_513400,彝族刺绣(凉山彝族刺绣),传统美术,四川省凉山彝族自治州,四川省,6,2025,http://www.ihchina.cn/art/representative.html?limit=100&p=37,2026-08-06T10:36:23+00:00,30448
inheritor_30449,韦树章,女,布依族,VII-131,VII-131,VII-131_10_522300,布依族刺绣,传统美术,贵州省黔西南布依族苗族自治州,贵州省,6,2025,http://www.ihchina.cn/art/representative.html?limit=100&p=37,2026-08-06T10:36:23+00:00,30449
inheritor_30450,多杰措,女,藏族,VII-132,VII-132,VII-132_10_632525,藏族刺绣(贵南藏族刺绣),传统美术,青海省海南藏族自治州贵南县,海南省,6,2025,http://www.ihchina.cn/art/representative.html?limit=100&p=37,2026-08-06T10:36:23+00:00,30450
inheritor_30451,古丽娜孜·加尼木汗,女,哈萨克族,VII-133,VII-133,VII-133_10_652328,哈萨克族刺绣,传统美术,新疆维吾尔自治区昌吉回族自治州木垒哈萨克自治县,新疆维吾尔自治区,6,2025,http://www.ihchina.cn/art/representative.html?limit=100&p=37,2026-08-06T10:36:23+00:00,30451
inheritor_30452,吴兆娥,女,汉族,VII-134,VII-134,VII-134_10_320722,水晶雕刻(东海水晶雕刻),传统美术,江苏省连云港市东海县,江苏省,6,2025,http://www.ihchina.cn/art/representative.html?limit=100&p=37,2026-08-06T10:36:23+00:00,30452
inheritor_30453,陈银付,男,汉族,VII-135,VII-135,VII-135_10_320982,瓷刻(大丰瓷刻),传统美术,江苏省盐城市大丰区,江苏省,6,2025,http://www.ihchina.cn/art/representative.html?limit=100&p=37,2026-08-06T10:36:23+00:00,30453
inheritor_30454,张德和,男,汉族,VII-136,VII-136,VII-136_10_330225,竹根雕(象山竹根雕),传统美术,浙江省宁波市象山县,浙江省,6,2025,http://www.ihchina.cn/art/representative.html?limit=100&p=37,2026-08-06T10:36:23+00:00,30454
inheritor_30455,白耀华,男,汉族,VII-138,VII-138,VII-138_10_450521,骨角雕(合浦角雕),传统美术,广西壮族自治区北海市合浦县,广西壮族自治区,6,2025,http://www.ihchina.cn/art/representative.html?limit=100&p=37,2026-08-06T10:36:23+00:00,30455
inheritor_30456,顾绍培,男,汉族,VIII-1,VIII-1,VIII-001_01_320282,宜兴紫砂陶制作技艺,传统技艺,江苏省宜兴市,江苏省,6,2025,http://www.ihchina.cn/art/representative.html?limit=100&p=37,2026-08-06T10:36:23+00:00,30456
inheritor_30457,范伟群,男,汉族,VIII-1,VIII-1,VIII-001_01_320282,宜兴紫砂陶制作技艺,传统技艺,江苏省宜兴市,江苏省,6,2025,http://www.ihchina.cn/art/representative.html?limit=100&p=37,2026-08-06T10:36:23+00:00,30457
inheritor_30458,潘伯林(潘柏林),男,汉族,VIII-3,VIII-3,VIII-003_01_440600,石湾陶塑技艺,传统技艺,广东省佛山市,广东省,6,2025,http://www.ihchina.cn/art/representative.html?limit=100&p=37,2026-08-06T10:36:23+00:00,30458
inheritor_30459,刘梅珍,女,黎族,VIII-4,VIII-4,VIII-004_01_469026,黎族原始制陶技艺,传统技艺,海南省昌江黎族自治县,海南省,6,2025,http://www.ihchina.cn/art/representative.html?limit=100&p=37,2026-08-06T10:36:23+00:00,30459
inheritor_30460,冯绍兴,男,汉族,VIII-7,VIII-7,VIII-007_01_360200,景德镇手工制瓷技艺,传统技艺,江西省景德镇市,江西省,6,2025,http://www.ihchina.cn/art/representative.html?limit=100&p=37,2026-08-06T10:36:23+00:00,30460
inheritor_30461,吴江中,男,汉族,VIII-7,VIII-7,VIII-007_01_360200,景德镇手工制瓷技艺,传统技艺,江西省景德镇市,江西省,6,2025,http://www.ihchina.cn/art/representative.html?limit=100&p=37,2026-08-06T10:36:23+00:00,30461
inheritor_30462,陈爱明,男,汉族,VIII-9,VIII-9,VIII-009_01_331181,龙泉青瓷烧制技艺,传统技艺,浙江省龙泉市,浙江省,6,2025,http://www.ihchina.cn/art/representative.html?limit=100&p=37,2026-08-06T10:36:23+00:00,30462
inheritor_30463,刘忠阳,男,汉族,VIII-12,VIII-12,VIII-012_01_610525,澄城尧头陶瓷烧制技艺,传统技艺,陕西省澄城县,陕西省,6,2025,http://www.ihchina.cn/art/representative.html?limit=100&p=37,2026-08-06T10:36:23+00:00,30463
inheritor_30464,沈惠,女,汉族,VIII-14,VIII-14,VIII-014_01_320500,宋锦织造技艺,传统技艺,江苏省苏州市,江苏省,6,2025,http://www.ihchina.cn/art/representative.html?limit=100&p=37,2026-08-06T10:36:23+00:00,30464
inheritor_30465,马惠娟,女,汉族,VIII-15,VIII-15,VIII-015_01_320500,苏州缂丝织造技艺,传统技艺,江苏省苏州市,江苏省,6,2025,http://www.ihchina.cn/art/representative.html?limit=100&p=37,2026-08-06T10:36:23+00:00,30465
inheritor_30466,王瑞妹,女,黎族,VIII-19,VIII-19,VIII-019_01_469025,黎族传统纺染织绣技艺,传统技艺,海南省白沙黎族自治县,海南省,6,2025,http://www.ihchina.cn/art/representative.html?limit=100&p=37,2026-08-06T10:36:23+00:00,30466
inheritor_30467,胡春芳,女,黎族,VIII-19,VIII-19,VIII-019_01_469029,黎族传统纺染织绣技艺,传统技艺,海南省保亭黎族苗族自治县,海南省,6,2025,http://www.ihchina.cn/art/representative.html?limit=100&p=37,2026-08-06T10:36:23+00:00,30467
inheritor_30468,哀警卫,男,汉族,VIII-24,VIII-24,VIII-024_04_330483,蓝印花布印染技艺,传统技艺,浙江省桐乡市,浙江省,6,2025,http://www.ihchina.cn/art/representative.html?limit=100&p=37,2026-08-06T10:36:23+00:00,30468
inheritor_30469,罗文珍,女,其他,VIII-25,VIII-25,VIII-025_03_522622,蜡染技艺(黄平蜡染技艺),传统技艺,贵州省黄平县,贵州省,6,2025,http://www.ihchina.cn/art/representative.html?limit=100&p=37,2026-08-06T10:36:23+00:00,30469
inheritor_30470,蔡群,女,苗族,VIII-25,VIII-25,VIII-025_10_520524,蜡染技艺(织金苗族蜡染),传统技艺,贵州省毕节市织金县,贵州省,6,2025,http://www.ihchina.cn/art/representative.html?limit=100&p=37,2026-08-06T10:36:23+00:00,30470
inheritor_30471,熊宗会,女,苗族,VIII-25,VIII-25,VIII-025_03_511526,蜡染技艺(苗族蜡染技艺),传统技艺,四川省珙县,四川省,6,2025,http://www.ihchina.cn/art/representative.html?limit=100&p=37,2026-08-06T10:36:23+00:00,30471
inheritor_30472,张羡尧,男,汉族,VIII-28,VIII-28,VIII-028_03_350627,客家土楼营造技艺,传统技艺,福建省南靖县,福建省,6,2025,http://www.ihchina.cn/art/representative.html?limit=100&p=37,2026-08-06T10:36:23+00:00,30472
inheritor_30473,葛才金,男,汉族,VIII-36,VIII-36,VIII-036_01_320100,南京金箔锻制技艺,传统技艺,江苏省南京市,江苏省,6,2025,http://www.ihchina.cn/art/representative.html?limit=100&p=37,2026-08-06T10:36:23+00:00,30473
inheritor_30474,陈阿金,男,汉族,VIII-37,VIII-37,VIII-037_01_331181,龙泉宝剑锻制技艺,传统技艺,浙江省龙泉市,浙江省,6,2025,http://www.ihchina.cn/art/representative.html?limit=100&p=37,2026-08-06T10:36:23+00:00,30474
inheritor_30475,陈伟明,男,汉族,VIII-38,VIII-38,VIII-038_01_330100,张小泉剪刀锻制技艺,传统技艺,浙江省杭州市,浙江省,6,2025,http://www.ihchina.cn/art/representative.html?limit=100&p=37,2026-08-06T10:36:23+00:00,30475
inheritor_30476,张家康,男,汉族,VIII-39,VIII-39,VIII-039_01_340200,芜湖铁画锻制技艺,传统技艺,安徽省芜湖市,安徽省,6,2025,http://www.ihchina.cn/art/representative.html?limit=100&p=37,2026-08-06T10:36:23+00:00,30476
inheritor_30477,李正云,男,苗族,VIII-40,VIII-40,VIII-040_01_522634,苗族银饰锻制技艺,传统技艺,贵州省雷山县,贵州省,6,2025,http://www.ihchina.cn/art/representative.html?limit=100&p=37,2026-08-06T10:36:23+00:00,30477
inheritor_30478,衣福成,男,汉族,VIII-43,VIII-43,VIII-043_01_110101,景泰蓝制作技艺,传统技艺,北京市崇文区,北京市,6,2025,http://www.ihchina.cn/art/representative.html?limit=100&p=37,2026-08-06T10:36:23+00:00,30478
inheritor_30479,米振雄,男,汉族,VIII-43,VIII-43,VIII-043_01_110101,景泰蓝制作技艺,传统技艺,北京市崇文区,北京市,6,2025,http://www.ihchina.cn/art/representative.html?limit=100&p=37,2026-08-06T10:36:23+00:00,30479
inheritor_30480,黄景仁,男,汉族,VIII-43,VIII-43,VIII-043_04_131028,景泰蓝制作技艺,传统技艺,河北省大厂回族自治县,河北省,6,2025,http://www.ihchina.cn/art/representative.html?limit=100&p=37,2026-08-06T10:36:23+00:00,30480
inheritor_30481,王兆琪,男,汉族,VIII-45,VIII-45,VIII-045_10_110101,家具制作技艺(北京木雕小器作),传统技艺,北京市东城区,北京市,6,2025,http://www.ihchina.cn/art/representative.html?limit=100&p=37,2026-08-06T10:36:23+00:00,30481
inheritor_30482,赛音都楞,男,蒙古族,VIII-46,VIII-46,VIII-046_02_150421,蒙古族勒勒车制作技艺,传统技艺,内蒙古自治区阿鲁科尔沁旗,内蒙古自治区,6,2025,http://www.ihchina.cn/art/representative.html?limit=100&p=37,2026-08-06T10:36:23+00:00,30482
inheritor_30483,何金成,男,汉族,VIII-50,VIII-50,VIII-050_02_620502,雕漆技艺,传统技艺,甘肃省天水市秦州区,甘肃省,6,2025,http://www.ihchina.cn/art/representative.html?limit=100&p=37,2026-08-06T10:36:23+00:00,30483
inheritor_30484,李志刚,男,汉族,VIII-50,VIII-50,VIII-050_01_110101,雕漆技艺,传统技艺,北京市崇文区,北京市,6,2025,http://www.ihchina.cn/art/representative.html?limit=100&p=37,2026-08-06T10:36:23+00:00,30484
inheritor_30485,薛晓东,男,汉族,VIII-51,VIII-51,VIII-051_01_140728,平遥推光漆器髹饰技艺,传统技艺,山西省平遥县,山西省,6,2025,http://www.ihchina.cn/art/representative.html?limit=100&p=37,2026-08-06T10:36:23+00:00,30485
inheritor_30486,张来喜,男,汉族,VIII-52,VIII-52,VIII-052_01_321000,扬州漆器髹饰技艺,传统技艺,江苏省扬州市,江苏省,6,2025,http://www.ihchina.cn/art/representative.html?limit=100&p=38,2026-08-06T10:36:25+00:00,30486
inheritor_30487,蔡超荣,男,汉族,VIII-55,VIII-55,VIII-055_01_350200,厦门漆线雕技艺,传统技艺,福建省厦门市,福建省,6,2025,http://www.ihchina.cn/art/representative.html?limit=100&p=38,2026-08-06T10:36:25+00:00,30487
inheritor_30488,卿玉蓉,女,汉族,VIII-56,VIII-56,VIII-056_01_510100,成都漆艺,传统技艺,四川省成都市,四川省,6,2025,http://www.ihchina.cn/art/representative.html?limit=100&p=38,2026-08-06T10:36:25+00:00,30488
inheritor_30489,严刚,男,汉族,VIII-57,VIII-57,VIII-057_01_520000,茅台酒酿制技艺,传统技艺,贵州省,贵州省,6,2025,http://www.ihchina.cn/art/representative.html?limit=100&p=38,2026-08-06T10:36:25+00:00,30489
inheritor_30490,任金素,女,汉族,VIII-57,VIII-57,VIII-057_01_520000,茅台酒酿制技艺,传统技艺,贵州省,贵州省,6,2025,http://www.ihchina.cn/art/representative.html?limit=100&p=38,2026-08-06T10:36:25+00:00,30490
inheritor_30491,胡志明,男,汉族,VIII-60,VIII-60,VIII-060_01_330600,绍兴黄酒酿制技艺,传统技艺,浙江省绍兴市,浙江省,6,2025,http://www.ihchina.cn/art/representative.html?limit=100&p=38,2026-08-06T10:36:25+00:00,30491
inheritor_30492,潘兴祥,男,汉族,VIII-60,VIII-60,VIII-060_01_330600,绍兴黄酒酿制技艺,传统技艺,浙江省绍兴市,浙江省,6,2025,http://www.ihchina.cn/art/representative.html?limit=100&p=38,2026-08-06T10:36:25+00:00,30492
inheritor_30493,王顺明,男,汉族,VIII-63,VIII-63,VIII-063_01_350782,武夷岩茶(大红袍)制作技艺,传统技艺,福建省武夷山市,福建省,6,2025,http://www.ihchina.cn/art/representative.html?limit=100&p=38,2026-08-06T10:36:25+00:00,30493
inheritor_30494,刘汉朝,男,汉族,VIII-64,VIII-64,VIII-064_01_510300,自贡井盐深钻汲制技艺,传统技艺,四川省自贡市,四川省,6,2025,http://www.ihchina.cn/art/representative.html?limit=100&p=38,2026-08-06T10:36:25+00:00,30494
inheritor_30495,汪息发,男,汉族,VIII-65,VIII-65,VIII-065_01_341823,宣纸制作技艺,传统技艺,安徽省泾县,安徽省,6,2025,http://www.ihchina.cn/art/representative.html?limit=100&p=38,2026-08-06T10:36:25+00:00,30495
inheritor_30496,胡宗亮,男,汉族,VIII-67,VIII-67,VIII-067_01_520100,皮纸制作技艺,传统技艺,贵州省贵阳市,贵州省,6,2025,http://www.ihchina.cn/art/representative.html?limit=100&p=38,2026-08-06T10:36:25+00:00,30496
inheritor_30497,和玉新,男,纳西族,VIII-68,VIII-68,VIII-068_01_533421,傣族、纳西族手工造纸技艺,传统技艺,云南省香格里拉县,云南省,6,2025,http://www.ihchina.cn/art/representative.html?limit=100&p=38,2026-08-06T10:36:25+00:00,30497
inheritor_30498,金小页,女,傣族,VIII-68,VIII-68,VIII-068_01_530900,傣族、纳西族手工造纸技艺,传统技艺,云南省临沧市,云南省,6,2025,http://www.ihchina.cn/art/representative.html?limit=100&p=38,2026-08-06T10:36:25+00:00,30498
inheritor_30499,陈秀君,女,汉族,VIII-71,VIII-71,VIII-071_01_511126,竹纸制作技艺,传统技艺,四川省夹江县,四川省,6,2025,http://www.ihchina.cn/art/representative.html?limit=100&p=38,2026-08-06T10:36:25+00:00,30499
inheritor_30500,项德胜,男,汉族,VIII-73,VIII-73,VIII-073_01_341021,徽墨制作技艺,传统技艺,安徽省歙县,安徽省,6,2025,http://www.ihchina.cn/art/representative.html?limit=100&p=38,2026-08-06T10:36:25+00:00,30500
inheritor_30501,李平寒,男,汉族,VIII-76,VIII-76,VIII-076_01_360427,金星砚制作技艺,传统技艺,江西省星子县,江西省,6,2025,http://www.ihchina.cn/art/representative.html?limit=100&p=38,2026-08-06T10:36:25+00:00,30501
inheritor_30502,郑名川,男,汉族,VIII-77,VIII-77,VIII-077_02_310105,木版水印技艺,传统技艺,上海书画出版社,上海市,6,2025,http://www.ihchina.cn/art/representative.html?limit=100&p=38,2026-08-06T10:36:25+00:00,30502
inheritor_30503,王明德,男,汉族,VIII-81,VIII-81,VIII-081_10_341822,制扇技艺(王氏制扇),传统技艺,安徽省宣城市广德市,安徽省,6,2025,http://www.ihchina.cn/art/representative.html?limit=100&p=38,2026-08-06T10:36:25+00:00,30503
inheritor_30504,刘正文,男,汉族,VIII-81,VIII-81,VIII-081_10_430621,制扇技艺(岳州扇制作技艺),传统技艺,湖南省岳阳市岳阳县,湖南省,6,2025,http://www.ihchina.cn/art/representative.html?limit=100&p=38,2026-08-06T10:36:25+00:00,30504
inheritor_30505,李继宗,男,汉族,VIII-82,VIII-82,VIII-082_10_110102,剧装戏具制作技艺(戏曲盔头制作技艺),传统技艺,北京市西城区,北京市,6,2025,http://www.ihchina.cn/art/representative.html?limit=100&p=38,2026-08-06T10:36:25+00:00,30505
inheritor_30506,张华,男,汉族,VIII-82,VIII-82,VIII-082_10_120102,剧装戏具制作技艺(戏剧靴子制作技艺),传统技艺,天津市河东区,天津市,6,2025,http://www.ihchina.cn/art/representative.html?limit=100&p=38,2026-08-06T10:36:25+00:00,30506
inheritor_30507,阿基伦,女,鄂伦春族,VIII-83,VIII-83,VIII-083_01_150723,桦树皮制作技艺,传统技艺,内蒙古自治区鄂伦春自治旗,内蒙古自治区,6,2025,http://www.ihchina.cn/art/representative.html?limit=100&p=38,2026-08-06T10:36:25+00:00,30507
inheritor_30508,王文奇,男,黎族,VIII-84,VIII-84,VIII-084_01_469029,黎族树皮布制作技艺,传统技艺,海南省保亭黎族苗族自治县,海南省,6,2025,http://www.ihchina.cn/art/representative.html?limit=100&p=38,2026-08-06T10:36:25+00:00,30508
inheritor_30509,杨红卫,女,汉族,VIII-88,VIII-88,VIII-088_01_370700,风筝制作技艺(潍坊风筝),传统技艺,山东省潍坊市,山东省,6,2025,http://www.ihchina.cn/art/representative.html?limit=100&p=38,2026-08-06T10:36:25+00:00,30509
inheritor_30510,郑荣波,男,汉族,VIII-89,VIII-89,VIII-089_01_440100,凉茶,传统技艺,广东省文化厅,广东省,6,2025,http://www.ihchina.cn/art/representative.html?limit=100&p=38,2026-08-06T10:36:25+00:00,30510
inheritor_30511,王树宝,男,汉族,VIII-90,VIII-90,VIII-090_04_370881,琉璃烧制技艺,传统技艺,山东省曲阜市,山东省,6,2025,http://www.ihchina.cn/art/representative.html?limit=100&p=38,2026-08-06T10:36:25+00:00,30511
inheritor_30512,苏永军,男,汉族,VIII-90,VIII-90,VIII-090_02_140000,琉璃烧制技艺,传统技艺,山西省,山西省,6,2025,http://www.ihchina.cn/art/representative.html?limit=100&p=38,2026-08-06T10:36:25+00:00,30512
inheritor_30513,刘开宝,男,汉族,VIII-90,VIII-90,VIII-090_02_140000,琉璃烧制技艺,传统技艺,山西省,山西省,6,2025,http://www.ihchina.cn/art/representative.html?limit=100&p=38,2026-08-06T10:36:25+00:00,30513
inheritor_30514,赵长安,男,汉族,VIII-90,VIII-90,VIII-090_02_110109,琉璃烧制技艺,传统技艺,北京市门头沟区,北京市,6,2025,http://www.ihchina.cn/art/representative.html?limit=100&p=38,2026-08-06T10:36:25+00:00,30514
inheritor_30515,孙云浩,男,汉族,VIII-90,VIII-90,VIII-090_04_370304,琉璃烧制技艺,传统技艺,山东省淄博市博山区,山东省,6,2025,http://www.ihchina.cn/art/representative.html?limit=100&p=38,2026-08-06T10:36:25+00:00,30515
inheritor_30516,景永祥,男,汉族,VIII-91,VIII-91,VIII-091_02_371581,临清贡砖烧制技艺,传统技艺,山东省临清市,山东省,6,2025,http://www.ihchina.cn/art/representative.html?limit=100&p=38,2026-08-06T10:36:25+00:00,30516
inheritor_30517,庞永辉,男,汉族,VIII-92,VIII-92,VIII-092_02_130634,定瓷烧制技艺,传统技艺,河北省曲阳县,河北省,6,2025,http://www.ihchina.cn/art/representative.html?limit=100&p=38,2026-08-06T10:36:25+00:00,30517
inheritor_30518,陈利,女,汉族,VIII-95,VIII-95,VIII-095_02_430281,醴陵釉下五彩瓷烧制技艺,传统技艺,湖南省醴陵市,湖南省,6,2025,http://www.ihchina.cn/art/representative.html?limit=100&p=38,2026-08-06T10:36:25+00:00,30518
inheritor_30519,黄永平,男,汉族,VIII-95,VIII-95,VIII-095_02_430281,醴陵釉下五彩瓷烧制技艺,传统技艺,湖南省醴陵市,湖南省,6,2025,http://www.ihchina.cn/art/representative.html?limit=100&p=38,2026-08-06T10:36:25+00:00,30519
inheritor_30520,吴维潮,男,汉族,VIII-96,VIII-96,VIII-096_02_445100,枫溪瓷烧制技艺,传统技艺,广东省潮州市枫溪区,广东省,6,2025,http://www.ihchina.cn/art/representative.html?limit=100&p=38,2026-08-06T10:36:25+00:00,30520
inheritor_30521,翟惠玲,女,汉族,VIII-97,VIII-97,VIII-097_02_440100,广彩瓷烧制技艺,传统技艺,广东省广州市,广东省,6,2025,http://www.ihchina.cn/art/representative.html?limit=100&p=38,2026-08-06T10:36:25+00:00,30521
inheritor_30522,格里,男,藏族,VIII-98,VIII-98,VIII-098_02_513337,陶器烧制技艺(藏族黑陶烧制技艺),传统技艺,四川省稻城县,四川省,6,2025,http://www.ihchina.cn/art/representative.html?limit=100&p=38,2026-08-06T10:36:25+00:00,30522
inheritor_30523,曾庆红,男,汉族,VIII-98,VIII-98,VIII-098_02_511822,陶器烧制技艺(荥经砂器烧制技艺),传统技艺,四川省荥经县,四川省,6,2025,http://www.ihchina.cn/art/representative.html?limit=100&p=38,2026-08-06T10:36:25+00:00,30523
inheritor_30524,章燕城,男,汉族,VIII-98,VIII-98,VIII-098_04_445100,陶器烧制技艺(枫溪手拉朱泥壶制作技艺),传统技艺,广东省潮州市,广东省,6,2025,http://www.ihchina.cn/art/representative.html?limit=100&p=38,2026-08-06T10:36:25+00:00,30524
inheritor_30525,刘玉华,女,黎族,VIII-98,VIII-98,VIII-098_03_469025,陶器烧制技艺(黎族泥片制陶技艺),传统技艺,海南省白沙黎族自治县,海南省,6,2025,http://www.ihchina.cn/art/representative.html?limit=100&p=38,2026-08-06T10:36:25+00:00,30525
inheritor_30526,肖文桓,男,汉族,VIII-98,VIII-98,VIII-098_03_500226,陶器烧制技艺(荣昌陶器制作技艺),传统技艺,重庆市荣昌县,重庆市,6,2025,http://www.ihchina.cn/art/representative.html?limit=100&p=38,2026-08-06T10:36:25+00:00,30526
inheritor_30527,袁应德,男,汉族,VIII-98,VIII-98,VIII-098_02_532524,陶器烧制技艺(建水紫陶烧制技艺),传统技艺,云南省建水县,云南省,6,2025,http://www.ihchina.cn/art/representative.html?limit=100&p=38,2026-08-06T10:36:25+00:00,30527
inheritor_30528,洪桂贞,女,汉族,VIII-99,VIII-99,VIII-099_02_330104,蚕丝织造技艺(杭罗织造技艺),传统技艺,浙江省杭州市福兴丝绸厂,浙江省,6,2025,http://www.ihchina.cn/art/representative.html?limit=100&p=38,2026-08-06T10:36:25+00:00,30528
inheritor_30529,郑小华,男,汉族,VIII-99,VIII-99,VIII-099_02_330500,蚕丝织造技艺(双林绫绢织造技艺),传统技艺,浙江省湖州市,浙江省,6,2025,http://www.ihchina.cn/art/representative.html?limit=100&p=38,2026-08-06T10:36:25+00:00,30529
inheritor_30530,余艳平,女,汉族,VIII-100,VIII-100,VIII-100_10_140881,传统棉纺织技艺(惠畅土布制作技艺),传统技艺,山西省运城市永济市,山西省,6,2025,http://www.ihchina.cn/art/representative.html?limit=100&p=38,2026-08-06T10:36:25+00:00,30530
inheritor_30531,刘运娥,女,汉族,VIII-100,VIII-100,VIII-100_02_130428,传统棉纺织技艺,传统技艺,河北省肥乡县,河北省,6,2025,http://www.ihchina.cn/art/representative.html?limit=100&p=38,2026-08-06T10:36:25+00:00,30531
inheritor_30532,郑运香,女,汉族,VIII-100,VIII-100,VIII-100_02_130428,传统棉纺织技艺,传统技艺,河北省肥乡县,河北省,6,2025,http://www.ihchina.cn/art/representative.html?limit=100&p=38,2026-08-06T10:36:25+00:00,30532
inheritor_30533,苏锦芳,女,汉族,VIII-100,VIII-100,VIII-100_03_320600,传统棉纺织技艺(南通色织土布技艺),传统技艺,江苏省南通市,江苏省,6,2025,http://www.ihchina.cn/art/representative.html?limit=100&p=38,2026-08-06T10:36:25+00:00,30533
inheritor_30534,巴桑,男,藏族,VIII-101,VIII-101,VIII-101_10_542200,毛纺织及擀制技艺(泽帖尔编制技艺),传统技艺,西藏自治区山南市,西藏自治区,6,2025,http://www.ihchina.cn/art/representative.html?limit=100&p=38,2026-08-06T10:36:25+00:00,30534
inheritor_30535,刘爱玉,女,汉族,VIII-103,VIII-103,VIII-103_02_371726,鲁锦织造技艺,传统技艺,山东省鄄城县,山东省,6,2025,http://www.ihchina.cn/art/representative.html?limit=100&p=38,2026-08-06T10:36:25+00:00,30535
inheritor_30536,潘英,女,苗族,VIII-105,VIII-105,VIII-105_03_522601,苗族织锦技艺,传统技艺,贵州省凯里市,贵州省,6,2025,http://www.ihchina.cn/art/representative.html?limit=100&p=38,2026-08-06T10:36:25+00:00,30536
inheritor_30537,文胜兰,女,苗族,VIII-105,VIII-105,VIII-105_02_522635,苗族织锦技艺,传统技艺,贵州省麻江县,贵州省,6,2025,http://www.ihchina.cn/art/representative.html?limit=100&p=38,2026-08-06T10:36:25+00:00,30537
inheritor_30538,黄田胜,男,汉族,VIII-107,VIII-107,VIII-107_02_440606,香云纱染整技艺,传统技艺,广东省佛山市顺德区,广东省,6,2025,http://www.ihchina.cn/art/representative.html?limit=100&p=38,2026-08-06T10:36:25+00:00,30538
inheritor_30539,李玉坤,男,汉族,VIII-110,VIII-110,VIII-110_10_320682,地毯织造技艺(如皋丝毯织造技艺),传统技艺,江苏省南通市如皋市,江苏省,6,2025,http://www.ihchina.cn/art/representative.html?limit=100&p=38,2026-08-06T10:36:25+00:00,30539
inheritor_30540,卢兴琼,女,汉族,VIII-110,VIII-110,VIII-110_04_511381,地毯织造技艺(阆中丝毯织造技艺),传统技艺,四川省阆中市,四川省,6,2025,http://www.ihchina.cn/art/representative.html?limit=100&p=38,2026-08-06T10:36:25+00:00,30540
inheritor_30541,段丽珍,女,汉族,VIII-110,VIII-110,VIII-110_02_152921,地毯织造技艺(阿拉善地毯织造技艺),传统技艺,内蒙古自治区阿拉善左旗,内蒙古自治区,6,2025,http://www.ihchina.cn/art/representative.html?limit=100&p=38,2026-08-06T10:36:25+00:00,30541
inheritor_30542,满古梅,女,鄂伦春族,VIII-112,VIII-112,VIII-112_02_150723,鄂伦春族狍皮制作技艺,传统技艺,内蒙古自治区鄂伦春自治旗,内蒙古自治区,6,2025,http://www.ihchina.cn/art/representative.html?limit=100&p=38,2026-08-06T10:36:25+00:00,30542
inheritor_30543,赖淑芳,女,汉族,VIII-115,VIII-115,VIII-115_10_990437,手工制鞋技艺(唐昌布鞋制作技艺),传统技艺,四川省成都市郫都区,四川省,6,2025,http://www.ihchina.cn/art/representative.html?limit=100&p=38,2026-08-06T10:36:25+00:00,30543
inheritor_30544,朱军岷,男,汉族,VIII-119,VIII-119,VIII-119_02_330100,铜雕技艺,传统技艺,浙江省杭州市,浙江省,6,2025,http://www.ihchina.cn/art/representative.html?limit=100&p=38,2026-08-06T10:36:25+00:00,30544
inheritor_30545,根秋单贞,男,藏族,VIII-120,VIII-120,VIII-120_02_513331,藏族金属锻造技艺(藏族锻铜技艺),传统技艺,四川省白玉县,四川省,6,2025,http://www.ihchina.cn/art/representative.html?limit=100&p=38,2026-08-06T10:36:25+00:00,30545
inheritor_30546,李素芳,女,汉族,VIII-124,VIII-124,VIII-124_03_310112,民族乐器制作技艺(上海民族乐器制作技艺),传统技艺,上海市闵行区,上海市,6,2025,http://www.ihchina.cn/art/representative.html?limit=100&p=38,2026-08-06T10:36:25+00:00,30546
inheritor_30547,龚耀宗,男,汉族,VIII-124,VIII-124,VIII-124_03_310112,民族乐器制作技艺(上海民族乐器制作技艺),传统技艺,上海市闵行区,上海市,6,2025,http://www.ihchina.cn/art/representative.html?limit=100&p=38,2026-08-06T10:36:25+00:00,30547
inheritor_30548,索朗琼拉,男,藏族,VIII-124,VIII-124,VIII-124_04_542326,民族乐器制作技艺(扎念琴制作技艺),传统技艺,西藏自治区拉孜县,西藏自治区,6,2025,http://www.ihchina.cn/art/representative.html?limit=100&p=38,2026-08-06T10:36:25+00:00,30548
inheritor_30549,金昌勋,男,朝鲜族,VIII-124,VIII-124,VIII-124_02_222400,民族乐器制作技艺(朝鲜族民族乐器制作技艺),传统技艺,吉林省延边朝鲜族自治州,吉林省,6,2025,http://www.ihchina.cn/art/representative.html?limit=100&p=38,2026-08-06T10:36:25+00:00,30549
inheritor_30550,罗冬元,男,汉族,VIII-124,VIII-124,VIII-124_10_430481,民族乐器制作技艺(坛下乡铜锣传统制作技艺),传统技艺,湖南省衡阳市耒阳市,湖南省,6,2025,http://www.ihchina.cn/art/representative.html?limit=100&p=38,2026-08-06T10:36:25+00:00,30550
inheritor_30551,高光友,男,彝族,VIII-128,VIII-128,VIII-128_02_520521,彝族漆器髹饰技艺,传统技艺,贵州省大方县,贵州省,6,2025,http://www.ihchina.cn/art/representative.html?limit=100&p=38,2026-08-06T10:36:25+00:00,30551
inheritor_30552,马松胜,男,汉族,VIII-131,VIII-131,VIII-131_02_610116,楮皮纸制作技艺,传统技艺,陕西省西安市长安区,陕西省,6,2025,http://www.ihchina.cn/art/representative.html?limit=100&p=38,2026-08-06T10:36:25+00:00,30552
inheritor_30553,张瑞亨,男,汉族,VIII-132,VIII-132,VIII-132_02_440700,白沙茅龙笔制作技艺,传统技艺,广东省江门市,广东省,6,2025,http://www.ihchina.cn/art/representative.html?limit=100&p=38,2026-08-06T10:36:25+00:00,30553
inheritor_30554,蔺涛,男,汉族,VIII-133,VIII-133,VIII-133_02_140825,砚台制作技艺(澄泥砚制作技艺),传统技艺,山西省新绛县,山西省,6,2025,http://www.ihchina.cn/art/representative.html?limit=100&p=38,2026-08-06T10:36:25+00:00,30554
inheritor_30555,赖建华,男,汉族,VIII-133,VIII-133,VIII-133_10_360735,砚台制作技艺(石城砚制作技艺),传统技艺,江西省赣州市石城县,江西省,6,2025,http://www.ihchina.cn/art/representative.html?limit=100&p=38,2026-08-06T10:36:25+00:00,30555
inheritor_30556,符海贤,男,汉族,VIII-134,VIII-134,VIII-134_02_310106,印泥制作技艺(上海鲁庵印泥),传统技艺,上海市静安区,上海市,6,2025,http://www.ihchina.cn/art/representative.html?limit=100&p=38,2026-08-06T10:36:25+00:00,30556
inheritor_30557,王钏巧,男,汉族,VIII-135,VIII-135,VIII-135_02_330381,木活字印刷技术,传统技艺,浙江省瑞安市,浙江省,6,2025,http://www.ihchina.cn/art/representative.html?limit=100&p=38,2026-08-06T10:36:25+00:00,30557
inheritor_30558,王志仁,男,汉族,VIII-135,VIII-135,VIII-135_02_330381,木活字印刷技术,传统技艺,浙江省瑞安市,浙江省,6,2025,http://www.ihchina.cn/art/representative.html?limit=100&p=38,2026-08-06T10:36:25+00:00,30558
inheritor_30559,纪森发,男,汉族,VIII-136,VIII-136,VIII-136_03_320500,装裱修复技艺(苏州书画装裱修复技艺),传统技艺,江苏省苏州市,江苏省,6,2025,http://www.ihchina.cn/art/representative.html?limit=100&p=38,2026-08-06T10:36:25+00:00,30559
inheritor_30560,万群,女,汉族,VIII-136,VIII-136,VIII-136_10_120000,装裱修复技艺(天津古籍修复技艺),传统技艺,天津市,天津市,6,2025,http://www.ihchina.cn/art/representative.html?limit=100&p=38,2026-08-06T10:36:25+00:00,30560
inheritor_30561,王金玉,女,汉族,VIII-136,VIII-136,VIII-136_10_330200,装裱修复技艺(天一阁古籍修复技艺),传统技艺,浙江省宁波市,浙江省,6,2025,http://www.ihchina.cn/art/representative.html?limit=100&p=38,2026-08-06T10:36:25+00:00,30561
inheritor_30562,王启,男,汉族,VIII-136,VIII-136,VIII-136_02_110102,装裱修复技艺(古字画装裱修复技艺),传统技艺,北京市荣宝斋,北京市,6,2025,http://www.ihchina.cn/art/representative.html?limit=100&p=38,2026-08-06T10:36:25+00:00,30562
inheritor_30563,刘建明,男,汉族,VIII-136,VIII-136,VIII-136_02_110108,装裱修复技艺(古籍修复技艺),传统技艺,国家图书馆,未知,6,2025,http://www.ihchina.cn/art/representative.html?limit=100&p=38,2026-08-06T10:36:25+00:00,30563
inheritor_30564,冯沛朝,男,汉族,VIII-139,VIII-139,VIII-139_02_441900,龙舟制作技艺,传统技艺,广东省东莞市,广东省,6,2025,http://www.ihchina.cn/art/representative.html?limit=100&p=38,2026-08-06T10:36:25+00:00,30564
inheritor_30565,戴根盛,男,汉族,VIII-140,VIII-140,VIII-140_10_361130,伞制作技艺(甲路纸伞制作技艺),传统技艺,江西省上饶市婺源县,江西省,6,2025,http://www.ihchina.cn/art/representative.html?limit=100&p=38,2026-08-06T10:36:25+00:00,30565
inheritor_30566,当曲旦增,男,藏族,VIII-141,VIII-141,VIII-141_10_542200,藏香制作技艺(敏珠林寺藏香制作技艺),传统技艺,西藏自治区山南市,西藏自治区,6,2025,http://www.ihchina.cn/art/representative.html?limit=100&p=38,2026-08-06T10:36:25+00:00,30566
inheritor_30567,周新虎,男,汉族,VIII-144,VIII-144,VIII-144_10_321300,蒸馏酒传统酿造技艺(洋河酒酿造技艺),传统技艺,江苏省宿迁市,江苏省,6,2025,http://www.ihchina.cn/art/representative.html?limit=100&p=38,2026-08-06T10:36:25+00:00,30567
inheritor_30568,李天华,男,回族,VIII-144,VIII-144,VIII-144_10_341600,蒸馏酒传统酿造技艺(古井贡酒酿造技艺),传统技艺,安徽省亳州市,安徽省,6,2025,http://www.ihchina.cn/art/representative.html?limit=100&p=38,2026-08-06T10:36:25+00:00,30568
inheritor_30569,徐占成,男,汉族,VIII-144,VIII-144,VIII-144_02_510683,蒸馏酒传统酿造技艺(剑南春酒传统酿造技艺),传统技艺,四川省绵竹市,四川省,6,2025,http://www.ihchina.cn/art/representative.html?limit=100&p=38,2026-08-06T10:36:25+00:00,30569
inheritor_30570,赵德义,男,汉族,VIII-144,VIII-144,VIII-144_10_370784,蒸馏酒传统酿造技艺(景芝酒传统酿造技艺),传统技艺,山东省潍坊市安丘市,山东省,6,2025,http://www.ihchina.cn/art/representative.html?limit=100&p=38,2026-08-06T10:36:25+00:00,30570
inheritor_30571,李泽霞,女,汉族,VIII-144,VIII-144,VIII-144_02_131100,蒸馏酒传统酿造技艺(衡水老白干传统酿造技艺),传统技艺,河北省衡水市,河北省,6,2025,http://www.ihchina.cn/art/representative.html?limit=100&p=38,2026-08-06T10:36:25+00:00,30571
inheritor_30572,卢振营,男,汉族,VIII-144,VIII-144,VIII-144_02_410421,蒸馏酒传统酿造技艺(宝丰酒传统酿造技艺),传统技艺,河南省宝丰县,河南省,6,2025,http://www.ihchina.cn/art/representative.html?limit=100&p=38,2026-08-06T10:36:25+00:00,30572
inheritor_30573,赵东,男,汉族,VIII-144,VIII-144,VIII-144_02_511500,蒸馏酒传统酿造技艺(五粮液酒传统酿造技艺),传统技艺,四川省宜宾市,四川省,6,2025,http://www.ihchina.cn/art/representative.html?limit=100&p=38,2026-08-06T10:36:25+00:00,30573
inheritor_30574,陈官唱,男,汉族,VIII-145,VIII-145,VIII-145_10_350923,酿造酒传统酿造技艺(红粬黄酒酿造技艺),传统技艺,福建省宁德市屏南县,福建省,6,2025,http://www.ihchina.cn/art/representative.html?limit=100&p=38,2026-08-06T10:36:25+00:00,30574
inheritor_30575,李仲生,男,汉族,VIII-145,VIII-145,VIII-145_10_130625,酿造酒传统酿造技艺(刘伶醉酒酿造技艺),传统技艺,河北省保定市徐水区,河北省,6,2025,http://www.ihchina.cn/art/representative.html?limit=100&p=38,2026-08-06T10:36:25+00:00,30575
inheritor_30576,傅天龙,男,汉族,VIII-147,VIII-147,VIII-147_04_350104,花茶制作技艺(福州茉莉花茶窨制工艺),传统技艺,福建省福州市仓山区,福建省,6,2025,http://www.ihchina.cn/art/representative.html?limit=100&p=38,2026-08-06T10:36:25+00:00,30576
inheritor_30577,王德星,男,汉族,VIII-147,VIII-147,VIII-147_04_350104,花茶制作技艺(福州茉莉花茶窨制工艺),传统技艺,福建省福州市仓山区,福建省,6,2025,http://www.ihchina.cn/art/representative.html?limit=100&p=38,2026-08-06T10:36:25+00:00,30577
inheritor_30578,樊生华,男,汉族,VIII-148,VIII-148,VIII-148_02_330100,绿茶制作技艺(西湖龙井),传统技艺,浙江省杭州市,浙江省,6,2025,http://www.ihchina.cn/art/representative.html?limit=100&p=38,2026-08-06T10:36:25+00:00,30578
inheritor_30579,陈盛峰,男,汉族,VIII-148,VIII-148,VIII-148_10_320100,绿茶制作技艺(雨花茶制作技艺),传统技艺,江苏省南京市,江苏省,6,2025,http://www.ihchina.cn/art/representative.html?limit=100&p=38,2026-08-06T10:36:25+00:00,30579
inheritor_30580,陈达有,男,汉族,VIII-148,VIII-148,VIII-148_03_330523,绿茶制作技艺(安吉白茶制作技艺),传统技艺,浙江省安吉县,浙江省,6,2025,http://www.ihchina.cn/art/representative.html?limit=100&p=38,2026-08-06T10:36:25+00:00,30580
inheritor_30581,张跃华,男,汉族,VIII-148,VIII-148,VIII-148_10_511800,绿茶制作技艺(蒙山茶传统制作技艺),传统技艺,四川省雅安市,四川省,6,2025,http://www.ihchina.cn/art/representative.html?limit=100&p=38,2026-08-06T10:36:25+00:00,30581
inheritor_30582,刘文新,男,汉族,VIII-148,VIII-148,VIII-148_04_411500,绿茶制作技艺(信阳毛尖茶制作技艺),传统技艺,河南省信阳市,河南省,6,2025,http://www.ihchina.cn/art/representative.html?limit=100&p=38,2026-08-06T10:36:25+00:00,30582
inheritor_30583,林鸿,男,汉族,VIII-149,VIII-149,VIII-149_10_350981,红茶制作技艺(坦洋工夫茶制作技艺),传统技艺,福建省宁德市福安市,福建省,6,2025,http://www.ihchina.cn/art/representative.html?limit=100&p=38,2026-08-06T10:36:25+00:00,30583
inheritor_30584,俞旦华,男,汉族,VIII-149,VIII-149,VIII-149_10_360424,红茶制作技艺(宁红茶制作技艺),传统技艺,江西省九江市修水县,江西省,6,2025,http://www.ihchina.cn/art/representative.html?limit=100&p=38,2026-08-06T10:36:25+00:00,30584
inheritor_30585,张兴裕,男,汉族,VIII-150,VIII-150,VIII-150_10_350800,乌龙茶制作技艺(漳平水仙茶制作技艺),传统技艺,福建省龙岩市,福建省,6,2025,http://www.ihchina.cn/art/representative.html?limit=100&p=38,2026-08-06T10:36:25+00:00,30585
inheritor_30586,李兴昌,男,彝族,VIII-151,VIII-151,VIII-151_02_530821,普洱茶制作技艺(贡茶制作技艺),传统技艺,云南省宁洱县,云南省,6,2025,http://www.ihchina.cn/art/representative.html?limit=100&p=39,2026-08-06T10:36:27+00:00,30586
inheritor_30587,陈国风,男,汉族,VIII-152,VIII-152,VIII-152_03_532900,黑茶制作技艺(下关沱茶制作技艺),传统技艺,云南省大理白族自治州,云南省,6,2025,http://www.ihchina.cn/art/representative.html?limit=100&p=39,2026-08-06T10:36:27+00:00,30587
inheritor_30588,贾根社,男,汉族,VIII-152,VIII-152,VIII-152_10_610400,黑茶制作技艺(咸阳茯茶制作技艺),传统技艺,陕西省咸阳市,陕西省,6,2025,http://www.ihchina.cn/art/representative.html?limit=100&p=39,2026-08-06T10:36:27+00:00,30588
inheritor_30589,何建刚,男,汉族,VIII-152,VIII-152,VIII-152_10_420503,黑茶制作技艺(长盛川青砖茶制作技艺),传统技艺,湖北省宜昌市伍家岗区,湖北省,6,2025,http://www.ihchina.cn/art/representative.html?limit=100&p=39,2026-08-06T10:36:27+00:00,30589
inheritor_30590,张安秋,男,汉族,VIII-155,VIII-155,VIII-155_02_510124,豆瓣传统制作技艺(郫县豆瓣传统制作技艺),传统技艺,四川省郫县,四川省,6,2025,http://www.ihchina.cn/art/representative.html?limit=100&p=39,2026-08-06T10:36:27+00:00,30590
inheritor_30591,贾志亮,男,回族,VIII-160,VIII-160,VIII-160_10_331122,传统面食制作技艺(西安贾三灌汤包子制作技艺),传统技艺,陕西省,陕西省,6,2025,http://www.ihchina.cn/art/representative.html?limit=100&p=39,2026-08-06T10:36:27+00:00,30591
inheritor_30592,热西提·依米提,男,维吾尔族,VIII-160,VIII-160,VIII-160_10_640521,传统面食制作技艺(馕制作技艺),传统技艺,新疆维吾尔自治区,新疆维吾尔自治区,6,2025,http://www.ihchina.cn/art/representative.html?limit=100&p=39,2026-08-06T10:36:27+00:00,30592
inheritor_30593,哈塔木沙·努尔,女,维吾尔族,VIII-160,VIII-160,VIII-160_10_640521,传统面食制作技艺(馕制作技艺),传统技艺,新疆维吾尔自治区,新疆维吾尔自治区,6,2025,http://www.ihchina.cn/art/representative.html?limit=100&p=39,2026-08-06T10:36:27+00:00,30593
inheritor_30594,于振玲,女,汉族,VIII-160,VIII-160,VIII-160_10_640521,传统面食制作技艺(中宁蒿子面制作技艺),传统技艺,宁夏回族自治区中卫市中宁县,宁夏回族自治区,6,2025,http://www.ihchina.cn/art/representative.html?limit=100&p=39,2026-08-06T10:36:27+00:00,30594
inheritor_30595,张志军,男,汉族,VIII-164,VIII-164,VIII-164_10_320100,素食制作技艺(绿柳居素食烹制技艺),传统技艺,江苏省南京市,江苏省,6,2025,http://www.ihchina.cn/art/representative.html?limit=100&p=39,2026-08-06T10:36:27+00:00,30595
inheritor_30596,陈顺通,男,汉族,VIII-166,VIII-166,VIII-166_02_330700,火腿制作技艺(金华火腿腌制技艺),传统技艺,浙江省金华市,浙江省,6,2025,http://www.ihchina.cn/art/representative.html?limit=100&p=39,2026-08-06T10:36:27+00:00,30596
inheritor_30597,马国强,男,回族,VIII-168,VIII-168,VIII-168_10_640300,牛羊肉烹制技艺(宁夏手抓羊肉制作技艺),传统技艺,宁夏回族自治区吴忠市,宁夏回族自治区,6,2025,http://www.ihchina.cn/art/representative.html?limit=100&p=39,2026-08-06T10:36:27+00:00,30597
inheritor_30598,曾家快,男,汉族,VIII-175,VIII-175,VIII-175_02_330329,木拱桥传统营造技艺,传统技艺,浙江省泰顺县,浙江省,6,2025,http://www.ihchina.cn/art/representative.html?limit=100&p=39,2026-08-06T10:36:27+00:00,30598
inheritor_30599,张月来,男,汉族,VIII-176,VIII-176,VIII-176_02_330600,石桥营造技艺,传统技艺,浙江省绍兴市,浙江省,6,2025,http://www.ihchina.cn/art/representative.html?limit=100&p=39,2026-08-06T10:36:27+00:00,30599
inheritor_30600,吕雄心,男,汉族,VIII-177,VIII-177,VIII-177_02_330783,婺州传统民居营造技艺(东阳卢宅营造技艺),传统技艺,浙江省东阳市,浙江省,6,2025,http://www.ihchina.cn/art/representative.html?limit=100&p=39,2026-08-06T10:36:27+00:00,30600
inheritor_30601,刘大山,男,汉族,VIII-179,VIII-179,VIII-179_02_350502,闽南传统民居营造技艺,传统技艺,福建省泉州市鲤城区,福建省,6,2025,http://www.ihchina.cn/art/representative.html?limit=100&p=39,2026-08-06T10:36:27+00:00,30601
inheritor_30602,叶本营,男,汉族,VIII-179,VIII-179,VIII-179_02_350583,闽南传统民居营造技艺,传统技艺,福建省南安市,福建省,6,2025,http://www.ihchina.cn/art/representative.html?limit=100&p=39,2026-08-06T10:36:27+00:00,30602
inheritor_30603,班凤斌,男,汉族,VIII-181,VIII-181,VIII-181_02_150900,蒙古包营造技艺,传统技艺,内蒙古自治区文学艺术界联合会,内蒙古自治区,6,2025,http://www.ihchina.cn/art/representative.html?limit=100&p=39,2026-08-06T10:36:27+00:00,30603
inheritor_30604,符那庆,男,黎族,VIII-182,VIII-182,VIII-182_02_469007,黎族船型屋营造技艺,传统技艺,海南省东方市,海南省,6,2025,http://www.ihchina.cn/art/representative.html?limit=100&p=39,2026-08-06T10:36:27+00:00,30604
inheritor_30605,其米巴丹,男,藏族,VIII-186,VIII-186,VIII-186_02_513323,藏族碉楼营造技艺,传统技艺,四川省丹巴县,四川省,6,2025,http://www.ihchina.cn/art/representative.html?limit=100&p=39,2026-08-06T10:36:27+00:00,30605
inheritor_30606,王国跃,男,羌族,VIII-186,VIII-186,VIII-186_03_513221,碉楼营造技艺(羌族碉楼营造技艺),传统技艺,四川省汶川县,四川省,6,2025,http://www.ihchina.cn/art/representative.html?limit=100&p=39,2026-08-06T10:36:27+00:00,30606
inheritor_30607,陈鹏飞,男,汉族,VIII-187,VIII-187,VIII-187_03_330682,越窑青瓷烧制技艺,传统技艺,浙江省上虞市,浙江省,6,2025,http://www.ihchina.cn/art/representative.html?limit=100&p=39,2026-08-06T10:36:27+00:00,30607
inheritor_30608,施珍,女,汉族,VIII-187,VIII-187,VIII-187_03_330282,越窑青瓷烧制技艺,传统技艺,浙江省慈溪市,浙江省,6,2025,http://www.ihchina.cn/art/representative.html?limit=100&p=39,2026-08-06T10:36:27+00:00,30608
inheritor_30609,王河生,男,汉族,VIII-192,VIII-192,VIII-192_03_330300,蓝夹缬技艺,传统技艺,浙江省温州市,浙江省,6,2025,http://www.ihchina.cn/art/representative.html?limit=100&p=39,2026-08-06T10:36:27+00:00,30609
inheritor_30610,陈玉秋,女,汉族,VIII-193,VIII-193,VIII-193_10_220200,中式服装制作技艺(满族旗袍制作技艺),传统技艺,吉林省吉林市,吉林省,6,2025,http://www.ihchina.cn/art/representative.html?limit=100&p=39,2026-08-06T10:36:27+00:00,30610
inheritor_30611,巴图陶高,男,蒙古族,VIII-196,VIII-196,VIII-196_10_150824,银铜器制作及鎏金技艺(乌拉特铜银器制作技艺),传统技艺,内蒙古自治区巴彦淖尔市乌拉特中旗,内蒙古自治区,6,2025,http://www.ihchina.cn/art/representative.html?limit=100&p=39,2026-08-06T10:36:27+00:00,30611
inheritor_30612,肖岗,男,汉族,VIII-196,VIII-196,VIII-196_10_140602,银铜器制作及鎏金技艺(朔州传统鎏金技艺),传统技艺,山西省朔州市朔城区,山西省,6,2025,http://www.ihchina.cn/art/representative.html?limit=100&p=39,2026-08-06T10:36:27+00:00,30612
inheritor_30613,张珮琛,男,汉族,VIII-197,VIII-197,VIII-197_10_150824,青铜器修复及复制技艺(上海青铜器修复技艺),传统技艺,上海市,上海市,6,2025,http://www.ihchina.cn/art/representative.html?limit=100&p=39,2026-08-06T10:36:27+00:00,30613
inheritor_30614,周鹏程,男,汉族,VIII-200,VIII-200,VIII-200_10_360124,毛笔制作技艺(文港毛笔制作技艺),传统技艺,江西省南昌市进贤县,江西省,6,2025,http://www.ihchina.cn/art/representative.html?limit=100&p=39,2026-08-06T10:36:27+00:00,30614
inheritor_30615,林振传,男,汉族,VIII-203,VIII-203,VIII-203_03_350982,白茶制作技艺(福鼎白茶制作技艺),传统技艺,福建省福鼎市,福建省,6,2025,http://www.ihchina.cn/art/representative.html?limit=100&p=39,2026-08-06T10:36:27+00:00,30615
inheritor_30616,万玉其,男,土家族,VIII-211,VIII-211,VIII-211_03_433127,土家族吊脚楼营造技艺,传统技艺,湖南省永顺县,湖南省,6,2025,http://www.ihchina.cn/art/representative.html?limit=100&p=39,2026-08-06T10:36:27+00:00,30616
inheritor_30617,徐文奎,男,汉族,VIII-214,VIII-214,VIII-214_10_330802,婺州窑陶瓷烧制技艺(婺州窑衢州白瓷烧制技艺),传统技艺,浙江省衢州市柯城区,浙江省,6,2025,http://www.ihchina.cn/art/representative.html?limit=100&p=39,2026-08-06T10:36:27+00:00,30617
inheritor_30618,伍映山,男,汉族,VIII-215,VIII-215,VIII-215_04_360800,吉州窑陶瓷烧制技艺,传统技艺,江西省吉安市,江西省,6,2025,http://www.ihchina.cn/art/representative.html?limit=100&p=39,2026-08-06T10:36:27+00:00,30618
inheritor_30619,杨蕴,女,汉族,VIII-220,VIII-220,VIII-220_10_330802,古陶瓷修复技艺,传统技艺,上海市,上海市,6,2025,http://www.ihchina.cn/art/representative.html?limit=100&p=39,2026-08-06T10:36:27+00:00,30619
inheritor_30620,林文溪,男,汉族,VIII-224,VIII-224,VIII-224_10_130622,传统香制作技艺(福建香制作技艺),传统技艺,福建省,福建省,6,2025,http://www.ihchina.cn/art/representative.html?limit=100&p=39,2026-08-06T10:36:27+00:00,30620
inheritor_30621,周元昌,男,汉族,VIII-230,VIII-230,VIII-230_04_310101,上海本帮菜肴传统烹饪技艺,传统技艺,上海市黄浦区,上海市,6,2025,http://www.ihchina.cn/art/representative.html?limit=100&p=39,2026-08-06T10:36:27+00:00,30621
inheritor_30622,任德峰,男,汉族,VIII-230,VIII-230,VIII-230_04_310101,上海本帮菜肴传统烹饪技艺,传统技艺,上海市黄浦区,上海市,6,2025,http://www.ihchina.cn/art/representative.html?limit=100&p=39,2026-08-06T10:36:27+00:00,30622
inheritor_30623,陈乐平,男,汉族,VIII-239,VIII-239,VIII-239_04_360281,古戏台营造技艺,传统技艺,江西省乐平市,江西省,6,2025,http://www.ihchina.cn/art/representative.html?limit=100&p=39,2026-08-06T10:36:27+00:00,30623
inheritor_30624,李建平,男,汉族,VIII-242,VIII-242,VIII-242_10_990434,八义窑红绿彩瓷烧制技艺,传统技艺,山西省长治市上党区,山西省,6,2025,http://www.ihchina.cn/art/representative.html?limit=100&p=39,2026-08-06T10:36:27+00:00,30624
inheritor_30625,梅国建,男,汉族,VIII-243,VIII-243,VIII-243_10_410423,鲁山窑烧制技艺(鲁山花瓷烧制技艺),传统技艺,河南省平顶山市鲁山县,河南省,6,2025,http://www.ihchina.cn/art/representative.html?limit=100&p=39,2026-08-06T10:36:27+00:00,30625
inheritor_30626,吴中凤,女,汉族,VIII-244,VIII-244,VIII-244_10_110101,北京蒙镶技艺,传统技艺,北京市东城区,北京市,6,2025,http://www.ihchina.cn/art/representative.html?limit=100&p=39,2026-08-06T10:36:27+00:00,30626
inheritor_30627,赵锡祥,男,汉族,VIII-246,VIII-246,VIII-246_10_330109,花边制作技艺(萧山花边制作技艺),传统技艺,浙江省杭州市萧山区,浙江省,6,2025,http://www.ihchina.cn/art/representative.html?limit=100&p=39,2026-08-06T10:36:27+00:00,30627
inheritor_30628,蓝延蓝,女,畲族,VIII-247,VIII-247,VIII-247_10_331127,彩带编织技艺(畲族彩带编织技艺),传统技艺,浙江省丽水市景宁畲族自治县,浙江省,6,2025,http://www.ihchina.cn/art/representative.html?limit=100&p=39,2026-08-06T10:36:27+00:00,30628
inheritor_30629,娜汉,女,佤族,VIII-249,VIII-249,VIII-249_10_530829,佤族织锦技艺,传统技艺,云南省普洱市西盟佤族自治县,云南省,6,2025,http://www.ihchina.cn/art/representative.html?limit=100&p=39,2026-08-06T10:36:27+00:00,30629
inheritor_30630,胡志强,男,汉族,VIII-250,VIII-250,VIII-250_10_330784,铸铁技艺(永康铸铁技艺),传统技艺,浙江省金华市永康市,浙江省,6,2025,http://www.ihchina.cn/art/representative.html?limit=100&p=39,2026-08-06T10:36:27+00:00,30630
inheritor_30631,项绍清,男,汉族,VIII-251,VIII-251,VIII-251_10_421303,青铜器制作技艺(青铜编钟制作技艺),传统技艺,湖北省随州市曾都区,湖北省,6,2025,http://www.ihchina.cn/art/representative.html?limit=100&p=39,2026-08-06T10:36:27+00:00,30631
inheritor_30632,谭志平,男,汉族,VIII-253,VIII-253,VIII-253_10_530722,银胎掐丝珐琅器制作技艺(永胜珐琅银器制作技艺),传统技艺,云南省丽江市永胜县,云南省,6,2025,http://www.ihchina.cn/art/representative.html?limit=100&p=39,2026-08-06T10:36:27+00:00,30632
inheritor_30633,何深,男,汉族,VIII-256,VIII-256,VIII-256_10_130626,书画毡制作技艺(定兴书画毡制作技艺),传统技艺,河北省保定市定兴县,河北省,6,2025,http://www.ihchina.cn/art/representative.html?limit=100&p=39,2026-08-06T10:36:27+00:00,30633
inheritor_30634,乔秋云,女,汉族,VIII-260,VIII-260,VIII-260_10_621225,宫廷传统囊匣制作技艺,传统技艺,故宫博物院,未知,6,2025,http://www.ihchina.cn/art/representative.html?limit=100&p=39,2026-08-06T10:36:27+00:00,30634
inheritor_30635,刘新,男,汉族,VIII-261,VIII-261,VIII-261_10_321000,脂粉制作技艺(谢馥春脂粉制作技艺),传统技艺,江苏省扬州市,江苏省,6,2025,http://www.ihchina.cn/art/representative.html?limit=100&p=39,2026-08-06T10:36:27+00:00,30635
inheritor_30636,李国伟,男,汉族,VIII-263,VIII-263,VIII-263_10_530000,云南围棋子(云子、永子)制作技艺,传统技艺,云南省,云南省,6,2025,http://www.ihchina.cn/art/representative.html?limit=100&p=39,2026-08-06T10:36:27+00:00,30636
inheritor_30637,赵伟,男,汉族,VIII-265,VIII-265,VIII-265_10_120115,葫芦制作技艺(天津葫芦制作技艺),传统技艺,天津市宝坻区,天津市,6,2025,http://www.ihchina.cn/art/representative.html?limit=100&p=39,2026-08-06T10:36:27+00:00,30637
inheritor_30638,钱建华,男,汉族,VIII-266,VIII-266,VIII-266_10_330182,严东关五加皮酿酒技艺,传统技艺,浙江省杭州市建德市,浙江省,6,2025,http://www.ihchina.cn/art/representative.html?limit=100&p=39,2026-08-06T10:36:27+00:00,30638
inheritor_30639,杨腊三,男,德昂族,VIII-268,VIII-268,VIII-268_10_990435,德昂族酸茶制作技艺,传统技艺,云南省德宏傣族景颇族自治州芒市,云南省,6,2025,http://www.ihchina.cn/art/representative.html?limit=100&p=39,2026-08-06T10:36:27+00:00,30639
inheritor_30640,张根东,男,汉族,VIII-270,VIII-270,VIII-270_10_340000,徽菜烹饪技艺,传统技艺,安徽省,安徽省,6,2025,http://www.ihchina.cn/art/representative.html?limit=100&p=39,2026-08-06T10:36:27+00:00,30640
inheritor_30641,方树光,男,汉族,VIII-271,VIII-271,VIII-271_10_445100,潮州菜烹饪技艺,传统技艺,广东省潮州市,广东省,6,2025,http://www.ihchina.cn/art/representative.html?limit=100&p=39,2026-08-06T10:36:27+00:00,30641
inheritor_30642,卢朝华,男,汉族,VIII-272,VIII-272,VIII-272_10_510000,川菜烹饪技艺,传统技艺,四川省,四川省,6,2025,http://www.ihchina.cn/art/representative.html?limit=100&p=39,2026-08-06T10:36:27+00:00,30642
inheritor_30643,徐孝洪,男,汉族,VIII-272,VIII-272,VIII-272_10_510000,川菜烹饪技艺,传统技艺,四川省,四川省,6,2025,http://www.ihchina.cn/art/representative.html?limit=100&p=39,2026-08-06T10:36:27+00:00,30643
inheritor_30644,易明珍,女,苗族,VIII-274,VIII-274,VIII-274_10_431229,果脯蜜饯制作技艺(雕花蜜饯制作技艺),传统技艺,湖南省怀化市靖州苗族侗族自治县,湖南省,6,2025,http://www.ihchina.cn/art/representative.html?limit=100&p=39,2026-08-06T10:36:27+00:00,30644
inheritor_30645,吴生忠,男,汉族,VIII-275,VIII-275,VIII-275_10_310101,梨膏糖制作技艺(上海梨膏糖制作技艺),传统技艺,上海市黄浦区,上海市,6,2025,http://www.ihchina.cn/art/representative.html?limit=100&p=39,2026-08-06T10:36:27+00:00,30645
inheritor_30646,龙付孙,男,汉族,VIII-277,VIII-277,VIII-277_10_450300,米粉制作技艺(桂林米粉制作技艺),传统技艺,广西壮族自治区桂林市,广西壮族自治区,6,2025,http://www.ihchina.cn/art/representative.html?limit=100&p=39,2026-08-06T10:36:27+00:00,30646
inheritor_30647,区又生,男,汉族,VIII-277,VIII-277,VIII-277_10_440100,米粉制作技艺(沙河粉传统制作技艺),传统技艺,广东省广州市,广东省,6,2025,http://www.ihchina.cn/art/representative.html?limit=100&p=39,2026-08-06T10:36:27+00:00,30647
inheritor_30648,王静之,男,汉族,VIII-278,VIII-278,VIII-278_10_450400,龟苓膏配制技艺,传统技艺,广西壮族自治区梧州市,广西壮族自治区,6,2025,http://www.ihchina.cn/art/representative.html?limit=100&p=39,2026-08-06T10:36:27+00:00,30648
inheritor_30649,吴笃琴,女,苗族,VIII-279,VIII-279,VIII-279_10_522601,凯里酸汤鱼制作技艺,传统技艺,贵州省黔东南苗族侗族自治州凯里市,贵州省,6,2025,http://www.ihchina.cn/art/representative.html?limit=100&p=39,2026-08-06T10:36:27+00:00,30649
inheritor_30650,詹和安,男,汉族,VIII-281,VIII-281,VIII-281_10_360222,水碓营造技艺(景德镇瓷业水碓营造技艺),传统技艺,江西省景德镇市浮梁县,江西省,6,2025,http://www.ihchina.cn/art/representative.html?limit=100&p=39,2026-08-06T10:36:27+00:00,30650
inheritor_30651,纪传英,男,汉族,VIII-283,VIII-283,VIII-283_10_440507,潮汕古建筑营造技艺,传统技艺,广东省汕头市龙湖区,广东省,6,2025,http://www.ihchina.cn/art/representative.html?limit=100&p=39,2026-08-06T10:36:27+00:00,30651
inheritor_30652,阿西拉批,男,彝族,VIII-284,VIII-284,VIII-284_10_513400,彝族传统建筑营造技艺(凉山彝族传统民居营造技艺),传统技艺,四川省凉山彝族自治州,四川省,6,2025,http://www.ihchina.cn/art/representative.html?limit=100&p=39,2026-08-06T10:36:27+00:00,30652
inheritor_30653,卫东,男,藏族,VIII-285,VIII-285,VIII-285_10_632823,传统帐篷编制技艺(青海藏族黑牛毛帐篷制作技艺),传统技艺,青海省海西蒙古族藏族自治州天峻县,青海省,6,2025,http://www.ihchina.cn/art/representative.html?limit=100&p=39,2026-08-06T10:36:27+00:00,30653
inheritor_30654,王顺利,男,汉族,VIII-286,VIII-286,VIII-286_10_632823,关中传统民居营造技艺,传统技艺,陕西省,陕西省,6,2025,http://www.ihchina.cn/art/representative.html?limit=100&p=39,2026-08-06T10:36:27+00:00,30654
inheritor_30655,马振仁,男,汉族,VIII-287,VIII-287,VIII-287_10_640400,固原传统建筑营造技艺,传统技艺,宁夏回族自治区固原市,宁夏回族自治区,6,2025,http://www.ihchina.cn/art/representative.html?limit=100&p=39,2026-08-06T10:36:27+00:00,30655
inheritor_30656,唐旭东,男,汉族,IX-1,IX-1,IX-001_01_110101,中医生命与疾病认知方法,传统医药,中国中医科学院,未知,6,2025,http://www.ihchina.cn/art/representative.html?limit=100&p=39,2026-08-06T10:36:27+00:00,30656
inheritor_30657,严隽陶,男,汉族,IX-2,IX-2,IX-002_10_140729,中医诊疗法(丁氏推拿疗法),传统医药,上海市,上海市,6,2025,http://www.ihchina.cn/art/representative.html?limit=100&p=39,2026-08-06T10:36:27+00:00,30657
inheritor_30658,丁义江,男,汉族,IX-2,IX-2,IX-002_04_320104,中医诊疗法(丁氏痔科医术),传统医药,江苏省南京市秦淮区,江苏省,6,2025,http://www.ihchina.cn/art/representative.html?limit=100&p=39,2026-08-06T10:36:27+00:00,30658
inheritor_30659,李艳,女,汉族,IX-2,IX-2,IX-002_03_341000,中医诊法(张一帖内科疗法),传统医药,安徽省黄山市,安徽省,6,2025,http://www.ihchina.cn/art/representative.html?limit=100&p=39,2026-08-06T10:36:27+00:00,30659
inheritor_30660,孔令誉,男,汉族,IX-2,IX-2,IX-002_10_110105,中医诊疗法(孔伯华中医世家医术),传统医药,北京市朝阳区,北京市,6,2025,http://www.ihchina.cn/art/representative.html?limit=100&p=39,2026-08-06T10:36:27+00:00,30660
inheritor_30661,王金贵,男,汉族,IX-2,IX-2,IX-002_10_120104,中医诊疗法(津沽脏腑推拿),传统医药,天津市南开区,天津市,6,2025,http://www.ihchina.cn/art/representative.html?limit=100&p=39,2026-08-06T10:36:27+00:00,30661
inheritor_30662,王和鸣,男,汉族,IX-2,IX-2,IX-002_10_341024,中医诊疗法(南少林理筋整脊疗法),传统医药,福建省,福建省,6,2025,http://www.ihchina.cn/art/representative.html?limit=100&p=39,2026-08-06T10:36:27+00:00,30662
inheritor_30663,宋兆普,男,汉族,IX-2,IX-2,IX-002_10_410482,中医诊疗法(宋氏中医外科疗法),传统医药,河南省平顶山市汝州市,河南省,6,2025,http://www.ihchina.cn/art/representative.html?limit=100&p=39,2026-08-06T10:36:27+00:00,30663
inheritor_30664,钟磊,男,汉族,IX-2,IX-2,IX-002_10_510000,中医诊疗法(李仲愚杵针疗法),传统医药,四川省,四川省,6,2025,http://www.ihchina.cn/art/representative.html?limit=100&p=39,2026-08-06T10:36:27+00:00,30664
inheritor_30665,滕英,男,汉族,IX-2,IX-2,IX-002_10_341024,中医诊疗法(祁门蛇伤疗法),传统医药,安徽省黄山市祁门县,安徽省,6,2025,http://www.ihchina.cn/art/representative.html?limit=100&p=39,2026-08-06T10:36:27+00:00,30665
inheritor_30666,郭华,男,汉族,IX-2,IX-2,IX-002_10_140729,中医诊疗法(摸骨正脊术),传统医药,山西省晋中市灵石县,山西省,6,2025,http://www.ihchina.cn/art/representative.html?limit=100&p=39,2026-08-06T10:36:27+00:00,30666
inheritor_30667,房敏,男,汉族,IX-2,IX-2,IX-002_10_140729,中医诊疗法(丁氏推拿疗法),传统医药,上海市,上海市,6,2025,http://www.ihchina.cn/art/representative.html?limit=100&p=39,2026-08-06T10:36:27+00:00,30667
inheritor_30668,张喜钦,男,汉族,IX-2,IX-2,IX-002_10_410702,中医诊疗法(张氏经络收放疗法),传统医药,河南省新乡市红旗区,河南省,6,2025,http://www.ihchina.cn/art/representative.html?limit=100&p=39,2026-08-06T10:36:27+00:00,30668
inheritor_30669,周超凡,男,汉族,IX-2,IX-2,IX-002_01_110101,中医诊法,传统医药,中国中医科学院,未知,6,2025,http://www.ihchina.cn/art/representative.html?limit=100&p=39,2026-08-06T10:36:27+00:00,30669
inheritor_30670,陈柏忠,男,汉族,IX-3,IX-3,IX-003_10_440705,中药炮制技艺(新会陈皮炮制技艺),传统医药,广东省江门市新会区,广东省,6,2025,http://www.ihchina.cn/art/representative.html?limit=100&p=39,2026-08-06T10:36:27+00:00,30670
inheritor_30671,康明轩,男,汉族,IX-3,IX-3,IX-003_02_410800,中药炮制技术(四大怀药种植与炮制),传统医药,河南省焦作市,河南省,6,2025,http://www.ihchina.cn/art/representative.html?limit=100&p=39,2026-08-06T10:36:27+00:00,30671
inheritor_30672,肖永庆,男,汉族,IX-3,IX-3,IX-003_01_110101a,中药炮制技术,传统医药,中国中医科学院,未知,6,2025,http://www.ihchina.cn/art/representative.html?limit=100&p=39,2026-08-06T10:36:27+00:00,30672
inheritor_30673,张义生,男,汉族,IX-3,IX-3,IX-003_10_420102,中药炮制技艺(汉派彭银亭中药炮制技艺),传统医药,湖北省武汉市江岸区,湖北省,6,2025,http://www.ihchina.cn/art/representative.html?limit=100&p=39,2026-08-06T10:36:27+00:00,30673
inheritor_30674,马祥海,男,汉族,IX-4,IX-4,IX-004_10_120106,中医传统制剂方法(宏仁堂紫雪散传统制作技艺),传统医药,天津市红桥区,天津市,6,2025,http://www.ihchina.cn/art/representative.html?limit=100&p=39,2026-08-06T10:36:27+00:00,30674
inheritor_30675,宋石墩,男,汉族,IX-4,IX-4,IX-004_04_140825,中医传统制剂方法(点舌丸制作技艺),传统医药,山西省新绛县,山西省,6,2025,http://www.ihchina.cn/art/representative.html?limit=100&p=39,2026-08-06T10:36:27+00:00,30675
inheritor_30676,王锋,男,汉族,IX-4,IX-4,IX-004_04_140726,中医传统制剂方法(安宫牛黄丸制作技艺),传统医药,山西省太谷县,山西省,6,2025,http://www.ihchina.cn/art/representative.html?limit=100&p=39,2026-08-06T10:36:27+00:00,30676
inheritor_30677,顾万霞,女,汉族,IX-4,IX-4,IX-004_10_320600,中医传统制剂方法(王氏保赤丸制作技艺),传统医药,江苏省南通市,江苏省,6,2025,http://www.ihchina.cn/art/representative.html?limit=100&p=39,2026-08-06T10:36:27+00:00,30677
inheritor_30678,杜新磊,男,汉族,IX-4,IX-4,IX-004_04_370811,中医传统制剂方法(二仙膏制作技艺),传统医药,山东省济宁市任城区,山东省,6,2025,http://www.ihchina.cn/art/representative.html?limit=100&p=39,2026-08-06T10:36:27+00:00,30678
inheritor_30679,黄龙祥,男,汉族,IX-5,IX-5,IX-005_01_110101,针灸,传统医药,中国中医科学院,未知,6,2025,http://www.ihchina.cn/art/representative.html?limit=100&p=39,2026-08-06T10:36:27+00:00,30679
inheritor_30680,韩善明,男,汉族,IX-5,IX-5,IX-005_10_421126,针灸(蕲春艾灸疗法),传统医药,湖北省黄冈市蕲春县,湖北省,6,2025,http://www.ihchina.cn/art/representative.html?limit=100&p=39,2026-08-06T10:36:27+00:00,30680
inheritor_30681,陈秀华,女,汉族,IX-5,IX-5,IX-005_10_421126,针灸(岭南陈氏针法),传统医药,广东省,广东省,6,2025,http://www.ihchina.cn/art/representative.html?limit=100&p=39,2026-08-06T10:36:27+00:00,30681
inheritor_30682,赵时碧,女,汉族,IX-5,IX-5,IX-005_10_500103,针灸(赵氏雷火灸),传统医药,重庆市渝中区,重庆市,6,2025,http://www.ihchina.cn/art/representative.html?limit=100&p=39,2026-08-06T10:36:27+00:00,30682
inheritor_30683,程红锋,男,汉族,IX-5,IX-5,IX-005_10_500103,针灸(程氏针灸),传统医药,中国中医科学院,未知,6,2025,http://www.ihchina.cn/art/representative.html?limit=100&p=39,2026-08-06T10:36:27+00:00,30683
inheritor_30684,杨金生,男,汉族,IX-5,IX-5,IX-005_10_500103,针灸(程氏针灸),传统医药,中国中医科学院,未知,6,2025,http://www.ihchina.cn/art/representative.html?limit=100&p=39,2026-08-06T10:36:27+00:00,30684
inheritor_30685,李飞跃,男,汉族,IX-6,IX-6,IX-006_10_310000,中医正骨疗法(魏氏伤科疗法),传统医药,上海市,上海市,6,2025,http://www.ihchina.cn/art/representative.html?limit=100&p=39,2026-08-06T10:36:27+00:00,30685
inheritor_30686,詹红生,男,汉族,IX-6,IX-6,IX-006_04_310115,中医正骨疗法(上海石氏伤科疗法),传统医药,上海市,上海市,6,2025,http://www.ihchina.cn/art/representative.html?limit=100&p=40,2026-08-06T10:36:29+00:00,30686
inheritor_30687,林子顺,男,汉族,IX-6,IX-6,IX-006_03_350104,中医正骨疗法(林氏骨伤疗法),传统医药,福建省福州市仓山区,福建省,6,2025,http://www.ihchina.cn/art/representative.html?limit=100&p=40,2026-08-06T10:36:29+00:00,30687
inheritor_30688,朱立国,男,汉族,IX-6,IX-6,IX-006_01_110101,中医正骨疗法,传统医药,中国中医科学院,未知,6,2025,http://www.ihchina.cn/art/representative.html?limit=100&p=40,2026-08-06T10:36:29+00:00,30688
inheritor_30689,李涛,男,汉族,IX-6,IX-6,IX-006_10_150100,中医正骨疗法(三空李氏正骨),传统医药,内蒙古自治区呼和浩特市,内蒙古自治区,6,2025,http://www.ihchina.cn/art/representative.html?limit=100&p=40,2026-08-06T10:36:29+00:00,30689
inheritor_30690,章允志,男,汉族,IX-6,IX-6,IX-006_03_331000,中医正骨疗法(章氏骨伤疗法),传统医药,浙江省台州市,浙江省,6,2025,http://www.ihchina.cn/art/representative.html?limit=100&p=40,2026-08-06T10:36:29+00:00,30690
inheritor_30691,郭珈宜,女,汉族,IX-6,IX-6,IX-006_02_410300,中医正骨疗法(平乐郭氏正骨法),传统医药,河南省洛阳市,河南省,6,2025,http://www.ihchina.cn/art/representative.html?limit=100&p=40,2026-08-06T10:36:29+00:00,30691
inheritor_30692,朱怀宇,男,汉族,IX-6,IX-6,IX-006_10_500105,中医正骨疗法(燕青门正骨疗法),传统医药,重庆市江北区,重庆市,6,2025,http://www.ihchina.cn/art/representative.html?limit=100&p=40,2026-08-06T10:36:29+00:00,30692
inheritor_30693,徐泽三,男,汉族,IX-6,IX-6,IX-006_10_371624,中医正骨疗法(徐氏中医正骨),传统医药,山东省滨州市沾化区,山东省,6,2025,http://www.ihchina.cn/art/representative.html?limit=100&p=40,2026-08-06T10:36:29+00:00,30693
inheritor_30694,朱龙,男,汉族,IX-6,IX-6,IX-006_10_610528,中医正骨疗法(朱氏正骨术),传统医药,陕西省渭南市富平县,陕西省,6,2025,http://www.ihchina.cn/art/representative.html?limit=100&p=40,2026-08-06T10:36:29+00:00,30694
inheritor_30695,赵小刚,男,汉族,IX-7,IX-7,IX-007_01_110105,同仁堂中医药文化,传统医药,中国北京同仁堂(集团)有限责任公司,北京市,6,2025,http://www.ihchina.cn/art/representative.html?limit=100&p=40,2026-08-06T10:36:29+00:00,30695
inheritor_30696,丁光明,男,汉族,IX-8,IX-8,IX-008_01_330102,胡庆余堂中药文化,传统医药,浙江省杭州市,浙江省,6,2025,http://www.ihchina.cn/art/representative.html?limit=100&p=40,2026-08-06T10:36:29+00:00,30696
inheritor_30697,旦松扎巴,男,藏族,IX-9,IX-9,IX-009_10_542400,藏医药(藏医脉泻杂炯疗法),传统医药,西藏自治区那曲市,西藏自治区,6,2025,http://www.ihchina.cn/art/representative.html?limit=100&p=40,2026-08-06T10:36:29+00:00,30697
inheritor_30698,雨觉,男,藏族,IX-9,IX-9,IX-009_03_533400,藏医药(藏医骨伤疗法),传统医药,云南省迪庆藏族自治州,云南省,6,2025,http://www.ihchina.cn/art/representative.html?limit=100&p=40,2026-08-06T10:36:29+00:00,30698
inheritor_30699,多杰仁青,男,藏族,IX-9,IX-9,IX-009_10_610528,藏医药(索瓦日巴——藏医有关生命、健康及疾病的认知与实践),传统医药,西藏自治区,西藏自治区,6,2025,http://www.ihchina.cn/art/representative.html?limit=100&p=40,2026-08-06T10:36:29+00:00,30699
inheritor_30700,次仁罗布,男,藏族,IX-9,IX-9,IX-009_10_610528,藏医药(索瓦日巴——藏医有关生命、健康及疾病的认知与实践),传统医药,西藏自治区,西藏自治区,6,2025,http://www.ihchina.cn/art/representative.html?limit=100&p=40,2026-08-06T10:36:29+00:00,30700
inheritor_30701,看照加,男,藏族,IX-9,IX-9,IX-009_02_623026,藏医药(甘南藏医药),传统医药,甘肃省碌曲县,甘肃省,6,2025,http://www.ihchina.cn/art/representative.html?limit=100&p=40,2026-08-06T10:36:29+00:00,30701
inheritor_30702,王成亚,男,汉族,IX-10,IX-10,IX-010_10_630225,中医养生(中医传统导引法),传统医药,北京中医药大学,北京市,6,2025,http://www.ihchina.cn/art/representative.html?limit=100&p=40,2026-08-06T10:36:29+00:00,30702
inheritor_30703,申屠银洪,男,汉族,IX-11,IX-11,IX-011_10_330122,传统中医药文化(桐君传统中药文化),传统医药,浙江省杭州市桐庐县,浙江省,6,2025,http://www.ihchina.cn/art/representative.html?limit=100&p=40,2026-08-06T10:36:29+00:00,30703
inheritor_30704,卢其福,男,汉族,IX-11,IX-11,IX-011_02_440113,传统中医药文化(潘高寿传统中药文化),传统医药,广东省广州潘高寿药业股份有限公司,广东省,6,2025,http://www.ihchina.cn/art/representative.html?limit=100&p=40,2026-08-06T10:36:29+00:00,30704
inheritor_30705,胡达来,男,蒙古族,IX-12,IX-12,IX-012_03_150522,蒙医药(蒙医正骨疗法),传统医药,内蒙古自治区科尔沁左翼后旗,内蒙古自治区,6,2025,http://www.ihchina.cn/art/representative.html?limit=100&p=40,2026-08-06T10:36:29+00:00,30705
inheritor_30706,富玉兰,女,蒙古族,IX-12,IX-12,IX-012_10_150500,蒙医药(蒙医乌拉灸术),传统医药,内蒙古自治区通辽市,内蒙古自治区,6,2025,http://www.ihchina.cn/art/representative.html?limit=100&p=40,2026-08-06T10:36:29+00:00,30706
inheritor_30707,龙薪臣,男,苗族,IX-15,IX-15,IX-015_10_522635,苗医药(骨髓骨伤药膏),传统医药,贵州省黔东南苗族侗族自治州麻江县,贵州省,6,2025,http://www.ihchina.cn/art/representative.html?limit=100&p=40,2026-08-06T10:36:29+00:00,30707
inheritor_30708,陈堃,男,回族,IX-17,IX-17,IX-017_04_640300,回族医药(陈氏回族医技十法),传统医药,宁夏回族自治区吴忠市,宁夏回族自治区,6,2025,http://www.ihchina.cn/art/representative.html?limit=100&p=40,2026-08-06T10:36:29+00:00,30708
inheritor_30709,吾斯曼·牙生,男,维吾尔族,IX-21,IX-21,IX-021_04_652101,维吾尔医药(沙疗),传统医药,新疆维吾尔自治区吐鲁番市,新疆维吾尔自治区,6,2025,http://www.ihchina.cn/art/representative.html?limit=100&p=40,2026-08-06T10:36:29+00:00,30709
inheritor_30710,向富昌,男,汉族,X-3,X-3,X-003_01_420527,端午节(屈原故里端午习俗),民俗,湖北省秭归县,湖北省,6,2025,http://www.ihchina.cn/art/representative.html?limit=100&p=40,2026-08-06T10:36:29+00:00,30710
inheritor_30711,席兰兰,女,汉族,X-4,X-4,X-004_02_621225,七夕节(乞巧节),民俗,甘肃省西和县,甘肃省,6,2025,http://www.ihchina.cn/art/representative.html?limit=100&p=40,2026-08-06T10:36:29+00:00,30711
inheritor_30712,蔡荣礼,男,傣族,X-8,X-8,X-008_02_533100,傣族泼水节,民俗,云南省德宏傣族景颇族自治州,云南省,6,2025,http://www.ihchina.cn/art/representative.html?limit=100&p=40,2026-08-06T10:36:29+00:00,30712
inheritor_30713,王秀平,男,彝族,X-10,X-10,X-010_03_520527,火把节(彝族火把节),民俗,贵州省赫章县,贵州省,6,2025,http://www.ihchina.cn/art/representative.html?limit=100&p=40,2026-08-06T10:36:29+00:00,30713
inheritor_30714,何应贵,男,彝族,X-10,X-10,X-010_01_532300,火把节(彝族火把节),民俗,云南省楚雄彝族自治州,云南省,6,2025,http://www.ihchina.cn/art/representative.html?limit=100&p=40,2026-08-06T10:36:29+00:00,30714
inheritor_30715,赵光舜,男,瑶族,X-14,X-14,X-014_10_431081,瑶族盘王节(还盘王愿),民俗,湖南省郴州市资兴市,湖南省,6,2025,http://www.ihchina.cn/art/representative.html?limit=100&p=40,2026-08-06T10:36:29+00:00,30715
inheritor_30716,邓敬万,男,瑶族,X-14,X-14,X-014_01_440200,瑶族盘王节,民俗,广东省韶关市,广东省,6,2025,http://www.ihchina.cn/art/representative.html?limit=100&p=40,2026-08-06T10:36:29+00:00,30716
inheritor_30717,罗高英姐,女,羌族,X-18,X-18,X-018_01_513200,羌族瓦尔俄足节,民俗,四川省阿坝藏族羌族自治州,四川省,6,2025,http://www.ihchina.cn/art/representative.html?limit=100&p=40,2026-08-06T10:36:29+00:00,30717
inheritor_30718,代鑫,男,侗族,X-26,X-26,X-026_01_520623,仡佬毛龙节,民俗,贵州省石阡县,贵州省,6,2025,http://www.ihchina.cn/art/representative.html?limit=100&p=40,2026-08-06T10:36:29+00:00,30718
inheritor_30719,李文广,男,汉族,X-35,X-35,X-035_01_370881,祭孔大典,民俗,山东省曲阜市,山东省,6,2025,http://www.ihchina.cn/art/representative.html?limit=100&p=40,2026-08-06T10:36:29+00:00,30719
inheritor_30720,孔令立,男,汉族,X-35,X-35,X-035_03_330800,祭孔大典(南孔祭典),民俗,浙江省衢州市,浙江省,6,2025,http://www.ihchina.cn/art/representative.html?limit=100&p=40,2026-08-06T10:36:29+00:00,30720
inheritor_30721,李庆祥,男,汉族,X-36,X-36,X-036_04_120112,妈祖祭典(葛沽宝辇会),民俗,天津市津南区,天津市,6,2025,http://www.ihchina.cn/art/representative.html?limit=100&p=40,2026-08-06T10:36:29+00:00,30721
inheritor_30722,麦炽英,男,汉族,X-44,X-44,X-044_01_442000,小榄菊花会,民俗,广东省中山市,广东省,6,2025,http://www.ihchina.cn/art/representative.html?limit=100&p=40,2026-08-06T10:36:29+00:00,30722
inheritor_30723,卡孜木·哈得尔(卡孜木·哈的尔),男,维吾尔族,X-49,X-49,X-049_02_652328,新疆维吾尔族麦西热甫(维吾尔族塔合麦西热甫),民俗,新疆维吾尔自治区木垒哈萨克自治县,新疆维吾尔自治区,6,2025,http://www.ihchina.cn/art/representative.html?limit=100&p=40,2026-08-06T10:36:29+00:00,30723
inheritor_30724,裴保林,男,汉族,X-54,X-54,X-054_02_130429,民间社火(永年抬花桌),民俗,河北省永年县,河北省,6,2025,http://www.ihchina.cn/art/representative.html?limit=100&p=40,2026-08-06T10:36:29+00:00,30724
inheritor_30725,敖志红(阿尔斯楞),男,蒙古族,X-55,X-55,X-055_02_220721,蒙古族婚礼(蒙古族婚俗),民俗,吉林省前郭尔罗斯蒙古族自治县,吉林省,6,2025,http://www.ihchina.cn/art/representative.html?limit=100&p=40,2026-08-06T10:36:29+00:00,30725
inheritor_30726,朱有洲,男,汉族,X-60,X-60,X-060_02_411081,药市习俗(禹州药会),民俗,河南省禹州市,河南省,6,2025,http://www.ihchina.cn/art/representative.html?limit=100&p=40,2026-08-06T10:36:29+00:00,30726
inheritor_30727,詹国平,男,汉族,X-64,X-64,X-064_01_350521,惠安女服饰,民俗,福建省惠安县,福建省,6,2025,http://www.ihchina.cn/art/representative.html?limit=100&p=40,2026-08-06T10:36:29+00:00,30727
inheritor_30728,姜老本,女,苗族,X-65,X-65,X-065_02_522632,苗族服饰,民俗,贵州省榕江县,贵州省,6,2025,http://www.ihchina.cn/art/representative.html?limit=100&p=40,2026-08-06T10:36:29+00:00,30728
inheritor_30729,李素芳,女,瑶族,X-67,X-67,X-067_01_451100,瑶族服饰,民俗,广西壮族自治区贺州市,广西壮族自治区,6,2025,http://www.ihchina.cn/art/representative.html?limit=100&p=40,2026-08-06T10:36:29+00:00,30729
inheritor_30730,封武,男,侗族,X-68,X-68,X-068_03_520623,农历二十四节气(石阡说春),民俗,贵州省石阡县,贵州省,6,2025,http://www.ihchina.cn/art/representative.html?limit=100&p=40,2026-08-06T10:36:29+00:00,30730
inheritor_30731,胡美月,女,汉族,X-69,X-69,X-069_01_431125,女书习俗,民俗,湖南省江永县,湖南省,6,2025,http://www.ihchina.cn/art/representative.html?limit=100&p=40,2026-08-06T10:36:29+00:00,30731
inheritor_30732,杨胜昭,男,水族,X-70,X-70,X-070_01_522700,水书习俗,民俗,贵州省黔南布依族苗族自治州,贵州省,6,2025,http://www.ihchina.cn/art/representative.html?limit=100&p=40,2026-08-06T10:36:29+00:00,30732
inheritor_30733,靳洪安,男,汉族,X-71,X-71,X-071_02_110116,元宵节(敛巧饭习俗),民俗,北京市怀柔区,北京市,6,2025,http://www.ihchina.cn/art/representative.html?limit=100&p=40,2026-08-06T10:36:29+00:00,30733
inheritor_30734,严基树,男,汉族,X-71,X-71,X-071_10_420700,元宵节(百节龙习俗),民俗,湖北省鄂州市,湖北省,6,2025,http://www.ihchina.cn/art/representative.html?limit=100&p=40,2026-08-06T10:36:29+00:00,30734
inheritor_30735,赵世荣,男,汉族,X-71,X-71,X-071_02_630202,元宵节(九曲黄河灯俗),民俗,青海省乐都县,青海省,6,2025,http://www.ihchina.cn/art/representative.html?limit=100&p=40,2026-08-06T10:36:29+00:00,30735
inheritor_30736,蓝仙兰,女,畲族,X-73,X-73,X-073_02_331127,畲族三月三,民俗,浙江省景宁畲族自治县,浙江省,6,2025,http://www.ihchina.cn/art/representative.html?limit=100&p=40,2026-08-06T10:36:29+00:00,30736
inheritor_30737,邝活发,男,汉族,X-81,X-81,X-081_02_440783,灯会(泮村灯会),民俗,广东省开平市,广东省,6,2025,http://www.ihchina.cn/art/representative.html?limit=100&p=40,2026-08-06T10:36:29+00:00,30737
inheritor_30738,牛俊启,男,汉族,X-81,X-81,X-081_02_131081,灯会(胜芳灯会),民俗,河北省霸州市,河北省,6,2025,http://www.ihchina.cn/art/representative.html?limit=100&p=40,2026-08-06T10:36:29+00:00,30738
inheritor_30739,王德凤,男,汉族,X-84,X-84,X-084_02_110109,庙会(妙峰山庙会),民俗,北京市门头沟区,北京市,6,2025,http://www.ihchina.cn/art/representative.html?limit=100&p=40,2026-08-06T10:36:29+00:00,30739
inheritor_30740,骆炳根,男,汉族,X-84,X-84,X-084_10_441900,庙会(茶园游会),民俗,广东省东莞市,广东省,6,2025,http://www.ihchina.cn/art/representative.html?limit=100&p=40,2026-08-06T10:36:29+00:00,30740
inheritor_30741,李耀辉,男,汉族,X-85,X-85,X-085_04_810000,民间信俗(黄大仙信俗),民俗,香港特别行政区,香港特别行政区,6,2025,http://www.ihchina.cn/art/representative.html?limit=100&p=40,2026-08-06T10:36:29+00:00,30741
inheritor_30742,罗盛宗,男,汉族,X-85,X-85,X-085_10_350203,民间信俗(澳门土地信俗),民俗,澳门特别行政区,澳门特别行政区,6,2025,http://www.ihchina.cn/art/representative.html?limit=100&p=40,2026-08-06T10:36:29+00:00,30742
inheritor_30743,范忠义,男,汉族,X-90,X-90,X-090_02_141024,祭祖习俗(大槐树祭祖习俗),民俗,山西省洪洞县,山西省,6,2025,http://www.ihchina.cn/art/representative.html?limit=100&p=40,2026-08-06T10:36:29+00:00,30743
inheritor_30744,胡连刚,男,汉族,X-87,X-87,X-087_02_150121,抬阁(芯子、铁枝、飘色)(脑阁),民俗,内蒙古自治区土默特左旗,内蒙古自治区,6,2025,http://www.ihchina.cn/art/representative.html?limit=100&p=40,2026-08-06T10:36:29+00:00,30744
inheritor_30745,陈文山,男,汉族,X-87,X-87,X-087_02_441523,抬阁(芯子、铁枝、飘色)(河田高景),民俗,广东省陆河县,广东省,6,2025,http://www.ihchina.cn/art/representative.html?limit=100&p=40,2026-08-06T10:36:29+00:00,30745
inheritor_30746,孙康福,男,汉族,X-87,X-87,X-087_02_440883,抬阁(芯子、铁枝、飘色)(吴川飘色),民俗,广东省吴川市,广东省,6,2025,http://www.ihchina.cn/art/representative.html?limit=100&p=40,2026-08-06T10:36:29+00:00,30746
inheritor_30747,周兴光,男,汉族,X-87,X-87,X-087_02_330726,抬阁(芯子、铁枝、飘色)(浦江迎会),民俗,浙江省浦江县,浙江省,6,2025,http://www.ihchina.cn/art/representative.html?limit=100&p=40,2026-08-06T10:36:29+00:00,30747
inheritor_30748,黄学军,男,汉族,X-87,X-87,X-087_02_341521,抬阁(芯子、铁枝、飘色)(肘阁抬阁),民俗,安徽省寿县,安徽省,6,2025,http://www.ihchina.cn/art/representative.html?limit=100&p=40,2026-08-06T10:36:29+00:00,30748
inheritor_30749,张国勤,男,汉族,X-87,X-87,X-087_02_640423,抬阁(芯子、铁枝、飘色)(隆德县高台),民俗,宁夏回族自治区隆德县,宁夏回族自治区,6,2025,http://www.ihchina.cn/art/representative.html?limit=100&p=40,2026-08-06T10:36:29+00:00,30749
inheritor_30750,刘尚德,男,汉族,X-88,X-88,X-088_10_130726,打铁花(蔚县打树花),民俗,河北省张家口市蔚县,河北省,6,2025,http://www.ihchina.cn/art/representative.html?limit=100&p=40,2026-08-06T10:36:29+00:00,30750
inheritor_30751,许亨行,男,朝鲜族,X-89,X-89,X-089_02_210600,朝鲜族花甲礼,民俗,辽宁省丹东市,辽宁省,6,2025,http://www.ihchina.cn/art/representative.html?limit=100&p=40,2026-08-06T10:36:29+00:00,30751
inheritor_30752,曲比拉机,男,彝族,X-90,X-90,X-090_04_513436,祭祖习俗(凉山彝族尼木措毕祭祀),民俗,四川省美姑县,四川省,6,2025,http://www.ihchina.cn/art/representative.html?limit=100&p=40,2026-08-06T10:36:29+00:00,30752
inheritor_30753,布冬霞,女,鄂温克族,X-91,X-91,X-091_02_150785,鄂温克驯鹿习俗,民俗,内蒙古自治区根河市,内蒙古自治区,6,2025,http://www.ihchina.cn/art/representative.html?limit=100&p=40,2026-08-06T10:36:29+00:00,30753
inheritor_30754,敖云其木格,女,蒙古族,X-92,X-92,X-092_02_152900,蒙古族养驼习俗,民俗,内蒙古自治区阿拉善盟,内蒙古自治区,6,2025,http://www.ihchina.cn/art/representative.html?limit=100&p=40,2026-08-06T10:36:29+00:00,30754
inheritor_30755,张文,男,汉族,X-94,X-94,X-094_02_220721,查干淖尔冬捕习俗,民俗,吉林省前郭尔罗斯蒙古族自治县,吉林省,6,2025,http://www.ihchina.cn/art/representative.html?limit=100&p=40,2026-08-06T10:36:29+00:00,30755
inheritor_30756,徐亚乐,女,汉族,X-95,X-95,X-095_02_330521,蚕桑习俗(扫蚕花地),民俗,浙江省德清县,浙江省,6,2025,http://www.ihchina.cn/art/representative.html?limit=100&p=40,2026-08-06T10:36:29+00:00,30756
inheritor_30757,何小道(何晓道),男,汉族,X-98,X-98,X-098_02_330226,汉族传统婚俗(宁海十里红妆婚俗),民俗,浙江省宁海县,浙江省,6,2025,http://www.ihchina.cn/art/representative.html?limit=100&p=40,2026-08-06T10:36:29+00:00,30757
inheritor_30758,洪美淑,女,朝鲜族,X-99,X-99,X-099_02_222400,朝鲜族传统婚礼,民俗,吉林省延边朝鲜族自治州,吉林省,6,2025,http://www.ihchina.cn/art/representative.html?limit=100&p=40,2026-08-06T10:36:29+00:00,30758
inheritor_30759,雷明珍,女,汉族,X-104,X-104,X-104_02_511725,三汇彩亭会,民俗,四川省渠县,四川省,6,2025,http://www.ihchina.cn/art/representative.html?limit=100&p=40,2026-08-06T10:36:29+00:00,30759
inheritor_30760,姜伍发,男,白族,X-105,X-105,X-105_02_532931,石宝山歌会,民俗,云南省剑川县,云南省,6,2025,http://www.ihchina.cn/art/representative.html?limit=100&p=40,2026-08-06T10:36:29+00:00,30760
inheritor_30761,叶汉钟,男,汉族,X-107,X-107,X-107_02_445100,茶艺(潮州工夫茶艺),民俗,广东省潮州市,广东省,6,2025,http://www.ihchina.cn/art/representative.html?limit=100&p=40,2026-08-06T10:36:29+00:00,30761
inheritor_30762,周黎维,男,瑶族,X-107,X-107,X-107_10_450332,茶俗(瑶族油茶习俗),民俗,广西壮族自治区桂林市恭城瑶族自治县,广西壮族自治区,6,2025,http://www.ihchina.cn/art/representative.html?limit=100&p=40,2026-08-06T10:36:29+00:00,30762
inheritor_30763,贾兰本,男,藏族,X-113,X-113,X-113_02_632221,藏族服饰,民俗,青海省门源回族自治县,青海省,6,2025,http://www.ihchina.cn/art/representative.html?limit=100&p=40,2026-08-06T10:36:29+00:00,30763
inheritor_30764,刘芹英,女,汉族,X-119,X-119,X-119_02_110108,珠算(珠算文化),民俗,中国珠算心算协会,未知,6,2025,http://www.ihchina.cn/art/representative.html?limit=100&p=40,2026-08-06T10:36:29+00:00,30764
inheritor_30765,王卫达,男,汉族,X-119,X-119,X-119_02_110108,珠算(珠算文化),民俗,中国珠算心算协会,未知,6,2025,http://www.ihchina.cn/art/representative.html?limit=100&p=40,2026-08-06T10:36:29+00:00,30765
inheritor_30766,银巴,男,藏族,X-121,X-121,X-121_02_540000,藏族天文历算,民俗,西藏自治区,西藏自治区,6,2025,http://www.ihchina.cn/art/representative.html?limit=100&p=40,2026-08-06T10:36:29+00:00,30766
inheritor_30767,吉尔阿布,男,彝族,X-129,X-129,X-129_03_513400,彝族年,民俗,四川省凉山彝族自治州,四川省,6,2025,http://www.ihchina.cn/art/representative.html?limit=100&p=40,2026-08-06T10:36:29+00:00,30767
inheritor_30768,雷其松,男,畲族,X-139,X-139,X-139_04_350921,婚俗(畲族婚俗),民俗,福建省霞浦县,福建省,6,2025,http://www.ihchina.cn/art/representative.html?limit=100&p=40,2026-08-06T10:36:29+00:00,30768
inheritor_30769,吴玉梅,女,赫哲族,X-139,X-139,X-139_04_230881,婚俗(赫哲族婚俗),民俗,黑龙江省同江市,黑龙江省,6,2025,http://www.ihchina.cn/art/representative.html?limit=100&p=40,2026-08-06T10:36:29+00:00,30769
inheritor_30770,房伟华,男,瑶族,X-139,X-139,X-139_04_441826,婚俗(瑶族婚俗),民俗,广东省连南瑶族自治县,广东省,6,2025,http://www.ihchina.cn/art/representative.html?limit=100&p=40,2026-08-06T10:36:29+00:00,30770
inheritor_30771,郭景林,男,达斡尔族,X-139,X-139,X-139_03_230206,婚俗(达斡尔族传统婚俗),民俗,黑龙江省齐齐哈尔市富拉尔基区,黑龙江省,6,2025,http://www.ihchina.cn/art/representative.html?limit=100&p=40,2026-08-06T10:36:29+00:00,30771
inheritor_30772,古丽尼沙·依斯拉木汗,女,塔吉克族,X-144,X-144,X-144_03_653131,塔吉克族服饰,民俗,新疆维吾尔自治区塔什库尔干塔吉克自治县,新疆维吾尔自治区,6,2025,http://www.ihchina.cn/art/representative.html?limit=100&p=40,2026-08-06T10:36:29+00:00,30772
inheritor_30773,吴美荣,女,达斡尔族,X-154,X-154,X-154_04_150700,达斡尔族服饰,民俗,内蒙古自治区呼伦贝尔市,内蒙古自治区,6,2025,http://www.ihchina.cn/art/representative.html?limit=100&p=40,2026-08-06T10:36:29+00:00,30773
inheritor_30774,吴正默,男,朝鲜族,X-160,X-160,X-160_10_222405,朝鲜族百种节,民俗,吉林省延边朝鲜族自治州龙井市,吉林省,6,2025,http://www.ihchina.cn/art/representative.html?limit=100&p=40,2026-08-06T10:36:29+00:00,30774
inheritor_30775,蒙灵,男,瑶族,X-161,X-161,X-161_10_451227,瑶族祝著节,民俗,广西壮族自治区河池市巴马瑶族自治县,广西壮族自治区,6,2025,http://www.ihchina.cn/art/representative.html?limit=100&p=40,2026-08-06T10:36:29+00:00,30775
inheritor_30776,和桂生,男,纳西族,X-166,X-166,X-166_10_530721,三多节,民俗,云南省丽江市玉龙纳西族自治县,云南省,6,2025,http://www.ihchina.cn/art/representative.html?limit=100&p=40,2026-08-06T10:36:29+00:00,30776
inheritor_30777,八才三,男,傈僳族,X-168,X-168,X-168_10_533321,阔时节,民俗,云南省怒江傈僳族自治州泸水市,云南省,6,2025,http://www.ihchina.cn/art/representative.html?limit=100&p=40,2026-08-06T10:36:29+00:00,30777
inheritor_30778,陈有根,男,汉族,X-175,X-175,X-175_10_330727,炼火,民俗,浙江省金华市磐安县,浙江省,6,2025,http://www.ihchina.cn/art/representative.html?limit=100&p=40,2026-08-06T10:36:29+00:00,30778
inheritor_30779,韦建廷,男,壮族,X-176,X-176,X-176_10_450124,壮族会鼓习俗,民俗,广西壮族自治区南宁市马山县,广西壮族自治区,6,2025,http://www.ihchina.cn/art/representative.html?limit=100&p=40,2026-08-06T10:36:29+00:00,30779
inheritor_30780,王才华,男,蒙古族,X-180,X-180,X-180_10_632802,德都蒙古全席,民俗,青海省海西蒙古族藏族自治州德令哈市,青海省,6,2025,http://www.ihchina.cn/art/representative.html?limit=100&p=40,2026-08-06T10:36:29+00:00,30780
