inheritor_id,name,project_code,child_num,province,match_status,matched_subitem_id,reason
inheritor_716,王安江,I-1,I-001_01_522630,贵州省,matched,subitem_12178,child_num 精确匹配
inheritor_717,刘永洪,I-1,I-001_01_522630,贵州省,matched,subitem_12178,child_num 精确匹配
inheritor_718,龙通珍,I-1,I-001_01_522622,贵州省,matched,subitem_12177,child_num 精确匹配
inheritor_719,王明芝,I-1,I-001_01_522622,贵州省,matched,subitem_12177,child_num 精确匹配
inheritor_720,曹明宽,I-3,I-003_01_533122,云南省,matched,subitem_12181,child_num 精确匹配
inheritor_721,李扎戈,I-4,I-004_01_530802,云南省,matched,subitem_12182,child_num 精确匹配
inheritor_722,李扎倮,I-4,I-004_01_530802,云南省,matched,subitem_12182,child_num 精确匹配
inheritor_723,石光明,I-5,I-005_01_522623,贵州省,matched,subitem_12183,child_num 精确匹配
inheritor_724,吴治光,I-5,I-005_01_522623,贵州省,matched,subitem_12183,child_num 精确匹配
inheritor_725,乔玉安,I-13,I-013_01_620902,甘肃省,matched,subitem_12208,child_num 精确匹配
inheritor_726,靳景祥,I-14,I-014_01_130182,河北省,matched,subitem_12212,child_num 精确匹配
inheritor_727,靳正新,I-14,I-014_01_130182,河北省,matched,subitem_12212,child_num 精确匹配
inheritor_728,刘德方,I-16,I-016_01_420506,湖北省,matched,subitem_12214,child_num 精确匹配
inheritor_729,魏显德,I-17,I-017_01_500107,重庆市,matched,subitem_12215,child_num 精确匹配
inheritor_730,谭振山,I-20,I-020_01_210181,辽宁省,matched,subitem_12218,child_num 精确匹配
inheritor_731,陆瑞英,I-22,I-022_01_320500,江苏省,matched,subitem_12220,child_num 精确匹配
inheritor_732,杨文英,I-22,I-022_01_320500,江苏省,matched,subitem_12220,child_num 精确匹配
inheritor_733,朱小和,I-24,I-024_01_532500,云南省,matched,subitem_12224,child_num 精确匹配
inheritor_734,居素甫·玛玛依,I-25,I-025_01_650000,新疆维吾尔自治区,matched,subitem_12225,child_num 精确匹配
inheritor_735,沙尔塔洪·卡德尔,I-25,I-025_01_650000,新疆维吾尔自治区,matched,subitem_12225,child_num 精确匹配
inheritor_736,加·朱乃,I-26,I-026_01_654226,新疆维吾尔自治区,matched,subitem_12231,child_num 精确匹配
inheritor_737,李日甫,I-26,I-026_01_650000,新疆维吾尔自治区,matched,subitem_12228,child_num 精确匹配
inheritor_738,夏日尼曼,I-26,I-026_01_650000,新疆维吾尔自治区,matched,subitem_12228,child_num 精确匹配
inheritor_739,次仁占堆,I-27,I-027_01_540000,西藏自治区,matched,subitem_12236,child_num 精确匹配
inheritor_740,才让旺堆,I-27,I-027_01_630000,青海省,matched,subitem_12238,child_num 精确匹配
inheritor_741,达哇扎巴,I-27,I-027_01_630000,青海省,matched,subitem_12238,child_num 精确匹配
inheritor_742,王永福,I-27,I-027_01_620000,甘肃省,matched,subitem_12237,child_num 精确匹配
inheritor_743,阿尼,I-27,I-027_01_510000,四川省,matched,subitem_12234,child_num 精确匹配
inheritor_744,吕日甫,I-27,I-027_01_650000,新疆维吾尔自治区,matched,subitem_12239,child_num 精确匹配
inheritor_745,毕华玉,I-28,I-028_01_530126,云南省,matched,subitem_12241,child_num 精确匹配
inheritor_746,王玉芳,I-28,I-028_01_530126,云南省,matched,subitem_12241,child_num 精确匹配
inheritor_747,何全梅,I-29,I-029_01_630223,青海省,matched,subitem_12242,child_num 精确匹配
inheritor_2508,王保合,VI-1,VI-001_01_130928,河北省,matched,subitem_13774,child_num 精确匹配
inheritor_2509,傅文刚,VI-3,VI-003_01_110000,北京市,matched,subitem_13776,child_num 精确匹配
inheritor_2510,张国良,VI-4,VI-004_01_110102,北京市,matched,subitem_13780,child_num 精确匹配
inheritor_2511,李连元,VI-4,VI-004_01_110102,北京市,matched,subitem_13780,child_num 精确匹配
inheritor_2512,阿迪力·吾休尔,VI-5,VI-005_01_650000,新疆维吾尔自治区,matched,subitem_13781,child_num 精确匹配
inheritor_2513,赵剑英,VI-8,VI-008_01_420300,湖北省,matched,subitem_13787,child_num 精确匹配
inheritor_2514,曹仕杰,VI-9,VI-009_01_120000,天津市,matched,subitem_13788,child_num 精确匹配
inheritor_2515,石同鼎,VI-10,VI-010_01_130900,河北省,matched,subitem_13789,child_num 精确匹配
inheritor_2516,杨振河,VI-11,VI-011_01_130429,河北省,matched,subitem_13794,child_num 精确匹配
inheritor_2517,韩会明,VI-11,VI-011_01_130429,河北省,matched,subitem_13794,child_num 精确匹配
inheritor_2518,王西安,VI-11,VI-011_01_410800,河南省,matched,subitem_13795,child_num 精确匹配
inheritor_2519,朱天才,VI-11,VI-011_01_410800,河南省,matched,subitem_13795,child_num 精确匹配
inheritor_2520,张西岭,VI-12,VI-012_01_130500,河北省,matched,subitem_13801,child_num 精确匹配
inheritor_2521,李玉琢,VI-12,VI-012_01_130500,河北省,matched,subitem_13801,child_num 精确匹配
inheritor_2522,胡道正,VI-13,VI-013_01_130582,河北省,matched,subitem_13804,child_num 精确匹配
inheritor_2596,霍庆顺,VII-1,VII-001_01_120000,天津市,matched,subitem_13899,child_num 精确匹配
inheritor_2597,霍庆有,VII-1,VII-001_01_120000,天津市,matched,subitem_13899,child_num 精确匹配
inheritor_2598,冯庆矩,VII-1,VII-001_01_120000,天津市,matched,subitem_13899,child_num 精确匹配
inheritor_2599,王文达,VII-1,VII-001_01_120000,天津市,matched,subitem_13899,child_num 精确匹配
inheritor_2600,马习钦,VII-2,VII-002_01_131123,河北省,matched,subitem_13901,child_num 精确匹配
inheritor_2601,杨洛书,VII-5,VII-005_01_370700,山东省,matched,subitem_13904,child_num 精确匹配
inheritor_2602,吕臻立,VII-6,VII-006_01_370785,山东省,matched,subitem_13905,child_num 精确匹配
inheritor_2603,郭泰运,VII-7,VII-007_01_410200,河南省,matched,subitem_13906,child_num 精确匹配
inheritor_2604,钟海仙,VII-8,VII-008_01_430524,湖南省,matched,subitem_13907,child_num 精确匹配
inheritor_2605,李咸陆,VII-8,VII-008_01_430524,湖南省,matched,subitem_13907,child_num 精确匹配
inheritor_2606,冯炳棠,VII-9,VII-009_01_440600,广东省,matched,subitem_13908,child_num 精确匹配
inheritor_2607,陈兴才,VII-11,VII-011_01_510600,四川省,matched,subitem_13910,child_num 精确匹配
inheritor_2608,邰瑜,VII-12,VII-012_01_610322,陕西省,matched,subitem_13911,child_num 精确匹配
inheritor_2609,邰立平,VII-12,VII-012_01_610322,陕西省,matched,subitem_13911,child_num 精确匹配
inheritor_2610,和训,VII-13,VII-013_01_530700,云南省,matched,subitem_13912,child_num 精确匹配
inheritor_2611,丹巴绕旦,VII-14,VII-014_01_540000a,西藏自治区,matched,subitem_13914,child_num 精确匹配
inheritor_2612,格桑次旦,VII-14,VII-014_01_540000a,西藏自治区,matched,subitem_13914,child_num 精确匹配
inheritor_2613,王习三,VII-15,VII-015_01_131100,河北省,matched,subitem_13920,child_num 精确匹配
inheritor_2614,周兆明,VII-16,VII-016_01_130726,河北省,matched,subitem_13924,child_num 精确匹配
inheritor_2615,张冬阁,VII-16,VII-016_01_130826,河北省,matched,subitem_13925,child_num 精确匹配
inheritor_2616,王计汝,VII-16,VII-016_01_141129,山西省,matched,subitem_13926,child_num 精确匹配
inheritor_2617,汪秀霞,VII-16,VII-016_01_210700,辽宁省,matched,subitem_13927,child_num 精确匹配
inheritor_2618,赵志国,VII-16,VII-016_01_210700,辽宁省,matched,subitem_13927,child_num 精确匹配
inheritor_2619,张秀芳,VII-16,VII-016_01_321000,江苏省,matched,subitem_13928,child_num 精确匹配
inheritor_2620,林邦栋,VII-16,VII-016_01_330382,浙江省,matched,subitem_13929,child_num 精确匹配
inheritor_2621,陈余华,VII-16,VII-016_01_330382,浙江省,matched,subitem_13929,child_num 精确匹配
inheritor_2622,思华章,VII-16,VII-016_01_533103,云南省,matched,subitem_13933,child_num 精确匹配
inheritor_2623,李秀芳,VII-16,VII-016_01_610624,陕西省,matched,subitem_13934,child_num 精确匹配
inheritor_2624,高金爱,VII-16,VII-016_01_610624,陕西省,matched,subitem_13934,child_num 精确匹配
inheritor_2625,戴明教,VII-17,VII-017_01_310117,上海市,matched,subitem_13977,child_num 精确匹配
inheritor_2626,李娥瑛,VII-18,VII-018_01_320500,江苏省,matched,subitem_13978,child_num 精确匹配
inheritor_2627,顾文霞,VII-18,VII-018_01_320500,江苏省,matched,subitem_13978,child_num 精确匹配
inheritor_2628,刘爱云,VII-19,VII-019_01_430100,湖南省,matched,subitem_13982,child_num 精确匹配
inheritor_2629,陈少芳,VII-20,VII-020_01_440100,广东省,matched,subitem_13983,child_num 精确匹配
inheritor_2630,林智成,VII-20,VII-020_01_445100,广东省,matched,subitem_13984,child_num 精确匹配
inheritor_2631,郝淑萍,VII-21,VII-021_01_510100,四川省,matched,subitem_13985,child_num 精确匹配
inheritor_2632,李发秀,VII-24,VII-024_01_630223,青海省,matched,subitem_13993,child_num 精确匹配
inheritor_2633,石九梅,VII-25,VII-025_01_421127,湖北省,matched,subitem_13994,child_num 精确匹配
inheritor_2634,奉雪妹,VII-25,VII-025_01_430524,湖南省,matched,subitem_13995,child_num 精确匹配
inheritor_2635,贺梅英,VII-26,VII-026_01_621000,甘肃省,matched,subitem_13999,child_num 精确匹配
inheritor_2636,孙森,VII-27,VII-027_01_110101,北京市,matched,subitem_14001,child_num 精确匹配
inheritor_2637,王树文,VII-27,VII-027_01_110101,北京市,matched,subitem_14001,child_num 精确匹配
inheritor_2638,江春源,VII-28,VII-028_01_321000,江苏省,matched,subitem_14004,child_num 精确匹配
inheritor_2639,顾永骏,VII-28,VII-028_01_321000,江苏省,matched,subitem_14004,child_num 精确匹配
inheritor_2640,王运岫,VII-29,VII-029_01_210323,辽宁省,matched,subitem_14005,child_num 精确匹配
inheritor_2641,李洪斌,VII-30,VII-030_01_210900,辽宁省,matched,subitem_14006,child_num 精确匹配
inheritor_2642,黄越肃,VII-31,VII-031_01_620900,甘肃省,matched,subitem_14007,child_num 精确匹配
inheritor_2643,卢进桥,VII-34,VII-034_01_130634,河北省,matched,subitem_14011,child_num 精确匹配
inheritor_2644,甄彦苍,VII-34,VII-034_01_130634,河北省,matched,subitem_14011,child_num 精确匹配
inheritor_2645,冯久和,VII-35,VII-035_01_350100,福建省,matched,subitem_14012,child_num 精确匹配
inheritor_2646,林亨云,VII-35,VII-035_01_350100,福建省,matched,subitem_14012,child_num 精确匹配
inheritor_2647,方新中,VII-37,VII-037_01_341000,安徽省,matched,subitem_14014,child_num 精确匹配
inheritor_2648,冯有进,VII-37,VII-037_01_341000,安徽省,matched,subitem_14014,child_num 精确匹配
inheritor_2649,李得浓,VII-40,VII-040_01_445100,广东省,matched,subitem_14020,child_num 精确匹配
inheritor_2650,陈培臣,VII-40,VII-040_01_445100,广东省,matched,subitem_14020,child_num 精确匹配
inheritor_2651,陆光正,VII-43,VII-043_01_330783,浙江省,matched,subitem_14026,child_num 精确匹配
inheritor_2652,冯文土,VII-43,VII-043_01_330783,浙江省,matched,subitem_14026,child_num 精确匹配
inheritor_2653,徐竹初,VII-44,VII-044_01_350600,福建省,matched,subitem_14027,child_num 精确匹配
inheritor_2654,徐聪亮,VII-44,VII-044_01_350600,福建省,matched,subitem_14027,child_num 精确匹配
inheritor_2655,曾剑潭,VII-46,VII-046_01_430500,湖南省,matched,subitem_14032,child_num 精确匹配
inheritor_2656,喻湘涟,VII-47,VII-047_01_320200,江苏省,matched,subitem_14041,child_num 精确匹配
inheritor_2657,王南仙,VII-47,VII-047_01_320200,江苏省,matched,subitem_14041,child_num 精确匹配
inheritor_2658,胡深,VII-47,VII-047_01_610322,陕西省,matched,subitem_14043,child_num 精确匹配
inheritor_2659,王学锋,VII-47,VII-047_01_410621,河南省,matched,subitem_14042,child_num 精确匹配
inheritor_2660,更登达吉,VII-49,VII-049_01_632321,青海省,matched,subitem_14056,child_num 精确匹配
inheritor_2661,启加,VII-49,VII-049_01_632321,青海省,matched,subitem_14056,child_num 精确匹配
inheritor_2662,李湘满,VII-50,VII-050_01_331024,浙江省,matched,subitem_14058,child_num 精确匹配
inheritor_2663,陈伟炎,VII-50,VII-050_01_330481,浙江省,matched,subitem_14057,child_num 精确匹配
inheritor_2664,李珠琴,VII-50,VII-050_01_350500,福建省,matched,subitem_14059,child_num 精确匹配
inheritor_2665,蔡炳汉,VII-50,VII-050_01_350500,福建省,matched,subitem_14059,child_num 精确匹配
inheritor_2666,杨增贵,VII-50,VII-050_01_630123,青海省,matched,subitem_14061,child_num 精确匹配
inheritor_2667,俞樟根,VII-51,VII-051_01_330683,浙江省,matched,subitem_14073,child_num 精确匹配
inheritor_2974,汪寅仙,VIII-1,VIII-001_01_320282,江苏省,matched,subitem_14261,child_num 精确匹配
inheritor_2975,王京胜,VIII-2,VIII-002_01_341282,安徽省,matched,subitem_14262,child_num 精确匹配
inheritor_2976,卢群山,VIII-2,VIII-002_01_341282,安徽省,matched,subitem_14262,child_num 精确匹配
inheritor_2977,刘泽棉,VIII-3,VIII-003_01_440600,广东省,matched,subitem_14263,child_num 精确匹配
inheritor_2978,羊拜亮,VIII-4,VIII-004_01_469026,海南省,matched,subitem_14264,child_num 精确匹配
inheritor_2979,阿不都热合曼·买买提明,VIII-6,VIII-006_01_653123,新疆维吾尔自治区,matched,subitem_14268,child_num 精确匹配
inheritor_2980,孟树锋,VIII-8,VIII-008_01_610200,陕西省,matched,subitem_14271,child_num 精确匹配
inheritor_2981,徐朝兴,VIII-9,VIII-009_01_331181,浙江省,matched,subitem_14272,child_num 精确匹配
inheritor_2982,刘立忠,VIII-10,VIII-010_01_130406,河北省,matched,subitem_14273,child_num 精确匹配
inheritor_2983,苏清河,VIII-11,VIII-011_01_350526,福建省,matched,subitem_14274,child_num 精确匹配
inheritor_2984,李义仓,VIII-12,VIII-012_01_610525,陕西省,matched,subitem_14275,child_num 精确匹配
inheritor_2985,朱枫,VIII-13,VIII-013_01_320100,江苏省,matched,subitem_14276,child_num 精确匹配
inheritor_2986,钱小萍,VIII-14,VIII-014_01_320500,江苏省,matched,subitem_14278,child_num 精确匹配
inheritor_2987,王金山,VIII-15,VIII-015_01_320500,江苏省,matched,subitem_14279,child_num 精确匹配
inheritor_2988,叶永洲,VIII-16,VIII-016_01_510100,四川省,matched,subitem_14280,child_num 精确匹配
inheritor_2989,刘晨曦,VIII-16,VIII-016_01_510100,四川省,matched,subitem_14280,child_num 精确匹配
inheritor_2990,康新琴,VIII-17,VIII-017_01_310104,上海市,matched,subitem_14281,child_num 精确匹配
inheritor_2991,叶水云,VIII-18,VIII-018_01_433100,湖南省,matched,subitem_14282,child_num 精确匹配
inheritor_2992,刘代娥,VIII-18,VIII-018_01_433100,湖南省,matched,subitem_14282,child_num 精确匹配
inheritor_2993,容亚美,VIII-19,VIII-019_01_469027,海南省,matched,subitem_14286,child_num 精确匹配
inheritor_2994,格桑,VIII-21,VIII-021_01_542200,西藏自治区,matched,subitem_14289,child_num 精确匹配
inheritor_2995,杨永良,VIII-22,VIII-022_01_630122,青海省,matched,subitem_14291,child_num 精确匹配
inheritor_2996,牙生·阿不都热合曼,VIII-23,VIII-023_01_652100,新疆维吾尔自治区,matched,subitem_14292,child_num 精确匹配
inheritor_2997,尧尔达西·阿洪,VIII-23,VIII-023_01_652100,新疆维吾尔自治区,matched,subitem_14292,child_num 精确匹配
inheritor_2998,吴元新,VIII-24,VIII-024_01_320600,江苏省,matched,subitem_14296,child_num 精确匹配
inheritor_2999,张仕绅,VIII-26,VIII-026_01_532901,云南省,matched,subitem_14304,child_num 精确匹配
inheritor_3000,薛福鑫,VIII-27,VIII-027_01_320500,江苏省,matched,subitem_14306,child_num 精确匹配
inheritor_3001,陆耀祖,VIII-27,VIII-027_01_320500,江苏省,matched,subitem_14306,child_num 精确匹配
inheritor_3002,徐松生,VIII-28,VIII-028_01_350800,福建省,matched,subitem_14307,child_num 精确匹配
inheritor_3003,杨似玉,VIII-30,VIII-030_01_450226,广西壮族自治区,matched,subitem_14313,child_num 精确匹配
inheritor_3004,金梅泉,VIII-32,VIII-032_01_320500,江苏省,matched,subitem_14317,child_num 精确匹配
inheritor_3005,莫厌学,VIII-33,VIII-033_01_522634,贵州省,matched,subitem_14318,child_num 精确匹配
inheritor_3006,王杰锋,VIII-33,VIII-033_01_530624,云南省,matched,subitem_14319,child_num 精确匹配
inheritor_3007,刘泽松,VIII-34,VIII-034_01_520622,贵州省,matched,subitem_14320,child_num 精确匹配
inheritor_3008,姚茂禄,VIII-34,VIII-034_01_520622,贵州省,matched,subitem_14320,child_num 精确匹配
inheritor_3009,吉抓住,VIII-35,VIII-035_01_140522,山西省,matched,subitem_14321,child_num 精确匹配
inheritor_3010,沈新培,VIII-37,VIII-037_01_331181,浙江省,matched,subitem_14325,child_num 精确匹配
inheritor_3011,施金水,VIII-38,VIII-038_01_330100,浙江省,matched,subitem_14327,child_num 精确匹配
inheritor_3012,徐祖兴,VIII-38,VIII-038_01_330100,浙江省,matched,subitem_14327,child_num 精确匹配
inheritor_3013,杨光辉,VIII-39,VIII-039_01_340200,安徽省,matched,subitem_14329,child_num 精确匹配
inheritor_3014,杨光宾,VIII-40,VIII-040_01_522634,贵州省,matched,subitem_14331,child_num 精确匹配
inheritor_3015,项老赛,VIII-41,VIII-041_01_533124,云南省,matched,subitem_14339,child_num 精确匹配
inheritor_3016,马维雄,VIII-42,VIII-042_01_622927,甘肃省,matched,subitem_14340,child_num 精确匹配
inheritor_3017,冶古白,VIII-42,VIII-042_01_622927,甘肃省,matched,subitem_14340,child_num 精确匹配
inheritor_3018,钱美华,VIII-43,VIII-043_01_110101,北京市,matched,subitem_14341,child_num 精确匹配
inheritor_3019,张同禄,VIII-43,VIII-043_01_110101,北京市,matched,subitem_14341,child_num 精确匹配
inheritor_3020,杨福喜,VIII-44,VIII-044_01_110105,北京市,matched,subitem_14343,child_num 精确匹配
inheritor_3021,文乾刚,VIII-50,VIII-050_01_110101,北京市,matched,subitem_14357,child_num 精确匹配
inheritor_3022,张宇,VIII-52,VIII-052_01_321000,江苏省,matched,subitem_14360,child_num 精确匹配
inheritor_3023,赵如柏,VIII-52,VIII-052_01_321000,江苏省,matched,subitem_14360,child_num 精确匹配
inheritor_3024,郑益坤,VIII-54,VIII-054_01_350100,福建省,matched,subitem_14362,child_num 精确匹配
inheritor_3025,蔡水况,VIII-55,VIII-055_01_350200,福建省,matched,subitem_14363,child_num 精确匹配
inheritor_3026,宋西平,VIII-56,VIII-056_01_510100,四川省,matched,subitem_14364,child_num 精确匹配
inheritor_3027,尹利萍,VIII-56,VIII-056_01_510100,四川省,matched,subitem_14364,child_num 精确匹配
inheritor_3028,赖高淮,VIII-58,VIII-058_01_510500,四川省,matched,subitem_14366,child_num 精确匹配
inheritor_3029,沈才洪,VIII-58,VIII-058_01_510500,四川省,matched,subitem_14366,child_num 精确匹配
inheritor_3030,王阿牛,VIII-60,VIII-060_01_330600,浙江省,matched,subitem_14368,child_num 精确匹配
inheritor_3031,严昌武,VIII-64,VIII-064_01_510923,四川省,matched,subitem_14375,child_num 精确匹配
inheritor_3032,邢春荣,VIII-65,VIII-065_01_341823,安徽省,matched,subitem_14376,child_num 精确匹配
inheritor_3033,罗守全,VIII-67,VIII-067_01_520100,贵州省,matched,subitem_14378,child_num 精确匹配
inheritor_3034,刘世阳,VIII-67,VIII-067_01_522325,贵州省,matched,subitem_14379,child_num 精确匹配
inheritor_3035,和志本,VIII-68,VIII-068_01_533421,云南省,matched,subitem_14384,child_num 精确匹配
inheritor_3036,托乎提·吐尔迪,VIII-70,VIII-070_01_652100,新疆维吾尔自治区,matched,subitem_14386,child_num 精确匹配
inheritor_3037,杨占尧,VIII-71,VIII-071_01_511126,四川省,matched,subitem_14390,child_num 精确匹配
inheritor_3038,庄富泉,VIII-71,VIII-071_01_330183,浙江省,matched,subitem_14389,child_num 精确匹配
inheritor_3039,邱昌明,VIII-72,VIII-072_01_330500,浙江省,matched,subitem_14395,child_num 精确匹配
inheritor_3040,周美洪,VIII-73,VIII-073_01_341021,安徽省,matched,subitem_14397,child_num 精确匹配
inheritor_3041,曹阶铭,VIII-74,VIII-074_01_341021,安徽省,matched,subitem_14400,child_num 精确匹配
inheritor_3042,程文,VIII-75,VIII-075_01_441200,广东省,matched,subitem_14402,child_num 精确匹配
inheritor_3043,崇德福,VIII-77,VIII-077_01_110102,北京市,matched,subitem_14404,child_num 精确匹配
inheritor_3044,王丽菊,VIII-77,VIII-077_01_110102,北京市,matched,subitem_14404,child_num 精确匹配
inheritor_3045,陈义时,VIII-78,VIII-078_01_321000,江苏省,matched,subitem_14407,child_num 精确匹配
inheritor_3046,彭措泽仁,VIII-80,VIII-080_01_513330,四川省,matched,subitem_14412,child_num 精确匹配
inheritor_3047,徐义林,VIII-81,VIII-081_01_320500,江苏省,matched,subitem_14414,child_num 精确匹配
inheritor_3048,李荣森,VIII-82,VIII-082_01_320500,江苏省,matched,subitem_14418,child_num 精确匹配
inheritor_3049,付占祥,VIII-83,VIII-083_01_230000,黑龙江省,matched,subitem_14421,child_num 精确匹配
inheritor_3050,尤文凤,VIII-85,VIII-085_01_230000,黑龙江省,matched,subitem_14425,child_num 精确匹配
inheritor_3051,郭承毅,VIII-88,VIII-088_01_320600,江苏省,matched,subitem_14433,child_num 精确匹配
inheritor_3492,路志正,IX-1,IX-001_01_110101,未知,matched,subitem_14767,child_num 精确匹配
inheritor_3493,王绵之,IX-1,IX-001_01_110101,未知,matched,subitem_14767,child_num 精确匹配
inheritor_3494,颜德馨,IX-1,IX-001_01_110101,未知,matched,subitem_14767,child_num 精确匹配
inheritor_3495,曹洪欣,IX-1,IX-001_01_110101,未知,matched,subitem_14767,child_num 精确匹配
inheritor_3496,吴咸中,IX-1,IX-001_01_110101,未知,matched,subitem_14767,child_num 精确匹配
inheritor_3497,陈可冀,IX-1,IX-001_01_110101,未知,matched,subitem_14767,child_num 精确匹配
inheritor_3498,邓铁涛,IX-2,IX-002_01_110101,未知,matched,subitem_14768,child_num 精确匹配
inheritor_3499,周仲瑛,IX-2,IX-002_01_110101,未知,matched,subitem_14768,child_num 精确匹配
inheritor_3500,王孝涛,IX-3,IX-003_01_110101a,未知,matched,subitem_14788,child_num 精确匹配
inheritor_3501,金世元,IX-3,IX-003_01_110101b,未知,matched,subitem_14789,child_num 精确匹配
inheritor_3502,颜正华,IX-4,IX-004_01_110101a,未知,matched,subitem_14796,child_num 精确匹配
inheritor_3503,张伯礼,IX-4,IX-004_01_110101b,未知,matched,subitem_14797,child_num 精确匹配
inheritor_3504,王雪苔,IX-5,IX-005_01_110101,未知,matched,subitem_14833,child_num 精确匹配
inheritor_3505,贺普仁,IX-5,IX-005_01_110108,未知,matched,subitem_14834,child_num 精确匹配
inheritor_3506,郭维淮,IX-6,IX-006_01_110101,未知,matched,subitem_14838,child_num 精确匹配
inheritor_3507,孙树椿,IX-6,IX-006_01_110101,未知,matched,subitem_14838,child_num 精确匹配
inheritor_3508,施杞,IX-6,IX-006_01_110101,未知,matched,subitem_14838,child_num 精确匹配
inheritor_3509,卢广荣,IX-7,IX-007_01_110105,北京市,matched,subitem_14852,child_num 精确匹配
inheritor_3510,金霭英,IX-7,IX-007_01_110105,北京市,matched,subitem_14852,child_num 精确匹配
inheritor_3511,关庆维,IX-7,IX-007_01_110105,北京市,matched,subitem_14852,child_num 精确匹配
inheritor_3512,田瑞华,IX-7,IX-007_01_110105,北京市,matched,subitem_14852,child_num 精确匹配
inheritor_3513,冯根生,IX-8,IX-008_01_330102,浙江省,matched,subitem_14853,child_num 精确匹配
inheritor_3514,强巴赤列,IX-9,IX-009_01_540100,西藏自治区,matched,subitem_14855,child_num 精确匹配
inheritor_3515,尼玛次仁,IX-9,IX-009_01_540100,西藏自治区,matched,subitem_14855,child_num 精确匹配
inheritor_3516,索朗其美,IX-9,IX-009_01_540100,西藏自治区,matched,subitem_14855,child_num 精确匹配
inheritor_3517,嘎务,IX-9,IX-009_01_540100,西藏自治区,matched,subitem_14855,child_num 精确匹配
inheritor_3518,多吉,IX-9,IX-009_01_540100,西藏自治区,matched,subitem_14855,child_num 精确匹配
inheritor_3519,唐卡·昂翁降措,IX-9,IX-009_01_513300,四川省,matched,subitem_14854,child_num 精确匹配
inheritor_3520,格桑尼玛,IX-9,IX-009_01_513300,四川省,matched,subitem_14854,child_num 精确匹配
inheritor_839,辛里生,II-2,II-002_01_140930,山西省,matched,subitem_12409,child_num 精确匹配
inheritor_840,吕桂英,II-2,II-002_01_140930,山西省,matched,subitem_12409,child_num 精确匹配
inheritor_841,巴德玛,II-3,II-003_01_150000,内蒙古自治区,matched,subitem_12410,child_num 精确匹配
inheritor_842,额日格吉德玛,II-3,II-003_01_150000,内蒙古自治区,matched,subitem_12410,child_num 精确匹配
inheritor_843,莫德格,II-3,II-003_01_150000,内蒙古自治区,matched,subitem_12410,child_num 精确匹配
inheritor_844,宝音德力格尔,II-3,II-003_01_150000,内蒙古自治区,matched,subitem_12410,child_num 精确匹配
inheritor_845,徐盛久,II-8,II-008_01_360732,江西省,matched,subitem_12421,child_num 精确匹配
inheritor_846,陈家珍,II-9,II-009_01_420526,湖北省,matched,subitem_12422,child_num 精确匹配
inheritor_847,余耀南,II-11,II-011_01_441400,广东省,matched,subitem_12424,child_num 精确匹配
inheritor_848,吴志辉,II-12,II-012_01_442000,广东省,matched,subitem_12425,child_num 精确匹配
inheritor_849,唐宝山,II-14,II-014_01_469003,海南省,matched,subitem_12428,child_num 精确匹配
inheritor_850,刘永斌,II-15,II-015_01_500240,重庆市,matched,subitem_12429,child_num 精确匹配
inheritor_851,陈治华,II-16,II-016_01_511900,四川省,matched,subitem_12430,child_num 精确匹配
inheritor_852,王利,II-17,II-017_01_533321,云南省,matched,subitem_12432,child_num 精确匹配
inheritor_853,马金山,II-20,II-020_01_622925,甘肃省,matched,subitem_12437,child_num 精确匹配
inheritor_854,马得林,II-20,II-020_01_630121,青海省,matched,subitem_12438,child_num 精确匹配
inheritor_855,马明山,II-20,II-020_01_630223,青海省,matched,subitem_12441,child_num 精确匹配
inheritor_856,赵存禄,II-20,II-020_01_630222,青海省,matched,subitem_12440,child_num 精确匹配
inheritor_857,张英芝,II-20,II-020_01_630222,青海省,matched,subitem_12440,child_num 精确匹配
inheritor_858,王存福,II-20,II-020_01_630202,青海省,matched,subitem_12439,child_num 精确匹配
inheritor_859,马生林,II-20,II-020_01_640000,宁夏回族自治区,matched,subitem_12442,child_num 精确匹配
inheritor_860,切吉卓玛,II-21,II-021_01_632500,海南省,matched,subitem_12446,child_num 精确匹配
inheritor_861,蒲章俊,II-22,II-022_01_370300,山东省,matched,subitem_12448,child_num 精确匹配
inheritor_862,杨正泽,II-25,II-025_01_500114,重庆市,matched,subitem_12452,child_num 精确匹配
inheritor_863,潘中民,II-26,II-026_01_500113,重庆市,matched,subitem_12453,child_num 精确匹配
inheritor_864,王绍兴,II-27,II-027_01_510822,四川省,matched,subitem_12454,child_num 精确匹配
inheritor_865,吴品仙,II-28,II-028_01_522631,贵州省,matched,subitem_12465,child_num 精确匹配
inheritor_866,吴光祖,II-28,II-028_01_450226,广西壮族自治区,matched,subitem_12464,child_num 精确匹配
inheritor_867,覃奶号,II-28,II-028_01_450226,广西壮族自治区,matched,subitem_12464,child_num 精确匹配
inheritor_868,吴家兴,II-29,II-029_01_522632,贵州省,matched,subitem_12469,child_num 精确匹配
inheritor_869,吴玉竹,II-29,II-029_01_522631,贵州省,matched,subitem_12468,child_num 精确匹配
inheritor_870,车格,II-30,II-030_01_532529,云南省,matched,subitem_12471,child_num 精确匹配
inheritor_871,陈习娘,II-30,II-030_01_532529,云南省,matched,subitem_12471,child_num 精确匹配
inheritor_872,后宝云,II-31,II-031_01_532500,云南省,matched,subitem_12481,child_num 精确匹配
inheritor_873,阿家文,II-32,II-031_01_532500,云南省,matched,subitem_12481,child_num 精确匹配
inheritor_874,罗景超,II-32,II-032_01_451026,广西壮族自治区,matched,subitem_12482,child_num 精确匹配
inheritor_875,郑珉中,II-34,II-034_01_110105,未知,matched,subitem_12484,child_num 精确匹配
inheritor_876,陈长林,II-34,II-034_01_110105,未知,matched,subitem_12484,child_num 精确匹配
inheritor_877,吴钊,II-34,II-034_01_110105,未知,matched,subitem_12484,child_num 精确匹配
inheritor_878,姚公白,II-34,II-034_01_110105,未知,matched,subitem_12484,child_num 精确匹配
inheritor_879,刘赤城,II-34,II-034_01_110105,未知,matched,subitem_12484,child_num 精确匹配
inheritor_880,李璠,II-34,II-034_01_110105,未知,matched,subitem_12484,child_num 精确匹配
inheritor_881,吴文光,II-34,II-034_01_110105,未知,matched,subitem_12484,child_num 精确匹配
inheritor_882,林友仁,II-34,II-034_01_110105,未知,matched,subitem_12484,child_num 精确匹配
inheritor_883,李祥霆,II-34,II-034_01_110105,未知,matched,subitem_12484,child_num 精确匹配
inheritor_884,龚一,II-34,II-034_01_110105,未知,matched,subitem_12484,child_num 精确匹配
inheritor_885,齐·宝力高,II-35,II-035_01_150000,内蒙古自治区,matched,subitem_12495,child_num 精确匹配
inheritor_886,吴云龙,II-36,II-036_01_150000,内蒙古自治区,matched,subitem_12497,child_num 精确匹配
inheritor_887,特格喜都楞,II-36,II-036_01_150000,内蒙古自治区,matched,subitem_12497,child_num 精确匹配
inheritor_888,贺德义,II-37,II-037_01_410882,河南省,matched,subitem_12501,child_num 精确匹配
inheritor_889,李金海,II-37,II-037_01_410882,河南省,matched,subitem_12501,child_num 精确匹配
inheritor_890,龚代仁,II-38,II-038_01_513223,四川省,matched,subitem_12526,child_num 精确匹配
inheritor_891,刘振义,II-39,II-039_01_210000,辽宁省,matched,subitem_12527,child_num 精确匹配
inheritor_892,陆春龄,II-40,II-040_01_310000,上海市,matched,subitem_12529,child_num 精确匹配
inheritor_893,周皓,II-40,II-040_01_310000,上海市,matched,subitem_12529,child_num 精确匹配
inheritor_894,赵绍康,II-41,II-041_01_320700,江苏省,matched,subitem_12532,child_num 精确匹配
inheritor_895,刘长兰,II-41,II-041_01_320700,江苏省,matched,subitem_12532,child_num 精确匹配
inheritor_896,尹功祥,II-42,II-042_01_330683,浙江省,matched,subitem_12533,child_num 精确匹配
inheritor_897,高如丰,II-43,II-043_01_330900,浙江省,matched,subitem_12534,child_num 精确匹配
inheritor_898,陈英木,II-44,II-044_01_350100,福建省,matched,subitem_12535,child_num 精确匹配
inheritor_899,伊双来,II-45,II-045_01_370829,山东省,matched,subitem_12544,child_num 精确匹配
inheritor_900,宋光生,II-46,II-046_01_411300,河南省,matched,subitem_12548,child_num 精确匹配
inheritor_901,黄太柏,II-47,II-047_01_420506,湖北省,matched,subitem_12549,child_num 精确匹配
inheritor_902,杜海涛,II-48,II-048_01_420583,湖北省,matched,subitem_12550,child_num 精确匹配
inheritor_903,陈哲深,II-49,II-049_01_440781,广东省,matched,subitem_12552,child_num 精确匹配
inheritor_904,黄义孝,II-50,II-050_01_445100,广东省,matched,subitem_12554,child_num 精确匹配
inheritor_905,林立言,II-50,II-050_01_440500,广东省,matched,subitem_12553,child_num 精确匹配
inheritor_906,杨秀明,II-50,II-050_01_440500,广东省,matched,subitem_12553,child_num 精确匹配
inheritor_907,罗邦龙,II-51,II-051_01_441422,广东省,matched,subitem_12555,child_num 精确匹配
inheritor_908,唐佑伦,II-52,II-052_01_500113,重庆市,matched,subitem_12557,child_num 精确匹配
inheritor_909,张登洋,II-52,II-052_01_500000,重庆市,matched,subitem_12556,child_num 精确匹配
inheritor_910,刘官胜,II-53,II-053_01_500228,重庆市,matched,subitem_12559,child_num 精确匹配
inheritor_911,罗仕碧,II-54,II-054_01_433100,湖南省,matched,subitem_12560,child_num 精确匹配
inheritor_912,田隆信,II-54,II-054_01_433100,湖南省,matched,subitem_12560,child_num 精确匹配
inheritor_913,刘红升,II-55,II-055_01_130429,河北省,matched,subitem_12564,child_num 精确匹配
inheritor_914,冯月池,II-59,II-059_01_131022,河北省,matched,subitem_12569,child_num 精确匹配
inheritor_915,蔡玉润,II-59,II-059_01_130623,河北省,matched,subitem_12568,child_num 精确匹配
inheritor_916,尚学智,II-59,II-059_01_131081a,河北省,matched,subitem_12570,child_num 精确匹配
inheritor_917,胡德明,II-59,II-059_01_131081b,河北省,matched,subitem_12571,child_num 精确匹配
inheritor_918,王芳仁,II-60,II-060_01_520423,贵州省,matched,subitem_12584,child_num 精确匹配
inheritor_919,王永占,II-60,II-060_01_522325,贵州省,matched,subitem_12585,child_num 精确匹配
inheritor_920,赵庚辰,II-61,II-061_01_610000,陕西省,matched,subitem_12586,child_num 精确匹配
inheritor_921,顾景昭,II-61,II-061_01_610000,陕西省,matched,subitem_12586,child_num 精确匹配
inheritor_922,田中禾,II-61,II-061_01_610000,陕西省,matched,subitem_12586,child_num 精确匹配
inheritor_923,马兰花,II-63,II-063_01_640000,宁夏回族自治区,matched,subitem_12588,child_num 精确匹配
inheritor_924,张本兴,II-65,II-065_01_110000,北京市,matched,subitem_12590,child_num 精确匹配
inheritor_925,毛良善,II-68,II-068_01_320500,江苏省,matched,subitem_12593,child_num 精确匹配
inheritor_926,薛桂元,II-68,II-068_01_320500,江苏省,matched,subitem_12593,child_num 精确匹配
inheritor_927,玉素甫·托合提,II-70,II-070_01_650000,新疆维吾尔自治区,matched,subitem_12595,child_num 精确匹配
inheritor_928,阿布来提赛来,II-70,II-070_01_650000,新疆维吾尔自治区,matched,subitem_12595,child_num 精确匹配
inheritor_929,吐尼莎·萨拉依丁,II-70,II-070_01_650000,新疆维吾尔自治区,matched,subitem_12595,child_num 精确匹配
inheritor_930,乌斯曼·艾买提,II-70,II-070_01_650000,新疆维吾尔自治区,matched,subitem_12595,child_num 精确匹配
inheritor_931,买买提·吾拉音,II-70,II-070_01_652122,新疆维吾尔自治区,matched,subitem_12596,child_num 精确匹配
inheritor_932,吐尔逊·司马义,II-70,II-070_01_652122,新疆维吾尔自治区,matched,subitem_12596,child_num 精确匹配
inheritor_933,艾赛提·莫合塔尔,II-70,II-070_01_652200,新疆维吾尔自治区,matched,subitem_12597,child_num 精确匹配
inheritor_934,玉苏因·亚亚,II-70,II-070_01_653127,新疆维吾尔自治区,matched,subitem_12598,child_num 精确匹配
inheritor_935,阿不都吉力力·肉孜,II-70,II-070_01_653127,新疆维吾尔自治区,matched,subitem_12598,child_num 精确匹配
inheritor_936,黄淑英,II-71,II-071_01_350500,福建省,matched,subitem_12600,child_num 精确匹配
inheritor_937,苏统谋,II-71,II-071_01_350500,福建省,matched,subitem_12600,child_num 精确匹配
inheritor_938,吴彦造,II-71,II-071_01_350500,福建省,matched,subitem_12600,child_num 精确匹配
inheritor_939,丁水清,II-71,II-071_01_350500,福建省,matched,subitem_12600,child_num 精确匹配
inheritor_940,苏诗永,II-71,II-071_01_350500,福建省,matched,subitem_12600,child_num 精确匹配
inheritor_941,夏永西,II-71,II-071_01_350500,福建省,matched,subitem_12600,child_num 精确匹配
inheritor_942,吴世安,II-71,II-071_01_350200,福建省,matched,subitem_12599,child_num 精确匹配
inheritor_1219,高洪伟,III-1,III-001_01_110109,北京市,matched,subitem_12809,child_num 精确匹配
inheritor_1220,周贺华,III-2,III-002_01_130322,河北省,matched,subitem_12812,child_num 精确匹配
inheritor_1221,于振江,III-2,III-002_01_130322,河北省,matched,subitem_12812,child_num 精确匹配
inheritor_1222,杨克胜,III-2,III-002_01_370126,山东省,matched,subitem_12814,child_num 精确匹配
inheritor_1223,吴英民,III-2,III-002_01_370281,山东省,matched,subitem_12815,child_num 精确匹配
inheritor_1224,王发,III-2,III-002_01_370687,山东省,matched,subitem_12816,child_num 精确匹配
inheritor_1225,鞠洪钧,III-2,III-002_01_370687,山东省,matched,subitem_12816,child_num 精确匹配
inheritor_1226,李增恒,III-2,III-002_01_610826,陕西省,matched,subitem_12817,child_num 精确匹配
inheritor_1227,武新全,III-3,III-003_01_130121,河北省,matched,subitem_12826,child_num 精确匹配
inheritor_1228,黄廷炎,III-4,III-004_01_500000,重庆市,matched,subitem_12832,child_num 精确匹配
inheritor_1229,黄锐胜,III-4,III-004_01_441500,广东省,matched,subitem_12831,child_num 精确匹配
inheritor_1230,谈小明,III-4,III-004_01_330522,浙江省,matched,subitem_12828,child_num 精确匹配
inheritor_1231,陈行国,III-4,III-004_01_330283,浙江省,matched,subitem_12827,child_num 精确匹配
inheritor_1232,罗德书,III-4,III-004_01_510521,四川省,matched,subitem_12833,child_num 精确匹配
inheritor_1233,王利忠,III-5,III-005_01_130625,河北省,matched,subitem_12866,child_num 精确匹配
inheritor_1234,李登山,III-5,III-005_01_141023,山西省,matched,subitem_12867,child_num 精确匹配
inheritor_1235,王曰友,III-5,III-005_01_331082,浙江省,matched,subitem_12868,child_num 精确匹配
inheritor_1236,李荣仔,III-5,III-005_01_440823,广东省,matched,subitem_12871,child_num 精确匹配
inheritor_1237,冯国佩,III-6,III-006_01_340300,安徽省,matched,subitem_12887,child_num 精确匹配
inheritor_1238,郑九如,III-6,III-006_01_340300,安徽省,matched,subitem_12887,child_num 精确匹配
inheritor_1239,陈敬芝,III-6,III-006_01_340421,安徽省,matched,subitem_12888,child_num 精确匹配
inheritor_1240,王传先,III-6,III-006_01_341226,安徽省,matched,subitem_12889,child_num 精确匹配
inheritor_1241,罗会武,III-7,III-007_01_361023,江西省,matched,subitem_12890,child_num 精确匹配
inheritor_1242,胡振坤,III-7,III-007_01_361130,江西省,matched,subitem_12892,child_num 精确匹配
inheritor_1243,陈来发,III-8,III-008_01_445200,广东省,matched,subitem_12902,child_num 精确匹配
inheritor_1244,杨卫,III-8,III-008_01_440500,广东省,matched,subitem_12901,child_num 精确匹配
inheritor_1245,邢传佩,III-9,III-009_01_210381,辽宁省,matched,subitem_12905,child_num 精确匹配
inheritor_1246,吴三桂,III-10,III-010_01_360830,江西省,matched,subitem_12912,child_num 精确匹配
inheritor_1247,杨作梁,III-11,III-011_01_141022,山西省,matched,subitem_12914,child_num 精确匹配
inheritor_1248,曹怀荣,III-13,III-013_01_610624,陕西省,matched,subitem_12916,child_num 精确匹配
inheritor_1249,张万玖,III-14,III-014_01_610629,陕西省,matched,subitem_12917,child_num 精确匹配
inheritor_1250,缪正发,III-15,III-015_01_620100,甘肃省,matched,subitem_12918,child_num 精确匹配
inheritor_1251,田仁信,III-17,III-017_01_433100,湖南省,matched,subitem_12922,child_num 精确匹配
inheritor_1252,张明光,III-17,III-017_01_433100,湖南省,matched,subitem_12922,child_num 精确匹配
inheritor_1253,覃自友,III-18,III-018_01_420528,湖北省,matched,subitem_12925,child_num 精确匹配
inheritor_1254,张言科,III-18,III-018_01_420528,湖北省,matched,subitem_12925,child_num 精确匹配
inheritor_1255,次仁旺堆,III-19,III-019_01_540000,西藏自治区,matched,subitem_12930,child_num 精确匹配
inheritor_1256,江措,III-19,III-019_01_540000,西藏自治区,matched,subitem_12930,child_num 精确匹配
inheritor_1257,达珍区批,III-20,III-020_01_533400,云南省,matched,subitem_12932,child_num 精确匹配
inheritor_1258,徐桂莲,III-20,III-020_01_533400,云南省,matched,subitem_12932,child_num 精确匹配
inheritor_1259,松吉扎西,III-20,III-020_01_540000,西藏自治区,matched,subitem_12933,child_num 精确匹配
inheritor_1260,洛松江村,III-20,III-020_01_540000,西藏自治区,matched,subitem_12933,child_num 精确匹配
inheritor_1261,昂加措,III-20,III-020_01_632700,青海省,matched,subitem_12934,child_num 精确匹配
inheritor_1262,丹增曲塔,III-21,III-021_01_540000a,西藏自治区,matched,subitem_12942,child_num 精确匹配
inheritor_1263,四郎曲珍,III-21,III-021_01_540000a,西藏自治区,matched,subitem_12942,child_num 精确匹配
inheritor_1264,嘎鸟,III-21,III-021_01_540000b,西藏自治区,matched,subitem_12943,child_num 精确匹配
inheritor_1265,喇嘛·次仁,III-22,III-022_01_540000,西藏自治区,matched,subitem_12945,child_num 精确匹配
inheritor_1266,喇嘛·米玛,III-22,III-022_01_540000,西藏自治区,matched,subitem_12945,child_num 精确匹配
inheritor_1267,李金英,III-23,III-023_01_522636,贵州省,matched,subitem_12954,child_num 精确匹配
inheritor_1268,余贵周,III-23,III-023_01_522636,贵州省,matched,subitem_12954,child_num 精确匹配
inheritor_1269,王景才,III-23,III-023_01_520525,贵州省,matched,subitem_12953,child_num 精确匹配
inheritor_1270,金明春,III-24,III-024_01_222400,吉林省,matched,subitem_12962,child_num 精确匹配
inheritor_1271,万政文,III-25,III-025_01_522630,贵州省,matched,subitem_12964,child_num 精确匹配
inheritor_1272,陆孝宗,III-26,III-026_01_532600,云南省,matched,subitem_12966,child_num 精确匹配
inheritor_1273,黄正武,III-26,III-026_01_532600,云南省,matched,subitem_12966,child_num 精确匹配
inheritor_1274,约相,III-27,III-027_01_533102,云南省,matched,subitem_12970,child_num 精确匹配
inheritor_1275,旺腊,III-27,III-027_01_533102,云南省,matched,subitem_12970,child_num 精确匹配
inheritor_1276,那仁满都拉,III-29,III-029_01_150524,内蒙古自治区,matched,subitem_12973,child_num 精确匹配
inheritor_1277,洪富强,III-30,III-030_01_433100,湖南省,matched,subitem_12974,child_num 精确匹配
inheritor_1278,石顺民,III-30,III-030_01_433100,湖南省,matched,subitem_12974,child_num 精确匹配
inheritor_1279,彭英威,III-31,III-031_01_433100,湖南省,matched,subitem_12975,child_num 精确匹配
inheritor_1280,黄家近,III-32,III-032_01_460200,海南省,matched,subitem_12976,child_num 精确匹配
inheritor_1281,斯旦真,III-33,III-033_01_513228,四川省,matched,subitem_12977,child_num 精确匹配
inheritor_1282,熊自义,III-35,III-035_01_533423,云南省,matched,subitem_12979,child_num 精确匹配
inheritor_1283,钟天珍,III-36,III-036_01_532600,云南省,matched,subitem_12980,child_num 精确匹配
inheritor_1284,杨应金,III-36,III-036_01_532600,云南省,matched,subitem_12980,child_num 精确匹配
inheritor_1285,施万恒,III-37,III-037_01_532500,云南省,matched,subitem_12981,child_num 精确匹配
inheritor_1286,索朗,III-39,III-039_01_540000,西藏自治区,matched,subitem_12983,child_num 精确匹配
inheritor_1287,边巴次仁,III-39,III-039_01_540000,西藏自治区,matched,subitem_12983,child_num 精确匹配
inheritor_1288,阿吾,III-40,III-040_01_632321,青海省,matched,subitem_12985,child_num 精确匹配
inheritor_1289,库尔班·托合塔什,III-41,III-041_01_653131,新疆维吾尔自治区,matched,subitem_12986,child_num 精确匹配
inheritor_1290,买热木汗·阿地力,III-42,III-041_01_653131,新疆维吾尔自治区,matched,subitem_12986,child_num 精确匹配
inheritor_1517,张继青,IV-1,IV-001_01_320000,江苏省,matched,subitem_13136,child_num 精确匹配
inheritor_1518,王芳,IV-1,IV-001_01_320000,江苏省,matched,subitem_13136,child_num 精确匹配
inheritor_1519,林天文,IV-1,IV-001_01_330000,浙江省,matched,subitem_13138,child_num 精确匹配
inheritor_1520,汪世瑜,IV-1,IV-001_01_330000,浙江省,matched,subitem_13138,child_num 精确匹配
inheritor_1521,林为林,IV-1,IV-001_01_330000,浙江省,matched,subitem_13138,child_num 精确匹配
inheritor_1522,蔡正仁,IV-1,IV-001_01_310000,上海市,matched,subitem_13135,child_num 精确匹配
inheritor_1523,计镇华,IV-1,IV-001_01_310000,上海市,matched,subitem_13135,child_num 精确匹配
inheritor_1524,倪传钺,IV-1,IV-001_01_310000,上海市,matched,subitem_13135,child_num 精确匹配
inheritor_1525,梁谷音,IV-1,IV-001_01_310000,上海市,matched,subitem_13135,child_num 精确匹配
inheritor_1526,张洵澎,IV-1,IV-001_01_310000,上海市,matched,subitem_13135,child_num 精确匹配
inheritor_1527,刘异龙,IV-1,IV-001_01_310000,上海市,matched,subitem_13135,child_num 精确匹配
inheritor_1528,岳美缇,IV-1,IV-001_01_310000,上海市,matched,subitem_13135,child_num 精确匹配
inheritor_1529,张静娴,IV-1,IV-001_01_310000,上海市,matched,subitem_13135,child_num 精确匹配
inheritor_1530,侯少奎,IV-1,IV-001_01_110000,北京市,matched,subitem_13133,child_num 精确匹配
inheritor_1531,杨凤一,IV-1,IV-001_01_110000,北京市,matched,subitem_13133,child_num 精确匹配
inheritor_1532,傅艺萍,IV-1,IV-001_01_430000,湖南省,matched,subitem_13139,child_num 精确匹配
inheritor_1533,张富光,IV-1,IV-001_01_430000,湖南省,matched,subitem_13139,child_num 精确匹配
inheritor_1534,许天相,IV-2,IV-002_01_350500,福建省,matched,subitem_13140,child_num 精确匹配
inheritor_1535,曾静萍,IV-2,IV-002_01_350500,福建省,matched,subitem_13140,child_num 精确匹配
inheritor_1536,黄宝珍,IV-3,IV-003_01_350300,福建省,matched,subitem_13141,child_num 精确匹配
inheritor_1537,朱石凤,IV-3,IV-003_01_350300,福建省,matched,subitem_13141,child_num 精确匹配
inheritor_1538,方展荣,IV-4,IV-004_01_440500,广东省,matched,subitem_13142,child_num 精确匹配
inheritor_1539,姚璇秋,IV-4,IV-004_01_440500,广东省,matched,subitem_13142,child_num 精确匹配
inheritor_1540,陈鹏,IV-4,IV-004_01_445100,广东省,matched,subitem_13143,child_num 精确匹配
inheritor_1541,郑舜英,IV-4,IV-004_01_445100,广东省,matched,subitem_13143,child_num 精确匹配
inheritor_1542,汪正科,IV-6,IV-006_01_341723,安徽省,matched,subitem_13147,child_num 精确匹配
inheritor_1543,殷武焕,IV-6,IV-006_01_360429,江西省,matched,subitem_13148,child_num 精确匹配
inheritor_1544,严帮镇,IV-7,IV-007_01_330800,浙江省,matched,subitem_13149,child_num 精确匹配
inheritor_1545,汪家惠,IV-7,IV-007_01_330800,浙江省,matched,subitem_13149,child_num 精确匹配
inheritor_1546,吴陈基,IV-7,IV-007_01_331124,浙江省,matched,subitem_13150,child_num 精确匹配
inheritor_1547,陈春林,IV-7,IV-007_01_331124,浙江省,matched,subitem_13150,child_num 精确匹配
inheritor_1548,蒋小送,IV-7,IV-007_01_340828,安徽省,matched,subitem_13151,child_num 精确匹配
inheritor_1549,王琦福,IV-7,IV-007_01_340828,安徽省,matched,subitem_13151,child_num 精确匹配
inheritor_1550,陈刚,IV-7,IV-007_01_431223,湖南省,matched,subitem_13153,child_num 精确匹配
inheritor_1551,向荣,IV-7,IV-007_01_433122,湖南省,matched,subitem_13154,child_num 精确匹配
inheritor_1552,龚锦云,IV-7,IV-007_01_430700,湖南省,matched,subitem_13152,child_num 精确匹配
inheritor_1553,李少先,IV-7,IV-007_01_430700,湖南省,matched,subitem_13152,child_num 精确匹配
inheritor_1554,章华琴,IV-8,IV-008_01_330624,浙江省,matched,subitem_13155,child_num 精确匹配
inheritor_1555,蔡德锦,IV-8,IV-008_01_330624,浙江省,matched,subitem_13155,child_num 精确匹配
inheritor_1556,熊德钦,IV-10,IV-010_01_350481,福建省,matched,subitem_13157,child_num 精确匹配
inheritor_1557,邢承榜,IV-10,IV-010_01_350481,福建省,matched,subitem_13157,child_num 精确匹配
inheritor_1558,陈秀雨,IV-11,IV-011_01_350923,福建省,matched,subitem_13159,child_num 精确匹配
inheritor_1559,陈大并,IV-11,IV-011_01_350923,福建省,matched,subitem_13159,child_num 精确匹配
inheritor_1560,张孝友,IV-11,IV-011_01_350725,福建省,matched,subitem_13158,child_num 精确匹配
inheritor_1561,李式青,IV-11,IV-011_01_350725,福建省,matched,subitem_13158,child_num 精确匹配
inheritor_1562,陈智林,IV-12,IV-012_01_510000,四川省,matched,subitem_13161,child_num 精确匹配
inheritor_1563,陈巧茹,IV-12,IV-012_01_510000,四川省,matched,subitem_13161,child_num 精确匹配
inheritor_1564,晓艇,IV-12,IV-012_01_510000,四川省,matched,subitem_13161,child_num 精确匹配
inheritor_1565,陈安业,IV-12,IV-012_01_500000,重庆市,matched,subitem_13160,child_num 精确匹配
inheritor_1566,夏庭光,IV-12,IV-012_01_500000,重庆市,matched,subitem_13160,child_num 精确匹配
inheritor_1567,沈铁梅,IV-12,IV-012_01_500000,重庆市,matched,subitem_13160,child_num 精确匹配
inheritor_1568,谭东波,IV-13,IV-013_01_430400,湖南省,matched,subitem_13162,child_num 精确匹配
inheritor_1569,夏传进,IV-13,IV-013_01_430400,湖南省,matched,subitem_13162,child_num 精确匹配
inheritor_1570,李安平,IV-14,IV-014_01_361030,江西省,matched,subitem_13163,child_num 精确匹配
inheritor_1571,曾国林,IV-14,IV-014_01_361030,江西省,matched,subitem_13163,child_num 精确匹配
inheritor_1572,彭美英,IV-15,IV-015_01_441581,广东省,matched,subitem_13164,child_num 精确匹配
inheritor_1573,黄壮营,IV-15,IV-015_01_441581,广东省,matched,subitem_13164,child_num 精确匹配
inheritor_1574,陶和清,IV-17,IV-017_01_610700,陕西省,matched,subitem_13170,child_num 精确匹配
inheritor_1575,许新萍,IV-17,IV-017_01_610700,陕西省,matched,subitem_13170,child_num 精确匹配
inheritor_1576,李天明,IV-17,IV-017_01_610700,陕西省,matched,subitem_13170,child_num 精确匹配
inheritor_1577,牛桂英,IV-18,IV-018_01_140000,山西省,matched,subitem_13171,child_num 精确匹配
inheritor_1578,郭彩萍,IV-18,IV-018_01_140000,山西省,matched,subitem_13171,child_num 精确匹配
inheritor_1579,王爱爱,IV-18,IV-018_01_140000,山西省,matched,subitem_13171,child_num 精确匹配
inheritor_1580,武忠,IV-18,IV-018_01_140000,山西省,matched,subitem_13171,child_num 精确匹配
inheritor_1581,张峰,IV-19,IV-019_01_141000,山西省,matched,subitem_13178,child_num 精确匹配
inheritor_1582,任跟心,IV-19,IV-019_01_141000,山西省,matched,subitem_13178,child_num 精确匹配
inheritor_1583,郭泽民,IV-19,IV-019_01_141000,山西省,matched,subitem_13178,child_num 精确匹配
inheritor_1584,武俊英,IV-19,IV-019_01_140800,山西省,matched,subitem_13177,child_num 精确匹配
inheritor_1585,王秀兰,IV-19,IV-019_01_140800,山西省,matched,subitem_13177,child_num 精确匹配
inheritor_1586,李万林,IV-20,IV-020_01_140900,山西省,matched,subitem_13179,child_num 精确匹配
inheritor_1587,翟效安,IV-20,IV-020_01_140900,山西省,matched,subitem_13179,child_num 精确匹配
inheritor_1588,马正瑞,IV-21,IV-021_01_140500,山西省,matched,subitem_13181,child_num 精确匹配
inheritor_1589,齐花坦,IV-22,IV-022_01_130000,河北省,matched,subitem_13183,child_num 精确匹配
inheritor_1590,张惠云,IV-22,IV-022_01_130000,河北省,matched,subitem_13183,child_num 精确匹配
inheritor_1591,裴艳玲,IV-22,IV-022_01_130000,河北省,matched,subitem_13183,child_num 精确匹配
inheritor_1592,马金凤,IV-23,IV-023_01_410000,河南省,matched,subitem_13186,child_num 精确匹配
inheritor_1593,张宝英,IV-23,IV-023_01_410000,河南省,matched,subitem_13186,child_num 精确匹配
inheritor_1594,虎美玲,IV-23,IV-023_01_410000,河南省,matched,subitem_13186,child_num 精确匹配
inheritor_1595,吴碧波,IV-23,IV-023_01_410000,河南省,matched,subitem_13186,child_num 精确匹配
inheritor_1596,贾廷聚,IV-23,IV-023_01_410000,河南省,matched,subitem_13186,child_num 精确匹配
inheritor_1597,张梅贞,IV-23,IV-023_01_410000,河南省,matched,subitem_13186,child_num 精确匹配
inheritor_1598,李树建,IV-23,IV-023_01_410000,河南省,matched,subitem_13186,child_num 精确匹配
inheritor_1599,周成顺,IV-24,IV-024_01_411325,河南省,matched,subitem_13188,child_num 精确匹配
inheritor_1600,程建坤,IV-24,IV-024_01_411325,河南省,matched,subitem_13188,child_num 精确匹配
inheritor_1601,赵玉清,IV-25,IV-025_01_410882,河南省,matched,subitem_13189,child_num 精确匹配
inheritor_1602,郭全仁,IV-25,IV-025_01_410882,河南省,matched,subitem_13189,child_num 精确匹配
inheritor_1603,张相彬,IV-26,IV-026_01_410928,河南省,matched,subitem_13192,child_num 精确匹配
inheritor_1604,魏守现,IV-26,IV-026_01_410526,河南省,matched,subitem_13190,child_num 精确匹配
inheritor_1605,杜学周,IV-26,IV-026_01_410726,河南省,matched,subitem_13191,child_num 精确匹配
inheritor_1606,曹秀芝,IV-26,IV-026_01_410726,河南省,matched,subitem_13191,child_num 精确匹配
inheritor_1607,何全志,IV-27,IV-027_01_411600,河南省,matched,subitem_13197,child_num 精确匹配
inheritor_1608,李世济,IV-28,IV-028_01_110102,未知,matched,subitem_13202,child_num 精确匹配
inheritor_1609,张春华,IV-28,IV-028_01_110102,未知,matched,subitem_13202,child_num 精确匹配
inheritor_1610,刘秀荣,IV-28,IV-028_01_110102,未知,matched,subitem_13202,child_num 精确匹配
inheritor_1611,刘长瑜,IV-28,IV-028_01_110102,未知,matched,subitem_13202,child_num 精确匹配
inheritor_1612,李金泉,IV-28,IV-028_01_110102,未知,matched,subitem_13202,child_num 精确匹配
inheritor_1613,杜近芳,IV-28,IV-028_01_110102,未知,matched,subitem_13202,child_num 精确匹配
inheritor_1614,杨秋玲,IV-28,IV-028_01_110102,未知,matched,subitem_13202,child_num 精确匹配
inheritor_1615,谭元寿,IV-28,IV-028_01_110000,北京市,matched,subitem_13201,child_num 精确匹配
inheritor_1616,梅葆玖,IV-28,IV-028_01_110000,北京市,matched,subitem_13201,child_num 精确匹配
inheritor_1617,孙毓敏,IV-28,IV-028_01_110000,北京市,matched,subitem_13201,child_num 精确匹配
inheritor_1618,赵燕侠,IV-28,IV-028_01_110000,北京市,matched,subitem_13201,child_num 精确匹配
inheritor_1619,李维康,IV-28,IV-028_01_110000,北京市,matched,subitem_13201,child_num 精确匹配
inheritor_1620,叶少兰,IV-28,IV-028_01_110102,北京市,matched,subitem_13202,child_num 精确匹配
inheritor_1621,王金璐,IV-28,IV-028_01_110000,北京市,matched,subitem_13201,child_num 精确匹配
inheritor_1622,李长春,IV-28,IV-028_01_110000,北京市,matched,subitem_13201,child_num 精确匹配
inheritor_1623,张幼麟,IV-28,IV-028_01_120000,天津市,matched,subitem_13203,child_num 精确匹配
inheritor_1624,李荣威,IV-28,IV-028_01_120000,天津市,matched,subitem_13203,child_num 精确匹配
inheritor_1625,周仲博,IV-28,IV-028_01_210000,辽宁省,matched,subitem_13204,child_num 精确匹配
inheritor_1626,汪庆元,IV-28,IV-028_01_210000,辽宁省,matched,subitem_13204,child_num 精确匹配
inheritor_1627,尚长荣,IV-28,IV-028_01_310000,上海市,matched,subitem_13205,child_num 精确匹配
inheritor_1628,陈少云,IV-28,IV-028_01_310000,上海市,matched,subitem_13205,child_num 精确匹配
inheritor_1629,王梦云,IV-28,IV-028_01_310000,上海市,matched,subitem_13205,child_num 精确匹配
inheritor_1630,孙正阳,IV-28,IV-028_01_310000,上海市,matched,subitem_13205,child_num 精确匹配
inheritor_1631,关栋天,IV-28,IV-028_01_310000,上海市,matched,subitem_13205,child_num 精确匹配
inheritor_1632,章其祥,IV-29,IV-029_01_340000,安徽省,matched,subitem_13210,child_num 精确匹配
inheritor_1633,李龙斌,IV-29,IV-029_01_340000,安徽省,matched,subitem_13210,child_num 精确匹配
inheritor_1634,江裕民,IV-29,IV-029_01_361130,江西省,matched,subitem_13212,child_num 精确匹配
inheritor_1635,江湘璈,IV-29,IV-029_01_361130,江西省,matched,subitem_13212,child_num 精确匹配
inheritor_1636,陈伯华,IV-30,IV-030_01_420100,湖北省,matched,subitem_13213,child_num 精确匹配
inheritor_1637,王发芸,IV-31,IV-031_01_610900,陕西省,matched,subitem_13214,child_num 精确匹配
inheritor_1638,龚尚武,IV-31,IV-031_01_610900,陕西省,matched,subitem_13214,child_num 精确匹配
inheritor_1639,黎秀珍,IV-32,IV-032_01_350429,福建省,matched,subitem_13216,child_num 精确匹配
inheritor_1640,张又君,IV-35,IV-035_01_430723,湖南省,matched,subitem_13219,child_num 精确匹配
inheritor_1641,萧耀庭,IV-35,IV-035_01_430723,湖南省,matched,subitem_13219,child_num 精确匹配
inheritor_1642,陈剑声,IV-36,IV-036_01_810000,香港特别行政区,matched,subitem_13224,child_num 精确匹配
inheritor_1643,红线女,IV-36,IV-036_01_440100,广东省,matched,subitem_13221,child_num 精确匹配
inheritor_1644,秦彩霞,IV-37,IV-037_01_450000,广西壮族自治区,matched,subitem_13228,child_num 精确匹配
inheritor_1645,周小兰魁,IV-37,IV-037_01_450000,广西壮族自治区,matched,subitem_13228,child_num 精确匹配
inheritor_1646,许定龙,IV-39,IV-039_01_331000,浙江省,matched,subitem_13231,child_num 精确匹配
inheritor_1647,傅林华,IV-39,IV-039_01_331000,浙江省,matched,subitem_13231,child_num 精确匹配
inheritor_1648,边树森,IV-40,IV-040_01_130100,河北省,matched,subitem_13235,child_num 精确匹配
inheritor_1649,张鹤林,IV-40,IV-040_01_130100,河北省,matched,subitem_13235,child_num 精确匹配
inheritor_1650,薛瑞红,IV-41,IV-041_01_140200,山西省,matched,subitem_13236,child_num 精确匹配
inheritor_1651,王斌祥,IV-41,IV-041_01_140200,山西省,matched,subitem_13236,child_num 精确匹配
inheritor_1652,李艳珍,IV-43,IV-043_01_370000,山东省,matched,subitem_13238,child_num 精确匹配
inheritor_1653,黄遵宪,IV-43,IV-043_01_370000,山东省,matched,subitem_13238,child_num 精确匹配
inheritor_1654,韩庆山,IV-44,IV-044_01_410526,河南省,matched,subitem_13240,child_num 精确匹配
inheritor_1655,戴建平,IV-44,IV-044_01_410928,河南省,matched,subitem_13241,child_num 精确匹配
inheritor_1656,林培新,IV-45,IV-045_01_350100,福建省,matched,subitem_13243,child_num 精确匹配
inheritor_1657,林瑛,IV-45,IV-045_01_350100,福建省,matched,subitem_13243,child_num 精确匹配
inheritor_1658,缪清奇,IV-46,IV-046_01_350924,福建省,matched,subitem_13244,child_num 精确匹配
inheritor_1659,刘经仓,IV-46,IV-046_01_350924,福建省,matched,subitem_13244,child_num 精确匹配
inheritor_1660,吕维平,IV-47,IV-047_01_441521,广东省,matched,subitem_13245,child_num 精确匹配
inheritor_1661,赖宗卯,IV-48,IV-048_01_350500,福建省,matched,subitem_13247,child_num 精确匹配
inheritor_1662,曾文杰,IV-48,IV-048_01_350500,福建省,matched,subitem_13247,child_num 精确匹配
inheritor_1663,颜佩琼,IV-48,IV-048_01_350500,福建省,matched,subitem_13247,child_num 精确匹配
inheritor_1664,纪亚福,IV-48,IV-048_01_350200,福建省,matched,subitem_13246,child_num 精确匹配
inheritor_1665,陈炳聪,IV-48,IV-048_01_350200,福建省,matched,subitem_13246,child_num 精确匹配
inheritor_1666,张建琴,IV-49,IV-049_01_141181,山西省,matched,subitem_13249,child_num 精确匹配
inheritor_1667,田学思,IV-49,IV-049_01_141181,山西省,matched,subitem_13249,child_num 精确匹配
inheritor_1668,邹爱琴,IV-50,IV-050_01_411400,河南省,matched,subitem_13252,child_num 精确匹配
inheritor_1669,拜金荣,IV-50,IV-050_01_411400,河南省,matched,subitem_13252,child_num 精确匹配
inheritor_1670,崔太先,IV-50,IV-050_01_410900,河南省,matched,subitem_13251,child_num 精确匹配
inheritor_1671,张绪斌,IV-50,IV-050_01_410900,河南省,matched,subitem_13251,child_num 精确匹配
inheritor_1672,刘秀荣,IV-51,IV-051_01_130224,河北省,matched,subitem_13257,child_num 精确匹配
inheritor_1673,洪影,IV-51,IV-051_01_130224,河北省,matched,subitem_13257,child_num 精确匹配
inheritor_1674,冯玉萍,IV-51,IV-051_01_210100,辽宁省,matched,subitem_13258,child_num 精确匹配
inheritor_1675,筱俊亭,IV-51,IV-051_01_210100,辽宁省,matched,subitem_13258,child_num 精确匹配
inheritor_1676,杜银方,IV-52,IV-052_01_130481,河北省,matched,subitem_13265,child_num 精确匹配
inheritor_1677,陈淮山,IV-52,IV-052_01_130481,河北省,matched,subitem_13265,child_num 精确匹配
inheritor_1678,茅威涛,IV-53,IV-053_01_330683,浙江省,matched,subitem_13267,child_num 精确匹配
inheritor_1679,董柯娣,IV-53,IV-053_01_330683,浙江省,matched,subitem_13267,child_num 精确匹配
inheritor_1680,袁雪芬,IV-53,IV-053_01_310000,上海市,matched,subitem_13266,child_num 精确匹配
inheritor_1681,徐玉兰,IV-53,IV-053_01_310000,上海市,matched,subitem_13266,child_num 精确匹配
inheritor_1682,傅全香,IV-53,IV-053_01_310000,上海市,matched,subitem_13266,child_num 精确匹配
inheritor_1683,王文娟,IV-53,IV-053_01_310000,上海市,matched,subitem_13266,child_num 精确匹配
inheritor_1684,范瑞娟,IV-53,IV-053_01_310000,上海市,matched,subitem_13266,child_num 精确匹配
inheritor_1685,张桂凤,IV-53,IV-053_01_310000,上海市,matched,subitem_13266,child_num 精确匹配
inheritor_1686,杨飞飞,IV-54,IV-054_01_310000,上海市,matched,subitem_13269,child_num 精确匹配
inheritor_1687,马莉莉,IV-54,IV-054_01_310000,上海市,matched,subitem_13269,child_num 精确匹配
inheritor_1688,王盘声,IV-54,IV-054_01_310000,上海市,matched,subitem_13269,child_num 精确匹配
inheritor_1689,陈瑜,IV-54,IV-054_01_310000,上海市,matched,subitem_13269,child_num 精确匹配
inheritor_1690,蒋玉芳,IV-55,IV-055_01_320500,江苏省,matched,subitem_13270,child_num 精确匹配
inheritor_1691,尹斯明,IV-55,IV-055_01_320500,江苏省,matched,subitem_13270,child_num 精确匹配
inheritor_1692,李开敏,IV-56,IV-056_01_321000,江苏省,matched,subitem_13271,child_num 精确匹配
inheritor_1693,汪琴,IV-56,IV-056_01_321000,江苏省,matched,subitem_13271,child_num 精确匹配
inheritor_1694,黄冰,IV-57,IV-057_01_340100,安徽省,matched,subitem_13274,child_num 精确匹配
inheritor_1695,武克英,IV-57,IV-057_01_341500,安徽省,matched,subitem_13275,child_num 精确匹配
inheritor_1696,熊剑啸,IV-58,IV-058_01_420000,湖北省,matched,subitem_13277,child_num 精确匹配
inheritor_1697,胡新中,IV-59,IV-059_01_429005,湖北省,matched,subitem_13279,child_num 精确匹配
inheritor_1698,韩再芬,IV-60,IV-060_01_340800,安徽省,matched,subitem_13280,child_num 精确匹配
inheritor_1699,赵媛媛,IV-60,IV-060_01_340800,安徽省,matched,subitem_13280,child_num 精确匹配
inheritor_1700,黄新德,IV-60,IV-060_03_340100,安徽省,matched,subitem_13282,child_num 精确匹配
inheritor_1701,周洪年,IV-60,IV-060_01_421127,湖北省,matched,subitem_13281,child_num 精确匹配
inheritor_1702,陈若梅,IV-62,IV-062_01_341300,安徽省,matched,subitem_13285,child_num 精确匹配
inheritor_1703,李宝琴,IV-62,IV-062_01_340300,安徽省,matched,subitem_13284,child_num 精确匹配
inheritor_1704,鹿士彬,IV-62,IV-062_01_340300,安徽省,matched,subitem_13284,child_num 精确匹配
inheritor_1705,郑秀琴,IV-64,IV-064_01_350600,福建省,matched,subitem_13291,child_num 精确匹配
inheritor_1706,吴兹明,IV-64,IV-064_01_350600,福建省,matched,subitem_13291,child_num 精确匹配
inheritor_1707,纪招治,IV-64,IV-064_01_350200,福建省,matched,subitem_13290,child_num 精确匹配
inheritor_1708,陈志明,IV-64,IV-064_01_350200,福建省,matched,subitem_13290,child_num 精确匹配
inheritor_1709,陈声强,IV-65,IV-065_01_450923,广西壮族自治区,matched,subitem_13293,child_num 精确匹配
inheritor_1710,霍俊萍,IV-66,IV-066_01_370300,山东省,matched,subitem_13298,child_num 精确匹配
inheritor_1711,曾金凤,IV-67,IV-067_01_370281,山东省,matched,subitem_13299,child_num 精确匹配
inheritor_1712,马琪,IV-68,IV-068_01_410000,河南省,matched,subitem_13301,child_num 精确匹配
inheritor_1713,王秀玲,IV-68,IV-068_01_410000,河南省,matched,subitem_13301,child_num 精确匹配
inheritor_1714,康和,IV-69,IV-069_01_620824,甘肃省,matched,subitem_13302,child_num 精确匹配
inheritor_1715,刘巧菊,IV-70,IV-070_01_130525,河北省,matched,subitem_13306,child_num 精确匹配
inheritor_1716,吴年成,IV-70,IV-070_01_130525,河北省,matched,subitem_13306,child_num 精确匹配
inheritor_1717,张占元,IV-70,IV-070_01_130682,河北省,matched,subitem_13307,child_num 精确匹配
inheritor_1718,张元业,IV-70,IV-070_01_140600,山西省,matched,subitem_13308,child_num 精确匹配
inheritor_1719,张瑞锋,IV-71,IV-071_01_141124,山西省,matched,subitem_13318,child_num 精确匹配
inheritor_1720,任林林,IV-71,IV-071_01_141124,山西省,matched,subitem_13318,child_num 精确匹配
inheritor_1721,朱锡梅,IV-71,IV-071_01_411627,河南省,matched,subitem_13320,child_num 精确匹配
inheritor_1722,裘印昌,IV-72,IV-072_01_130622,河北省,matched,subitem_13326,child_num 精确匹配
inheritor_1723,王兰荣,IV-72,IV-072_01_130622,河北省,matched,subitem_13326,child_num 精确匹配
inheritor_1724,刘宗发,IV-72,IV-072_01_130922,河北省,matched,subitem_13327,child_num 精确匹配
inheritor_1725,冯来锁,IV-73,IV-073_01_150100,内蒙古自治区,matched,subitem_13330,child_num 精确匹配
inheritor_1726,史万富,IV-73,IV-073_01_130723,河北省,matched,subitem_13328,child_num 精确匹配
inheritor_1727,冯俊才,IV-73,IV-073_01_130723,河北省,matched,subitem_13328,child_num 精确匹配
inheritor_1728,吴佩锦,IV-74,IV-074_01_441521,广东省,matched,subitem_13333,child_num 精确匹配
inheritor_1729,钟静洁,IV-74,IV-074_01_441521,广东省,matched,subitem_13333,child_num 精确匹配
inheritor_1730,傅锦华,IV-76,IV-076_01_450000,广西壮族自治区,matched,subitem_13335,child_num 精确匹配
inheritor_1731,陈德惠,IV-77,IV-077_01_500228,重庆市,matched,subitem_13336,child_num 精确匹配
inheritor_1732,阙太纯,IV-77,IV-077_01_500228,重庆市,matched,subitem_13336,child_num 精确匹配
inheritor_1733,彭涓,IV-77,IV-077_01_511300,四川省,matched,subitem_13337,child_num 精确匹配
inheritor_1734,汪洋,IV-77,IV-077_01_511300,四川省,matched,subitem_13337,child_num 精确匹配
inheritor_1735,秦治凤,IV-78,IV-078_01_520624,贵州省,matched,subitem_13339,child_num 精确匹配
inheritor_1736,刘芳,IV-78,IV-078_01_520624,贵州省,matched,subitem_13339,child_num 精确匹配
inheritor_1737,李鸿源,IV-78,IV-078_01_520624,云南省,matched,subitem_13339,child_num 精确匹配
inheritor_1738,陈克勤,IV-78,IV-078_01_520624,云南省,matched,subitem_13339,child_num 精确匹配
inheritor_1739,旦达,IV-80,IV-080_01_540000a,西藏自治区,matched,subitem_13348,child_num 精确匹配
inheritor_1740,次旦多吉,IV-80,IV-080_01_540000a,西藏自治区,matched,subitem_13348,child_num 精确匹配
inheritor_1741,朗杰次仁,IV-80,IV-080_01_540000b,西藏自治区,matched,subitem_13349,child_num 精确匹配
inheritor_1742,次多,IV-80,IV-080_01_540000c,西藏自治区,matched,subitem_13350,child_num 精确匹配
inheritor_1743,次仁,IV-80,IV-080_01_540000d,西藏自治区,matched,subitem_13351,child_num 精确匹配
inheritor_1744,次仁旺堆,IV-80,IV-080_01_540000e,西藏自治区,matched,subitem_13352,child_num 精确匹配
inheritor_1745,尼玛次仁,IV-80,IV-080_01_540000e,西藏自治区,matched,subitem_13352,child_num 精确匹配
inheritor_1746,嘎玛次仁,IV-80,IV-080_01_540000f,西藏自治区,matched,subitem_13353,child_num 精确匹配
inheritor_1747,白梅,IV-80,IV-080_01_540000f,西藏自治区,matched,subitem_13353,child_num 精确匹配
inheritor_1748,仁青加,IV-80,IV-080_01_632300,青海省,matched,subitem_13354,child_num 精确匹配
inheritor_1749,多杰太,IV-80,IV-080_01_632300,青海省,matched,subitem_13354,child_num 精确匹配
inheritor_1750,格桑旦增,IV-81,IV-081_01_540000,西藏自治区,matched,subitem_13361,child_num 精确匹配
inheritor_1751,巴桑,IV-81,IV-081_01_540000,西藏自治区,matched,subitem_13361,child_num 精确匹配
inheritor_1752,张琴音,IV-82,IV-082_01_450000,广西壮族自治区,matched,subitem_13362,child_num 精确匹配
inheritor_1753,闭克坚,IV-82,IV-082_01_450000,广西壮族自治区,matched,subitem_13362,child_num 精确匹配
inheritor_1754,张启高,IV-83,IV-083_01_522631,贵州省,matched,subitem_13364,child_num 精确匹配
inheritor_1755,吴胜章,IV-83,IV-083_01_522631,贵州省,matched,subitem_13364,child_num 精确匹配
inheritor_1756,罗国宗,IV-84,IV-084_01_522327,贵州省,matched,subitem_13367,child_num 精确匹配
inheritor_1757,黄朝宾,IV-84,IV-084_01_522327,贵州省,matched,subitem_13367,child_num 精确匹配
inheritor_1759,文道华,IV-85,IV-085_01_520526,贵州省,matched,subitem_13368,child_num 精确匹配
inheritor_1760,刀保顺,IV-86,IV-086_01_533100,云南省,matched,subitem_13369,child_num 精确匹配
inheritor_1761,王长松,IV-87,IV-087_01_341024,安徽省,matched,subitem_13370,child_num 精确匹配
inheritor_1762,叶养滋,IV-87,IV-087_01_341024,安徽省,matched,subitem_13370,child_num 精确匹配
inheritor_1763,周建斌,IV-87,IV-087_01_431224,湖南省,matched,subitem_13372,child_num 精确匹配
inheritor_1764,谢杳文,IV-87,IV-087_01_431224,湖南省,matched,subitem_13372,child_num 精确匹配
inheritor_1765,张占良,IV-87,IV-087_01_410923,河南省,matched,subitem_13371,child_num 精确匹配
inheritor_1766,贺书各,IV-87,IV-087_01_410923,河南省,matched,subitem_13371,child_num 精确匹配
inheritor_1767,李增旺,IV-89,IV-089_01_130481,河北省,matched,subitem_13376,child_num 精确匹配
inheritor_1768,刘臣瑜,IV-89,IV-089_01_341700,安徽省,matched,subitem_13377,child_num 精确匹配
inheritor_1769,姚家伟,IV-89,IV-089_01_341700,安徽省,matched,subitem_13377,child_num 精确匹配
inheritor_1770,龙子明,IV-89,IV-089_01_431227,湖南省,matched,subitem_13379,child_num 精确匹配
inheritor_1771,龙开春,IV-89,IV-089_01_431227,湖南省,matched,subitem_13379,child_num 精确匹配
inheritor_1772,李福国,IV-89,IV-089_01_431222,湖南省,matched,subitem_13378,child_num 精确匹配
inheritor_1773,张月福,IV-89,IV-089_01_520626,贵州省,matched,subitem_13380,child_num 精确匹配
inheritor_1774,安永柏,IV-89,IV-089_01_520626,贵州省,matched,subitem_13380,child_num 精确匹配
inheritor_1775,顾之炎,IV-90,IV-090_01_520400,贵州省,matched,subitem_13391,child_num 精确匹配
inheritor_1776,詹学彦,IV-90,IV-090_01_520400,贵州省,matched,subitem_13391,child_num 精确匹配
inheritor_1777,丁振耀,IV-91,IV-091_01_130200,河北省,matched,subitem_13392,child_num 精确匹配
inheritor_1778,齐永衡,IV-91,IV-091_01_130200,河北省,matched,subitem_13392,child_num 精确匹配
inheritor_1779,傅希贤,IV-91,IV-091_01_130400,河北省,matched,subitem_13393,child_num 精确匹配
inheritor_1780,申国瑞,IV-91,IV-091_01_130400,河北省,matched,subitem_13393,child_num 精确匹配
inheritor_1781,梁全民,IV-91,IV-091_01_141181,山西省,matched,subitem_13394,child_num 精确匹配
inheritor_1782,李世伟,IV-91,IV-091_01_141181,山西省,matched,subitem_13394,child_num 精确匹配
inheritor_1783,宋国超,IV-91,IV-091_01_210281,辽宁省,matched,subitem_13395,child_num 精确匹配
inheritor_1784,孙德深,IV-91,IV-091_01_210281,辽宁省,matched,subitem_13395,child_num 精确匹配
inheritor_1785,徐二男,IV-91,IV-091_01_330481,浙江省,matched,subitem_13397,child_num 精确匹配
inheritor_1786,汤先成,IV-91,IV-091_01_429005,湖北省,matched,subitem_13398,child_num 精确匹配
inheritor_1787,刘年华,IV-91,IV-091_01_429005,湖北省,matched,subitem_13398,child_num 精确匹配
inheritor_1788,蔡锦镇,IV-91,IV-091_01_441500,广东省,matched,subitem_13399,child_num 精确匹配
inheritor_1789,彭忠,IV-91,IV-091_01_441500,广东省,matched,subitem_13399,child_num 精确匹配
inheritor_1790,刘华,IV-91,IV-091_01_610500,陕西省,matched,subitem_13401,child_num 精确匹配
inheritor_1791,魏金全,IV-91,IV-091_01_610500,陕西省,matched,subitem_13401,child_num 精确匹配
inheritor_1792,潘京乐,IV-91,IV-091_01_610500,陕西省,matched,subitem_13401,child_num 精确匹配
inheritor_1793,王振中,IV-91,IV-091_01_610582,陕西省,matched,subitem_13403,child_num 精确匹配
inheritor_1794,张喜民,IV-91,IV-091_01_610582,陕西省,matched,subitem_13403,child_num 精确匹配
inheritor_1795,李育亭,IV-91,IV-091_01_610424,陕西省,matched,subitem_13400,child_num 精确匹配
inheritor_1796,丁碧霞,IV-91,IV-091_01_610424,陕西省,matched,subitem_13400,child_num 精确匹配
inheritor_1797,史呈林,IV-91,IV-091_01_621022,甘肃省,matched,subitem_13404,child_num 精确匹配
inheritor_1798,高清旺,IV-91,IV-091_01_621022,甘肃省,matched,subitem_13404,child_num 精确匹配
inheritor_1799,徐积山,IV-91,IV-091_01_211382,辽宁省,matched,subitem_13396,child_num 精确匹配
inheritor_1800,刘景春,IV-91,IV-091_01_211382,辽宁省,matched,subitem_13396,child_num 精确匹配
inheritor_1801,陈应鸿,IV-92,IV-092_01_350500,福建省,matched,subitem_13429,child_num 精确匹配
inheritor_1802,陈志杰,IV-92,IV-092_01_350500,福建省,matched,subitem_13429,child_num 精确匹配
inheritor_1803,李伯芬,IV-92,IV-092_01_350582,福建省,matched,subitem_13430,child_num 精确匹配
inheritor_1804,庄陈华,IV-92,IV-092_01_350600,福建省,matched,subitem_13431,child_num 精确匹配
inheritor_1805,陈锦堂,IV-92,IV-092_01_350600,福建省,matched,subitem_13431,child_num 精确匹配
inheritor_1806,王娜,IV-92,IV-092_01_210700,辽宁省,matched,subitem_13427,child_num 精确匹配
inheritor_1807,刘永安,IV-92,IV-092_01_430500,湖南省,matched,subitem_13432,child_num 精确匹配
inheritor_1808,刘永章,IV-92,IV-092_01_430500,湖南省,matched,subitem_13432,child_num 精确匹配
inheritor_1809,何文富,IV-92,IV-092_01_440981,广东省,matched,subitem_13433,child_num 精确匹配
inheritor_1810,曹章玲,IV-92,IV-092_01_440981,广东省,matched,subitem_13433,child_num 精确匹配
inheritor_1811,丁清波,IV-92,IV-092_01_445100,广东省,matched,subitem_13434,child_num 精确匹配
inheritor_1812,陈培森,IV-92,IV-092_01_445100,广东省,matched,subitem_13434,child_num 精确匹配
inheritor_1813,陈少金,IV-92,IV-092_01_469024,海南省,matched,subitem_13435,child_num 精确匹配
inheritor_1814,王春荣,IV-92,IV-092_01_469024,海南省,matched,subitem_13435,child_num 精确匹配
inheritor_1815,李泗元,IV-92,IV-092_01_510000,四川省,matched,subitem_13436,child_num 精确匹配
inheritor_1816,饶世光,IV-92,IV-092_01_520623,贵州省,matched,subitem_13437,child_num 精确匹配
inheritor_1817,付正华,IV-92,IV-092_01_520623,贵州省,matched,subitem_13437,child_num 精确匹配
inheritor_1818,王红民,IV-92,IV-092_01_610000,陕西省,matched,subitem_13438,child_num 精确匹配
inheritor_1819,肖朋芳,IV-92,IV-092_01_610000,陕西省,matched,subitem_13438,child_num 精确匹配
inheritor_1820,周尔禄,IV-92,IV-092_01_330329,浙江省,matched,subitem_13428,child_num 精确匹配
inheritor_2301,邢晏芝,V-1,V-001_01_320500a,江苏省,matched,subitem_13581,child_num 精确匹配
inheritor_2302,金丽生,V-1,V-001_01_320500a,江苏省,matched,subitem_13581,child_num 精确匹配
inheritor_2303,王丽堂,V-2,V-002_03_320100,江苏省,matched,subitem_13586,child_num 精确匹配
inheritor_2304,李信堂,V-2,V-002_03_320100,江苏省,matched,subitem_13586,child_num 精确匹配
inheritor_2305,陈如燕,V-3,V-003_01_350100,福建省,matched,subitem_13587,child_num 精确匹配
inheritor_2306,毛钦铭,V-3,V-003_01_350100,福建省,matched,subitem_13587,child_num 精确匹配
inheritor_2307,左玉华,V-4,V-004_01_370000,山东省,matched,subitem_13588,child_num 精确匹配
inheritor_2308,伍振英,V-5,V-005_01_130984,河北省,matched,subitem_13591,child_num 精确匹配
inheritor_2309,张领娣,V-5,V-005_01_130984,河北省,matched,subitem_13591,child_num 精确匹配
inheritor_2310,夏晓华,V-6,V-006_01_230000,黑龙江省,matched,subitem_13595,child_num 精确匹配
inheritor_2311,唐贵峰,V-7,V-007_01_130921,河北省,matched,subitem_13601,child_num 精确匹配
inheritor_2312,刘银河,V-7,V-007_01_130921,河北省,matched,subitem_13601,child_num 精确匹配
inheritor_2313,何建春,V-8,V-008_01_130225,河北省,matched,subitem_13602,child_num 精确匹配
inheritor_2314,张近平,V-8,V-008_01_130225,河北省,matched,subitem_13602,child_num 精确匹配
inheritor_2315,陆四辈,V-12,V-012_01_410300,河南省,matched,subitem_13608,child_num 精确匹配
inheritor_2316,阮世池,V-13,V-013_01_330381,浙江省,matched,subitem_13609,child_num 精确匹配
inheritor_2317,方克多,V-13,V-013_01_330381,浙江省,matched,subitem_13609,child_num 精确匹配
inheritor_2318,韩应莲,V-14,V-014_01_610600,陕西省,matched,subitem_13611,child_num 精确匹配
inheritor_2319,解明生,V-14,V-014_01_610600,陕西省,matched,subitem_13611,child_num 精确匹配
inheritor_2320,钱振华,V-15,V-015_01_350100,福建省,matched,subitem_13612,child_num 精确匹配
inheritor_2321,强淑如,V-15,V-015_01_350100,福建省,matched,subitem_13612,child_num 精确匹配
inheritor_2322,郑关富,V-17,V-017_01_330600,浙江省,matched,subitem_13614,child_num 精确匹配
inheritor_2323,王玉英,V-17,V-017_01_330600,浙江省,matched,subitem_13614,child_num 精确匹配
inheritor_2324,冯兰芳,V-19,V-019_01_620600,甘肃省,matched,subitem_13618,child_num 精确匹配
inheritor_2325,刘宗琴,V-20,V-020_01_410000,河南省,matched,subitem_13621,child_num 精确匹配
inheritor_2326,李湘云,V-21,V-021_01_370000,山东省,matched,subitem_13623,child_num 精确匹配
inheritor_2327,姚忠贤,V-21,V-021_01_370000,山东省,matched,subitem_13623,child_num 精确匹配
inheritor_2328,谈敬德,V-22,V-022_01_310115,上海市,matched,subitem_13626,child_num 精确匹配
inheritor_2329,康文英,V-22,V-022_01_310115,上海市,matched,subitem_13626,child_num 精确匹配
inheritor_2330,胡兆海,V-23,V-023_01_330621,浙江省,matched,subitem_13627,child_num 精确匹配
inheritor_2331,倪齐全,V-23,V-023_01_330621,浙江省,matched,subitem_13627,child_num 精确匹配
inheritor_2332,谌晓辉,V-27,V-027_01_430700,湖南省,matched,subitem_13631,child_num 精确匹配
inheritor_2333,朱晓玲,V-27,V-027_01_430700,湖南省,matched,subitem_13631,child_num 精确匹配
inheritor_2334,林玉碧,V-28,V-028_01_610800,陕西省,matched,subitem_13633,child_num 精确匹配
inheritor_2335,王青,V-28,V-028_01_610800,陕西省,matched,subitem_13633,child_num 精确匹配
inheritor_2336,王毓宝,V-29,V-029_01_120000,天津市,matched,subitem_13634,child_num 精确匹配
inheritor_2337,郭天禄,V-30,V-030_01_652300,新疆维吾尔自治区,matched,subitem_13635,child_num 精确匹配
inheritor_2338,侯毓敏,V-30,V-030_01_652300,新疆维吾尔自治区,matched,subitem_13635,child_num 精确匹配
inheritor_2339,伍于筹,V-31,V-031_01_440606,广东省,matched,subitem_13637,child_num 精确匹配
inheritor_2340,尤学尧,V-31,V-031_01_440606,广东省,matched,subitem_13637,child_num 精确匹配
inheritor_2341,望熙诰,V-32,V-032_01_421000,湖北省,matched,subitem_13638,child_num 精确匹配
inheritor_2342,徐忠德,V-33,V-033_01_420984,湖北省,matched,subitem_13640,child_num 精确匹配
inheritor_2343,蔡婉香,V-34,V-034_01_350626,福建省,matched,subitem_13641,child_num 精确匹配
inheritor_2344,黄春慧,V-34,V-034_01_350626,福建省,matched,subitem_13641,child_num 精确匹配
inheritor_2345,李秀媛,V-35,V-035_01_210726,辽宁省,matched,subitem_13643,child_num 精确匹配
inheritor_2346,赵本山,V-35,V-035_01_211200,辽宁省,matched,subitem_13644,child_num 精确匹配
inheritor_2347,王中堂,V-35,V-035_01_220000,吉林省,matched,subitem_13645,child_num 精确匹配
inheritor_2348,赵晓波,V-35,V-035_01_231283,黑龙江省,matched,subitem_13646,child_num 精确匹配
inheritor_2349,石桂芹,V-35,V-035_01_231283,黑龙江省,matched,subitem_13646,child_num 精确匹配
inheritor_2350,孙凤城,V-36,V-036_01_341126,安徽省,matched,subitem_13651,child_num 精确匹配
inheritor_2351,陈清平,V-37,V-037_01_350200,福建省,matched,subitem_13652,child_num 精确匹配
inheritor_2352,杨敏谋,V-37,V-037_01_350200,福建省,matched,subitem_13652,child_num 精确匹配
inheritor_2353,安忠文,V-38,V-038_01_330100,浙江省,matched,subitem_13653,child_num 精确匹配
inheritor_2354,周志华,V-38,V-038_01_330100,浙江省,matched,subitem_13653,child_num 精确匹配
inheritor_2355,孙镇业,V-39,V-039_01_370000,山东省,matched,subitem_13655,child_num 精确匹配
inheritor_2356,劳斯尔,V-40,V-040_01_150526,内蒙古自治区,matched,subitem_13656,child_num 精确匹配
inheritor_2357,杨铁龙,V-40,V-040_01_210921,辽宁省,matched,subitem_13658,child_num 精确匹配
inheritor_2358,韩英福,V-40,V-040_01_210921,辽宁省,matched,subitem_13658,child_num 精确匹配
inheritor_2359,包朝格柱,V-40,V-040_01_220721,吉林省,matched,subitem_13659,child_num 精确匹配
inheritor_2360,色热,V-41,V-041_01_230000,黑龙江省,matched,subitem_13661,child_num 精确匹配
inheritor_2361,那音太,V-41,V-041_01_230000,黑龙江省,matched,subitem_13661,child_num 精确匹配
inheritor_2362,吴明新,V-42,V-042_01_230000,黑龙江省,matched,subitem_13663,child_num 精确匹配
inheritor_2363,吴宝臣,V-42,V-042_01_230000,黑龙江省,matched,subitem_13663,child_num 精确匹配
inheritor_2364,莫宝凤,V-43,V-043_01_230000,黑龙江省,matched,subitem_13664,child_num 精确匹配
inheritor_2365,梁秀江,V-46,V-046_01_522301,贵州省,matched,subitem_13668,child_num 精确匹配
inheritor_2366,吴天玉,V-46,V-046_01_522301,贵州省,matched,subitem_13668,child_num 精确匹配
inheritor_3624,盘良安,X-14,X-014_01_440200,广东省,matched,subitem_14954,child_num 精确匹配
inheritor_3625,李学强,X-27,X-027_01_533321,云南省,matched,subitem_14970,child_num 精确匹配
inheritor_3626,赵丕鼎,X-41,X-041_01_532900,云南省,matched,subitem_14999,child_num 精确匹配
inheritor_3627,唐买社公,X-45,X-045_01_441800,广东省,matched,subitem_15003,child_num 精确匹配
inheritor_3628,刘正城,X-46,X-046_01_450100,广西壮族自治区,matched,subitem_15004,child_num 精确匹配
inheritor_748,张定强,I-1,I-001_01_522630,贵州省,matched,subitem_12178,child_num 精确匹配
inheritor_749,黄达佳,I-2,I-002_01_451021,广西壮族自治区,matched,subitem_12180,child_num 精确匹配
inheritor_750,李作柄,I-13,I-013_01_620602,甘肃省,matched,subitem_12207,child_num 精确匹配
inheritor_751,罗成贵,I-15,I-015_01_420381,湖北省,matched,subitem_12213,child_num 精确匹配
inheritor_752,刘远扬,I-17,I-017_01_500107,重庆市,matched,subitem_12215,child_num 精确匹配
inheritor_753,刘则亭,I-18,I-018_01_211121,辽宁省,matched,subitem_12216,child_num 精确匹配
inheritor_754,刘永芹,I-19,I-019_01_211324,辽宁省,matched,subitem_12217,child_num 精确匹配
inheritor_755,王锡余,I-22,I-022_02_310118,上海市,matched,subitem_12221,child_num 精确匹配
inheritor_756,张浩生,I-22,I-022_02_320200,江苏省,matched,subitem_12222,child_num 精确匹配
inheritor_757,买买提阿力·阿拉马提,I-25,I-025_01_653000,新疆维吾尔自治区,matched,subitem_12227,child_num 精确匹配
inheritor_758,桑珠,I-27,I-027_01_540000,西藏自治区,matched,subitem_12236,child_num 精确匹配
inheritor_759,罗布生,I-27,I-027_01_150000,内蒙古自治区,matched,subitem_12233,child_num 精确匹配
inheritor_760,爱新觉罗·庆凯,I-53,I-053_02_210102,辽宁省,matched,subitem_12285,child_num 精确匹配
inheritor_761,孙家香,I-56,I-056_02_420528,湖北省,matched,subitem_12288,child_num 精确匹配
inheritor_762,何巴特尔,I-59,I-059_02_150521,内蒙古自治区,matched,subitem_12292,child_num 精确匹配
inheritor_763,郭有珍,I-63,I-063_02_532300,云南省,matched,subitem_12296,child_num 精确匹配
inheritor_764,李腊翁,I-65,I-065_02_533100,云南省,matched,subitem_12298,child_num 精确匹配
inheritor_765,马虎成,I-68,I-068_02_622926,甘肃省,matched,subitem_12301,child_num 精确匹配
inheritor_766,才仁索南,I-69,I-069_02_632724,青海省,matched,subitem_12302,child_num 精确匹配
inheritor_767,茶汉扣文,I-70,I-070_02_632800,青海省,matched,subitem_12303,child_num 精确匹配
inheritor_768,夏赫·买买提,I-71,I-071_02_650000,新疆维吾尔自治区,matched,subitem_12304,child_num 精确匹配
inheritor_769,哈孜木·阿勒曼,I-72,I-072_02_654323,新疆维吾尔自治区,matched,subitem_12307,child_num 精确匹配
inheritor_770,海来热几,I-75,I-075_02_513436,四川省,matched,subitem_12312,child_num 精确匹配
inheritor_771,彭继龙,I-80,I-080_02_433130,湖南省,matched,subitem_12319,child_num 精确匹配
inheritor_772,塔瓦力地·克里木,I-83,I-083_02_653022,新疆维吾尔自治区,matched,subitem_12323,child_num 精确匹配
inheritor_943,刘改鱼,II-1,II-001_01_140722,山西省,matched,subitem_12408,child_num 精确匹配
inheritor_944,韩运德,II-2,II-002_01_140930,山西省,matched,subitem_12409,child_num 精确匹配
inheritor_945,扎格达苏荣,II-3,II-003_01_150000,内蒙古自治区,matched,subitem_12410,child_num 精确匹配
inheritor_946,阿拉坦其其格,II-3,II-003_01_150000,内蒙古自治区,matched,subitem_12410,child_num 精确匹配
inheritor_947,淖尔吉玛,II-3,II-003_01_150000,内蒙古自治区,matched,subitem_12410,child_num 精确匹配
inheritor_948,赛音毕力格,II-3,II-003_01_150000,内蒙古自治区,matched,subitem_12410,child_num 精确匹配
inheritor_949,加·道尔吉,II-3,II-003_02_654226,新疆维吾尔自治区,matched,subitem_12412,child_num 精确匹配
inheritor_950,雷美凤,II-7,II-007_01_350900,福建省,matched,subitem_12418,child_num 精确匹配
inheritor_951,蓝陈启,II-7,II-007_02_331127,浙江省,matched,subitem_12419,child_num 精确匹配
inheritor_952,王善良,II-8,II-008_01_360732,江西省,matched,subitem_12421,child_num 精确匹配
inheritor_953,彭泗德,II-9,II-009_01_420526,湖北省,matched,subitem_12422,child_num 精确匹配
inheritor_954,汤明哲,II-11,II-011_01_441400,广东省,matched,subitem_12424,child_num 精确匹配
inheritor_955,黄代书,II-15,II-015_01_500240,重庆市,matched,subitem_12429,child_num 精确匹配
inheritor_956,李学华,II-17,II-017_01_533300,云南省,matched,subitem_12431,child_num 精确匹配
inheritor_957,杜秀兰,II-19,II-019_01_620721,甘肃省,matched,subitem_12434,child_num 精确匹配
inheritor_958,杜秀英,II-19,II-019_01_620721,甘肃省,matched,subitem_12434,child_num 精确匹配
inheritor_959,汪莲莲,II-20,II-020_01_622922,甘肃省,matched,subitem_12436,child_num 精确匹配
inheritor_960,刘郭成,II-20,II-020_01_621126,甘肃省,matched,subitem_12435,child_num 精确匹配
inheritor_961,张明星,II-20,II-020_01_640000,宁夏回族自治区,matched,subitem_12442,child_num 精确匹配
inheritor_962,韩生元,II-20,II-020_02_652300,新疆维吾尔自治区,matched,subitem_12443,child_num 精确匹配
inheritor_963,喻良华,II-26,II-026_01_500113,重庆市,matched,subitem_12453,child_num 精确匹配
inheritor_964,孟凡林,II-27,II-027_02_360423,江西省,matched,subitem_12455,child_num 精确匹配
inheritor_965,王爱民,II-27,II-027_02_420528,湖北省,matched,subitem_12458,child_num 精确匹配
inheritor_966,吴仁和,II-28,II-028_02_522633,贵州省,matched,subitem_12467,child_num 精确匹配
inheritor_967,潘萨银花,II-28,II-028_02_522633,贵州省,matched,subitem_12467,child_num 精确匹配
inheritor_968,吴仕恒,II-29,II-029_01_522631,贵州省,matched,subitem_12468,child_num 精确匹配
inheritor_969,芒来,II-30,II-030_02_152502,内蒙古自治区,matched,subitem_12472,child_num 精确匹配
inheritor_970,温桂元,II-30,II-030_02_450124,广西壮族自治区,matched,subitem_12473,child_num 精确匹配
inheritor_971,郎加木,II-30,II-030_02_513224,四川省,matched,subitem_12476,child_num 精确匹配
inheritor_972,李禹贤,II-34,II-034_01_110105,未知,matched,subitem_12484,child_num 精确匹配
inheritor_973,刘正春,II-34,II-034_02_320100,江苏省,matched,subitem_12485,child_num 精确匹配
inheritor_974,刘善教,II-34,II-034_02_321100,江苏省,matched,subitem_12489,child_num 精确匹配
inheritor_975,谢导秀,II-34,II-034_02_440100,广东省,matched,subitem_12492,child_num 精确匹配
inheritor_976,布林,II-35,II-035_01_150000,内蒙古自治区,matched,subitem_12495,child_num 精确匹配
inheritor_977,姚少林,II-37,II-037_02_130209,河北省,matched,subitem_12503,child_num 精确匹配
inheritor_978,卢补良,II-37,II-037_02_140900,山西省,matched,subitem_12508,child_num 精确匹配
inheritor_979,牛其云,II-37,II-037_02_140427,山西省,matched,subitem_12506,child_num 精确匹配
inheritor_980,刘有生,II-37,II-037_02_360731,江西省,matched,subitem_12511,child_num 精确匹配
inheritor_981,周惠,II-40,II-040_01_310000,上海市,matched,subitem_12529,child_num 精确匹配
inheritor_982,沈凤泉,II-40,II-040_02_330100,浙江省,matched,subitem_12531,child_num 精确匹配
inheritor_983,楼正寿,II-44,II-044_02_330100,浙江省,matched,subitem_12539,child_num 精确匹配
inheritor_984,汤凯旋,II-49,II-049_01_440100,广东省,matched,subitem_12551,child_num 精确匹配
inheritor_985,李自春,II-52,II-052_01_500113,重庆市,matched,subitem_12557,child_num 精确匹配
inheritor_986,简伯元,II-54,II-054_02_420529,湖北省,matched,subitem_12561,child_num 精确匹配
inheritor_987,王振湖,II-56,II-056_01_141000,山西省,matched,subitem_12565,child_num 精确匹配
inheritor_988,黄一宝,II-58,II-058_01_140500,山西省,matched,subitem_12567,child_num 精确匹配
inheritor_989,夏老肥,II-59,II-059_02_130632,河北省,matched,subitem_12573,child_num 精确匹配
inheritor_990,刘勤,II-59,II-059_02_130633,河北省,matched,subitem_12574,child_num 精确匹配
inheritor_991,王如海,II-59,II-059_02_130682,河北省,matched,subitem_12576,child_num 精确匹配
inheritor_992,何忠信,II-61,II-061_01_610000,陕西省,matched,subitem_12586,child_num 精确匹配
inheritor_993,杨达吾德,II-63,II-063_01_640000,宁夏回族自治区,matched,subitem_12588,child_num 精确匹配
inheritor_994,武济文,II-64,II-064_01_141121,山西省,matched,subitem_12589,child_num 精确匹配
inheritor_995,释汇光,II-66,II-066_01_140922,山西省,matched,subitem_12591,child_num 精确匹配
inheritor_996,章样摩兰,II-66,II-066_01_140922,山西省,matched,subitem_12591,child_num 精确匹配
inheritor_997,洪振仁,II-67,II-067_01_210300,辽宁省,matched,subitem_12592,child_num 精确匹配
inheritor_998,杨翠娥,II-71,II-071_01_350500,福建省,matched,subitem_12600,child_num 精确匹配
inheritor_999,王秀怡,II-71,II-071_01_350200,福建省,matched,subitem_12599,child_num 精确匹配
inheritor_1000,王向荣,II-73,II-073_02_610800,陕西省,matched,subitem_12603,child_num 精确匹配
inheritor_1001,贺玉堂,II-73,II-073_02_610600,陕西省,matched,subitem_12602,child_num 精确匹配
inheritor_1002,王兰英,II-75,II-075_02_321084,江苏省,matched,subitem_12605,child_num 精确匹配
inheritor_1003,王兆珍,II-81,II-081_02_421003,湖北省,matched,subitem_12611,child_num 精确匹配
inheritor_1004,姚启华,II-83,II-083_02_420381,湖北省,matched,subitem_12613,child_num 精确匹配
inheritor_1005,顾友珍,II-87,II-087_02_330421,浙江省,matched,subitem_12617,child_num 精确匹配
inheritor_1006,余家冰,II-104,II-104_02_420682,湖北省,matched,subitem_12647,child_num 精确匹配
inheritor_1007,陈千均,II-109,II-109_02_433101,湖南省,matched,subitem_12660,child_num 精确匹配
inheritor_1008,戴碧生,II-110,II-110_02_430524,湖南省,matched,subitem_12665,child_num 精确匹配
inheritor_1009,王妚大,II-111,II-111_02_469030,海南省,matched,subitem_12667,child_num 精确匹配
inheritor_1010,岩瓦洛,II-114,II-114_02_532822,云南省,matched,subitem_12671,child_num 精确匹配
inheritor_1011,马建军,II-115,II-115_02_620623,甘肃省,matched,subitem_12676,child_num 精确匹配
inheritor_1012,华尔贡,II-115,II-115_02_623000,甘肃省,matched,subitem_12677,child_num 精确匹配
inheritor_1013,达哇战斗,II-115,II-115_02_632700,青海省,matched,subitem_12678,child_num 精确匹配
inheritor_1014,排孜拉·依萨克江,II-117,II-117_02_653100,新疆维吾尔自治区,matched,subitem_12686,child_num 精确匹配
inheritor_1015,安宝龙,II-118,II-118_02_632221,青海省,matched,subitem_12688,child_num 精确匹配
inheritor_1016,殷荣珠,II-119,II-119_02_310230,上海市,matched,subitem_12690,child_num 精确匹配
inheritor_1017,林嘉庆,II-119,II-119_02_310115,上海市,matched,subitem_12689,child_num 精确匹配
inheritor_1018,朱大祯,II-119,II-119_02_330482,浙江省,matched,subitem_12691,child_num 精确匹配
inheritor_1019,赵登山,II-120,II-120_02_371700,山东省,matched,subitem_12692,child_num 精确匹配
inheritor_1020,刁登科,II-121,II-121_02_210281,辽宁省,matched,subitem_12694,child_num 精确匹配
inheritor_1021,王国卿,II-121,II-121_02_410183,河南省,matched,subitem_12696,child_num 精确匹配
inheritor_1022,刘耀文,II-123,II-123_02_140100,山西省,matched,subitem_12703,child_num 精确匹配
inheritor_1023,严三秀,II-125,II-125_02_433130,湖南省,matched,subitem_12722,child_num 精确匹配
inheritor_1024,库尔曼江·孜克热亚,II-126,II-126_02_654000,新疆维吾尔自治区,matched,subitem_12723,child_num 精确匹配
inheritor_1025,于苏甫江·亚库普,II-127,II-127_02_650000,新疆维吾尔自治区,matched,subitem_12724,child_num 精确匹配
inheritor_1026,杨枝光,II-129,II-129_02_431230,湖南省,matched,subitem_12728,child_num 精确匹配
inheritor_1027,阿迪力汗·阿不都拉,II-132,II-132_02_654000,新疆维吾尔自治区,matched,subitem_12734,child_num 精确匹配
inheritor_1028,阿迪里别克·卡德尔,II-133,II-133_02_653000,新疆维吾尔自治区,matched,subitem_12735,child_num 精确匹配
inheritor_1029,松纯,II-138,II-138_02_320400,江苏省,matched,subitem_12743,child_num 精确匹配
inheritor_1030,释隆江,II-138,II-138_02_410200,河南省,matched,subitem_12745,child_num 精确匹配
inheritor_1031,顿珠,II-138,II-138_02_540127,西藏自治区,matched,subitem_12746,child_num 精确匹配
inheritor_1032,成来加措,II-138,II-138_02_623027,甘肃省,matched,subitem_12747,child_num 精确匹配
inheritor_1033,徐建业,II-138,II-138_02_640221,宁夏回族自治区,matched,subitem_12749,child_num 精确匹配
inheritor_1034,张玉保,II-139,II-139_02_130531,河北省,matched,subitem_12756,child_num 精确匹配
inheritor_1035,李满山,II-139,II-139_02_140221,山西省,matched,subitem_12757,child_num 精确匹配
inheritor_1036,石季通,II-139,II-139_02_310101,上海市,matched,subitem_12758,child_num 精确匹配
inheritor_1037,尤武忠,II-139,II-139_02_320200,江苏省,matched,subitem_12759,child_num 精确匹配
inheritor_1038,张明贵,II-139,II-139_02_610828,陕西省,matched,subitem_12767,child_num 精确匹配
inheritor_1291,贺俊义,III-2,III-002_01_610826,陕西省,matched,subitem_12817,child_num 精确匹配
inheritor_1292,姚大新,III-2,III-002_02_370125,山东省,matched,subitem_12821,child_num 精确匹配
inheritor_1293,郑玉华,III-4,III-004_02_130435,河北省,matched,subitem_12834,child_num 精确匹配
inheritor_1294,费土根,III-4,III-004_02_310117,上海市,matched,subitem_12837,child_num 精确匹配
inheritor_1295,杨书范,III-4,III-004_02_320117,江苏省,matched,subitem_12838,child_num 精确匹配
inheritor_1296,黄焯根,III-4,III-004_02_442000,广东省,matched,subitem_12847,child_num 精确匹配
inheritor_1297,王建文,III-5,III-005_02_110000,北京市,matched,subitem_12872,child_num 精确匹配
inheritor_1298,尹少山,III-5,III-005_02_130921,河北省,matched,subitem_12873,child_num 精确匹配
inheritor_1299,李大志,III-5,III-005_02_411624,河南省,matched,subitem_12876,child_num 精确匹配
inheritor_1300,杨再先,III-6,III-006_01_340300,安徽省,matched,subitem_12887,child_num 精确匹配
inheritor_1301,邓虹,III-6,III-006_01_340421,安徽省,matched,subitem_12888,child_num 精确匹配
inheritor_1302,张士根,III-6,III-006_01_340421,安徽省,matched,subitem_12888,child_num 精确匹配
inheritor_1303,程长庆,III-7,III-007_01_361130,江西省,matched,subitem_12892,child_num 精确匹配
inheritor_1304,彭英芳,III-7,III-007_02_440811,广东省,matched,subitem_12896,child_num 精确匹配
inheritor_1305,余杨富,III-7,III-007_02_621222,甘肃省,matched,subitem_12897,child_num 精确匹配
inheritor_1306,范廷禄,III-7,III-007_02_622923,甘肃省,matched,subitem_12898,child_num 精确匹配
inheritor_1307,杨敏,III-9,III-009_01_210381,辽宁省,matched,subitem_12905,child_num 精确匹配
inheritor_1308,王新惠,III-9,III-009_02_210881,辽宁省,matched,subitem_12908,child_num 精确匹配
inheritor_1309,邱剑英,III-12,III-012_01_350500,福建省,matched,subitem_12915,child_num 精确匹配
inheritor_1310,田景仁,III-17,III-017_02_500242,重庆市,matched,subitem_12924,child_num 精确匹配
inheritor_1311,阿德,III-20,III-020_02_513329,四川省,matched,subitem_12937,child_num 精确匹配
inheritor_1312,白马尼麦,III-20,III-020_02_513329,四川省,matched,subitem_12937,child_num 精确匹配
inheritor_1313,才哇,III-20,III-020_02_632723,青海省,matched,subitem_12940,child_num 精确匹配
inheritor_1314,布扎西,III-20,III-020_02_632725,青海省,matched,subitem_12941,child_num 精确匹配
inheritor_1315,金明焕,III-24,III-024_01_210500,辽宁省,matched,subitem_12961,child_num 精确匹配
inheritor_1316,韩奎昇,III-24,III-024_02_211200,辽宁省,matched,subitem_12963,child_num 精确匹配
inheritor_1317,李成元,III-42,III-042_02_610823,陕西省,matched,subitem_12996,child_num 精确匹配
inheritor_1318,杨门元,III-42,III-042_02_620600,甘肃省,matched,subitem_12998,child_num 精确匹配
inheritor_1319,代三海,III-42,III-042_02_620524,甘肃省,matched,subitem_12997,child_num 精确匹配
inheritor_1320,杨印海,III-43,III-043_02_130983,河北省,matched,subitem_13003,child_num 精确匹配
inheritor_1321,汤裕道,III-44,III-044_02_320118,江苏省,matched,subitem_13012,child_num 精确匹配
inheritor_1322,陈金文,III-45,III-045_02_350300,福建省,matched,subitem_13018,child_num 精确匹配
inheritor_1323,吴观球,III-45,III-045_02_440300,广东省,matched,subitem_13021,child_num 精确匹配
inheritor_1324,毋启富,III-45,III-045_02_410822,河南省,matched,subitem_13020,child_num 精确匹配
inheritor_1325,张洪通,III-46,III-046_02_130927,河北省,matched,subitem_13026,child_num 精确匹配
inheritor_1326,孙永超,III-48,III-048_02_340421,安徽省,matched,subitem_13028,child_num 精确匹配
inheritor_1327,吴修富,III-52,III-052_02_422802,湖北省,matched,subitem_13032,child_num 精确匹配
inheritor_1328,吴华得,III-55,III-055_02_511923,四川省,matched,subitem_13035,child_num 精确匹配
inheritor_1329,张有万,III-56,III-056_02_610824,陕西省,matched,subitem_13036,child_num 精确匹配
inheritor_1330,赵明华,III-60,III-060_02_431129,湖南省,matched,subitem_13041,child_num 精确匹配
inheritor_1331,朱金龙,III-62,III-062_02_513221,四川省,matched,subitem_13048,child_num 精确匹配
inheritor_1332,茶春梅,III-70,III-070_02_532927,云南省,matched,subitem_13056,child_num 精确匹配
inheritor_1333,鲁朝金,III-71,III-071_02_532926,云南省,matched,subitem_13057,child_num 精确匹配
inheritor_1334,俸继明,III-77,III-077_02_530925,云南省,matched,subitem_13064,child_num 精确匹配
inheritor_1335,李增保,III-79,III-079_02_530828,云南省,matched,subitem_13066,child_num 精确匹配
inheritor_1336,昂嘎,III-80,III-080_02_540127,西藏自治区,matched,subitem_13067,child_num 精确匹配
inheritor_1337,拉巴,III-82,III-082_02_542326,西藏自治区,matched,subitem_13071,child_num 精确匹配
inheritor_1338,索朗次仁,III-83,III-083_02_620102,西藏自治区,matched,subitem_13074,child_num 精确匹配
inheritor_1339,次旺丹增,III-83,III-083_02_542322,西藏自治区,matched,subitem_13073,child_num 精确匹配
inheritor_1340,平措玉杰,III-85,III-085_02_540000,西藏自治区,matched,subitem_13077,child_num 精确匹配
inheritor_1341,江白轮珠,III-86,III-086_02_542129,西藏自治区,matched,subitem_13078,child_num 精确匹配
inheritor_1342,扎桑,III-89,III-089_02_540124,西藏自治区,matched,subitem_13081,child_num 精确匹配
inheritor_1343,李扎西,III-90,III-090_02_623023,甘肃省,matched,subitem_13082,child_num 精确匹配
inheritor_1344,卢永祥,III-91,III-091_02_623022,甘肃省,matched,subitem_13083,child_num 精确匹配
inheritor_1345,月香,III-95,III-095_02_654022,新疆维吾尔自治区,matched,subitem_13088,child_num 精确匹配
inheritor_1346,艾买提·司马义,III-96,III-096_02_652200,新疆维吾尔自治区,matched,subitem_13089,child_num 精确匹配
inheritor_1821,张寄蝶,IV-1,IV-001_01_320000,江苏省,matched,subitem_13136,child_num 精确匹配
inheritor_1822,黄小午,IV-1,IV-001_01_320000,江苏省,matched,subitem_13136,child_num 精确匹配
inheritor_1823,石小梅,IV-1,IV-001_01_320000,江苏省,matched,subitem_13136,child_num 精确匹配
inheritor_1824,胡锦芳,IV-1,IV-001_01_320000,江苏省,matched,subitem_13136,child_num 精确匹配
inheritor_1825,林继凡,IV-1,IV-001_01_320000,江苏省,matched,subitem_13136,child_num 精确匹配
inheritor_1826,柳继雁,IV-1,IV-001_01_320000,江苏省,matched,subitem_13136,child_num 精确匹配
inheritor_1827,林媚媚,IV-1,IV-001_01_330000,浙江省,matched,subitem_13138,child_num 精确匹配
inheritor_1828,辛清华,IV-1,IV-001_01_310000,上海市,matched,subitem_13135,child_num 精确匹配
inheritor_1829,王芝泉,IV-1,IV-001_01_310000,上海市,matched,subitem_13135,child_num 精确匹配
inheritor_1830,韩建成,IV-1,IV-001_01_110000,北京市,matched,subitem_13133,child_num 精确匹配
inheritor_1831,丛兆桓,IV-1,IV-001_01_110000,北京市,matched,subitem_13133,child_num 精确匹配
inheritor_1832,雷子文,IV-1,IV-001_01_430000,湖南省,matched,subitem_13139,child_num 精确匹配
inheritor_1833,陈济民,IV-2,IV-002_01_350500,福建省,matched,subitem_13140,child_num 精确匹配
inheritor_1834,蔡娅治,IV-2,IV-002_01_350500,福建省,matched,subitem_13140,child_num 精确匹配
inheritor_1835,王胜利,IV-2,IV-002_01_350500,福建省,matched,subitem_13140,child_num 精确匹配
inheritor_1836,王少媛,IV-3,IV-003_01_350300,福建省,matched,subitem_13141,child_num 精确匹配
inheritor_1837,吴陈俊,IV-7,IV-007_01_331124,浙江省,matched,subitem_13150,child_num 精确匹配
inheritor_1838,任庭芳,IV-12,IV-012_01_510000,四川省,matched,subitem_13161,child_num 精确匹配
inheritor_1839,徐寿年,IV-12,IV-012_01_510000,四川省,matched,subitem_13161,child_num 精确匹配
inheritor_1840,肖德美,IV-12,IV-012_01_510000,四川省,matched,subitem_13161,child_num 精确匹配
inheritor_1841,高凤莲,IV-12,IV-012_01_500000,重庆市,matched,subitem_13160,child_num 精确匹配
inheritor_1842,周继培,IV-12,IV-012_01_500000,重庆市,matched,subitem_13160,child_num 精确匹配
inheritor_1843,许倩云,IV-12,IV-012_01_500000,重庆市,matched,subitem_13160,child_num 精确匹配
inheritor_1844,马友仙,IV-16,IV-016_01_610000,陕西省,matched,subitem_13165,child_num 精确匹配
inheritor_1845,贠宗翰,IV-16,IV-016_01_610000,陕西省,matched,subitem_13165,child_num 精确匹配
inheritor_1846,李爱琴,IV-16,IV-016_01_610000,陕西省,matched,subitem_13165,child_num 精确匹配
inheritor_1847,肖玉玲,IV-16,IV-016_01_610000,陕西省,matched,subitem_13165,child_num 精确匹配
inheritor_1848,康少易,IV-16,IV-016_01_610000,陕西省,matched,subitem_13165,child_num 精确匹配
inheritor_1849,吕明发,IV-16,IV-016_01_610000,陕西省,matched,subitem_13165,child_num 精确匹配
inheritor_1850,余巧云,IV-16,IV-016_01_610000,陕西省,matched,subitem_13165,child_num 精确匹配
inheritor_1851,田桂兰,IV-18,IV-018_01_140000,山西省,matched,subitem_13171,child_num 精确匹配
inheritor_1852,程玉英,IV-18,IV-018_01_140000,山西省,matched,subitem_13171,child_num 精确匹配
inheritor_1853,马玉楼,IV-18,IV-018_01_140000,山西省,matched,subitem_13171,child_num 精确匹配
inheritor_1854,吴同,IV-12,IV-018_02_130700,河北省,matched,subitem_13172,child_num 精确匹配
inheritor_1855,牛学祯,IV-18,IV-018_02_130700,河北省,matched,subitem_13172,child_num 精确匹配
inheritor_1856,杨仲义,IV-20,IV-020_01_140900,山西省,matched,subitem_13179,child_num 精确匹配
inheritor_1857,成凤英,IV-20,IV-020_01_140900,山西省,matched,subitem_13179,child_num 精确匹配
inheritor_1858,吴国华,IV-21,IV-021_01_140500,山西省,matched,subitem_13181,child_num 精确匹配
inheritor_1859,张爱珍,IV-21,IV-021_01_140500,山西省,matched,subitem_13181,child_num 精确匹配
inheritor_1860,张保平,IV-21,IV-021_01_140500,山西省,matched,subitem_13181,child_num 精确匹配
inheritor_1861,张志明,IV-21,IV-021_02_140400,山西省,matched,subitem_13182,child_num 精确匹配
inheritor_1862,田春鸟,IV-22,IV-022_01_130000,河北省,matched,subitem_13183,child_num 精确匹配
inheritor_1863,王冠君,IV-23,IV-023_01_410000,河南省,matched,subitem_13186,child_num 精确匹配
inheritor_1864,冯占顺,IV-23,IV-023_01_410000,河南省,matched,subitem_13186,child_num 精确匹配
inheritor_1865,李建海,IV-24,IV-024_01_411325,河南省,matched,subitem_13188,child_num 精确匹配
inheritor_1866,何西良,IV-26,IV-026_02_371702,山东省,matched,subitem_13193,child_num 精确匹配
inheritor_1867,毛爱莲,IV-27,IV-027_02_411000,河南省,matched,subitem_13198,child_num 精确匹配
inheritor_1868,冯志孝,IV-28,IV-028_01_110102,未知,matched,subitem_13202,child_num 精确匹配
inheritor_1869,王晶华,IV-28,IV-028_01_110102,未知,matched,subitem_13202,child_num 精确匹配
inheritor_1870,张春孝,IV-28,IV-028_01_110102,未知,matched,subitem_13202,child_num 精确匹配
inheritor_1871,张学津,IV-28,IV-028_01_110000,北京市,matched,subitem_13201,child_num 精确匹配
inheritor_1872,赵葆秀,IV-28,IV-028_01_110000,北京市,matched,subitem_13201,child_num 精确匹配
inheritor_1873,邓沐玮,IV-28,IV-028_01_120000,天津市,matched,subitem_13203,child_num 精确匹配
inheritor_1874,杨乃彭,IV-28,IV-028_01_120000,天津市,matched,subitem_13203,child_num 精确匹配
inheritor_1875,艾世菊,IV-28,IV-028_01_310000,上海市,matched,subitem_13205,child_num 精确匹配
inheritor_1876,汪正华,IV-28,IV-028_01_310000,上海市,matched,subitem_13205,child_num 精确匹配
inheritor_1877,李炳淑,IV-28,IV-028_01_310000,上海市,matched,subitem_13205,child_num 精确匹配
inheritor_1878,童祥苓,IV-28,IV-028_01_310000,上海市,matched,subitem_13205,child_num 精确匹配
inheritor_1879,周少麟,IV-28,IV-028_01_310000,上海市,matched,subitem_13205,child_num 精确匹配
inheritor_1880,朱世慧,IV-28,IV-028_02_420111,湖北省,matched,subitem_13207,child_num 精确匹配
inheritor_1881,谷化民,IV-29,IV-029_01_340000,安徽省,matched,subitem_13210,child_num 精确匹配
inheritor_1882,胡和颜,IV-30,IV-030_01_420100,湖北省,matched,subitem_13213,child_num 精确匹配
inheritor_1883,程彩萍,IV-30,IV-030_01_420100,湖北省,matched,subitem_13213,child_num 精确匹配
inheritor_1884,邓玉璇,IV-33,IV-033_01_350800,福建省,matched,subitem_13217,child_num 精确匹配
inheritor_1885,刘厚云,IV-35,IV-035_02_421000,湖北省,matched,subitem_13220,child_num 精确匹配
inheritor_1886,孟凡真,IV-39,IV-039_02_130533,河北省,matched,subitem_13232,child_num 精确匹配
inheritor_1887,安录昌,IV-40,IV-040_01_130100,河北省,matched,subitem_13235,child_num 精确匹配
inheritor_1888,范增,IV-42,IV-042_01_140224,山西省,matched,subitem_13237,child_num 精确匹配
inheritor_1889,李松云,IV-43,IV-043_01_370000,山东省,matched,subitem_13238,child_num 精确匹配
inheritor_1890,孔祥启,IV-43,IV-043_01_370000,山东省,matched,subitem_13238,child_num 精确匹配
inheritor_1891,冯宝泉,IV-43,IV-043_01_370000,山东省,matched,subitem_13238,child_num 精确匹配
inheritor_1892,宋自武,IV-44,IV-044_01_410526,河南省,matched,subitem_13240,child_num 精确匹配
inheritor_1893,陈乃春,IV-45,IV-045_01_350100,福建省,matched,subitem_13243,child_num 精确匹配
inheritor_1894,陈新国,IV-45,IV-045_01_350100,福建省,matched,subitem_13243,child_num 精确匹配
inheritor_1895,严木田,IV-47,IV-047_01_441521,广东省,matched,subitem_13245,child_num 精确匹配
inheritor_1896,吕忠文,IV-48,IV-048_01_350500,福建省,matched,subitem_13247,child_num 精确匹配
inheritor_1897,苏燕玉,IV-48,IV-048_01_350500,福建省,matched,subitem_13247,child_num 精确匹配
inheritor_1898,林英梨,IV-48,IV-048_01_350200,福建省,matched,subitem_13246,child_num 精确匹配
inheritor_1899,刘玉芝,IV-50,IV-050_02_370828,山东省,matched,subitem_13253,child_num 精确匹配
inheritor_1900,王凤云,IV-50,IV-050_02_371723,山东省,matched,subitem_13254,child_num 精确匹配
inheritor_1901,周丹,IV-51,IV-051_01_210100,辽宁省,matched,subitem_13258,child_num 精确匹配
inheritor_1902,刘萍,IV-51,IV-051_02_110106,北京市,matched,subitem_13260,child_num 精确匹配
inheritor_1903,谷文月,IV-51,IV-051_02_110106,北京市,matched,subitem_13260,child_num 精确匹配
inheritor_1904,陈佩华,IV-51,IV-051_01_120115,天津市,matched,subitem_13256,child_num 精确匹配
inheritor_1905,金采风,IV-53,IV-053_01_310000,上海市,matched,subitem_13266,child_num 精确匹配
inheritor_1906,吕瑞英,IV-53,IV-053_01_310000,上海市,matched,subitem_13266,child_num 精确匹配
inheritor_1907,毕春芳,IV-53,IV-053_01_310000,上海市,matched,subitem_13266,child_num 精确匹配
inheritor_1908,韩玉敏,IV-54,IV-054_01_310000,上海市,matched,subitem_13269,child_num 精确匹配
inheritor_1909,沈仁伟,IV-54,IV-054_01_310000,上海市,matched,subitem_13269,child_num 精确匹配
inheritor_1910,茅善玉,IV-54,IV-054_01_310000,上海市,matched,subitem_13269,child_num 精确匹配
inheritor_1911,丁杰,IV-55,IV-055_01_320500,江苏省,matched,subitem_13270,child_num 精确匹配
inheritor_1912,蒋剑锋,IV-56,IV-056_02_320101,江苏省,matched,subitem_13272,child_num 精确匹配
inheritor_1913,吴蕙明,IV-56,IV-056_02_320101,江苏省,matched,subitem_13272,child_num 精确匹配
inheritor_1914,筱荣贵,IV-56,IV-056_02_321100,江苏省,matched,subitem_13273,child_num 精确匹配
inheritor_1915,姚恭林,IV-56,IV-056_02_321100,江苏省,matched,subitem_13273,child_num 精确匹配
inheritor_1916,丁玉兰,IV-57,IV-057_01_340100,安徽省,matched,subitem_13274,child_num 精确匹配
inheritor_1917,孙邦栋,IV-57,IV-057_01_340100,安徽省,matched,subitem_13274,child_num 精确匹配
inheritor_1918,张一平,IV-58,IV-058_01_420000,湖北省,matched,subitem_13277,child_num 精确匹配
inheritor_1919,张巧珍,IV-58,IV-058_01_420000,湖北省,matched,subitem_13277,child_num 精确匹配
inheritor_1920,王传玲,IV-63,IV-063_01_370481,山东省,multiple_candidates,subitem_13287;subitem_13289,项目编号+省份存在多个候选
inheritor_1921,朱树龙,IV-63,IV-063_02_320300,江苏省,matched,subitem_13288,child_num 精确匹配
inheritor_1922,张金兰,IV-63,IV-063_02_371300,山东省,matched,subitem_13289,child_num 精确匹配
inheritor_1923,李家高,IV-65,IV-065_02_420222,湖北省,matched,subitem_13294,child_num 精确匹配
inheritor_1924,高桂枝,IV-68,IV-068_01_410000,河南省,matched,subitem_13301,child_num 精确匹配
inheritor_1925,肖德金,IV-69,IV-069_01_620982,甘肃省,matched,subitem_13303,child_num 精确匹配
inheritor_1926,张福,IV-70,IV-070_01_140600,山西省,matched,subitem_13308,child_num 精确匹配
inheritor_1927,张润来,IV-70,IV-070_01_140924,山西省,matched,subitem_13309,child_num 精确匹配
inheritor_1928,苗根生,IV-70,IV-070_02_140727,山西省,matched,subitem_13315,child_num 精确匹配
inheritor_1929,白美云,IV-70,IV-070_02_140726,山西省,matched,subitem_13314,child_num 精确匹配
inheritor_1930,任森奎,IV-70,IV-070_02_140429,山西省,matched,subitem_13313,child_num 精确匹配
inheritor_1931,武利平,IV-73,IV-073_01_150100,内蒙古自治区,matched,subitem_13330,child_num 精确匹配
inheritor_1932,杜焕荣,IV-73,IV-073_01_140930,山西省,matched,subitem_13329,child_num 精确匹配
inheritor_1933,贾德义,IV-73,IV-073_01_140930,山西省,matched,subitem_13329,child_num 精确匹配
inheritor_1934,淡文珍,IV-73,IV-073_02_610822,陕西省,matched,subitem_13331,child_num 精确匹配
inheritor_1935,钟石金,IV-75,IV-075_01_441621,广东省,matched,subitem_13334,child_num 精确匹配
inheritor_1936,孟永香,IV-77,IV-077_02_428801,湖北省,matched,subitem_13338,child_num 精确匹配
inheritor_1937,吴尚德,IV-83,IV-083_02_431230,湖南省,matched,subitem_13365,child_num 精确匹配
inheritor_1938,金星明,IV-86,IV-086_01_533100,云南省,matched,subitem_13369,child_num 精确匹配
inheritor_1939,李正勤,IV-88,IV-088_01_140821,山西省,matched,subitem_13375,child_num 精确匹配
inheritor_1940,蒋品三,IV-89,IV-089_02_422801,湖北省,matched,subitem_13382,child_num 精确匹配
inheritor_1941,刘佳文,IV-91,IV-091_01_130200,河北省,matched,subitem_13392,child_num 精确匹配
inheritor_1942,李修山,IV-91,IV-091_01_130400,河北省,matched,subitem_13393,child_num 精确匹配
inheritor_1943,王钱松,IV-91,IV-091_01_330481,浙江省,matched,subitem_13397,child_num 精确匹配
inheritor_1944,张坤荣,IV-91,IV-091_01_330481,浙江省,matched,subitem_13397,child_num 精确匹配
inheritor_1945,沈圣标,IV-91,IV-091_01_330481,浙江省,matched,subitem_13397,child_num 精确匹配
inheritor_1946,谷宝珍,IV-91,IV-091_02_231221,黑龙江省,matched,subitem_13409,child_num 精确匹配
inheritor_1947,范正安,IV-91,IV-091_02_370900,山东省,matched,subitem_13411,child_num 精确匹配
inheritor_1948,李兴时,IV-91,IV-091_02_370100,山东省,matched,subitem_13410,child_num 精确匹配
inheritor_1949,陈光辉,IV-91,IV-091_02_411521,河南省,matched,subitem_13413,child_num 精确匹配
inheritor_1950,林聪鹏,IV-92,IV-092_01_350500,福建省,matched,subitem_13429,child_num 精确匹配
inheritor_1951,王建生,IV-92,IV-092_01_350500,福建省,matched,subitem_13429,child_num 精确匹配
inheritor_1952,颜洒容,IV-92,IV-092_01_350582,福建省,matched,subitem_13430,child_num 精确匹配
inheritor_1953,陈炎森,IV-92,IV-092_01_350600,福建省,matched,subitem_13431,child_num 精确匹配
inheritor_1954,武兴,IV-92,IV-092_02_141181,山西省,matched,subitem_13439,child_num 精确匹配
inheritor_1955,殷大宁,IV-92,IV-092_02_321000,江苏省,matched,subitem_13440,child_num 精确匹配
inheritor_1956,华美霞,IV-92,IV-092_02_321000,江苏省,matched,subitem_13440,child_num 精确匹配
inheritor_1957,卓乃金,IV-92,IV-092_02_330326,浙江省,matched,subitem_13441,child_num 精确匹配
inheritor_1958,吴明月,IV-92,IV-092_02_330327,浙江省,matched,subitem_13442,child_num 精确匹配
inheritor_1959,王贯英,IV-93,IV-093_02_130600,河北省,matched,subitem_13455,child_num 精确匹配
inheritor_1960,辛秋花,IV-93,IV-093_02_130600,河北省,matched,subitem_13455,child_num 精确匹配
inheritor_1961,庞小保,IV-95,IV-095_02_130481,河北省,matched,subitem_13463,child_num 精确匹配
inheritor_1962,张海臣,IV-96,IV-096_02_130429,河北省,matched,subitem_13465,child_num 精确匹配
inheritor_1963,朱月梅,IV-97,IV-097_02_341300,安徽省,matched,subitem_13467,child_num 精确匹配
inheritor_1964,李仙宝,IV-98,IV-098_02_140426,山西省,matched,subitem_13468,child_num 精确匹配
inheritor_1965,李英杰,IV-99,IV-099_02_140800,山西省,matched,subitem_13470,child_num 精确匹配
inheritor_1966,赵有年,IV-100,IV-100_02_210300,辽宁省,matched,subitem_13475,child_num 精确匹配
inheritor_1967,赵贵君,IV-101,IV-101_02_220122,吉林省,matched,subitem_13476,child_num 精确匹配
inheritor_1968,筱文艳,IV-102,IV-102_02_310101,上海市,matched,subitem_13477,child_num 精确匹配
inheritor_1969,马秀英,IV-102,IV-102_02_310101,上海市,matched,subitem_13477,child_num 精确匹配
inheritor_1970,张云良,IV-102,IV-102_02_320900,江苏省,matched,subitem_13478,child_num 精确匹配
inheritor_1971,裔小萍,IV-102,IV-102_02_320900,江苏省,matched,subitem_13478,child_num 精确匹配
inheritor_1972,倪同芳,IV-103,IV-103_02_320101,江苏省,matched,subitem_13481,child_num 精确匹配
inheritor_1973,王兰英,IV-103,IV-103_02_320101,江苏省,matched,subitem_13481,child_num 精确匹配
inheritor_1974,沈佩华,IV-103,IV-103_02_320101,江苏省,matched,subitem_13481,child_num 精确匹配
inheritor_1975,姚澄,IV-103,IV-103_02_320101,江苏省,matched,subitem_13481,child_num 精确匹配
inheritor_1976,吴雅童,IV-103,IV-103_02_320400,江苏省,matched,subitem_13483,child_num 精确匹配
inheritor_1977,杨秀英,IV-104,IV-104_02_320800,江苏省,matched,subitem_13485,child_num 精确匹配
inheritor_1978,胡夕平,IV-105,IV-105_02_320612,江苏省,matched,subitem_13486,child_num 精确匹配
inheritor_1979,陈茶花,IV-106,IV-106_02_330300,浙江省,matched,subitem_13487,child_num 精确匹配
inheritor_1980,李子敏,IV-106,IV-106_02_330300,浙江省,matched,subitem_13487,child_num 精确匹配
inheritor_1981,沈守良,IV-108,IV-108_02_330281,浙江省,matched,subitem_13489,child_num 精确匹配
inheritor_1982,葛素云,IV-110,IV-110_02_330700,浙江省,matched,subitem_13491,child_num 精确匹配
inheritor_1983,郑兰香,IV-110,IV-110_02_330700,浙江省,matched,subitem_13491,child_num 精确匹配
inheritor_1984,姜志谦,IV-110,IV-110_02_330881,浙江省,matched,subitem_13492,child_num 精确匹配
inheritor_1985,吕金玲,IV-112,IV-112_02_341300,安徽省,matched,subitem_13495,child_num 精确匹配
inheritor_1986,周钦全,IV-112,IV-112_02_340600,安徽省,matched,subitem_13494,child_num 精确匹配
inheritor_1987,迟秀云,IV-112,IV-112_02_341800,安徽省,matched,subitem_13496,child_num 精确匹配
inheritor_1988,杨玉屏,IV-112,IV-112_02_341800,安徽省,matched,subitem_13496,child_num 精确匹配
inheritor_1989,杨建娥,IV-112,IV-112_02_430700,湖南省,matched,subitem_13501,child_num 精确匹配
inheritor_1990,田爱云,IV-113,IV-113_02_410200,河南省,matched,subitem_13510,child_num 精确匹配
inheritor_1991,李京华,IV-113,IV-113_02_371727,山东省,matched,subitem_13509,child_num 精确匹配
inheritor_1992,宋瑞桃,IV-113,IV-113_02_371727,山东省,matched,subitem_13509,child_num 精确匹配
inheritor_1993,吴天乙,IV-114,IV-114_02_350500,福建省,matched,subitem_13512,child_num 精确匹配
inheritor_1994,张贤读,IV-115,IV-115_02_350923,福建省,matched,subitem_13513,child_num 精确匹配
inheritor_1995,郎咸芬,IV-116,IV-116_02_370112,山东省,matched,subitem_13515,child_num 精确匹配
inheritor_1996,李岱江,IV-116,IV-116_02_370112,山东省,matched,subitem_13515,child_num 精确匹配
inheritor_1997,李渔,IV-116,IV-116_02_370112,山东省,matched,subitem_13515,child_num 精确匹配
inheritor_1998,林建华,IV-116,IV-116_02_370112,山东省,matched,subitem_13515,child_num 精确匹配
inheritor_1999,刘桂松,IV-118,IV-118_02_371700,山东省,matched,subitem_13522,child_num 精确匹配
inheritor_2000,郝瑞芝,IV-118,IV-118_02_371700,山东省,matched,subitem_13522,child_num 精确匹配
inheritor_2001,开瑞宝,IV-118,IV-118_02_370829,山东省,matched,subitem_13520,child_num 精确匹配
inheritor_2002,房灵合,IV-120,IV-120_02_371700,山东省,matched,subitem_13524,child_num 精确匹配
inheritor_2003,张文英,IV-120,IV-120_02_371700,山东省,matched,subitem_13524,child_num 精确匹配
inheritor_2004,蒋云霞,IV-121,IV-121_02_320300,江苏省,matched,subitem_13525,child_num 精确匹配
inheritor_2005,曾金贵,IV-127,IV-127_02_430100,湖南省,matched,subitem_13535,child_num 精确匹配
inheritor_2006,曹汝龙,IV-127,IV-127_02_430100,湖南省,matched,subitem_13535,child_num 精确匹配
inheritor_2007,谢忠义,IV-127,IV-127_02_430021,湖南省,matched,subitem_13534,child_num 精确匹配
inheritor_2008,刘登雄,IV-128,IV-128_02_430502,湖南省,matched,subitem_13538,child_num 精确匹配
inheritor_2009,梁素珍,IV-129,IV-129_02_441400,广东省,matched,subitem_13540,child_num 精确匹配
inheritor_2010,王英蓉,IV-130,IV-130_02_460108,海南省,matched,subitem_13542,child_num 精确匹配
inheritor_2011,陈育明,IV-130,IV-130_02_460100,海南省,matched,subitem_13541,child_num 精确匹配
inheritor_2012,党中信,IV-133,IV-133_02_610524,陕西省,matched,subitem_13547,child_num 精确匹配
inheritor_2013,尹维新,IV-134,IV-134_02_621200,甘肃省,matched,subitem_13548,child_num 精确匹配
inheritor_2014,李家显,IV-135,IV-135_02_530522,云南省,matched,subitem_13549,child_num 精确匹配
inheritor_2015,李茂荣,IV-136,IV-136_02_532326,云南省,matched,subitem_13550,child_num 精确匹配
inheritor_2016,洪琪,IV-138,IV-138_02_450100,广西壮族自治区,matched,subitem_13552,child_num 精确匹配
inheritor_2367,王月香,V-1,V-001_01_320500a,江苏省,matched,subitem_13581,child_num 精确匹配
inheritor_2368,邢晏春,V-2,V-001_01_320500a,江苏省,matched,subitem_13581,child_num 精确匹配
inheritor_2369,张国良,V-1,V-001_01_320500a,江苏省,matched,subitem_13581,child_num 精确匹配
inheritor_2370,金声伯,V-1,V-001_01_320500a,江苏省,matched,subitem_13581,child_num 精确匹配
inheritor_2371,杨乃珍,V-1,V-001_01_320500a,江苏省,matched,subitem_13581,child_num 精确匹配
inheritor_2372,陈希安,V-1,V-001_02_310000,上海市,matched,subitem_13582,child_num 精确匹配
inheritor_2373,余红仙,V-1,V-001_02_310000,上海市,matched,subitem_13582,child_num 精确匹配
inheritor_2374,惠兆龙,V-2,V-002_01_321000,江苏省,matched,subitem_13585,child_num 精确匹配
inheritor_2375,王立岩,V-8,V-008_01_130225,河北省,matched,subitem_13602,child_num 精确匹配
inheritor_2376,董湘昆,V-10,V-010_01_120115,天津市,matched,subitem_13604,child_num 精确匹配
inheritor_2377,梁金华,V-11,V-011_02_370200,山东省,matched,subitem_13607,child_num 精确匹配
inheritor_2378,宋小青,V-18,V-018_02_330600,浙江省,matched,subitem_13617,child_num 精确匹配
inheritor_2379,宋爱华,V-20,V-020_01_410000,河南省,matched,subitem_13621,child_num 精确匹配
inheritor_2380,魏世发,V-24,V-024_01_620100,甘肃省,matched,subitem_13628,child_num 精确匹配
inheritor_2381,玉光,V-44,V-044_01_532800,云南省,matched,subitem_13665,child_num 精确匹配
inheritor_2382,康朗屯,V-44,V-044_01_532800,云南省,matched,subitem_13665,child_num 精确匹配
inheritor_2383,布比玛丽·贾合甫拜,V-45,V-045_01_654000,新疆维吾尔自治区,matched,subitem_13666,child_num 精确匹配
inheritor_2384,常宝霆,V-47,V-047_02_120000,天津市,matched,subitem_13671,child_num 精确匹配
inheritor_2385,李仁珍,V-50,V-050_02_321000,江苏省,matched,subitem_13676,child_num 精确匹配
inheritor_2386,彭延坤,V-51,V-051_02_430100,湖南省,matched,subitem_13677,child_num 精确匹配
inheritor_2387,胡正华,V-52,V-052_02_330100,浙江省,matched,subitem_13678,child_num 精确匹配
inheritor_2388,李自新,V-53,V-053_02_330100,浙江省,matched,subitem_13679,child_num 精确匹配
inheritor_2389,连丽如,V-57,V-057_02_110102,北京市,matched,subitem_13683,child_num 精确匹配
inheritor_2390,单田芳,V-57,V-057_02_210300,辽宁省,matched,subitem_13684,child_num 精确匹配
inheritor_2391,刘兰芳,V-57,V-057_02_210300,辽宁省,matched,subitem_13684,child_num 精确匹配
inheritor_2392,田连元,V-57,V-057_02_210500,辽宁省,matched,subitem_13685,child_num 精确匹配
inheritor_2393,何祚欢,V-58,V-058_02_420100,湖北省,matched,subitem_13687,child_num 精确匹配
inheritor_2394,张明智,V-61,V-061_02_420100,湖北省,matched,subitem_13690,child_num 精确匹配
inheritor_2395,王俊川,V-62,V-062_02_140423,山西省,matched,subitem_13692,child_num 精确匹配
inheritor_2396,栗四文,V-64,V-064_02_140430,山西省,matched,subitem_13694,child_num 精确匹配
inheritor_2397,雷恩久,V-64,V-064_02_411300,河南省,matched,subitem_13695,child_num 精确匹配
inheritor_2398,徐文珠,V-66,V-066_02_330482,浙江省,matched,subitem_13697,child_num 精确匹配
inheritor_2399,杨华生,V-68,V-068_02_310101,上海市,matched,subitem_13700,child_num 精确匹配
inheritor_2400,王汝刚,V-68,V-068_02_310101,上海市,matched,subitem_13700,child_num 精确匹配
inheritor_2401,刘树根,V-68,V-068_02_330100,浙江省,matched,subitem_13701,child_num 精确匹配
inheritor_2402,魏云彩,V-73,V-073_02_320300,江苏省,matched,subitem_13706,child_num 精确匹配
inheritor_2403,徐述,V-75,V-075_02_510105,四川省,matched,subitem_13708,child_num 精确匹配
inheritor_2404,刘时燕,V-75,V-075_02_510105,四川省,matched,subitem_13708,child_num 精确匹配
inheritor_2405,华国秀,V-76,V-076_02_500101,重庆市,matched,subitem_13712,child_num 精确匹配
inheritor_2406,程永玲,V-77,V-077_02_510106,四川省,matched,subitem_13714,child_num 精确匹配
inheritor_2407,肖顺瑜,V-77,V-077_02_510106,四川省,matched,subitem_13714,child_num 精确匹配
inheritor_2408,朱顺根,V-78,V-078_02_330700,浙江省,matched,subitem_13716,child_num 精确匹配
inheritor_2409,叶英盛,V-78,V-078_02_330782,浙江省,matched,subitem_13717,child_num 精确匹配
inheritor_2410,何云根,V-83,V-083_02_330621,浙江省,matched,subitem_13723,child_num 精确匹配
inheritor_2411,戴春兰,V-84,V-084_02_330302,浙江省,matched,subitem_13724,child_num 精确匹配
inheritor_2412,谭柏树,V-88,V-088_02_500103,重庆市,matched,subitem_13731,child_num 精确匹配
inheritor_2413,黄吉森,V-88,V-088_02_500103,重庆市,matched,subitem_13731,child_num 精确匹配
inheritor_2414,邹忠新,V-91,V-091_02_510100,四川省,matched,subitem_13734,child_num 精确匹配
inheritor_2415,张徐,V-91,V-091_02_510100,四川省,matched,subitem_13734,child_num 精确匹配
inheritor_2416,刘钧,V-92,V-092_02_630100,青海省,matched,subitem_13736,child_num 精确匹配
inheritor_2417,李得顺,V-93,V-093_02_630100,青海省,matched,subitem_13737,child_num 精确匹配
inheritor_2523,陈新发,VI-6,VI-006_01_350900,福建省,matched,subitem_13782,child_num 精确匹配
inheritor_2524,胡金超,VI-6,VI-006_02_330784,浙江省,matched,subitem_13783,child_num 精确匹配
inheritor_2526,陈敬宇,VI-10,VI-010_02_130900b,河北省,matched,subitem_13791,child_num 精确匹配
inheritor_2527,吴连枝,VI-10,VI-010_02_130900c,河北省,matched,subitem_13792,child_num 精确匹配
inheritor_2528,杨振国,VI-11,VI-011_01_130429,河北省,matched,subitem_13794,child_num 精确匹配
inheritor_2530,陈正雷,VI-11,VI-011_01_410800,河南省,matched,subitem_13795,child_num 精确匹配
inheritor_2531,任文柱,VI-25,VI-025_02_131000,河北省,matched,subitem_13823,child_num 精确匹配
inheritor_2532,陈正耀,VI-27,VI-027_02_130638,河北省,matched,subitem_13828,child_num 精确匹配
inheritor_2533,马德行,VI-28,VI-028_02_410822,河南省,matched,subitem_13829,child_num 精确匹配
inheritor_2534,梁晓峰,VI-29,VI-029_02_140700,山西省,matched,subitem_13830,child_num 精确匹配
inheritor_2535,买西山,VI-30,VI-030_02_411600,河南省,matched,subitem_13833,child_num 精确匹配
inheritor_2536,吕延芝,VI-30,VI-030_02_411600,河南省,matched,subitem_13833,child_num 精确匹配
inheritor_2537,苌红军,VI-34,VI-034_02_410182,河南省,matched,subitem_13840,child_num 精确匹配
inheritor_2538,热合曼库力·尕夏,VI-37,VI-037_02_653131,新疆维吾尔自治区,matched,subitem_13844,child_num 精确匹配
inheritor_2539,哈森其其格,VI-40,VI-040_02_150724,内蒙古自治区,matched,subitem_13847,child_num 精确匹配
inheritor_2540,崔富海,VI-41,VI-041_02_140900,山西省,matched,subitem_13848,child_num 精确匹配
inheritor_2541,金寿昌,VI-54,VI-054_02_330600,浙江省,matched,subitem_13865,child_num 精确匹配
inheritor_2668,房志达,VII-3,VII-003_01_320500,江苏省,matched,subitem_13902,child_num 精确匹配
inheritor_2669,刘守本,VII-15,VII-015_02_110102,北京市,matched,subitem_13921,child_num 精确匹配
inheritor_2670,陈永才,VII-16,VII-016_01_440600,广东省,matched,subitem_13931,child_num 精确匹配
inheritor_2671,倪秀梅,VII-16,VII-016_02_230124,黑龙江省,matched,subitem_13942,child_num 精确匹配
inheritor_2672,张方林,VII-16,VII-016_02_320100,江苏省,matched,subitem_13944,child_num 精确匹配
inheritor_2673,王桂英,VII-16,VII-016_02_320300,江苏省,matched,subitem_13945,child_num 精确匹配
inheritor_2674,杨兆群,VII-16,VII-016_02_320482,江苏省,matched,subitem_13946,child_num 精确匹配
inheritor_2675,吴善增,VII-16,VII-016_02_330726,浙江省,matched,subitem_13947,child_num 精确匹配
inheritor_2676,陈秋日,VII-16,VII-016_02_350623,福建省,matched,subitem_13950,child_num 精确匹配
inheritor_2677,袁秀莹,VII-16,VII-016_02_350926,福建省,matched,subitem_13951,child_num 精确匹配
inheritor_2678,刘诗英,VII-16,VII-016_02_360481,江西省,matched,subitem_13952,child_num 精确匹配
inheritor_2679,范祚信,VII-16,VII-016_02_370785,山东省,matched,subitem_13954,child_num 精确匹配
inheritor_2680,栾淑荣,VII-16,VII-016_02_370600,山东省,matched,subitem_13953,child_num 精确匹配
inheritor_2681,杨春枝,VII-16,VII-016_02_411224,河南省,matched,subitem_13958,child_num 精确匹配
inheritor_2682,张家忠,VII-16,VII-016_02_420700,湖北省,matched,subitem_13960,child_num 精确匹配
inheritor_2683,胡敬先,VII-16,VII-016_02_429004,湖北省,matched,subitem_13962,child_num 精确匹配
inheritor_2684,邓兴隆,VII-16,VII-016_02_433122,湖南省,matched,subitem_13963,child_num 精确匹配
inheritor_2685,姚建萍,VII-18,VII-018_01_320500,江苏省,matched,subitem_13978,child_num 精确匹配
inheritor_2686,赵红育,VII-18,VII-018_02_320200,江苏省,matched,subitem_13979,child_num 精确匹配
inheritor_2687,金蕾蕾,VII-18,VII-018_02_320600,江苏省,matched,subitem_13980,child_num 精确匹配
inheritor_2688,康宁,VII-21,VII-021_02_500103,重庆市,matched,subitem_13986,child_num 精确匹配
inheritor_2689,倪东方,VII-33,VII-033_01_331121,浙江省,matched,subitem_14010,child_num 精确匹配
inheritor_2690,王金生,VII-37,VII-037_01_341000,安徽省,matched,subitem_14014,child_num 精确匹配
inheritor_2691,俞有桂,VII-37,VII-037_01_361130,江西省,matched,subitem_14015,child_num 精确匹配
inheritor_2692,陈盖洪,VII-41,VII-041_01_330200,浙江省,matched,subitem_14023,child_num 精确匹配
inheritor_2693,王笃纯,VII-42,VII-042_01_330382,浙江省,matched,subitem_14024,child_num 精确匹配
inheritor_2694,黄义罗,VII-44,VII-044_02_350500,福建省,matched,subitem_14028,child_num 精确匹配
inheritor_2695,乔锦洪,VII-46,VII-046_02_320200,江苏省,matched,subitem_14033,child_num 精确匹配
inheritor_2696,徐秉方,VII-46,VII-046_02_320400,江苏省,matched,subitem_14034,child_num 精确匹配
inheritor_2697,罗启松,VII-46,VII-046_02_331003,浙江省,matched,subitem_14035,child_num 精确匹配
inheritor_2698,吴玉成,VII-47,VII-047_02_130229,河北省,matched,subitem_14044,child_num 精确匹配
inheritor_2699,吴光让,VII-47,VII-047_02_445103,广东省,matched,subitem_14047,child_num 精确匹配
inheritor_2700,徐兴国,VII-47,VII-047_02_510923,四川省,matched,subitem_14048,child_num 精确匹配
inheritor_2701,杨栖鹤,VII-47,VII-047_02_640423,宁夏回族自治区,matched,subitem_14050,child_num 精确匹配
inheritor_2702,尕藏尖措,VII-48,VII-048_01_630122,青海省,matched,subitem_14054,child_num 精确匹配
inheritor_2703,西合道,VII-49,VII-049_01_632321,青海省,matched,subitem_14056,child_num 精确匹配
inheritor_2704,娘本,VII-49,VII-049_01_632321,青海省,matched,subitem_14056,child_num 精确匹配
inheritor_2705,夏吾角,VII-49,VII-049_01_632321,青海省,matched,subitem_14056,child_num 精确匹配
inheritor_2706,罗藏旦巴,VII-49,VII-049_01_632321,青海省,matched,subitem_14056,child_num 精确匹配
inheritor_2707,张金培,VII-50,VII-050_01_441900,广东省,matched,subitem_14060,child_num 精确匹配
inheritor_2708,何伟福,VII-50,VII-050_02_310101,上海市,matched,subitem_14064,child_num 精确匹配
inheritor_2709,陈柏华,VII-50,VII-050_02_321183,江苏省,matched,subitem_14066,child_num 精确匹配
inheritor_2710,邓辉,VII-50,VII-050_02_440600,广东省,matched,subitem_14069,child_num 精确匹配
inheritor_2711,林汉彬,VII-50,VII-050_02_445102,广东省,matched,subitem_14070,child_num 精确匹配
inheritor_2712,何福礼,VII-51,VII-051_02_330783,浙江省,matched,subitem_14074,child_num 精确匹配
inheritor_2713,宋增礼,VII-51,VII-051_02_360481,江西省,matched,subitem_14076,child_num 精确匹配
inheritor_2714,牟秉衡,VII-51,VII-051_02_500228,重庆市,matched,subitem_14077,child_num 精确匹配
inheritor_2715,郎志丽,VII-52,VII-052_02_110108,北京市,matched,subitem_14085,child_num 精确匹配
inheritor_2716,赵艳林,VII-52,VII-052_02_310104,上海市,matched,subitem_14086,child_num 精确匹配
inheritor_2717,李金城,VII-52,VII-052_02_371702,山东省,matched,subitem_14087,child_num 精确匹配
inheritor_2718,喻芳泽,VII-54,VII-054_02_360429,江西省,matched,subitem_14099,child_num 精确匹配
inheritor_2719,钱高潮,VII-56,VII-056_02_330185,浙江省,matched,subitem_14111,child_num 精确匹配
inheritor_2720,贡保才旦,VII-56,VII-056_02_632323,青海省,matched,subitem_14120,child_num 精确匹配
inheritor_2721,宋世义,VII-57,VII-057_02_110101,北京市,matched,subitem_14125,child_num 精确匹配
inheritor_2722,仵海洲,VII-57,VII-057_02_411324,河南省,matched,subitem_14127,child_num 精确匹配
inheritor_2723,高兆华,VII-57,VII-057_02_440103,广东省,matched,subitem_14128,child_num 精确匹配
inheritor_2724,颜景新,VII-58,VII-058_02_370881,山东省,matched,subitem_14131,child_num 精确匹配
inheritor_2725,龙从发,VII-58,VII-058_02_420104,湖北省,matched,subitem_14132,child_num 精确匹配
inheritor_2726,宋水官,VII-59,VII-059_02_320500,江苏省,matched,subitem_14142,child_num 精确匹配
inheritor_2727,王绪德,VII-59,VII-059_02_370700,山东省,matched,subitem_14143,child_num 精确匹配
inheritor_2728,黄学文,VII-59,VII-059_02_440183,广东省,matched,subitem_14144,child_num 精确匹配
inheritor_2729,应业根,VII-62,VII-062_02_330784,浙江省,matched,subitem_14148,child_num 精确匹配
inheritor_2730,查·巴智,VII-64,VII-064_02_632600,青海省,matched,subitem_14154,child_num 精确匹配
inheritor_2731,聂方俊,VII-66,VII-066_02_433123,湖南省,matched,subitem_14165,child_num 精确匹配
inheritor_2732,徐艳丰,VII-66,VII-066_02_131023,河北省,matched,subitem_14163,child_num 精确匹配
inheritor_2733,周廷义,VII-66,VII-066_02_130400,河北省,matched,subitem_14162,child_num 精确匹配
inheritor_2734,石荣圣,VII-66,VII-066_02_320382,江苏省,matched,subitem_14164,child_num 精确匹配
inheritor_2735,黎伟,VII-66,VII-066_02_440600,广东省,matched,subitem_14166,child_num 精确匹配
inheritor_2736,黄德清,VII-67,VII-067_02_330382,浙江省,matched,subitem_14168,child_num 精确匹配
inheritor_2737,金松群,VII-68,VII-068_02_320400,江苏省,matched,subitem_14169,child_num 精确匹配
inheritor_2738,金铁铃,VII-70,VII-070_02_110101,北京市,matched,subitem_14174,child_num 精确匹配
inheritor_2739,王素花,VII-74,VII-074_02_410200,河南省,matched,subitem_14179,child_num 精确匹配
inheritor_2740,汪国芳,VII-76,VII-076_02_513221,四川省,matched,subitem_14181,child_num 精确匹配
inheritor_2741,邢兰香,VII-84,VII-084_02_110101,北京市,matched,subitem_14200,child_num 精确匹配
inheritor_2742,周锦云,VII-85,VII-085_02_330300,浙江省,matched,subitem_14202,child_num 精确匹配
inheritor_2743,谢学运,VII-86,VII-086_02_371726,山东省,matched,subitem_14203,child_num 精确匹配
inheritor_2744,樊德然,VII-88,VII-088_02_510100,四川省,matched,subitem_14207,child_num 精确匹配
inheritor_2745,缪成金,VII-91,VII-091_02_330302,浙江省,matched,subitem_14211,child_num 精确匹配
inheritor_2746,陈明伟,VII-91,VII-091_02_330200,浙江省,matched,subitem_14210,child_num 精确匹配
inheritor_2747,廖惠林,VII-92,VII-092_02_440705,广东省,matched,subitem_14217,child_num 精确匹配
inheritor_2748,赵庆泉,VII-94,VII-094_02_321000,江苏省,matched,subitem_14219,child_num 精确匹配
inheritor_2749,李云义,VII-96,VII-096_02_532901,云南省,matched,subitem_14228,child_num 精确匹配
inheritor_2750,李生斌,VII-96,VII-096_02_610000,陕西省,matched,subitem_14229,child_num 精确匹配
inheritor_3052,陈圣发,VIII-7,VIII-007_01_360200,江西省,matched,subitem_14270,child_num 精确匹配
inheritor_3053,王炎生,VIII-7,VIII-007_01_360200,江西省,matched,subitem_14270,child_num 精确匹配
inheritor_3054,曹开永,VIII-7,VIII-007_01_360200,江西省,matched,subitem_14270,child_num 精确匹配
inheritor_3055,周双喜,VIII-13,VIII-013_01_320100,江苏省,matched,subitem_14276,child_num 精确匹配
inheritor_3056,金文,VIII-13,VIII-013_01_320100,江苏省,matched,subitem_14276,child_num 精确匹配
inheritor_3057,刘香兰,VIII-19,VIII-019_01_469001,海南省,matched,subitem_14283,child_num 精确匹配
inheritor_3058,边多,VIII-21,VIII-021_01_542200,西藏自治区,matched,subitem_14289,child_num 精确匹配
inheritor_3059,买特肉孜·买买提,VIII-23,VIII-023_02_652825,新疆维吾尔自治区,matched,subitem_14293,child_num 精确匹配
inheritor_3060,刘大炮,VIII-24,VIII-024_02_433123,湖南省,matched,subitem_14298,child_num 精确匹配
inheritor_3061,余云山,VIII-29,VIII-029_01_360000,江西省,matched,subitem_14311,child_num 精确匹配
inheritor_3062,王必生,VIII-36,VIII-036_01_320100,江苏省,matched,subitem_14324,child_num 精确匹配
inheritor_3063,史徐平,VIII-38,VIII-038_02_110000,北京市,matched,subitem_14328,child_num 精确匹配
inheritor_3064,龙米谷,VIII-40,VIII-040_01_433123,湖南省,matched,subitem_14330,child_num 精确匹配
inheritor_3065,麻茂庭,VIII-40,VIII-040_01_433123,湖南省,matched,subitem_14330,child_num 精确匹配
inheritor_3066,许建平,VIII-45,VIII-045_01_320500,江苏省,matched,subitem_14346,child_num 精确匹配
inheritor_3067,种桂友,VIII-45,VIII-045_02_110101,北京市,matched,subitem_14347,child_num 精确匹配
inheritor_3068,杨虾,VIII-45,VIII-045_02_440100,广东省,matched,subitem_14348,child_num 精确匹配
inheritor_3069,白音查干,VIII-46,VIII-046_02_150421,内蒙古自治区,matched,subitem_14353,child_num 精确匹配
inheritor_3070,吴水森,VIII-49,VIII-049_01_341022,安徽省,matched,subitem_14356,child_num 精确匹配
inheritor_3071,张国栋,VIII-50,VIII-050_02_620502,甘肃省,matched,subitem_14358,child_num 精确匹配
inheritor_3072,薛生金,VIII-51,VIII-051_01_140728,山西省,matched,subitem_14359,child_num 精确匹配
inheritor_3073,季克良,VIII-57,VIII-057_01_520000,贵州省,matched,subitem_14365,child_num 精确匹配
inheritor_3075,郭双威,VIII-59,VIII-059_01_141182,山西省,matched,subitem_14367,child_num 精确匹配
inheritor_3076,郭俊陆,VIII-61,VIII-061_02_140100,山西省,matched,subitem_14370,child_num 精确匹配
inheritor_3077,叶启桐,VIII-63,VIII-063_01_350782,福建省,matched,subitem_14373,child_num 精确匹配
inheritor_3078,王兴武,VIII-67,VIII-067_01_522636,贵州省,matched,subitem_14380,child_num 精确匹配
inheritor_3079,玉勐嘎,VIII-68,VIII-068_01_530900,云南省,matched,subitem_14383,child_num 精确匹配
inheritor_3080,次仁多杰,VIII-69,VIII-069_01_540000,西藏自治区,matched,subitem_14385,child_num 精确匹配
inheritor_3081,王柏林,VIII-70,VIII-070_02_340828,安徽省,matched,subitem_14388,child_num 精确匹配
inheritor_3082,汪爱军,VIII-73,VIII-073_01_341824,安徽省,matched,subitem_14398,child_num 精确匹配
inheritor_3083,郑寒,VIII-74,VIII-074_01_341021,安徽省,matched,subitem_14400,child_num 精确匹配
inheritor_3084,高文英,VIII-77,VIII-077_01_110102,北京市,matched,subitem_14404,child_num 精确匹配
inheritor_3085,蒋敏,VIII-77,VIII-077_02_310105,上海市,matched,subitem_14405,child_num 精确匹配
inheritor_3086,多吉登次,VIII-80,VIII-080_02_542122,西藏自治区,matched,subitem_14413,child_num 精确匹配
inheritor_3087,陈子福,VIII-81,VIII-081_02_500226,重庆市,matched,subitem_14416,child_num 精确匹配
inheritor_3088,孙颖,VIII-82,VIII-082_02_110101,北京市,matched,subitem_14419,child_num 精确匹配
inheritor_3089,黄运英,VIII-84,VIII-084_01_469029,海南省,matched,subitem_14424,child_num 精确匹配
inheritor_3090,钟自奇,VIII-86,VIII-086_01_430181,湖南省,matched,subitem_14426,child_num 精确匹配
inheritor_3091,尹昌太,VIII-86,VIII-086_02_130121,河北省,matched,subitem_14427,child_num 精确匹配
inheritor_3092,张巍岱,VIII-86,VIII-086_02_360922,江西省,matched,subitem_14429,child_num 精确匹配
inheritor_3093,韩福龄,VIII-88,VIII-088_01_370700,山东省,matched,subitem_14434,child_num 精确匹配
inheritor_3094,魏永珍,VIII-88,VIII-088_02_120104,天津市,matched,subitem_14437,child_num 精确匹配
inheritor_3095,蒋建国,VIII-90,VIII-090_02_110109,北京市,matched,subitem_14443,child_num 精确匹配
inheritor_3096,葛原生,VIII-90,VIII-090_02_140000,山西省,matched,subitem_14444,child_num 精确匹配
inheritor_3097,陈文增,VIII-92,VIII-092_02_130634,河北省,matched,subitem_14448,child_num 精确匹配
inheritor_3098,杨志,VIII-93,VIII-093_02_411081,河南省,matched,subitem_14449,child_num 精确匹配
inheritor_3099,高水旺,VIII-94,VIII-094_02_410300,河南省,matched,subitem_14450,child_num 精确匹配
inheritor_3100,邓文科,VIII-95,VIII-095_02_430281,湖南省,matched,subitem_14451,child_num 精确匹配
inheritor_3101,王龙才,VIII-96,VIII-096_02_440100,广东省,matched,subitem_14452,项目编号+省份回退匹配
inheritor_3102,余培锡,VIII-97,VIII-097_02_440100,广东省,matched,subitem_14453,child_num 精确匹配
inheritor_3103,李人帡,VIII-98,VIII-098_02_450700,广西壮族自治区,matched,subitem_14454,child_num 精确匹配
inheritor_3104,孙诺七林,VIII-98,VIII-098_02_513337,云南省,matched,subitem_14456,child_num 精确匹配
inheritor_3105,周康明,VIII-99,VIII-099_02_330500,浙江省,matched,subitem_14470,child_num 精确匹配
inheritor_3106,常张勤,VIII-100,VIII-100_02_130434,河北省,matched,subitem_14475,child_num 精确匹配
inheritor_3107,吐尔逊木沙,VIII-100,VIII-100_02_653129,新疆维吾尔自治区,matched,subitem_14476,child_num 精确匹配
inheritor_3108,马舍勒,VIII-101,VIII-101_02_622926,甘肃省,matched,subitem_14484,child_num 精确匹配
inheritor_3109,宋树牙,VIII-102,VIII-102_02_360922,江西省,matched,subitem_14486,child_num 精确匹配
inheritor_3110,颜坤吉,VIII-102,VIII-102_02_500226,重庆市,matched,subitem_14487,child_num 精确匹配
inheritor_3111,赵芳云,VIII-103,VIII-103_02_370829,山东省,matched,subitem_14488,child_num 精确匹配
inheritor_3112,粟田梅,VIII-104,VIII-104_02_431230,湖南省,matched,subitem_14490,child_num 精确匹配
inheritor_3113,叶娟,VIII-106,VIII-106_02_532800,云南省,matched,subitem_14495,child_num 精确匹配
inheritor_3114,梁珠,VIII-107,VIII-107_02_440606,广东省,matched,subitem_14496,child_num 精确匹配
inheritor_3115,康玉生,VIII-110,VIII-110_02_110000,北京市,matched,subitem_14500,child_num 精确匹配
inheritor_3116,刘赋国,VIII-110,VIII-110_02_152921,内蒙古自治区,matched,subitem_14501,child_num 精确匹配
inheritor_3117,买吐送·吐地,VIII-110,VIII-110_02_653224,新疆维吾尔自治区,matched,subitem_14502,child_num 精确匹配
inheritor_3118,孟兰杰,VIII-112,VIII-112_02_231102,黑龙江省,matched,subitem_14508,child_num 精确匹配
inheritor_3119,李金善,VIII-113,VIII-113_02_110101,北京市,matched,subitem_14509,child_num 精确匹配
inheritor_3120,玉山·买买提,VIII-114,VIII-114_02_652924,新疆维吾尔自治区,matched,subitem_14510,child_num 精确匹配
inheritor_3121,何凯英,VIII-115,VIII-115_02_110000,北京市,matched,subitem_14511,child_num 精确匹配
inheritor_3123,王殿祥,VIII-117,VIII-117_02_320100,江苏省,matched,subitem_14515,child_num 精确匹配
inheritor_3124,张克康,VIII-118,VIII-118_02_530300,云南省,matched,subitem_14518,child_num 精确匹配
inheritor_3125,朱炳仁,VIII-119,VIII-119_02_330100,浙江省,matched,subitem_14519,child_num 精确匹配
inheritor_3126,俄色呷玛,VIII-120,VIII-120_02_513331,四川省,matched,subitem_14520,child_num 精确匹配
inheritor_3127,次旦旺加,VIII-120,VIII-120_02_542326,西藏自治区,matched,subitem_14522,child_num 精确匹配
inheritor_3128,龙多然杰,VIII-120,VIII-120_02_632700,青海省,matched,subitem_14523,child_num 精确匹配
inheritor_3129,道安,VIII-121,VIII-121_02_510105,四川省,matched,subitem_14525,child_num 精确匹配
inheritor_3130,吾甫尔·热合曼,VIII-122,VIII-122_02_653123,新疆维吾尔自治区,matched,subitem_14526,child_num 精确匹配
inheritor_3131,陶克图白乙拉,VIII-123,VIII-123_02_150522,内蒙古自治区,matched,subitem_14527,child_num 精确匹配
inheritor_3132,闫改好,VIII-124,VIII-123_02_150522,山西省,matched,subitem_14527,child_num 精确匹配
inheritor_3133,金季凤,VIII-124,VIII-124_02_222400,吉林省,matched,subitem_14529,child_num 精确匹配
inheritor_3134,热合曼·阿布都拉,VIII-124,VIII-124_02_652925,新疆维吾尔自治区,matched,subitem_14532,child_num 精确匹配
inheritor_3135,白静宜,VIII-125,VIII-125_02_110112,北京市,matched,subitem_14541,child_num 精确匹配
inheritor_3136,马福良,VIII-125,VIII-125_02_131028,河北省,matched,subitem_14542,child_num 精确匹配
inheritor_3137,甘而可,VIII-127,VIII-127_02_341002,安徽省,matched,subitem_14544,child_num 精确匹配
inheritor_3138,陈思碧,VIII-127,VIII-127_02_500000,重庆市,matched,subitem_14545,child_num 精确匹配
inheritor_3139,吉伍巫且,VIII-128,VIII-128_02_513432,四川省,matched,subitem_14552,child_num 精确匹配
inheritor_3140,张苏,VIII-130,VIII-130_02_341800,安徽省,matched,subitem_14555,child_num 精确匹配
inheritor_3141,张逢学,VIII-131,VIII-131_02_610116,陕西省,matched,subitem_14556,child_num 精确匹配
inheritor_3142,邹洪利,VIII-133,VIII-133_02_130633,河北省,matched,subitem_14558,child_num 精确匹配
inheritor_3143,蔺永茂,VIII-133,VIII-133_02_140825,山西省,matched,subitem_14559,child_num 精确匹配
inheritor_3144,李茂棣,VIII-133,VIII-133_02_621126,甘肃省,matched,subitem_14560,child_num 精确匹配
inheritor_3145,高式熊,VIII-134,VIII-134_02_310106,上海市,matched,subitem_14564,child_num 精确匹配
inheritor_3146,符骥良,VIII-134,VIII-134_02_310106,上海市,matched,subitem_14564,child_num 精确匹配
inheritor_3147,王超辉,VIII-135,VIII-135_02_330381,浙江省,matched,subitem_14566,child_num 精确匹配
inheritor_3148,林初寅,VIII-135,VIII-135_02_330381,浙江省,matched,subitem_14566,child_num 精确匹配
inheritor_3149,王辛敬,VIII-136,VIII-136_02_110102,北京市,matched,subitem_14568,child_num 精确匹配
inheritor_3150,周永干,VIII-137,VIII-137_02_321281,江苏省,matched,subitem_14572,child_num 精确匹配
inheritor_3151,陈芳财,VIII-138,VIII-138_02_350582,福建省,matched,subitem_14574,child_num 精确匹配
inheritor_3152,冯怀女,VIII-139,VIII-139_02_441900,广东省,matched,subitem_14577,child_num 精确匹配
inheritor_3153,毕六福,VIII-140,VIII-140_02_510502,四川省,matched,subitem_14579,child_num 精确匹配
inheritor_3154,宋志明,VIII-140,VIII-140_02_330100,浙江省,matched,subitem_14578,child_num 精确匹配
inheritor_3155,次仁平措,VIII-141,VIII-141_02_540127,西藏自治区,matched,subitem_14581,child_num 精确匹配
inheritor_3156,田希云,VIII-143,VIII-143_02_650100,新疆维吾尔自治区,matched,subitem_14583,child_num 精确匹配
inheritor_3157,高景炎,VIII-144,VIII-144_02_110105,北京市,matched,subitem_14584,child_num 精确匹配
inheritor_3158,商立云,VIII-144,VIII-144_02_130823,河北省,matched,subitem_14587,child_num 精确匹配
inheritor_3159,秦文科,VIII-144,VIII-144_02_140600,山西省,matched,subitem_14589,child_num 精确匹配
inheritor_3160,李玉恒,VIII-144,VIII-144_02_210100,辽宁省,matched,subitem_14590,child_num 精确匹配
inheritor_3162,赖登燡,VIII-144,VIII-144_02_510100,四川省,matched,subitem_14593,child_num 精确匹配
inheritor_3163,李家顺,VIII-144,VIII-144_02_510922,四川省,matched,subitem_14596,child_num 精确匹配
inheritor_3164,许朝中,VIII-145,VIII-145_02_321181,江苏省,matched,subitem_14599,child_num 精确匹配
inheritor_3165,王秀兰,VIII-147,VIII-147_02_110102,北京市,matched,subitem_14602,child_num 精确匹配
inheritor_3166,杨继昌,VIII-148,VIII-148_02_330100,浙江省,matched,subitem_14605,child_num 精确匹配
inheritor_3167,谢四十,VIII-148,VIII-148_02_341004,安徽省,matched,subitem_14608,child_num 精确匹配
inheritor_3168,魏月德,VIII-150,VIII-150_02_350524,福建省,matched,subitem_14620,child_num 精确匹配
inheritor_3169,王文礼,VIII-150,VIII-150_02_350524,福建省,matched,subitem_14620,child_num 精确匹配
inheritor_3170,史奇刚,VIII-153,VIII-153_02_330225,浙江省,matched,subitem_14629,child_num 精确匹配
inheritor_3171,卓玛央宗,VIII-153,VIII-153_02_542129,西藏自治区,matched,subitem_14631,child_num 精确匹配
inheritor_3172,雷定成,VIII-155,VIII-155_02_510124,四川省,matched,subitem_14636,child_num 精确匹配
inheritor_3173,杨银喜,VIII-158,VIII-158_02_110102,北京市,matched,subitem_14640,child_num 精确匹配
inheritor_3174,徐永珍,VIII-161,VIII-161_02_321000,江苏省,matched,subitem_14648,child_num 精确匹配
inheritor_3175,赵友铭,VIII-164,VIII-164_02_310101,上海市,matched,subitem_14652,child_num 精确匹配
inheritor_3176,于良坤,VIII-166,VIII-166_02_330700,浙江省,matched,subitem_14654,child_num 精确匹配
inheritor_3177,白永明,VIII-167,VIII-167_02_110101,北京市,matched,subitem_14656,child_num 精确匹配
inheritor_3178,满运来,VIII-168,VIII-168_02_110106,北京市,matched,subitem_14661,child_num 精确匹配
inheritor_3179,赵铁锁,VIII-168,VIII-168_02_152900,内蒙古自治区,matched,subitem_14663,child_num 精确匹配
inheritor_3180,罗世伟,VIII-172,VIII-172_02_350100,福建省,matched,subitem_14668,child_num 精确匹配
inheritor_3181,姚炎立,VIII-173,VIII-173_02_410300,河南省,matched,subitem_14669,child_num 精确匹配
inheritor_3182,董直机,VIII-175,VIII-175_02_330329,浙江省,matched,subitem_14671,child_num 精确匹配
inheritor_3183,郑多金,VIII-175,VIII-175_02_350924,福建省,matched,subitem_14674,child_num 精确匹配
inheritor_3184,王世猛,VIII-179,VIII-179_02_350521,福建省,matched,subitem_14682,child_num 精确匹配
inheritor_3185,达列力汗·哈比地希,VIII-183,VIII-183_02_654200,新疆维吾尔自治区,matched,subitem_14693,child_num 精确匹配
inheritor_3186,张怀升,VIII-184,VIII-184_02_654200,新疆维吾尔自治区,matched,subitem_14694,child_num 精确匹配
inheritor_3187,马进明,VIII-185,VIII-185_02_811100,青海省,matched,subitem_14695,项目编号+省份回退匹配
inheritor_3521,孙树武,IX-3,IX-003_02_410800,河南省,matched,subitem_14790,child_num 精确匹配
inheritor_3522,李成杰,IX-3,IX-003_02_410800,河南省,matched,subitem_14790,child_num 精确匹配
inheritor_3523,杨巨奎,IX-4,IX-004_02_140726,山西省,matched,subitem_14798,child_num 精确匹配
inheritor_3524,李英杰,IX-4,IX-004_02_320500,江苏省,matched,subitem_14799,child_num 精确匹配
inheritor_3526,刘光瑞,IX-5,IX-005_02_500103,重庆市,matched,subitem_14835,child_num 精确匹配
inheritor_3527,刘钢,IX-6,IX-006_02_110102,北京市,matched,subitem_14839,child_num 精确匹配
inheritor_3528,罗金殿,IX-6,IX-006_02_110105,北京市,matched,subitem_14840,child_num 精确匹配
inheritor_3529,石仰山,IX-6,IX-006_02_310101,上海市,matched,subitem_14841,child_num 精确匹配
inheritor_3530,郭艳锦,IX-6,IX-006_02_410300,河南省,matched,subitem_14842,child_num 精确匹配
inheritor_3531,米玛,IX-9,IX-009_02_540102,西藏自治区,matched,subitem_14858,child_num 精确匹配
inheritor_3532,格桑次仁,IX-9,IX-009_02_542221,西藏自治区,matched,subitem_14860,child_num 精确匹配
inheritor_3533,李先加,IX-9,IX-009_02_630100,青海省,matched,subitem_14862,child_num 精确匹配
inheritor_3534,丹增彭措,IX-9,IX-009_02_540100a,西藏自治区,matched,subitem_14856,child_num 精确匹配
inheritor_3535,索朗顿珠,IX-9,IX-009_02_540100a,西藏自治区,matched,subitem_14856,child_num 精确匹配
inheritor_3536,洛桑多吉,IX-9,IX-009_02_540100b,西藏自治区,matched,subitem_14857,child_num 精确匹配
inheritor_3537,白玛加措,IX-9,IX-009_02_540125,西藏自治区,matched,subitem_14859,child_num 精确匹配
inheritor_3538,俄日,IX-9,IX-009_02_630105a,青海省,matched,subitem_14863,child_num 精确匹配
inheritor_3539,尕玛措尼,IX-9,IX-009_02_630105a,青海省,matched,subitem_14863,child_num 精确匹配
inheritor_3540,桑杰,IX-9,IX-009_02_630105b,青海省,matched,subitem_14864,child_num 精确匹配
inheritor_3541,尼玛,IX-9,IX-009_02_630105b,青海省,matched,subitem_14864,child_num 精确匹配
inheritor_3542,区欲想,IX-11,IX-011_02_440113,广东省,matched,subitem_14874,child_num 精确匹配
inheritor_3543,乌兰,IX-012,IX-012_02_150105,内蒙古自治区,matched,subitem_14876,child_num 精确匹配
inheritor_3544,阿古拉,IX-012,IX-012_02_150105,内蒙古自治区,matched,subitem_14876,child_num 精确匹配
inheritor_3629,罗周文,X-7,X-007_01_450681,广西壮族自治区,matched,subitem_14942,child_num 精确匹配
inheritor_3630,岳麻通,X-11,X-011_01_533124,云南省,matched,subitem_14949,child_num 精确匹配
inheritor_3631,陆有昌,X-50,X-050_01_320100,江苏省,matched,subitem_15014,child_num 精确匹配
inheritor_3632,顾业亮,X-50,X-050_01_320100,江苏省,matched,subitem_15014,child_num 精确匹配
inheritor_3633,石化明,X-51,X-051_01_500241,重庆市,matched,subitem_15015,child_num 精确匹配
inheritor_3634,彭兴茂,X-51,X-051_01_500241,重庆市,matched,subitem_15015,child_num 精确匹配
inheritor_3635,杜同海,X-54,X-054_01_140481,山西省,matched,subitem_15018,child_num 精确匹配
inheritor_3636,赵喜文,X-54,X-054_02_130121,河北省,matched,subitem_15020,child_num 精确匹配
inheritor_3637,欧海金,X-70,X-070_01_522700,贵州省,matched,subitem_15068,child_num 精确匹配
inheritor_3638,潘老平,X-70,X-070_01_522700,贵州省,matched,subitem_15068,child_num 精确匹配
inheritor_3639,蔺文艺,X-81,X-081_02_130400,河北省,matched,subitem_15104,child_num 精确匹配
inheritor_3640,邵传富,X-81,X-081_02_340122,安徽省,matched,subitem_15107,child_num 精确匹配
inheritor_3641,肖永庆,X-82,X-082_02_513223,四川省,matched,subitem_15116,child_num 精确匹配
inheritor_3642,王治升,X-82,X-082_02_513221,四川省,matched,subitem_15114,child_num 精确匹配
inheritor_3643,赵云山,X-87,X-087_02_130525,河北省,matched,subitem_15183,child_num 精确匹配
inheritor_3644,张根志,X-87,X-087_02_330726,浙江省,matched,subitem_15191,child_num 精确匹配
inheritor_3645,刘文昌,X-87,X-087_02_341221,安徽省,matched,subitem_15192,child_num 精确匹配
inheritor_3646,钟郁文,X-87,X-087_02_511528,四川省,matched,subitem_15205,child_num 精确匹配
inheritor_3647,符恒余,X-87,X-087_02_510781,四川省,matched,subitem_15204,child_num 精确匹配
inheritor_3648,邓均朝,X-87,X-087_02_510781,四川省,matched,subitem_15204,child_num 精确匹配
inheritor_3649,刘端富,X-87,X-087_02_350982,福建省,matched,subitem_15196,child_num 精确匹配
inheritor_3650,黎明,X-87,X-087_02_440883,广东省,matched,subitem_15201,child_num 精确匹配
inheritor_3651,彭娘耀,X-87,X-087_02_441523,广东省,matched,subitem_15202,child_num 精确匹配
inheritor_3652,王安大,X-104,X-104_02_511725,四川省,matched,subitem_15244,child_num 精确匹配
inheritor_3653,贡嘎仁增,X-121,X-121_02_540000,西藏自治区,matched,subitem_15276,child_num 精确匹配
inheritor_773,富育光,I-12,I-012_01_220000,吉林省,matched,subitem_12206,child_num 精确匹配
inheritor_774,张才才,I-14,I-014_01_130182,河北省,matched,subitem_12212,child_num 精确匹配
inheritor_775,张永联,I-22,I-022_02_310118,上海市,matched,subitem_12221,child_num 精确匹配
inheritor_776,谢庆良,I-23,I-023_01_451281,广西壮族自治区,matched,subitem_12223,child_num 精确匹配
inheritor_777,巴达,I-26,I-026_01_652700,新疆维吾尔自治区,matched,subitem_12229,child_num 精确匹配
inheritor_778,和明远,I-27,I-027_01_530000,云南省,matched,subitem_12235,child_num 精确匹配
inheritor_779,巴嘎,I-27,I-027_01_540000,西藏自治区,matched,subitem_12236,child_num 精确匹配
inheritor_780,钟昌尧,I-30,I-030_01_350921,福建省,matched,subitem_12243,child_num 精确匹配
inheritor_781,李国新,I-56,I-056_02_420528,湖北省,matched,subitem_12288,child_num 精确匹配
inheritor_782,吴廷贵,I-62,I-062_02_520222,贵州省,matched,subitem_12295,child_num 精确匹配
inheritor_783,方贵生,I-64,I-064_02_532322,云南省,matched,subitem_12297,child_num 精确匹配
inheritor_784,索克,I-70,I-070_02_632800,青海省,matched,subitem_12303,child_num 精确匹配
inheritor_785,乌布力艾散·麦麦提,I-71,I-071_02_650000,新疆维吾尔自治区,matched,subitem_12304,child_num 精确匹配
inheritor_786,岩桑,I-74,I-074_03_530829,云南省,matched,subitem_12311,child_num 精确匹配
inheritor_787,彭祖秀,I-112,I-112_03_433126,湖南省,matched,subitem_12356,child_num 精确匹配
inheritor_788,农凤妹,I-113,I-113_03_532628,云南省,matched,subitem_12358,child_num 精确匹配
inheritor_789,陈兴华,I-118,I-118_03_520425,贵州省,matched,subitem_12366,child_num 精确匹配
inheritor_790,张桂芬,I-120,I-120_03_530822,云南省,matched,subitem_12368,child_num 精确匹配
inheritor_791,何玉忠,I-121,I-121_03_532504,云南省,matched,subitem_12369,child_num 精确匹配
inheritor_792,黑萨木丁·库尔万,I-123,I-123_03_654002,新疆维吾尔自治区,matched,subitem_12371,child_num 精确匹配
inheritor_1039,胡格吉勒图,II-4,II-004_01_150000,内蒙古自治区,matched,subitem_12414,child_num 精确匹配
inheritor_1040,胡官美,II-28,II-028_02_522632,贵州省,matched,subitem_12466,child_num 精确匹配
inheritor_1041,王永昌,II-34,II-034_02_320600,江苏省,matched,subitem_12487,child_num 精确匹配
inheritor_1042,郑云飞,II-34,II-034_02_330100,浙江省,matched,subitem_12490,child_num 精确匹配
inheritor_1043,徐晓英,II-34,II-034_02_330100,浙江省,matched,subitem_12490,child_num 精确匹配
inheritor_1044,余青欣,II-34,II-034_01_110105,未知,matched,subitem_12484,child_num 精确匹配
inheritor_1045,赵家珍,II-34,II-034_01_110105,未知,matched,subitem_12484,child_num 精确匹配
inheritor_1046,丁承运,II-34,II-034_01_110105,未知,matched,subitem_12484,child_num 精确匹配
inheritor_1047,成公亮,II-34,II-034_01_110105,未知,matched,subitem_12484,child_num 精确匹配
inheritor_1048,巴彦保力格,II-36,II-036_01_150000,内蒙古自治区,matched,subitem_12497,child_num 精确匹配
inheritor_1049,孟义达吗,II-36,II-036_01_150000,内蒙古自治区,matched,subitem_12497,child_num 精确匹配
inheritor_1050,莫柏槐,II-37,II-037_02_430321,湖南省,matched,subitem_12517,child_num 精确匹配
inheritor_1051,李岐山,II-37,II-037_02_610827,陕西省,matched,subitem_12520,child_num 精确匹配
inheritor_1052,汪世发,II-37,II-037_02_610826,陕西省,matched,subitem_12519,child_num 精确匹配
inheritor_1053,马自刚,II-37,II-037_01_621000,甘肃省,matched,subitem_12502,child_num 精确匹配
inheritor_1054,王荣棠,II-44,II-044_02_321012,江苏省,matched,subitem_12538,child_num 精确匹配
inheritor_1055,李贞煜,II-44,II-044_01_350800,福建省,matched,subitem_12536,child_num 精确匹配
inheritor_1056,方元往,II-44,II-044_02_350300,福建省,matched,subitem_12541,child_num 精确匹配
inheritor_1057,李广福,II-45,II-045_02_371702,山东省,matched,subitem_12545,child_num 精确匹配
inheritor_1058,胡国庆,II-59,II-059_01_131022,河北省,matched,subitem_12569,child_num 精确匹配
inheritor_1059,胡庆学,II-65,II-065_01_110000,北京市,matched,subitem_12590,child_num 精确匹配
inheritor_1060,果祥,II-66,II-066_01_140922,山西省,matched,subitem_12591,child_num 精确匹配
inheritor_1061,庄龙宗,II-72,II-072_01_350500,福建省,matched,subitem_12601,child_num 精确匹配
inheritor_1062,奇附林,II-92,II-092_02_150622,内蒙古自治区,matched,subitem_12623,child_num 精确匹配
inheritor_1063,哈勒珍,II-105,II-105_02_150600,内蒙古自治区,matched,subitem_12649,child_num 精确匹配
inheritor_1064,秦德祥,II-137,II-137_02_320400,江苏省,matched,subitem_12742,child_num 精确匹配
inheritor_1065,释永悟,II-138,II-138_02_371524,山东省,matched,subitem_12744,child_num 精确匹配
inheritor_1066,嘉阳乐住,II-138,II-138_03_513230,四川省,matched,subitem_12751,child_num 精确匹配
inheritor_1067,吴炳志,II-139,II-139_03_820000,澳门特别行政区,matched,subitem_12770,child_num 精确匹配
inheritor_1068,李彩凤,II-145,II-145_03_532925,云南省,matched,subitem_12781,child_num 精确匹配
inheritor_1069,金星三,II-153,II-153_03_222401,吉林省,matched,subitem_12789,child_num 精确匹配
inheritor_1347,吕翠琴,III-1,III-001_02_110106,北京市,matched,subitem_12810,child_num 精确匹配
inheritor_1348,赵凤岭,III-2,III-002_03_110105,北京市,matched,subitem_12822,child_num 精确匹配
inheritor_1349,秦梦雨,III-2,III-002_01_130322,河北省,matched,subitem_12812,child_num 精确匹配
inheritor_1350,李成家,III-4,III-004_02_210213,辽宁省,matched,subitem_12836,child_num 精确匹配
inheritor_1351,杨木海,III-4,III-004_02_320117,江苏省,matched,subitem_12838,child_num 精确匹配
inheritor_1352,邓斌,III-4,III-004_03_422827,湖北省,matched,subitem_12858,child_num 精确匹配
inheritor_1353,田宗林,III-10,III-004_03_431228,湖南省,matched,subitem_12860,child_num 精确匹配
inheritor_1354,丁志凡,III-4,III-004_03_430529,湖南省,matched,subitem_12859,child_num 精确匹配
inheritor_1355,蔡沾权,III-4,III-004_03_442000,广东省,matched,subitem_12862,child_num 精确匹配
inheritor_1356,杨敬伟,III-5,III-005_02_110000,北京市,matched,subitem_12872,child_num 精确匹配
inheritor_1357,孙炳祥,III-5,III-005_03_310112,上海市,matched,subitem_12879,child_num 精确匹配
inheritor_1358,谢达祥,III-5,III-005_03_360722,江西省,matched,subitem_12880,child_num 精确匹配
inheritor_1359,李金土,III-5,III-005_02_410181,河南省,matched,subitem_12875,child_num 精确匹配
inheritor_1360,李道海,III-5,III-005_02_411624,河南省,matched,subitem_12876,child_num 精确匹配
inheritor_1361,文琰森,III-5,III-005_03_440300,广东省,matched,subitem_12881,child_num 精确匹配
inheritor_1362,唐守益,III-5,III-005_03_500243,重庆市,matched,subitem_12885,child_num 精确匹配
inheritor_1363,石春彩,III-6,III-006_01_340300,安徽省,matched,subitem_12887,child_num 精确匹配
inheritor_1364,韩富林,III-7,III-007_02_140725,山西省,matched,subitem_12893,child_num 精确匹配
inheritor_1365,汪宣智,III-7,III-007_02_341024,安徽省,matched,subitem_12894,child_num 精确匹配
inheritor_1366,龚茂发,III-7,III-007_02_350781,福建省,matched,subitem_12895,child_num 精确匹配
inheritor_1367,程金生,III-7,III-007_01_361130,江西省,matched,subitem_12892,child_num 精确匹配
inheritor_1368,段铁成,III-9,III-009_01_140824,山西省,matched,subitem_12904,child_num 精确匹配
inheritor_1369,郭金锁,III-12,III-012_01_350500,福建省,matched,subitem_12915,child_num 精确匹配
inheritor_1370,汪妙林,III-16,III-016_01_330110,浙江省,matched,subitem_12919,child_num 精确匹配
inheritor_1371,田景民,III-17,III-017_02_500242,重庆市,matched,subitem_12924,child_num 精确匹配
inheritor_1372,白玛群久,III-22,III-022_03_542228,西藏自治区,matched,subitem_12948,child_num 精确匹配
inheritor_1373,土旦群培,III-22,III-022_03_542223,西藏自治区,matched,subitem_12947,child_num 精确匹配
inheritor_1374,陈改保,III-25,III-025_01_530927,云南省,matched,subitem_12965,child_num 精确匹配
inheritor_1375,班点义,III-26,III-026_02_451029,广西壮族自治区,matched,subitem_12967,child_num 精确匹配
inheritor_1376,彭南京,III-31,III-031_01_433100,湖南省,matched,subitem_12975,child_num 精确匹配
inheritor_1377,高如常,III-42,III-042_02_110114,北京市,matched,subitem_12987,child_num 精确匹配
inheritor_1378,王企仁,III-42,III-042_03_140822,山西省,matched,subitem_13000,child_num 精确匹配
inheritor_1379,陈喜顺,III-54,III-054_02_440515,广东省,matched,subitem_13034,child_num 精确匹配
inheritor_1380,道尔吉,III-57,III-057_02_152900,内蒙古自治区,matched,subitem_13037,child_num 精确匹配
inheritor_1381,陈福炎,III-58,III-058_03_440400,广东省,matched,subitem_13039,child_num 精确匹配
inheritor_1382,盘振松,III-60,III-060_03_451324,广西壮族自治区,matched,subitem_13045,child_num 精确匹配
inheritor_1383,格玛次仁,III-66,III-066_02_513338,四川省,matched,subitem_13052,child_num 精确匹配
inheritor_1384,和振强,III-76,III-076_02_530702,云南省,matched,subitem_13063,child_num 精确匹配
inheritor_1385,罗杰,III-80,III-080_02_540127,西藏自治区,matched,subitem_13067,child_num 精确匹配
inheritor_1386,洛布曲珍,III-81,III-081_02_540100,西藏自治区,matched,subitem_13070,child_num 精确匹配
inheritor_1387,扎西次仁,III-85,III-085_02_540000,西藏自治区,matched,subitem_13077,child_num 精确匹配
inheritor_1388,扎西,III-88,III-088_02_542337,西藏自治区,matched,subitem_13080,child_num 精确匹配
inheritor_1389,道吉才让,III-92,III-092_02_630225,青海省,matched,subitem_13084,child_num 精确匹配
inheritor_1390,那斯尔·奴苏尔,III-96,III-096_03_652923,新疆维吾尔自治区,matched,subitem_13094,child_num 精确匹配
inheritor_1391,钟会龙,III-98,III-098_03_430822,湖南省,matched,subitem_13098,child_num 精确匹配
inheritor_1392,钟朝良,III-101,III-101_03_469025,海南省,matched,subitem_13101,child_num 精确匹配
inheritor_1393,龙正福,III-103,III-103_03_530428,云南省,matched,subitem_13103,child_num 精确匹配
inheritor_1394,桑珠,III-105,III-105_03_540124,西藏自治区,matched,subitem_13105,child_num 精确匹配
inheritor_1395,杨景艳,III-108,III-108_03_621126,甘肃省,matched,subitem_13108,child_num 精确匹配
inheritor_2017,沈世华,IV-1,IV-001_01_110000,北京市,matched,subitem_13133,child_num 精确匹配
inheritor_2018,王大元,IV-1,IV-001_01_110000,北京市,matched,subitem_13133,child_num 精确匹配
inheritor_2019,张铭荣,IV-1,IV-001_01_310000,上海市,matched,subitem_13135,child_num 精确匹配
inheritor_2020,顾兆琳,IV-1,IV-001_01_310000,上海市,matched,subitem_13135,child_num 精确匹配
inheritor_2021,周雪华,IV-1,IV-001_01_310000,上海市,matched,subitem_13135,child_num 精确匹配
inheritor_2022,谢宝燊,IV-3,IV-003_01_350300,福建省,matched,subitem_13141,child_num 精确匹配
inheritor_2023,叶全民,IV-9,IV-009_01_330226,浙江省,matched,subitem_13156,child_num 精确匹配
inheritor_2024,魏益新,IV-12,IV-012_01_510000,四川省,matched,subitem_13161,child_num 精确匹配
inheritor_2025,余开源,IV-12,IV-012_01_510000,四川省,matched,subitem_13161,child_num 精确匹配
inheritor_2026,冀萍,IV-18,IV-018_01_140000,山西省,matched,subitem_13171,child_num 精确匹配
inheritor_2027,高翠英,IV-18,IV-018_03_140100,山西省,matched,subitem_13175,child_num 精确匹配
inheritor_2028,李月仙,IV-18,IV-018_03_140100,山西省,matched,subitem_13175,child_num 精确匹配
inheritor_2029,阎慧贞,IV-18,IV-018_03_140100,山西省,matched,subitem_13175,child_num 精确匹配
inheritor_2030,谢涛,IV-18,IV-018_03_140100,山西省,matched,subitem_13175,child_num 精确匹配
inheritor_2031,康希圣,IV-19,IV-019_01_140800,山西省,matched,subitem_13177,child_num 精确匹配
inheritor_2032,景雪变,IV-19,IV-019_01_140800,山西省,matched,subitem_13177,child_num 精确匹配
inheritor_2033,王艺华,IV-19,IV-019_01_140800,山西省,matched,subitem_13177,child_num 精确匹配
inheritor_2034,张彩平,IV-20,IV-020_01_140900,山西省,matched,subitem_13179,child_num 精确匹配
inheritor_2035,郭孝明,IV-21,IV-021_01_140500,山西省,matched,subitem_13181,child_num 精确匹配
inheritor_2036,刘玉玲,IV-22,IV-022_02_110102,北京市,matched,subitem_13184,child_num 精确匹配
inheritor_2037,刘俊英,IV-22,IV-022_02_120103,天津市,matched,subitem_13185,child_num 精确匹配
inheritor_2038,许荷英,IV-22,IV-022_01_130000,河北省,matched,subitem_13183,child_num 精确匹配
inheritor_2039,范应龙,IV-24,IV-024_01_411325,河南省,matched,subitem_13188,child_num 精确匹配
inheritor_2040,李德平,IV-26,IV-026_03_410621,河南省,matched,subitem_13196,child_num 精确匹配
inheritor_2041,朱绍玉,IV-28,IV-028_01_110000,北京市,matched,subitem_13201,child_num 精确匹配
inheritor_2042,钮骠,IV-28,IV-028_01_110000,北京市,matched,subitem_13201,child_num 精确匹配
inheritor_2043,宋丹菊,IV-28,IV-028_01_110000,北京市,matched,subitem_13201,child_num 精确匹配
inheritor_2044,谢锐青,IV-28,IV-028_01_110000,北京市,matched,subitem_13201,child_num 精确匹配
inheritor_2045,蔡英莲,IV-28,IV-028_01_110000,北京市,matched,subitem_13201,child_num 精确匹配
inheritor_2046,王玉璞,IV-28,IV-028_01_310000,上海市,matched,subitem_13205,child_num 精确匹配
inheritor_2047,关松安,IV-28,IV-028_01_310000,上海市,matched,subitem_13205,child_num 精确匹配
inheritor_2048,张信忠,IV-28,IV-028_01_310000,上海市,matched,subitem_13205,child_num 精确匹配
inheritor_2049,梁斌,IV-28,IV-028_01_310000,上海市,matched,subitem_13205,child_num 精确匹配
inheritor_2050,张善元,IV-28,IV-028_01_310000,上海市,matched,subitem_13205,child_num 精确匹配
inheritor_2051,周云亮,IV-28,IV-028_03_320000,江苏省,matched,subitem_13208,child_num 精确匹配
inheritor_2052,沈小梅,IV-28,IV-028_03_320000,江苏省,matched,subitem_13208,child_num 精确匹配
inheritor_2053,宋长荣,IV-28,IV-028_03_320800,江苏省,matched,subitem_13209,child_num 精确匹配
inheritor_2054,杨至芳,IV-28,IV-028_02_420111,湖北省,matched,subitem_13207,child_num 精确匹配
inheritor_2055,李祖铭,IV-28,IV-028_01_110102,未知,matched,subitem_13202,child_num 精确匹配
inheritor_2056,刘琪,IV-28,IV-028_01_110102,未知,matched,subitem_13202,child_num 精确匹配
inheritor_2057,朱秉谦,IV-28,IV-028_01_110102,未知,matched,subitem_13202,child_num 精确匹配
inheritor_2058,李景德,IV-28,IV-028_01_110102,未知,matched,subitem_13202,child_num 精确匹配
inheritor_2059,沈福存,IV-28,IV-028_01_110102,未知,matched,subitem_13202,child_num 精确匹配
inheritor_2060,王丹红,IV-29,IV-029_01_340000,安徽省,matched,subitem_13210,child_num 精确匹配
inheritor_2061,程良美,IV-30,IV-030_01_420100,湖北省,matched,subitem_13213,child_num 精确匹配
inheritor_2062,何其坚,IV-34,IV-034_01_430600,湖南省,matched,subitem_13218,child_num 精确匹配
inheritor_2063,罗家宝,IV-36,IV-036_01_440100,广东省,matched,subitem_13221,child_num 精确匹配
inheritor_2064,罗桂霞,IV-37,IV-037_01_450000,广西壮族自治区,matched,subitem_13228,child_num 精确匹配
inheritor_2065,迟皓文,IV-43,IV-043_01_370000,山东省,matched,subitem_13238,child_num 精确匹配
inheritor_2066,杨香玉,IV-43,IV-043_02_410922,河南省,matched,subitem_13239,child_num 精确匹配
inheritor_2067,姚继春,IV-44,IV-044_01_410928,河南省,matched,subitem_13241,child_num 精确匹配
inheritor_2068,张俊玲,IV-51,IV-051_01_130224,河北省,matched,subitem_13257,child_num 精确匹配
inheritor_2069,袁淑梅,IV-51,IV-051_03_130100,河北省,matched,subitem_13262,child_num 精确匹配
inheritor_2070,李红霞,IV-51,IV-051_03_130100,河北省,matched,subitem_13262,child_num 精确匹配
inheritor_2071,荣明祥,IV-58,IV-058_01_420000,湖北省,matched,subitem_13277,child_num 精确匹配
inheritor_2072,张光明,IV-58,IV-058_01_420000,湖北省,matched,subitem_13277,child_num 精确匹配
inheritor_2073,孙世安,IV-59,IV-059_01_429005,湖北省,matched,subitem_13279,child_num 精确匹配
inheritor_2074,吴亚玲,IV-60,IV-060_03_340100,安徽省,matched,subitem_13282,child_num 精确匹配
inheritor_2075,陈宾茂,IV-65,IV-065_01_360700,江西省,matched,subitem_13292,child_num 精确匹配
inheritor_2076,万安安,IV-65,IV-065_03_361002,江西省,matched,subitem_13296,child_num 精确匹配
inheritor_2077,吴燕城,IV-65,IV-065_03_440200,广东省,matched,subitem_13297,child_num 精确匹配
inheritor_2078,武玉梅,IV-70,IV-070_02_140429,山西省,matched,subitem_13313,child_num 精确匹配
inheritor_2079,杨升祥,IV-70,IV-070_02_140423,山西省,matched,subitem_13311,child_num 精确匹配
inheritor_2080,黄凤兰,IV-71,IV-071_03_140927,山西省,matched,subitem_13324,child_num 精确匹配
inheritor_2081,刘浩智,IV-71,IV-071_03_611000,陕西省,matched,subitem_13325,child_num 精确匹配
inheritor_2082,许月英,IV-73,IV-073_01_140930,山西省,matched,subitem_13329,child_num 精确匹配
inheritor_2083,霍伴柱,IV-73,IV-073_01_150100,内蒙古自治区,matched,subitem_13330,child_num 精确匹配
inheritor_2084,覃明德,IV-76,IV-076_01_450000,广西壮族自治区,matched,subitem_13335,child_num 精确匹配
inheritor_2085,刘胜杨,IV-78,IV-078_01_520624,贵州省,matched,subitem_13339,child_num 精确匹配
inheritor_2086,欧噜雪吧,IV-80,IV-080_03_540123,西藏自治区,matched,subitem_13359,child_num 精确匹配
inheritor_2087,李先加,IV-80,IV-080_01_632300,青海省,matched,subitem_13354,child_num 精确匹配
inheritor_2088,张军,IV-88,IV-088_01_140821,山西省,matched,subitem_13375,child_num 精确匹配
inheritor_2089,桂训锦,IV-89,IV-089_03_360426,江西省,matched,subitem_13386,child_num 精确匹配
inheritor_2090,苏立文,IV-89,IV-089_03_431381,湖南省,matched,subitem_13387,child_num 精确匹配
inheritor_2091,张向东,IV-91,IV-091_03_130322,河北省,matched,subitem_13419,child_num 精确匹配
inheritor_2093,秦礼刚,IV-91,IV-091_03_420923,湖北省,matched,subitem_13423,child_num 精确匹配
inheritor_2094,李桂香,IV-91,IV-091_02_430111,湖南省,matched,subitem_13414,child_num 精确匹配
inheritor_2095,王彪,IV-91,IV-091_02_511381,四川省,matched,subitem_13417,child_num 精确匹配
inheritor_2096,刘永周,IV-91,IV-091_03_530522,云南省,matched,subitem_13424,child_num 精确匹配
inheritor_2097,汪天稳,IV-91,IV-091_01_610500,陕西省,matched,subitem_13401,child_num 精确匹配
inheritor_2098,靳生昌,IV-91,IV-091_02_630000,青海省,matched,subitem_13418,child_num 精确匹配
inheritor_2099,郑国芳,IV-92,IV-092_03_310106,上海市,matched,subitem_13447,child_num 精确匹配
inheritor_2100,季桂芳,IV-92,IV-092_03_330329,浙江省,matched,subitem_13449,child_num 精确匹配
inheritor_2101,武筱凤,IV-102,IV-102_02_310101,上海市,matched,subitem_13477,child_num 精确匹配
inheritor_2102,程少樑,IV-102,IV-102_02_310101,上海市,matched,subitem_13477,child_num 精确匹配
inheritor_2103,何双林,IV-102,IV-102_02_310101,上海市,matched,subitem_13477,child_num 精确匹配
inheritor_2104,陈德林,IV-102,IV-102_03_321200,江苏省,matched,subitem_13480,child_num 精确匹配
inheritor_2105,王根兴,IV-103,IV-103_02_320400,江苏省,matched,subitem_13483,child_num 精确匹配
inheritor_2106,杨柳汀,IV-107,IV-107_02_330200,浙江省,matched,subitem_13488,child_num 精确匹配
inheritor_2107,章宗义,IV-109,IV-109_02_330600,浙江省,matched,subitem_13490,child_num 精确匹配
inheritor_2108,刘建杨,IV-109,IV-109_02_330600,浙江省,matched,subitem_13490,child_num 精确匹配
inheritor_2109,张建敏,IV-110,IV-110_02_330700,浙江省,matched,subitem_13491,child_num 精确匹配
inheritor_2110,陈美兰,IV-110,IV-110_02_330700,浙江省,matched,subitem_13491,child_num 精确匹配
inheritor_2111,余杞敏,IV-111,IV-111_02_340826,安徽省,matched,subitem_13493,child_num 精确匹配
inheritor_2112,潘爱芳,IV-112,IV-112_03_429004,湖北省,matched,subitem_13503,child_num 精确匹配
inheritor_2113,杨小兰,IV-112,IV-112_03_430400,湖南省,matched,subitem_13505,child_num 精确匹配
inheritor_2114,欧阳觉文,IV-112,IV-112_03_430102,湖南省,matched,subitem_13504,child_num 精确匹配
inheritor_2115,王永昌,IV-116,IV-116_03_371600,山东省,matched,subitem_13518,child_num 精确匹配
inheritor_2116,丁瑞魁,IV-124,IV-124_02_410823,河南省,matched,subitem_13530,child_num 精确匹配
inheritor_2117,甘伯炼,IV-126,IV-126_02_421223,湖北省,matched,subitem_13533,child_num 精确匹配
inheritor_2118,张少君,IV-128,IV-128_02_430400,湖南省,matched,subitem_13537,child_num 精确匹配
inheritor_2119,梁家梁,IV-130,IV-130_02_460108,海南省,matched,subitem_13542,child_num 精确匹配
inheritor_2120,孙国际,IV-147,IV-147_03_410522,河南省,matched,subitem_13561,child_num 精确匹配
inheritor_2121,袁章考,IV-148,IV-148_03_410527,河南省,matched,subitem_13562,child_num 精确匹配
inheritor_2122,金由英,IV-150,IV-150_03_440882,广东省,matched,subitem_13564,child_num 精确匹配
inheritor_2123,张晓东,IV-155,IV-155_03_341300,安徽省,matched,subitem_13569,child_num 精确匹配
inheritor_2124,翁双杰,IV-156,IV-156_03_310101,上海市,matched,subitem_13571,child_num 精确匹配
inheritor_2125,严顺开,IV-156,IV-156_03_310101,上海市,matched,subitem_13571,child_num 精确匹配
inheritor_2126,顾芗,IV-156,IV-156_03_320500,江苏省,matched,subitem_13572,child_num 精确匹配
inheritor_2127,张克勤,IV-156,IV-156_03_320500,江苏省,matched,subitem_13572,child_num 精确匹配
inheritor_2418,江文兰,V-1,V-001_02_310000,上海市,matched,subitem_13582,child_num 精确匹配
inheritor_2419,赵开生,V-1,V-001_02_310000,上海市,matched,subitem_13582,child_num 精确匹配
inheritor_2420,陈丽洁,V-6,V-006_02_210700,辽宁省,matched,subitem_13598,child_num 精确匹配
inheritor_2421,贾幼然,V-8,V-008_01_130225,河北省,matched,subitem_13602,child_num 精确匹配
inheritor_2422,陈志雄,V-13,V-013_01_330381,浙江省,matched,subitem_13609,child_num 精确匹配
inheritor_2423,沈永宁,V-19,V-019_02_630100,青海省,matched,subitem_13620,child_num 精确匹配
inheritor_2424,刘士福,V-21,V-021_01_370000,山东省,matched,subitem_13623,child_num 精确匹配
inheritor_2425,朱丽华,V-21,V-021_01_370000,山东省,matched,subitem_13623,child_num 精确匹配
inheritor_2426,陈增三,V-24,V-024_01_620100,甘肃省,matched,subitem_13628,child_num 精确匹配
inheritor_2427,王素华,V-26,V-026_01_350600,福建省,matched,subitem_13630,child_num 精确匹配
inheritor_2428,董孝芳,V-35,V-035_01_220000,吉林省,matched,subitem_13645,child_num 精确匹配
inheritor_2429,韩子平,V-35,V-035_01_220000,吉林省,matched,subitem_13645,child_num 精确匹配
inheritor_2430,高景佐,V-39,V-039_01_370000,山东省,matched,subitem_13655,child_num 精确匹配
inheritor_2431,代沃德,V-40,V-040_01_152222,内蒙古自治区,matched,subitem_13657,child_num 精确匹配
inheritor_2432,加玛勒汗·哈拉巴特,V-45,V-045_01_654000,新疆维吾尔自治区,matched,subitem_13666,child_num 精确匹配
inheritor_2433,姜昆,V-47,V-047_02_110102,未知,matched,subitem_13669,child_num 精确匹配
inheritor_2434,陆倚琴,V-48,V-048_02_120103,天津市,matched,subitem_13673,child_num 精确匹配
inheritor_2435,刘春爱,V-48,V-048_02_120103,天津市,matched,subitem_13673,child_num 精确匹配
inheritor_2436,张蕴华,V-49,V-049_02_110102,北京市,matched,subitem_13674,child_num 精确匹配
inheritor_2437,姚祺儿,V-68,V-068_02_310101,上海市,matched,subitem_13700,child_num 精确匹配
inheritor_2438,何忠华,V-70,V-070_02_420100,湖北省,matched,subitem_13703,child_num 精确匹配
inheritor_2439,张巧玲,V-73,V-073_02_320300,江苏省,matched,subitem_13706,child_num 精确匹配
inheritor_2440,陈再碧,V-75,V-075_03_500000,重庆市,matched,subitem_13711,child_num 精确匹配
inheritor_2441,吴卡亚,V-76,V-076_02_500101,重庆市,matched,subitem_13712,child_num 精确匹配
inheritor_2442,刘国福,V-76,V-076_02_500101,重庆市,matched,subitem_13712,child_num 精确匹配
inheritor_2443,张永贵,V-76,V-076_02_510106,四川省,matched,subitem_13713,child_num 精确匹配
inheritor_2444,李静明,V-77,V-077_03_500000,重庆市,matched,subitem_13715,child_num 精确匹配
inheritor_2445,何红玉,V-87,V-087_02_450300,广西壮族自治区,matched,subitem_13730,child_num 精确匹配
inheritor_2446,陈秀芬,V-87,V-087_02_450300,广西壮族自治区,matched,subitem_13730,child_num 精确匹配
inheritor_2447,刘延彪,V-94,V-094_02_630000,青海省,matched,subitem_13738,child_num 精确匹配
inheritor_2448,曹有元,V-97,V-097_03_140100,山西省,matched,subitem_13741,child_num 精确匹配
inheritor_2449,姜信子,V-102,V-102_03_222400,吉林省,matched,subitem_13747,child_num 精确匹配
inheritor_2450,徐勍,V-110,V-110_03_500000,重庆市,matched,subitem_13755,child_num 精确匹配
inheritor_2451,吴咏梅,V-112,V-112_03_820000,澳门特别行政区,matched,subitem_13757,child_num 精确匹配
inheritor_2542,那巴特尔,VI-22,VI-022_02_152900,内蒙古自治区,matched,subitem_13820,child_num 精确匹配
inheritor_2543,孙志均,VI-25,VI-025_03_110102,北京市,matched,subitem_13824,child_num 精确匹配
inheritor_2544,张玉林,VI-26,VI-026_02_131182,河北省,matched,subitem_13826,child_num 精确匹配
inheritor_2545,陈桂学,VI-27,VI-027_02_130638,河北省,matched,subitem_13828,child_num 精确匹配
inheritor_2546,李洳波,VI-30,VI-030_02_411100,河南省,matched,subitem_13832,child_num 精确匹配
inheritor_2547,周昆民,VI-31,VI-031_02_350500,福建省,matched,subitem_13834,child_num 精确匹配
inheritor_2548,肖桂森,VI-47,VI-047_03_120101,天津市,matched,subitem_13857,child_num 精确匹配
inheritor_2549,卜树权,VI-48,VI-048_02_320925,江苏省,matched,subitem_13858,child_num 精确匹配
inheritor_2550,李正丙,VI-51,VI-051_02_341302,安徽省,matched,subitem_13861,child_num 精确匹配
inheritor_2551,李义军,VI-59,VI-059_03_371728,山东省,matched,subitem_13870,child_num 精确匹配
inheritor_2552,董文焕,VI-63,VI-063_03_341600,安徽省,matched,subitem_13875,child_num 精确匹配
inheritor_2553,沈少三,VI-64,VI-064_03_410200,河南省,matched,subitem_13876,child_num 精确匹配
inheritor_2554,牛玉亮,VI-70,VI-070_03_110102,北京市,matched,subitem_13885,child_num 精确匹配
inheritor_2751,高腊梅,VII-87,VII-008_01_430524,湖南省,matched,subitem_13907,child_num 精确匹配
inheritor_2752,颜登泽仁,VII-14,VII-014_01_513300,四川省,matched,subitem_13913,child_num 精确匹配
inheritor_2753,罗布斯达,VII-14,VII-014_03_540000,西藏自治区,matched,subitem_13919,child_num 精确匹配
inheritor_2754,希热布,VII-14,VII-014_02_623027,甘肃省,matched,subitem_13918,child_num 精确匹配
inheritor_2755,九麦,VII-14,VII-014_02_623027,甘肃省,matched,subitem_13918,child_num 精确匹配
inheritor_2756,周广,VII-16,VII-016_01_130726,河北省,matched,subitem_13924,child_num 精确匹配
inheritor_2757,周淑英,VII-16,VII-016_01_130726,河北省,matched,subitem_13924,child_num 精确匹配
inheritor_2758,段建珺,VII-16,VII-016_02_150123,内蒙古自治区,matched,subitem_13936,child_num 精确匹配
inheritor_2759,刘静兰,VII-16,VII-016_03_150200,内蒙古自治区,matched,subitem_13966,child_num 精确匹配
inheritor_2760,关淑梅,VII-16,VII-016_02_210422,辽宁省,matched,subitem_13939,child_num 精确匹配
inheritor_2761,倪友芝,VII-16,VII-016_02_220500,吉林省,matched,subitem_13941,child_num 精确匹配
inheritor_2762,奚小琴,VII-16,VII-016_02_310104,上海市,matched,subitem_13943,child_num 精确匹配
inheritor_2763,程兴红,VII-16,VII-016_02_341200,安徽省,matched,subitem_13948,child_num 精确匹配
inheritor_2764,王朋草,VII-16,VII-016_02_411282,河南省,matched,subitem_13959,child_num 精确匹配
inheritor_2765,管丽芳,VII-16,VII-016_02_420902,湖北省,matched,subitem_13961,child_num 精确匹配
inheritor_2766,邵梅罕,VII-16,VII-016_01_533103,云南省,matched,subitem_13933,child_num 精确匹配
inheritor_2767,高凤莲,VII-16,VII-016_03_610622,陕西省,matched,subitem_13969,child_num 精确匹配
inheritor_2768,余福臻,VII-18,VII-018_01_320500,江苏省,matched,subitem_13978,child_num 精确匹配
inheritor_2769,张玉英,VII-18,VII-018_01_320500,江苏省,matched,subitem_13978,child_num 精确匹配
inheritor_2770,蒋雪英,VII-18,VII-018_01_320500,江苏省,matched,subitem_13978,child_num 精确匹配
inheritor_2771,姚惠芬,VII-18,VII-018_01_320500,江苏省,matched,subitem_13978,child_num 精确匹配
inheritor_2772,张美芳,VII-18,VII-018_01_320500,江苏省,matched,subitem_13978,child_num 精确匹配
inheritor_2773,柳建新,VII-19,VII-019_01_430100,湖南省,matched,subitem_13982,child_num 精确匹配
inheritor_2774,江再红,VII-19,VII-019_01_430100,湖南省,matched,subitem_13982,child_num 精确匹配
inheritor_2775,康惠芳,VII-20,VII-020_01_445100,广东省,matched,subitem_13984,child_num 精确匹配
inheritor_2776,孙庆先,VII-20,VII-020_01_445100,广东省,matched,subitem_13984,child_num 精确匹配
inheritor_2777,吴通英,VII-22,VII-022_03_522630,贵州省,matched,subitem_13991,child_num 精确匹配
inheritor_2778,宋水仙,VII-23,VII-023_01_522732,贵州省,matched,subitem_13992,child_num 精确匹配
inheritor_2779,韦桃花,VII-23,VII-023_01_522732,贵州省,matched,subitem_13992,child_num 精确匹配
inheritor_2780,柴慈继,VII-27,VII-027_01_110101,北京市,matched,subitem_14001,child_num 精确匹配
inheritor_2781,李春珂,VII-27,VII-027_01_110101,北京市,matched,subitem_14001,child_num 精确匹配
inheritor_2782,张民辉,VII-27,VII-027_01_440100,广东省,matched,subitem_14002,child_num 精确匹配
inheritor_2783,薛春梅,VII-28,VII-028_01_321000,江苏省,matched,subitem_14004,child_num 精确匹配
inheritor_2784,高毅进,VII-28,VII-028_01_321000,江苏省,matched,subitem_14004,child_num 精确匹配
inheritor_2785,张爱廷,VII-34,VII-033_01_331121,浙江省,matched,subitem_14010,child_num 精确匹配
inheritor_2786,安荣杰,VII-34,VII-034_01_130634,河北省,matched,subitem_14011,child_num 精确匹配
inheritor_2787,王经民,VII-36,VII-036_01_350521,福建省,matched,subitem_14013,child_num 精确匹配
inheritor_2788,蒯正华,VII-37,VII-037_01_341000,安徽省,matched,subitem_14014,child_num 精确匹配
inheritor_2789,曹永盛,VII-37,VII-037_01_341000,安徽省,matched,subitem_14014,child_num 精确匹配
inheritor_2790,辜柳希,VII-40,VII-040_01_445100,广东省,matched,subitem_14020,child_num 精确匹配
inheritor_2791,虞金顺,VII-41,VII-042_01_330382,浙江省,matched,subitem_14024,child_num 精确匹配
inheritor_2792,高公博,VII-42,VII-042_01_330382,浙江省,matched,subitem_14024,child_num 精确匹配
inheritor_2793,吴初伟,VII-43,VII-043_01_330783,浙江省,matched,subitem_14026,child_num 精确匹配
inheritor_2794,张宗凡,VII-46,VII-046_01_430500,湖南省,matched,subitem_14032,child_num 精确匹配
inheritor_2795,聂希蔚,VII-47,VII-047_02_370785,山东省,matched,subitem_14046,child_num 精确匹配
inheritor_2796,罗藏昂秀,VII-48,VII-048_01_630122,青海省,matched,subitem_14054,child_num 精确匹配
inheritor_2797,杨玉榕,VII-50,VII-050_02_440600,广东省,matched,subitem_14069,child_num 精确匹配
inheritor_2798,刘嘉峰,VII-51,VII-051_02_511725,四川省,matched,subitem_14080,child_num 精确匹配
inheritor_2799,汤夙国,VII-52,VII-052_03_110112,北京市,matched,subitem_14089,child_num 精确匹配
inheritor_2800,王文忠,VII-55,VII-055_03_341225,安徽省,matched,subitem_14106,child_num 精确匹配
inheritor_2801,柳朝国,VII-57,VII-057_02_110101,北京市,matched,subitem_14125,child_num 精确匹配
inheritor_2802,李博生,VII-57,VII-057_02_110101,北京市,matched,subitem_14125,child_num 精确匹配
inheritor_2803,袁耀,VII-57,VII-057_03_310000,上海市,matched,subitem_14130,child_num 精确匹配
inheritor_2804,洪新华,VII-57,VII-057_03_310000,上海市,matched,subitem_14130,child_num 精确匹配
inheritor_2805,翟念卫,VII-57,VII-057_03_310000,上海市,matched,subitem_14130,child_num 精确匹配
inheritor_2806,杨曦,VII-57,VII-057_02_320500,江苏省,matched,subitem_14126,child_num 精确匹配
inheritor_2807,屠杰,VII-58,VII-058_03_310000,上海市,matched,subitem_14135,child_num 精确匹配
inheritor_2808,方文桃,VII-58,VII-058_03_350300,福建省,matched,subitem_14136,child_num 精确匹配
inheritor_2809,佘国平,VII-58,VII-058_03_350300,福建省,matched,subitem_14136,child_num 精确匹配
inheritor_2810,曾德衡,VII-58,VII-058_02_820000,澳门特别行政区,matched,subitem_14133,child_num 精确匹配
inheritor_2811,桑格达杰,VII-64,VII-064_02_632600,青海省,matched,subitem_14154,child_num 精确匹配
inheritor_2812,韩建峰,VII-65,VII-065_02_410526,河南省,matched,subitem_14159,child_num 精确匹配
inheritor_2813,陈义文,VII-65,VII-065_03_420682,湖北省,matched,subitem_14161,child_num 精确匹配
inheritor_2814,弓春香,VII-71,VII-071_02_140400,山西省,multiple_candidates,subitem_14175;subitem_14176,项目编号+省份存在多个候选
inheritor_2815,阿吉尔·赛买提,VII-79,VII-079_02_652200,新疆维吾尔自治区,matched,subitem_14190,child_num 精确匹配
inheritor_2816,米代,VII-81,VII-081_02_652829,新疆维吾尔自治区,matched,subitem_14196,child_num 精确匹配
inheritor_2817,邵成村,VII-87,VII-087_02_440100,广东省,matched,subitem_14204,child_num 精确匹配
inheritor_2818,吴学宝,VII-90,VII-090_02_350100,福建省,matched,subitem_14209,child_num 精确匹配
inheritor_2819,卢芝高,VII-91,VII-091_03_445100,广东省,matched,subitem_14216,child_num 精确匹配
inheritor_2820,雷显元,VII-101,VII-101_03_140728,山西省,matched,subitem_14235,child_num 精确匹配
inheritor_2821,唐明敏,VII-103,VII-103_03_310115,上海市,matched,subitem_14237,child_num 精确匹配
inheritor_2822,许谨伦,VII-104,VII-104_03_330212,浙江省,matched,subitem_14238,child_num 精确匹配
inheritor_2823,杨华珍,VII-106,VII-106_03_513200,四川省,matched,subitem_14240,child_num 精确匹配
inheritor_2824,陈显月,VII-107,VII-107_03_522628,贵州省,matched,subitem_14241,child_num 精确匹配
inheritor_2825,杨秀玉,VII-108,VII-108_03_654022,新疆维吾尔自治区,matched,subitem_14242,child_num 精确匹配
inheritor_2826,黄才良,VII-109,VII-109_03_330226,浙江省,matched,subitem_14243,child_num 精确匹配
inheritor_3188,徐秀棠,VIII-1,VIII-001_01_320282,江苏省,matched,subitem_14261,child_num 精确匹配
inheritor_3189,吕尧臣,VIII-1,VIII-001_01_320282,江苏省,matched,subitem_14261,child_num 精确匹配
inheritor_3190,黄松坚,VIII-3,VIII-003_01_440600,广东省,matched,subitem_14263,child_num 精确匹配
inheritor_3191,廖洪标,VIII-3,VIII-003_01_440600,广东省,matched,subitem_14263,child_num 精确匹配
inheritor_3192,兰国华,VIII-7,VIII-007_01_360200,江西省,matched,subitem_14270,child_num 精确匹配
inheritor_3193,黄云鹏,VIII-7,VIII-007_01_360200,江西省,matched,subitem_14270,child_num 精确匹配
inheritor_3194,李文跃,VIII-7,VIII-007_01_360200,江西省,matched,subitem_14270,child_num 精确匹配
inheritor_3195,邓希平,VIII-7,VIII-007_01_360200,江西省,matched,subitem_14270,child_num 精确匹配
inheritor_3196,朱丹忱,VIII-7,VIII-007_01_360200,江西省,matched,subitem_14270,child_num 精确匹配
inheritor_3197,傅长敏,VIII-7,VIII-007_01_360200,江西省,matched,subitem_14270,child_num 精确匹配
inheritor_3198,夏侯文,VIII-9,VIII-009_01_331181,浙江省,matched,subitem_14272,child_num 精确匹配
inheritor_3199,毛正聪,VIII-9,VIII-009_01_331181,浙江省,matched,subitem_14272,child_num 精确匹配
inheritor_3200,安际衡,VIII-10,VIII-010_01_130406,河北省,matched,subitem_14273,child_num 精确匹配
inheritor_3201,邱双炯,VIII-11,VIII-011_01_350526,福建省,matched,subitem_14274,child_num 精确匹配
inheritor_3202,符林早,VIII-19,VIII-019_01_469007,海南省,matched,subitem_14284,child_num 精确匹配
inheritor_3203,木斯勒木江·恰尔甫汗,VIII-23,VIII-023_02_654200,新疆维吾尔自治区,matched,subitem_14295,child_num 精确匹配
inheritor_3204,王振兴,VIII-24,VIII-024_01_320600,江苏省,matched,subitem_14296,child_num 精确匹配
inheritor_3205,王阿勇,VIII-25,VIII-025_01_522636,贵州省,matched,subitem_14300,child_num 精确匹配
inheritor_3206,储金霞,VIII-39,VIII-039_01_340200,安徽省,matched,subitem_14329,child_num 精确匹配
inheritor_3207,林仕元,VIII-40,VIII-040_03_350981,福建省,matched,subitem_14334,child_num 精确匹配
inheritor_3208,勒古沙日,VIII-40,VIII-040_02_513429,四川省,matched,subitem_14332,child_num 精确匹配
inheritor_3209,吴水根,VIII-40,VIII-040_02_522622,贵州省,matched,subitem_14333,child_num 精确匹配
inheritor_3210,钟连盛,VIII-43,VIII-043_01_110101,北京市,matched,subitem_14341,child_num 精确匹配
inheritor_3211,曹运建,VIII-45,VIII-045_03_141000,山西省,matched,subitem_14349,child_num 精确匹配
inheritor_3212,杨金荣,VIII-45,VIII-045_03_321183,江苏省,matched,subitem_14350,child_num 精确匹配
inheritor_3213,殷秀云,VIII-50,VIII-050_01_110101,北京市,matched,subitem_14357,child_num 精确匹配
inheritor_3214,梁忠秀,VIII-51,VIII-051_01_140728,山西省,matched,subitem_14359,child_num 精确匹配
inheritor_3215,汤春甫,VIII-53,VIII-053_01_331023,浙江省,matched,subitem_14361,child_num 精确匹配
inheritor_3216,黄时忠,VIII-54,VIII-054_01_350100,福建省,matched,subitem_14362,child_num 精确匹配
inheritor_3217,张良,VIII-58,VIII-058_01_510500,四川省,matched,subitem_14366,child_num 精确匹配
inheritor_3218,武润威,VIII-61,VIII-061_01_140121,山西省,matched,subitem_14369,child_num 精确匹配
inheritor_3219,陈德华,VIII-63,VIII-063_01_350782,福建省,matched,subitem_14373,child_num 精确匹配
inheritor_3220,万爱珠,VIII-67,VIII-067_03_330825,浙江省,matched,subitem_14381,child_num 精确匹配
inheritor_3221,周小三,VIII-68,VIII-068_01_530900,云南省,matched,subitem_14383,child_num 精确匹配
inheritor_3222,刘同烟,VIII-70,VIII-070_02_340824,安徽省,matched,subitem_14387,child_num 精确匹配
inheritor_3223,李法儿,VIII-71,VIII-071_01_330183,浙江省,matched,subitem_14389,child_num 精确匹配
inheritor_3224,鲁建庆,VIII-73,VIII-073_03_310101,上海市,matched,subitem_14399,child_num 精确匹配
inheritor_3225,王祖伟,VIII-74,VIII-074_01_341021,安徽省,matched,subitem_14400,child_num 精确匹配
inheritor_3227,肖刚,VIII-77,VIII-077_01_110102,北京市,matched,subitem_14404,child_num 精确匹配
inheritor_3228,马萌青,VIII-79,VIII-079_01_320100,江苏省,matched,subitem_14411,child_num 精确匹配
inheritor_3229,邢伟中,VIII-81,VIII-081_01_320500,江苏省,matched,subitem_14414,child_num 精确匹配
inheritor_3230,郭宝林,VIII-83,VIII-083_02_232700,黑龙江省,matched,subitem_14423,child_num 精确匹配
inheritor_3231,梁忠民,VIII-86,VIII-086_02_610723,陕西省,matched,subitem_14431,child_num 精确匹配
inheritor_3232,哈亦琦,VIII-88,VIII-088_02_110108,北京市,matched,subitem_14436,child_num 精确匹配
inheritor_3233,费保龄,VIII-88,VIII-088_03_110101,北京市,matched,subitem_14438,child_num 精确匹配
inheritor_3234,魏国秋,VIII-88,VIII-088_02_120104,天津市,matched,subitem_14437,child_num 精确匹配
inheritor_3236,任星航,VIII-93,VIII-093_02_411081,河南省,matched,subitem_14449,child_num 精确匹配
inheritor_3237,孔相卿,VIII-93,VIII-093_02_411081,河南省,matched,subitem_14449,child_num 精确匹配
inheritor_3238,苗长强,VIII-93,VIII-093_02_411081,河南省,matched,subitem_14449,child_num 精确匹配
inheritor_3239,陈扬龙,VIII-95,VIII-095_02_430281,湖南省,matched,subitem_14451,child_num 精确匹配
inheritor_3240,吴为明,VIII-96,VIII-096_02_440100,广东省,matched,subitem_14452,项目编号+省份回退匹配
inheritor_3241,陈文敏,VIII-97,VIII-097_02_440100,广东省,matched,subitem_14453,child_num 精确匹配
inheritor_3242,白玛群加,VIII-98,VIII-098_02_513337,青海省,matched,subitem_14456,child_num 精确匹配
inheritor_3243,帕热坦木·吐尔迪,VIII-100,VIII-100_03_652926,新疆维吾尔自治区,matched,subitem_14479,child_num 精确匹配
inheritor_3244,阿不力孜·吐尔逊,VIII-101,VIII-101_03_652929,新疆维吾尔自治区,matched,subitem_14485,child_num 精确匹配
inheritor_3245,杨光成,VIII-108,VIII-108_02_522731,贵州省,matched,subitem_14498,child_num 精确匹配
inheritor_3246,邢俊,VIII-115,VIII-115_03_120101,天津市,matched,subitem_14512,child_num 精确匹配
inheritor_3247,张心一,VIII-117,VIII-117_02_310101,上海市,matched,subitem_14514,child_num 精确匹配
inheritor_3248,列旦,VIII-120,VIII-120_02_542322,西藏自治区,matched,subitem_14521,child_num 精确匹配
inheritor_3249,拉琼,VIII-120,VIII-120_03_542300,西藏自治区,matched,subitem_14524,child_num 精确匹配
inheritor_3250,吴景馨,VIII-124,VIII-124_03_110108,北京市,matched,subitem_14534,child_num 精确匹配
inheritor_3251,哈达,VIII-124,VIII-124_03_152222,内蒙古自治区,matched,subitem_14535,child_num 精确匹配
inheritor_3252,徐振高,VIII-124,VIII-124_03_310112,上海市,matched,subitem_14537,child_num 精确匹配
inheritor_3253,封明君,VIII-124,VIII-124_02_320500,江苏省,matched,subitem_14530,child_num 精确匹配
inheritor_3254,艾依提·依明,VIII-124,VIII-124_02_652925,新疆维吾尔自治区,matched,subitem_14532,child_num 精确匹配
inheritor_3255,柏德元,VIII-126,VIII-126_02_110000,北京市,matched,subitem_14543,child_num 精确匹配
inheritor_3256,何俊明,VIII-127,VIII-127_03_140825,山西省,matched,subitem_14546,child_num 精确匹配
inheritor_3257,李波生,VIII-127,VIII-127_03_361128,江西省,matched,subitem_14547,child_num 精确匹配
inheritor_3258,邹德香,VIII-127,VIII-127_03_421000,湖北省,matched,subitem_14549,child_num 精确匹配
inheritor_3259,张文年,VIII-130,VIII-130_02_341800,安徽省,matched,subitem_14555,child_num 精确匹配
inheritor_3260,闫森林,VIII-133,VIII-133_03_640100,宁夏回族自治区,matched,subitem_14562,child_num 精确匹配
inheritor_3261,范广畴,VIII-136,VIII-136_03_320500,江苏省,matched,subitem_14571,child_num 精确匹配
inheritor_3262,徐建华,VIII-136,VIII-136_02_110101,未知,matched,subitem_14567,child_num 精确匹配
inheritor_3263,杜伟生,VIII-136,VIII-136_02_110108,未知,matched,subitem_14570,child_num 精确匹配
inheritor_3264,汪学军,VIII-136,VIII-136_02_110102b,未知,matched,subitem_14569,child_num 精确匹配
inheritor_3265,岑国和,VIII-137,VIII-137_02_330903,浙江省,matched,subitem_14573,child_num 精确匹配
inheritor_3266,次仁,VIII-141,VIII-141_02_540123,西藏自治区,matched,subitem_14580,child_num 精确匹配
inheritor_3267,波空论,VIII-142,VIII-142_02_532800,云南省,matched,subitem_14582,child_num 精确匹配
inheritor_3268,孙丹威,VIII-147,VIII-147_03_110101,北京市,matched,subitem_14603,child_num 精确匹配
inheritor_3269,储昭伟,VIII-148,VIII-148_02_341503,安徽省,matched,subitem_14609,child_num 精确匹配
inheritor_3270,方继凡,VIII-148,VIII-148_02_341003,安徽省,matched,subitem_14607,child_num 精确匹配
inheritor_3271,甘玉祥,VIII-152,VIII-152_02_511800,四川省,matched,subitem_14625,child_num 精确匹配
inheritor_3272,王青艾,VIII-160,VIII-160_03_140824,山西省,matched,subitem_14645,child_num 精确匹配
inheritor_3273,赵光晋,VIII-163,VIII-163_02_140100,山西省,matched,subitem_14650,child_num 精确匹配
inheritor_3274,梁球胜,VIII-163,VIII-163_02_440100,广东省,matched,subitem_14651,child_num 精确匹配
inheritor_3275,乌平,VIII-165,VIII-165_02_610100,陕西省,matched,subitem_14653,child_num 精确匹配
inheritor_3276,李永革,VIII-174,VIII-174_02_110101,未知,matched,subitem_14670,child_num 精确匹配
inheritor_3277,刘增玉,VIII-174,VIII-174_02_110101,未知,matched,subitem_14670,child_num 精确匹配
inheritor_3278,黄春财,VIII-175,VIII-175_02_350923,福建省,matched,subitem_14673,child_num 精确匹配
inheritor_3279,胡公敏,VIII-178,VIII-178_02_341000,安徽省,matched,subitem_14680,child_num 精确匹配
inheritor_3280,呼森格,VIII-181,VIII-181_02_152526,内蒙古自治区,matched,subitem_14691,child_num 精确匹配
inheritor_3281,果洛折求,VIII-186,VIII-186_03_632622,青海省,matched,subitem_14699,child_num 精确匹配
inheritor_3282,嵇锡贵,VIII-187,VIII-187_03_330100,浙江省,matched,subitem_14700,child_num 精确匹配
inheritor_3283,孙建兴,VIII-188,VIII-188_03_350700,福建省,matched,subitem_14703,child_num 精确匹配
inheritor_3284,朱文立,VIII-189,VIII-189_03_410482,河南省,matched,subitem_14705,child_num 精确匹配
inheritor_3285,孟玉松,VIII-189,VIII-189_03_410482,河南省,matched,subitem_14705,child_num 精确匹配
inheritor_3286,徐永良,VIII-193,VIII-193_03_310106,上海市,matched,subitem_14710,child_num 精确匹配
inheritor_3287,林瑞祥,VIII-193,VIII-193_03_310106b,上海市,matched,subitem_14711,child_num 精确匹配
inheritor_3288,包文其,VIII-193,VIII-193_03_330100,浙江省,matched,subitem_14712,child_num 精确匹配
inheritor_3289,敖朝宗,VIII-194,VIII-194_03_421000,湖北省,matched,subitem_14713,child_num 精确匹配
inheritor_3290,何满,VIII-196,VIII-196_03_630122,青海省,matched,subitem_14715,child_num 精确匹配
inheritor_3291,王有亮,VIII-197,VIII-197_03_110101,未知,matched,subitem_14716,child_num 精确匹配
inheritor_3292,阿旺晋美,VIII-199,VIII-199_03_540100,西藏自治区,matched,subitem_14718,child_num 精确匹配
inheritor_3293,吴庆春,VIII-200,VIII-200_03_310101,上海市,matched,subitem_14719,child_num 精确匹配
inheritor_3294,石庆鹏,VIII-200,VIII-200_03_321012,江苏省,matched,subitem_14720,child_num 精确匹配
inheritor_3295,祖莪,VIII-202,VIII-202_03_110101,未知,matched,subitem_14723,child_num 精确匹配
inheritor_3296,梅相靖,VIII-203,VIII-203_03_350982,福建省,matched,subitem_14724,child_num 精确匹配
inheritor_3297,杨贵庭,VIII-209,VIII-209_03_140900,山西省,matched,subitem_14730,child_num 精确匹配
inheritor_3298,万桃元,VIII-211,VIII-211_03_422826,湖北省,matched,subitem_14732,child_num 精确匹配
inheritor_3299,彭善尧,VIII-211,VIII-211_03_433127,湖南省,matched,subitem_14733,child_num 精确匹配
inheritor_3545,葛凤麟,IX-2,IX-002_03_110108,北京市,matched,subitem_14770,child_num 精确匹配
inheritor_3546,王兴治,IX-2,IX-002_03_110102,北京市,matched,subitem_14769,child_num 精确匹配
inheritor_3547,王培章,IX-2,IX-002_03_140728,山西省,matched,subitem_14771,child_num 精确匹配
inheritor_3548,朱鼎成,IX-2,IX-002_03_310106,上海市,matched,subitem_14772,child_num 精确匹配
inheritor_3549,李济仁,IX-2,IX-002_03_341000,安徽省,matched,subitem_14773,child_num 精确匹配
inheritor_3550,张舜华,IX-2,IX-002_03_341000,安徽省,matched,subitem_14773,child_num 精确匹配
inheritor_3551,柳惠武,IX-4,"IX-004_03_140726,IX-004_02_140726",山西省,multiple_candidates,subitem_14798;subitem_14805;subitem_14822;subitem_14823,项目编号+省份存在多个候选
inheritor_3552,劳三申,IX-4,IX-004_03_310101,上海市,matched,subitem_14806,child_num 精确匹配
inheritor_3553,杨福安,IX-4,IX-004_02_370124,山东省,matched,subitem_14800,child_num 精确匹配
inheritor_3554,夏小中,IX-4,IX-004_03_420821,湖北省,matched,subitem_14812,child_num 精确匹配
inheritor_3555,武承谋,IX-6,IX-006_03_140581,山西省,matched,subitem_14844,child_num 精确匹配
inheritor_3556,张玉柱,IX-6,IX-006_03_330183,浙江省,matched,subitem_14845,child_num 精确匹配
inheritor_3557,占堆,IX-9,IX-009_02_540100a,西藏自治区,matched,subitem_14856,child_num 精确匹配
inheritor_3558,雷雨霖,IX-11,IX-011_02_110102,北京市,matched,subitem_14871,child_num 精确匹配
inheritor_3559,包金山,IX-12,IX-012_03_150522,内蒙古自治区,matched,subitem_14878,child_num 精确匹配
inheritor_3560,龙玉年,IX-15,IX-015_03_433123,湖南省,matched,subitem_14886,child_num 精确匹配
inheritor_3561,张宝玉,IX-17,IX-017_02_640300,宁夏回族自治区,matched,subitem_14890,child_num 精确匹配
inheritor_3562,杨华祥,IX-17,IX-017_02_640100,宁夏回族自治区,matched,subitem_14889,child_num 精确匹配
inheritor_3563,余惠祥,IX-19,IX-019_03_532300,云南省,matched,subitem_14893,child_num 精确匹配
inheritor_3564,阿布都吾布尔·阿吉,IX-21,IX-021_03_653200,新疆维吾尔自治区,matched,subitem_14899,child_num 精确匹配
inheritor_3565,艾比不拉·玉素甫,IX-21,IX-021_03_653201,新疆维吾尔自治区,matched,subitem_14900,child_num 精确匹配
inheritor_3654,陈其才,X-4,X-004_03_331081,浙江省,matched,subitem_14928,child_num 精确匹配
inheritor_3655,陳德輝,X-5,X-005_03_810000,香港特别行政区,matched,subitem_14936,child_num 精确匹配
inheritor_3656,普顺发,X-10,X-010_01_532300,云南省,matched,subitem_14947,child_num 精确匹配
inheritor_3657,赵有福,X-14,X-014_01_451100,广西壮族自治区,matched,subitem_14955,child_num 精确匹配
inheritor_3658,谭三岗,X-17,X-017_01_451226,广西壮族自治区,matched,subitem_14958,child_num 精确匹配
inheritor_3659,王卫东,X-34,X-034_01_150600,内蒙古自治区,matched,subitem_14981,child_num 精确匹配
inheritor_3660,林金榜,X-36,X-036_01_350300,福建省,matched,subitem_14984,child_num 精确匹配
inheritor_3661,当曾本,X-43,X-043_01_632321,青海省,matched,subitem_15001,child_num 精确匹配
inheritor_3662,夏吾才让,X-43,X-043_01_632321,青海省,matched,subitem_15001,child_num 精确匹配
inheritor_3663,梁炳光,X-47,X-047_01_450225,广西壮族自治区,matched,subitem_15005,child_num 精确匹配
inheritor_3664,艾力·依布拉音,X-49,X-049_02_652901,新疆维吾尔自治区,matched,subitem_15012,child_num 精确匹配
inheritor_3665,李俊芳,X-54,X-054_02_610723,陕西省,matched,subitem_15026,child_num 精确匹配
inheritor_3666,董思明,X-56,X-056_01_630223,青海省,matched,subitem_15032,child_num 精确匹配
inheritor_3667,韩占祥,X-57,X-057_01_630225,青海省,matched,subitem_15033,child_num 精确匹配
inheritor_3668,陶美元,X-65,X-065_01_530500,云南省,matched,subitem_15044,child_num 精确匹配
inheritor_3669,何静华,X-69,X-069_01_431125,湖南省,matched,subitem_15067,child_num 精确匹配
inheritor_3670,白有厚,X-71,X-071_02_141125,山西省,matched,subitem_15073,child_num 精确匹配
inheritor_3671,陈永清,X-71,X-071_02_620321,甘肃省,matched,subitem_15079,child_num 精确匹配
inheritor_3672,胡文相,X-84,X-084_03_331122,浙江省,matched,subitem_15131,child_num 精确匹配
inheritor_3673,关章训,X-84,X-084_03_420582,湖北省,matched,subitem_15135,child_num 精确匹配
inheritor_3674,陈范兴,X-87,X-087_03_430681,湖南省,matched,subitem_15210,child_num 精确匹配
inheritor_3675,谭浩彬,X-87,X-087_02_442000,广东省,matched,subitem_15203,child_num 精确匹配
inheritor_3676,公孙馨,X-87,X-087_03_530423,云南省,matched,subitem_15212,child_num 精确匹配
inheritor_3677,李富先,X-87,X-087_02_630122,青海省,matched,subitem_15207,child_num 精确匹配
inheritor_3678,艾克木山·马达力汗,X-100,X-100_02_653131,新疆维吾尔自治区,matched,subitem_15240,child_num 精确匹配
inheritor_3679,斯庆巴拉木,X-108,X-108_02_150000,内蒙古自治区,matched,subitem_15249,child_num 精确匹配
inheritor_3680,米的可,X-108,X-108_02_652829,新疆维吾尔自治区,matched,subitem_15251,child_num 精确匹配
inheritor_3681,旦增多杰,X-113,X-113_02_632700,青海省,matched,subitem_15265,child_num 精确匹配
inheritor_3682,柯璀玲,X-114,X-114_02_620721,甘肃省,matched,subitem_15267,child_num 精确匹配
inheritor_3683,汪素秋,X-119,X-119_02_341002,安徽省,matched,subitem_15273,child_num 精确匹配
inheritor_3684,安福成,X-139,X-139_03_620700,甘肃省,matched,subitem_15301,child_num 精确匹配
inheritor_793,田锦锋,I-1,I-001_01_522630,贵州省,matched,subitem_12178,child_num 精确匹配
inheritor_794,吴通贤,I-5,I-005_01_522623,贵州省,matched,subitem_12183,child_num 精确匹配
inheritor_795,陈秋强,I-7,I-007_01_330682,浙江省,matched,subitem_12189,child_num 精确匹配
inheritor_796,赵东升,I-12,I-012_01_220000,吉林省,matched,subitem_12206,child_num 精确匹配
inheritor_797,张东海,I-13,I-013_02_321282,江苏省,matched,subitem_12209,child_num 精确匹配
inheritor_798,芮时龙,I-13,I-013_04_320500,江苏省,matched,subitem_12211,child_num 精确匹配
inheritor_799,代兴位,I-13,I-013_02_620700,甘肃省,matched,subitem_12210,child_num 精确匹配
inheritor_800,吴文,I-17,I-017_01_500107,重庆市,matched,subitem_12215,child_num 精确匹配
inheritor_801,吾肉孜·卡地尔,I-25,I-025_01_653000,新疆维吾尔自治区,matched,subitem_12227,child_num 精确匹配
inheritor_802,说了白西·死卡卡,I-25,I-025_01_650000,新疆维吾尔自治区,matched,subitem_12225,child_num 精确匹配
inheritor_803,金巴扎木苏,I-27,I-027_04_150423,内蒙古自治区,matched,subitem_12240,child_num 精确匹配
inheritor_804,巴旦,I-27,I-027_01_540000,西藏自治区,matched,subitem_12236,child_num 精确匹配
inheritor_805,格日尖参,I-27,I-027_01_630000,青海省,matched,subitem_12238,child_num 精确匹配
inheritor_806,才智,I-27,I-027_01_630000,青海省,matched,subitem_12238,child_num 精确匹配
inheritor_807,陈时云,I-50,I-050_02_411425,河南省,matched,subitem_12280,child_num 精确匹配
inheritor_808,叶蔚璋,I-50,I-050_02_420116,湖北省,matched,subitem_12281,child_num 精确匹配
inheritor_809,吴传来,I-54,I-054_02_330600,浙江省,matched,subitem_12286,child_num 精确匹配
inheritor_810,刘为芬,I-56,I-056_02_420528,湖北省,matched,subitem_12288,child_num 精确匹配
inheritor_811,李腊拽,I-65,I-065_02_533100,云南省,matched,subitem_12298,child_num 精确匹配
inheritor_812,马建昌,I-66,I-066_02_532528,云南省,matched,subitem_12299,child_num 精确匹配
inheritor_813,尼玛,I-70,I-070_02_632800,青海省,matched,subitem_12303,child_num 精确匹配
inheritor_814,李会堂,I-76,I-076_02_522600,贵州省,matched,subitem_12313,child_num 精确匹配
inheritor_815,查月华,I-79,I-079_02_340881,安徽省,matched,subitem_12318,child_num 精确匹配
inheritor_816,解放,I-84,I-084_02_140822,山西省,matched,subitem_12324,child_num 精确匹配
inheritor_817,侯自鹏,I-93,I-093_03_433122,湖南省,matched,subitem_12335,child_num 精确匹配
inheritor_818,张嘉国,I-97,I-097_03_330283,浙江省,matched,subitem_12339,child_num 精确匹配
inheritor_819,杨乃浚,I-100,I-100_03_330600,浙江省,matched,subitem_12343,child_num 精确匹配
inheritor_820,林东,I-107,I-107_03_542623,西藏自治区,matched,subitem_12351,child_num 精确匹配
inheritor_821,顿珠,I-110,I-110_03_542422,西藏自治区,matched,subitem_12354,child_num 精确匹配
inheritor_822,许根才,I-111,I-111_03_330322,浙江省,matched,subitem_12355,child_num 精确匹配
inheritor_823,严水花,I-112,I-112_03_433127,湖南省,matched,subitem_12357,child_num 精确匹配
inheritor_824,德力格尔,I-114,I-114_03_152525,内蒙古自治区,matched,subitem_12359,child_num 精确匹配
inheritor_825,那次克·布娃,I-114,I-114_03_654226,新疆维吾尔自治区,matched,subitem_12361,child_num 精确匹配
inheritor_826,吴克从,I-115,I-115_03_420626,湖北省,matched,subitem_12362,child_num 精确匹配
inheritor_827,陈切松,I-115,I-115_03_429021,湖北省,matched,subitem_12363,child_num 精确匹配
inheritor_828,包广林,I-116,I-116_03_220721,吉林省,matched,subitem_12364,child_num 精确匹配
inheritor_829,阿合买提江·玉素甫,I-123,I-123_03_654002,新疆维吾尔自治区,matched,subitem_12371,child_num 精确匹配
inheritor_830,李智海,I-130,I-130_04_340822,安徽省,matched,subitem_12379,child_num 精确匹配
inheritor_831,胡智,I-131,I-131_04_341621,安徽省,matched,subitem_12381,child_num 精确匹配
inheritor_832,胡孝华,I-133,I-133_04_370214,山东省,matched,subitem_12384,child_num 精确匹配
inheritor_833,熊远桂,I-137,I-137_04_420000,湖北省,matched,subitem_12388,child_num 精确匹配
inheritor_834,杜志榜,I-149,I-149_04_500108,重庆市,matched,subitem_12401,child_num 精确匹配
inheritor_835,赵庚妹,I-151,I-151_04_431129,湖南省,matched,subitem_12403,child_num 精确匹配
inheritor_836,沙马史体,I-152,I-152_04_513432,四川省,matched,subitem_12404,child_num 精确匹配
inheritor_837,索德元,I-154,I-154_04_630223,青海省,matched,subitem_12406,child_num 精确匹配
inheritor_838,曾祥泰,I-155,I-155_04_330822,浙江省,matched,subitem_12407,child_num 精确匹配
inheritor_1070,达瓦桑布,II-3,II-003_01_150000,内蒙古自治区,matched,subitem_12410,child_num 精确匹配
inheritor_1071,都古尔苏荣,II-3,II-003_04_150726,内蒙古自治区,matched,subitem_12413,child_num 精确匹配
inheritor_1072,道·乌图那生,II-3,II-003_02_654226,新疆维吾尔自治区,matched,subitem_12412,child_num 精确匹配
inheritor_1073,陶小妹,II-5,II-005_01_340500,安徽省,matched,subitem_12416,child_num 精确匹配
inheritor_1074,李家莲,II-6,II-006_01_340181,安徽省,matched,subitem_12417,child_num 精确匹配
inheritor_1075,尚生武,II-10,II-010_01_430822,湖南省,matched,subitem_12423,child_num 精确匹配
inheritor_1076,阿称恒,II-17,II-017_01_533300,云南省,matched,subitem_12431,child_num 精确匹配
inheritor_1077,苏平,II-20,II-020_01_622925,甘肃省,matched,subitem_12437,child_num 精确匹配
inheritor_1078,李桂英,II-20,II-020_01_630222,青海省,matched,subitem_12440,child_num 精确匹配
inheritor_1079,王德勤,II-20,II-020_01_640000,宁夏回族自治区,matched,subitem_12442,child_num 精确匹配
inheritor_1080,马汉东,II-20,II-020_01_640000,宁夏回族自治区,matched,subitem_12442,child_num 精确匹配
inheritor_1081,王秀芳,II-20,II-020_02_652300,新疆维吾尔自治区,matched,subitem_12443,child_num 精确匹配
inheritor_1082,龙景平,II-23,II-023_01_431229,湖南省,matched,subitem_12449,child_num 精确匹配
inheritor_1083,曹光裕,II-24,II-024_01_500000,重庆市,matched,subitem_12450,child_num 精确匹配
inheritor_1084,张中祥,II-27,II-027_04_320831,江苏省,matched,subitem_12462,child_num 精确匹配
inheritor_1085,方由根,II-27,II-027_02_360423,江西省,matched,subitem_12455,child_num 精确匹配
inheritor_1086,冷浩然,II-27,II-027_02_422825,湖北省,matched,subitem_12460,child_num 精确匹配
inheritor_1087,贾福英,II-28,II-028_02_522633,贵州省,matched,subitem_12467,child_num 精确匹配
inheritor_1088,杨月艳,II-29,II-029_01_522631,贵州省,matched,subitem_12468,child_num 精确匹配
inheritor_1089,苏乙拉图,II-30,II-030_03_152522,内蒙古自治区,matched,subitem_12479,child_num 精确匹配
inheritor_1090,方少保,II-30,II-030_02_522630,贵州省,matched,subitem_12478,child_num 精确匹配
inheritor_1091,林晨,II-34,II-034_01_110105,未知,matched,subitem_12484,child_num 精确匹配
inheritor_1092,王鹏,II-34,II-034_04_110115,北京市,matched,subitem_12493,child_num 精确匹配
inheritor_1093,朱晞,II-34,II-034_02_320581,江苏省,matched,subitem_12486,child_num 精确匹配
inheritor_1094,马维衡,II-34,II-034_02_321000,江苏省,matched,subitem_12488,child_num 精确匹配
inheritor_1095,桂世民,II-34,II-034_02_320100,江苏省,matched,subitem_12485,child_num 精确匹配
inheritor_1096,刘昌寿,II-34,II-034_04_810000,香港特别行政区,matched,subitem_12494,child_num 精确匹配
inheritor_1097,陶特格,II-36,II-036_04_152222,内蒙古自治区,matched,subitem_12500,child_num 精确匹配
inheritor_1098,包杰,II-36,II-036_02_230624,黑龙江省,matched,subitem_12499,child_num 精确匹配
inheritor_1099,刘福寿,II-37,II-037_02_140900,山西省,matched,subitem_12508,child_num 精确匹配
inheritor_1100,崔青云,II-37,II-037_02_140428,山西省,matched,subitem_12507,child_num 精确匹配
inheritor_1101,刘晓弘,II-37,II-037_04_141124,山西省,matched,subitem_12524,child_num 精确匹配
inheritor_1102,唐海峰,II-37,II-037_02_210600,辽宁省,matched,subitem_12509,child_num 精确匹配
inheritor_1103,杨成伟,II-37,II-037_02_230621,黑龙江省,matched,subitem_12510,child_num 精确匹配
inheritor_1104,李树鹏,II-37,II-037_03_320300,江苏省,matched,subitem_12521,child_num 精确匹配
inheritor_1105,蒋法杰,II-37,II-037_03_341300,安徽省,matched,subitem_12522,child_num 精确匹配
inheritor_1106,刘秋林,II-37,II-037_03_350821,福建省,matched,subitem_12523,child_num 精确匹配
inheritor_1107,丁庆华,II-37,II-037_02_370883,山东省,matched,subitem_12513,child_num 精确匹配
inheritor_1108,王述银,II-37,II-037_02_420626,湖北省,matched,subitem_12516,child_num 精确匹配
inheritor_1109,刘国福,II-37,II-037_02_420624,湖北省,matched,subitem_12515,child_num 精确匹配
inheritor_1110,陈德望,II-37,II-037_02_420525,湖北省,matched,subitem_12514,child_num 精确匹配
inheritor_1111,刘道荣,II-37,II-037_02_500110,重庆市,matched,subitem_12518,child_num 精确匹配
inheritor_1112,张连悌,II-39,II-039_01_211000,辽宁省,matched,subitem_12528,child_num 精确匹配
inheritor_1113,何汉沛,II-44,II-044_02_440600,广东省,matched,subitem_12542,child_num 精确匹配
inheritor_1114,陈建彬,II-45,II-045_03_371724,山东省,matched,subitem_12547,child_num 精确匹配
inheritor_1115,李从海,II-48,II-048_01_420583,湖北省,matched,subitem_12550,child_num 精确匹配
inheritor_1116,何克宁,II-49,II-049_01_440100,广东省,matched,subitem_12551,child_num 精确匹配
inheritor_1117,刘英翘,II-49,II-049_01_440781,广东省,matched,subitem_12552,child_num 精确匹配
inheritor_1118,杨文明,II-54,II-054_01_433100,湖南省,matched,subitem_12560,child_num 精确匹配
inheritor_1119,任连义,II-55,II-055_01_130323,河北省,matched,subitem_12563,child_num 精确匹配
inheritor_1120,史军平,II-59,II-059_02_130638,河北省,matched,subitem_12575,child_num 精确匹配
inheritor_1121,邵树同,II-59,II-059_02_131026,河北省,matched,subitem_12582,child_num 精确匹配
inheritor_1122,蔡保恒,II-59,II-059_02_130982,河北省,matched,subitem_12577,child_num 精确匹配
inheritor_1123,张占民,II-59,II-059_02_130682,河北省,matched,subitem_12576,child_num 精确匹配
inheritor_1124,邓印海,II-62,II-062_01_610122,陕西省,matched,subitem_12587,child_num 精确匹配
inheritor_1125,安宇歌,II-63,II-063_01_640000,宁夏回族自治区,matched,subitem_12588,child_num 精确匹配
inheritor_1126,伊盖木拜尔迪·艾散,II-70,II-070_01_650000,新疆维吾尔自治区,matched,subitem_12595,child_num 精确匹配
inheritor_1127,萨依提江·斯迪克,II-70,II-070_01_650000,新疆维吾尔自治区,matched,subitem_12595,child_num 精确匹配
inheritor_1128,艾海提·托合提,II-70,II-070_01_653127,新疆维吾尔自治区,matched,subitem_12598,child_num 精确匹配
inheritor_1129,陈练,II-71,II-071_01_350500,福建省,matched,subitem_12600,child_num 精确匹配
inheritor_1130,庄明加,II-72,II-072_01_350500,福建省,matched,subitem_12601,child_num 精确匹配
inheritor_1131,王世杰,II-74,II-074_02_130322,河北省,matched,subitem_12604,child_num 精确匹配
inheritor_1132,余述凡,II-77,II-077_02_341500,安徽省,matched,subitem_12607,child_num 精确匹配
inheritor_1133,操明花,II-78,II-078_02_341000,安徽省,matched,subitem_12608,child_num 精确匹配
inheritor_1134,付大坤,II-79,II-079_02_411500,河南省,matched,subitem_12609,child_num 精确匹配
inheritor_1135,魏秀菊,II-80,II-080_02_411323,河南省,matched,subitem_12610,child_num 精确匹配
inheritor_1136,熊正禄,II-85,II-085_02_500242,重庆市,matched,subitem_12615,child_num 精确匹配
inheritor_1137,黄德成,II-88,II-088_02_513225,四川省,matched,subitem_12618,child_num 精确匹配
inheritor_1138,米庆松,II-89,II-089_02_431223,湖南省,matched,subitem_12619,child_num 精确匹配
inheritor_1139,马成士,II-91,II-091_02_150823,内蒙古自治区,matched,subitem_12622,child_num 精确匹配
inheritor_1140,李却妹,II-93,II-093_02_441300,广东省,matched,subitem_12624,child_num 精确匹配
inheritor_1141,宋卫香,II-94,II-094_02_320684,江苏省,matched,subitem_12625,child_num 精确匹配
inheritor_1142,刘彩菊,II-96,II-096_02_532325,云南省,matched,subitem_12627,child_num 精确匹配
inheritor_1143,李富中,II-98,II-098_02_410105,河南省,matched,subitem_12632,child_num 精确匹配
inheritor_1144,贾志虎,II-99,II-099_02_310110,上海市,matched,subitem_12638,child_num 精确匹配
inheritor_1145,王守用,II-100,II-100_02_220200,吉林省,matched,subitem_12640,child_num 精确匹配
inheritor_1146,吴名玉,II-101,II-101_02_500237,重庆市,matched,subitem_12643,child_num 精确匹配
inheritor_1147,贺娟林,II-103,II-103_02_371100,山东省,matched,subitem_12645,child_num 精确匹配
inheritor_1148,古日巴斯尔,II-105,II-105_02_150625,内蒙古自治区,matched,subitem_12650,child_num 精确匹配
inheritor_1149,苏亚乐图,II-105,II-105_03_150823,内蒙古自治区,matched,subitem_12653,child_num 精确匹配
inheritor_1150,韩梅,II-105,II-105_02_210921,辽宁省,matched,subitem_12651,child_num 精确匹配
inheritor_1151,古力,II-105,II-105_04_632800,青海省,matched,subitem_12654,child_num 精确匹配
inheritor_1152,额尔登掛,II-107,II-107_02_150723,内蒙古自治区,matched,subitem_12656,child_num 精确匹配
inheritor_1153,关金芳,II-107,II-107_02_232700,黑龙江省,matched,subitem_12657,child_num 精确匹配
inheritor_1154,莫金忠,II-108,II-108_02_230200,黑龙江省,matched,subitem_12659,child_num 精确匹配
inheritor_1155,任茂淑,II-109,II-109_04_500243,重庆市,matched,subitem_12664,child_num 精确匹配
inheritor_1156,赵新容,II-110,II-110_04_440232,广东省,matched,subitem_12666,child_num 精确匹配
inheritor_1157,王科国,II-112,II-112_02_522731,贵州省,matched,subitem_12668,child_num 精确匹配
inheritor_1158,余学光,II-113,II-113_02_532329,云南省,matched,subitem_12669,child_num 精确匹配
inheritor_1159,降巴其扎,II-115,II-115_02_513327,四川省,matched,subitem_12675,child_num 精确匹配
inheritor_1160,伍德芬,II-115,II-115_03_513433,四川省,matched,subitem_12679,child_num 精确匹配
inheritor_1161,吐地·尼亚孜,II-116,II-116_02_652823,新疆维吾尔自治区,matched,subitem_12682,child_num 精确匹配
inheritor_1162,阿不都瓦力·达吾提,II-116,II-116_04_654002,新疆维吾尔自治区,matched,subitem_12684,child_num 精确匹配
inheritor_1163,海力切木·铁木尔,II-116,II-116_04_652923,新疆维吾尔自治区,matched,subitem_12683,child_num 精确匹配
inheritor_1164,曹桂芬,II-120,II-120_04_410000,河南省,matched,subitem_12693,child_num 精确匹配
inheritor_1165,乔忠新,II-121,II-121_02_210281,辽宁省,matched,subitem_12694,child_num 精确匹配
inheritor_1166,李绍俊,II-121,II-121_02_211322,辽宁省,matched,subitem_12695,child_num 精确匹配
inheritor_1167,傅宝安,II-122,II-122_02_120103a,天津市,matched,subitem_12697,child_num 精确匹配
inheritor_1168,杨奎举,II-122,II-122_02_120103b,天津市,matched,subitem_12698,child_num 精确匹配
inheritor_1169,田文起,II-122,II-122_02_120113,天津市,matched,subitem_12699,child_num 精确匹配
inheritor_1170,曹桂华,II-122,II-122_04_120111,天津市,matched,subitem_12700,child_num 精确匹配
inheritor_1171,赵满宗,II-123,II-123_02_120116,天津市,matched,subitem_12701,child_num 精确匹配
inheritor_1172,张书社,II-123,II-123_02_130123,河北省,matched,subitem_12702,child_num 精确匹配
inheritor_1173,吴明昌,II-123,II-123_04_140822,山西省,matched,subitem_12714,child_num 精确匹配
inheritor_1174,杨仁和,II-123,II-123_04_360981,江西省,matched,subitem_12715,child_num 精确匹配
inheritor_1175,刘青云,II-123,II-123_02_411721,河南省,matched,subitem_12707,child_num 精确匹配
inheritor_1176,刘震,II-123,II-123_02_410200,河南省,matched,subitem_12705,child_num 精确匹配
inheritor_1177,李星光,II-123,II-123_03_410721,河南省,matched,subitem_12711,child_num 精确匹配
inheritor_1178,汪道长,II-123,II-123_03_420700,湖北省,matched,subitem_12712,child_num 精确匹配
inheritor_1179,程勤祥,II-123,II-123_02_610581,陕西省,matched,subitem_12709,child_num 精确匹配
inheritor_1180,胡永汉,II-124,II-124_03_610126,陕西省,matched,subitem_12721,child_num 精确匹配
inheritor_1181,韩定生,II-128,II-128_04_513401,四川省,matched,subitem_12727,child_num 精确匹配
inheritor_1182,杨国堂,II-129,II-129_02_522636,贵州省,matched,subitem_12729,child_num 精确匹配
inheritor_1183,吴天平,II-130,II-130_02_522301,贵州省,matched,subitem_12731,child_num 精确匹配
inheritor_1184,乔龙巴特·阿勒先,II-134,II-134_02_654300,新疆维吾尔自治区,matched,subitem_12737,child_num 精确匹配
inheritor_1185,黄照安,II-135,II-135_02_469029,海南省,matched,subitem_12739,child_num 精确匹配
inheritor_1186,尼玛卓嘎,II-138,II-138_04_540124,西藏自治区,matched,subitem_12755,child_num 精确匹配
inheritor_1187,索南卓玛,II-138,II-138_02_632524,青海省,matched,subitem_12748,child_num 精确匹配
inheritor_1188,罗藏官却,II-138,II-138_03_630122,青海省,matched,subitem_12753,child_num 精确匹配
inheritor_1189,罗藏更尕,II-138,II-138_03_630122,青海省,matched,subitem_12753,child_num 精确匹配
inheritor_1190,冯英占,II-139,II-139_04_130682,河北省,matched,subitem_12771,child_num 精确匹配
inheritor_1191,何春生,II-139,II-139_04_321183,江苏省,matched,subitem_12772,child_num 精确匹配
inheritor_1192,吴立勋,II-139,II-139_03_330326,浙江省,matched,subitem_12769,child_num 精确匹配
inheritor_1193,詹和平,II-139,II-139_02_341022,安徽省,matched,subitem_12760,child_num 精确匹配
inheritor_1194,张金涛,II-139,II-139_04_360600,江西省,matched,subitem_12774,child_num 精确匹配
inheritor_1195,霍德忠,II-139,II-139_02_370900,山东省,matched,subitem_12763,child_num 精确匹配
inheritor_1196,安保会,II-139,II-139_02_620521,甘肃省,matched,subitem_12768,child_num 精确匹配
inheritor_1197,欧家玲,II-140,II-140_03_341100,安徽省,matched,subitem_12776,child_num 精确匹配
inheritor_1198,韦桂花,II-141,II-141_03_360421,江西省,matched,subitem_12777,child_num 精确匹配
inheritor_1199,全友发,II-142,II-142_03_422802,湖北省,matched,subitem_12778,child_num 精确匹配
inheritor_1200,周兰仙,II-143,II-143_03_429006,湖北省,matched,subitem_12779,child_num 精确匹配
inheritor_1201,刘世维,II-146,II-146_03_630100,青海省,matched,subitem_12782,child_num 精确匹配
inheritor_1202,居马西·依斯木汗,II-148,II-148_03_654000,新疆维吾尔自治区,matched,subitem_12784,child_num 精确匹配
inheritor_1203,热依木巴依·木巴拉克夏,II-149,II-149_03_653131,新疆维吾尔自治区,matched,subitem_12785,child_num 精确匹配
inheritor_1204,陆爱琴,II-150,II-150_03_321281,江苏省,matched,subitem_12786,child_num 精确匹配
inheritor_1205,和凛毅,II-152,II-152_03_530702,云南省,matched,subitem_12788,child_num 精确匹配
inheritor_1206,苏春发,II-154,II-154_03_450681,广西壮族自治区,matched,subitem_12790,child_num 精确匹配
inheritor_1207,沙依拉西·加尔木哈买提,II-155,II-155_03_654000,新疆维吾尔自治区,matched,subitem_12791,child_num 精确匹配
inheritor_1208,向汉光,II-156,II-156_04_433101,湖南省,matched,subitem_12792,child_num 精确匹配
inheritor_1209,王波,II-156,II-156_04_520627,贵州省,matched,subitem_12793,child_num 精确匹配
inheritor_1210,苏少琴,II-157,II-157_04_441500,广东省,matched,subitem_12795,child_num 精确匹配
inheritor_1211,刘铨学,II-159,II-159_04_610928,陕西省,matched,subitem_12797,child_num 精确匹配
inheritor_1212,韩英德,II-160,II-160_04_630225,青海省,matched,subitem_12798,child_num 精确匹配
inheritor_1213,佟李美,II-161,II-161_04_654022,新疆维吾尔自治区,matched,subitem_12799,child_num 精确匹配
inheritor_1214,曲比拉火,II-163,II-163_04_513436,四川省,matched,subitem_12801,child_num 精确匹配
inheritor_1215,姜宗德,II-164,II-164_04_532900,云南省,matched,subitem_12802,child_num 精确匹配
inheritor_1216,艾日布,II-165,II-165_04_152528,内蒙古自治区,matched,subitem_12803,child_num 精确匹配
inheritor_1217,邱少求,II-168,II-168_04_430181,湖南省,matched,subitem_12806,child_num 精确匹配
inheritor_1218,耐代吾玛,II-170,II-170_04_652700,新疆维吾尔自治区,matched,subitem_12808,child_num 精确匹配
inheritor_1396,丁石锁,III-2,III-002_04_110229,北京市,matched,subitem_12825,child_num 精确匹配
inheritor_1397,盛玉宾,III-2,III-002_01_370687,山东省,matched,subitem_12816,child_num 精确匹配
inheritor_1398,于信,III-2,III-002_01_370687,山东省,matched,subitem_12816,child_num 精确匹配
inheritor_1399,魏建明,III-2,III-002_01_610826,陕西省,matched,subitem_12817,child_num 精确匹配
inheritor_1400,陆大杰,III-4,III-004_03_310115,上海市,matched,subitem_12850,child_num 精确匹配
inheritor_1401,欧阳洪福,III-4,III-004_03_320482,江苏省,matched,subitem_12851,child_num 精确匹配
inheritor_1402,王柏成,III-4,III-004_02_330781,浙江省,matched,subitem_12839,child_num 精确匹配
inheritor_1403,林实乐,III-4,III-004_03_330329,浙江省,matched,subitem_12852,child_num 精确匹配
inheritor_1404,鲍木顺,III-4,III-004_03_331021,浙江省,matched,subitem_12854,child_num 精确匹配
inheritor_1405,曹武根,III-4,III-004_04_341824,安徽省,matched,subitem_12864,child_num 精确匹配
inheritor_1406,郝同周,III-4,III-004_03_410883,河南省,matched,subitem_12856,child_num 精确匹配
inheritor_1407,刘卫祥,III-4,III-004_02_420105,湖北省,matched,subitem_12841,child_num 精确匹配
inheritor_1408,张金盘,III-4,III-004_04_429005,湖北省,matched,subitem_12865,child_num 精确匹配
inheritor_1409,姚大明,III-4,III-004_02_430626,湖南省,matched,subitem_12842,child_num 精确匹配
inheritor_1410,张自进,III-4,III-004_02_441423,广东省,matched,subitem_12846,child_num 精确匹配
inheritor_1411,林建南,III-4,III-004_02_445200,广东省,matched,subitem_12848,child_num 精确匹配
inheritor_1412,邓胜洪,III-4,III-004_03_442000,广东省,matched,subitem_12862,child_num 精确匹配
inheritor_1413,刘国平,III-5,III-005_02_360981,江西省,matched,subitem_12874,child_num 精确匹配
inheritor_1414,邓雅明,III-5,III-005_04_361022,江西省,matched,subitem_12886,child_num 精确匹配
inheritor_1415,黄钦添,III-5,III-005_01_440600,广东省,matched,subitem_12870,child_num 精确匹配
inheritor_1416,池宏庆,III-5,III-005_02_441400,广东省,matched,subitem_12877,child_num 精确匹配
inheritor_1417,孙淑强,III-5,III-005_03_445200,广东省,matched,subitem_12882,child_num 精确匹配
inheritor_1418,邓明华,III-5,III-005_03_450422,广西壮族自治区,matched,subitem_12883,child_num 精确匹配
inheritor_1419,冯国好,III-6,III-006_01_340300,安徽省,matched,subitem_12887,child_num 精确匹配
inheritor_1420,梅连社,III-6,III-006_01_340300,安徽省,matched,subitem_12887,child_num 精确匹配
inheritor_1421,金明,III-6,III-006_01_340300,安徽省,matched,subitem_12887,child_num 精确匹配
inheritor_1422,娄楼,III-6,III-006_01_340300,安徽省,matched,subitem_12887,child_num 精确匹配
inheritor_1423,陈玉华,III-6,III-006_01_341226,安徽省,matched,subitem_12889,child_num 精确匹配
inheritor_1424,汪顺庆,III-7,III-007_02_341024,安徽省,matched,subitem_12894,child_num 精确匹配
inheritor_1425,周国平,III-7,III-007_04_341821,安徽省,matched,subitem_12900,child_num 精确匹配
inheritor_1426,余林机,III-7,III-007_02_621222,甘肃省,matched,subitem_12897,child_num 精确匹配
inheritor_1427,林炳光,III-8,III-008_03_441581,广东省,matched,subitem_12903,child_num 精确匹配
inheritor_1428,张中贤,III-9,III-009_02_211121,辽宁省,matched,subitem_12909,child_num 精确匹配
inheritor_1429,王宗禄,III-9,III-009_02_370900,山东省,matched,subitem_12910,child_num 精确匹配
inheritor_1430,卫平均,III-9,III-009_02_410882,河南省,matched,subitem_12911,child_num 精确匹配
inheritor_1431,巨海全,III-9,III-009_01_620121,甘肃省,matched,subitem_12907,child_num 精确匹配
inheritor_1432,徐巧青,III-10,III-010_03_330381,浙江省,matched,subitem_12913,child_num 精确匹配
inheritor_1433,张飞飞,III-11,III-011_01_141022,山西省,matched,subitem_12914,child_num 精确匹配
inheritor_1434,刘延河,III-13,III-013_01_610624,陕西省,matched,subitem_12916,child_num 精确匹配
inheritor_1435,魏永宏,III-15,III-015_01_620100,甘肃省,matched,subitem_12918,child_num 精确匹配
inheritor_1436,徐思燕,III-16,III-016_02_310120,上海市,matched,subitem_12920,child_num 精确匹配
inheritor_1437,彭承金,III-17,III-017_02_422827,湖北省,matched,subitem_12923,child_num 精确匹配
inheritor_1438,田维政,III-17,III-017_02_500242,重庆市,matched,subitem_12924,child_num 精确匹配
inheritor_1439,毛方明,III-18,III-018_04_420529,湖北省,matched,subitem_12926,child_num 精确匹配
inheritor_1440,黄在秀,III-18,III-018_04_422823,湖北省,matched,subitem_12927,child_num 精确匹配
inheritor_1441,周纯勤,III-18,III-018_04_430822,湖南省,matched,subitem_12928,child_num 精确匹配
inheritor_1442,扎西昂江,III-19,III-019_02_632700,青海省,matched,subitem_12931,child_num 精确匹配
inheritor_1443,阿布,III-20,III-020_02_513330,四川省,matched,subitem_12938,child_num 精确匹配
inheritor_1444,泽仁尼玛,III-20,III-020_01_540000,西藏自治区,matched,subitem_12933,child_num 精确匹配
inheritor_1445,云张,III-21,III-021_04_533400,云南省,matched,subitem_12944,child_num 精确匹配
inheritor_1446,扎西,III-22,III-022_01_540000,西藏自治区,matched,subitem_12945,child_num 精确匹配
inheritor_1447,次央,III-22,III-022_04_542301,西藏自治区,matched,subitem_12951,child_num 精确匹配
inheritor_1448,兰衡,III-23,III-023_01_522723,贵州省,matched,subitem_12955,child_num 精确匹配
inheritor_1449,李永浩,III-24,III-024_02_211200,辽宁省,matched,subitem_12963,child_num 精确匹配
inheritor_1450,黄明荣,III-26,III-026_02_451029,广西壮族自治区,matched,subitem_12967,child_num 精确匹配
inheritor_1451,黎芳才,III-26,III-026_04_451221,广西壮族自治区,matched,subitem_12969,child_num 精确匹配
inheritor_1452,梁正功,III-26,III-026_01_532600,云南省,matched,subitem_12966,child_num 精确匹配
inheritor_1453,班文玉,III-34,III-034_01_513225,四川省,matched,subitem_12978,child_num 精确匹配
inheritor_1454,李碧清,III-35,III-035_01_533423,云南省,matched,subitem_12979,child_num 精确匹配
inheritor_1455,何桂英,III-38,III-038_01_532801,云南省,matched,subitem_12982,child_num 精确匹配
inheritor_1456,尼玛,III-39,III-039_04_542225,西藏自治区,matched,subitem_12984,child_num 精确匹配
inheritor_1457,祁学德,III-42,III-042_03_140521,山西省,matched,subitem_12999,child_num 精确匹配
inheritor_1458,张洪年,III-42,III-042_03_220200,吉林省,matched,subitem_13002,child_num 精确匹配
inheritor_1459,陈德福,III-42,III-042_02_331081,浙江省,matched,subitem_12990,child_num 精确匹配
inheritor_1460,张兰青,III-42,III-042_02_370523,山东省,matched,subitem_12992,child_num 精确匹配
inheritor_1461,张继福,III-42,III-042_02_370126,山东省,matched,subitem_12991,child_num 精确匹配
inheritor_1462,张西山,III-43,III-043_03_141081,山西省,matched,subitem_13006,child_num 精确匹配
inheritor_1463,宋长,III-43,III-043_02_410225,河南省,matched,subitem_13004,child_num 精确匹配
inheritor_1464,屈绍金,III-44,III-044_02_320382,江苏省,matched,subitem_13013,child_num 精确匹配
inheritor_1465,任球生,III-44,III-044_03_320481,江苏省,matched,subitem_13014,child_num 精确匹配
inheritor_1466,方炳坤,III-44,III-044_04_330127,浙江省,matched,subitem_13015,child_num 精确匹配
inheritor_1467,郭秉强,III-45,III-045_02_331121,浙江省,matched,subitem_13016,child_num 精确匹配
inheritor_1468,杨森芳,III-45,III-045_04_330523,浙江省,matched,subitem_13023,child_num 精确匹配
inheritor_1469,黄杰海,III-45,III-045_02_341721,安徽省,matched,subitem_13017,child_num 精确匹配
inheritor_1470,任俊堂,III-45,III-045_03_340225,安徽省,matched,subitem_13022,child_num 精确匹配
inheritor_1471,邓建民,III-45,III-045_02_360821,江西省,matched,subitem_13019,child_num 精确匹配
inheritor_1472,史清,III-45,III-045_04_420321,湖北省,matched,subitem_13025,child_num 精确匹配
inheritor_1473,陈玉英,III-49,III-049_02_371726,山东省,matched,subitem_13029,child_num 精确匹配
inheritor_1474,侯俊,III-50,III-050_02_410523,河南省,matched,subitem_13030,child_num 精确匹配
inheritor_1475,王金亮,III-51,III-051_02_411681,河南省,matched,subitem_13031,child_num 精确匹配
inheritor_1476,贾尚勤,III-57,III-057_02_152900,内蒙古自治区,matched,subitem_13037,child_num 精确匹配
inheritor_1477,唐桥辛二公,III-60,III-060_02_441826,广东省,matched,subitem_13042,child_num 精确匹配
inheritor_1478,黄道胜,III-60,III-060_02_451123,广西壮族自治区,matched,subitem_13043,child_num 精确匹配
inheritor_1479,朗四,III-61,III-061_02_533103,云南省,matched,subitem_13047,child_num 精确匹配
inheritor_1480,波罕丙,III-61,III-061_02_532800,云南省,matched,subitem_13046,child_num 精确匹配
inheritor_1481,喇翁基,III-67,III-067_02_513423,四川省,matched,subitem_13053,child_num 精确匹配
inheritor_1482,杨家点,III-72,III-072_02_532322,云南省,matched,subitem_13058,child_num 精确匹配
inheritor_1483,普清荣,III-73,III-073_02_532323,云南省,matched,subitem_13059,child_num 精确匹配
inheritor_1484,李阿胖,III-74,III-074_02_532529,云南省,matched,subitem_13060,child_num 精确匹配
inheritor_1485,段正荣,III-75,III-075_02_532504,云南省,matched,subitem_13062,child_num 精确匹配
inheritor_1486,毕光明,III-75,III-075_02_530126,云南省,matched,subitem_13061,child_num 精确匹配
inheritor_1487,和红亮,III-76,III-076_02_530702,云南省,matched,subitem_13063,child_num 精确匹配
inheritor_1488,李石开,III-79,III-079_02_530828,云南省,matched,subitem_13066,child_num 精确匹配
inheritor_1489,卓嘎,III-80,III-080_02_542522,西藏自治区,matched,subitem_13068,child_num 精确匹配
inheritor_1490,陈邦文,III-82,III-082_04_513328,四川省,matched,subitem_13072,child_num 精确匹配
inheritor_1491,恩瓦,III-83,III-083_03_542428,西藏自治区,matched,subitem_13075,child_num 精确匹配
inheritor_1492,欧珠,III-87,III-087_02_542324,西藏自治区,matched,subitem_13079,child_num 精确匹配
inheritor_1493,米玛,III-88,III-088_02_542337,西藏自治区,matched,subitem_13080,child_num 精确匹配
inheritor_1494,拉毛,III-93,III-093_02_632523,青海省,matched,subitem_13085,child_num 精确匹配
inheritor_1495,布太,III-94,III-094_02_652827,新疆维吾尔自治区,matched,subitem_13086,child_num 精确匹配
inheritor_1496,耐得曼,III-94,III-094_03_654021,新疆维吾尔自治区,matched,subitem_13087,child_num 精确匹配
inheritor_1497,艾米都力·热合米沙,III-96,III-096_02_652200,新疆维吾尔自治区,matched,subitem_13089,child_num 精确匹配
inheritor_1498,伊敏·伊比拉,III-96,III-096_02_653125,新疆维吾尔自治区,matched,subitem_13090,child_num 精确匹配
inheritor_1499,亚森·艾萨,III-96,III-096_03_652825,新疆维吾尔自治区,matched,subitem_13093,child_num 精确匹配
inheritor_1500,阿布里米提·夏哈比,III-96,III-096_03_654021,新疆维吾尔自治区,matched,subitem_13095,child_num 精确匹配
inheritor_1501,任乃贵,III-97,III-097_03_320623,江苏省,matched,subitem_13097,child_num 精确匹配
inheritor_1502,张振谦,III-100,III-100_03_440982,广东省,matched,subitem_13100,child_num 精确匹配
inheritor_1503,格格,III-102,III-102_03_510727,四川省,matched,subitem_13102,child_num 精确匹配
inheritor_1504,古秀华,III-104,III-104_03_150785,内蒙古自治区,matched,subitem_13104,child_num 精确匹配
inheritor_1505,旦成益西,III-106,III-106_03_542500,西藏自治区,matched,subitem_13106,child_num 精确匹配
inheritor_1506,朗嘎,III-107,III-107_03_542332,西藏自治区,matched,subitem_13107,child_num 精确匹配
inheritor_1507,席玉秀,III-109,III-109_03_630223,青海省,matched,subitem_13109,child_num 精确匹配
inheritor_1508,阿布力米提·托乎提,III-110,III-110_03_653101,新疆维吾尔自治区,matched,subitem_13110,child_num 精确匹配
inheritor_1509,赵建军,III-112,III-112_04_110115,北京市,matched,subitem_13112,child_num 精确匹配
inheritor_1510,郑小永,III-118,III-118_04_410800,河南省,matched,subitem_13119,child_num 精确匹配
inheritor_1511,戴昌路,III-119,III-119_04_430525,湖南省,matched,subitem_13120,child_num 精确匹配
inheritor_1512,阮桂陆,III-120,III-120_04_451022,广西壮族自治区,matched,subitem_13121,child_num 精确匹配
inheritor_1513,江再顺,III-121,III-121_04_500240,重庆市,matched,subitem_13122,child_num 精确匹配
inheritor_1514,杨春文,III-126,III-126_04_532900,云南省,matched,subitem_13127,child_num 精确匹配
inheritor_1515,李生方,III-127,III-127_04_532524,云南省,matched,subitem_13128,child_num 精确匹配
inheritor_1516,达哇才仁,III-130,III-130_04_632700,青海省,matched,subitem_13131,child_num 精确匹配
inheritor_2128,张毓文,IV-1,IV-001_01_110000,北京市,matched,subitem_13133,child_num 精确匹配
inheritor_2129,谷好好,IV-1,IV-001_01_310000,上海市,matched,subitem_13135,child_num 精确匹配
inheritor_2130,方洋,IV-1,IV-001_01_310000,上海市,matched,subitem_13135,child_num 精确匹配
inheritor_2131,王世瑶,IV-1,IV-001_01_330000,浙江省,matched,subitem_13138,child_num 精确匹配
inheritor_2132,吴镇勋,IV-3,IV-003_01_350300,福建省,matched,subitem_13141,child_num 精确匹配
inheritor_2133,林柔佳,IV-4,IV-004_02_445200,广东省,matched,subitem_13144,child_num 精确匹配
inheritor_2134,林西怀,IV-5,IV-005_01_361126,江西省,matched,subitem_13146,child_num 精确匹配
inheritor_2135,邓七枝,IV-7,IV-007_01_433122,湖南省,matched,subitem_13154,child_num 精确匹配
inheritor_2136,吕月明,IV-8,IV-008_01_330624,浙江省,matched,subitem_13155,child_num 精确匹配
inheritor_2137,马蓝鱼,IV-16,IV-016_01_610000,陕西省,matched,subitem_13165,child_num 精确匹配
inheritor_2138,卫赞成,IV-16,IV-016_01_610000,陕西省,matched,subitem_13165,child_num 精确匹配
inheritor_2139,窦凤琴,IV-16,IV-016_02_620100,甘肃省,matched,subitem_13167,child_num 精确匹配
inheritor_2140,栾德宝,IV-18,IV-018_03_130121,河北省,matched,subitem_13174,child_num 精确匹配
inheritor_2141,贾炳正,IV-18,IV-018_04_140700,山西省,matched,subitem_13176,child_num 精确匹配
inheritor_2142,王万梅,IV-18,IV-018_04_140700,山西省,matched,subitem_13176,child_num 精确匹配
inheritor_2143,何小菊,IV-18,IV-018_03_150100,内蒙古自治区,matched,subitem_13175,项目编号+省份回退匹配
inheritor_2144,阎建国,IV-22,IV-022_02_120103,天津市,matched,subitem_13185,child_num 精确匹配
inheritor_2145,苗文华,IV-23,IV-023_02_130400,河北省,matched,subitem_13187,child_num 精确匹配
inheritor_2146,李献民,IV-23,IV-023_01_410000,河南省,matched,subitem_13186,child_num 精确匹配
inheritor_2147,刘铁民,IV-24,IV-024_01_411325,河南省,matched,subitem_13188,child_num 精确匹配
inheritor_2148,吴从印,IV-26,IV-026_02_371728,山东省,matched,subitem_13194,child_num 精确匹配
inheritor_2149,袁秀莲,IV-27,IV-027_02_411000,河南省,matched,subitem_13198,child_num 精确匹配
inheritor_2150,叶祥成,IV-27,IV-027_04_420625,湖北省,matched,subitem_13200,child_num 精确匹配
inheritor_2151,杨春霞,IV-28,IV-028_01_110102,未知,matched,subitem_13202,child_num 精确匹配
inheritor_2152,萧润增,IV-28,IV-028_01_110102,未知,matched,subitem_13202,child_num 精确匹配
inheritor_2153,李鸿儒,IV-28,IV-028_01_110102,未知,matched,subitem_13202,child_num 精确匹配
inheritor_2154,耿其昌,IV-28,IV-028_01_110102,未知,matched,subitem_13202,child_num 精确匹配
inheritor_2155,寇春华,IV-28,IV-028_01_110102,未知,matched,subitem_13202,child_num 精确匹配
inheritor_2156,张曼玲,IV-28,IV-028_01_110102,未知,matched,subitem_13202,child_num 精确匹配
inheritor_2157,李光,IV-28,IV-028_01_110102,未知,matched,subitem_13202,child_num 精确匹配
inheritor_2158,王平,IV-28,IV-028_01_120000,天津市,matched,subitem_13203,child_num 精确匹配
inheritor_2159,孟广禄,IV-28,IV-028_01_120000,天津市,matched,subitem_13203,child_num 精确匹配
inheritor_2160,李蔷华,IV-28,IV-028_01_310000,上海市,matched,subitem_13205,child_num 精确匹配
inheritor_2161,王立军,IV-28,IV-028_01_310000,上海市,matched,subitem_13205,child_num 精确匹配
inheritor_2162,马科,IV-28,IV-028_01_310000,上海市,matched,subitem_13205,child_num 精确匹配
inheritor_2163,高一鸣,IV-28,IV-028_01_310000,上海市,matched,subitem_13205,child_num 精确匹配
inheritor_2164,鞠小苏,IV-28,IV-028_01_370000,山东省,matched,subitem_13206,child_num 精确匹配
inheritor_2165,王小蝉,IV-28,IV-028_02_420111,湖北省,matched,subitem_13207,child_num 精确匹配
inheritor_2166,姚长生,IV-30,IV-030_01_420100,湖北省,matched,subitem_13213,child_num 精确匹配
inheritor_2167,谭复秀,IV-35,IV-035_02_421000,湖北省,matched,subitem_13220,child_num 精确匹配
inheritor_2168,王与佑,IV-35,IV-035_01_430723,湖南省,matched,subitem_13219,child_num 精确匹配
inheritor_2169,丁凡,IV-36,IV-036_01_440104,广东省,matched,subitem_13222,child_num 精确匹配
inheritor_2170,欧小胡,IV-36,IV-036_01_440104,广东省,matched,subitem_13222,child_num 精确匹配
inheritor_2171,林国光,IV-36,IV-036_04_440883,广东省,matched,subitem_13226,child_num 精确匹配
inheritor_2172,冯杏元,IV-36,IV-036_04_450100,广西壮族自治区,matched,subitem_13227,child_num 精确匹配
inheritor_2173,张树萍,IV-37,IV-037_01_450000,广西壮族自治区,matched,subitem_13228,child_num 精确匹配
inheritor_2174,邓义,IV-38,IV-038_01_361026,江西省,matched,subitem_13229,child_num 精确匹配
inheritor_2175,耿书义,IV-39,IV-039_04_130127,河北省,matched,subitem_13234,child_num 精确匹配
inheritor_2176,蒋桂凤,IV-39,IV-039_03_330681,浙江省,matched,subitem_13233,child_num 精确匹配
inheritor_2177,王秀兰,IV-44,IV-044_02_371700,山东省,matched,subitem_13242,child_num 精确匹配
inheritor_2178,陈娟娟,IV-48,IV-048_01_350500,福建省,matched,subitem_13247,child_num 精确匹配
inheritor_2179,姚道成,IV-48,IV-048_01_350500,福建省,matched,subitem_13247,child_num 精确匹配
inheritor_2180,欧阳燕清,IV-48,IV-048_01_350500,福建省,matched,subitem_13247,child_num 精确匹配
inheritor_2181,吴晶晶,IV-48,IV-048_01_350200,福建省,matched,subitem_13246,child_num 精确匹配
inheritor_2182,曾昭娟,IV-51,IV-051_02_120104,天津市,matched,subitem_13261,child_num 精确匹配
inheritor_2183,王冠丽,IV-51,IV-051_02_120104,天津市,matched,subitem_13261,child_num 精确匹配
inheritor_2184,罗会芹,IV-51,IV-051_01_130224,河北省,matched,subitem_13257,child_num 精确匹配
inheritor_2185,王向阳,IV-51,IV-051_03_230104,黑龙江省,matched,subitem_13264,child_num 精确匹配
inheritor_2186,王新荣,IV-52,IV-052_01_130481,河北省,matched,subitem_13265,child_num 精确匹配
inheritor_2187,钱惠丽,IV-53,IV-053_01_310000,上海市,matched,subitem_13266,child_num 精确匹配
inheritor_2188,王君安,IV-53,IV-053_02_350102,福建省,matched,subitem_13268,child_num 精确匹配
inheritor_2189,陈甦萍,IV-54,IV-054_01_310000,上海市,matched,subitem_13269,child_num 精确匹配
inheritor_2190,尹家琪,IV-55,IV-055_01_320500,江苏省,matched,subitem_13270,child_num 精确匹配
inheritor_2191,徐秀芳,IV-56,IV-056_02_320101,江苏省,matched,subitem_13272,child_num 精确匹配
inheritor_2192,武道芳,IV-57,IV-057_03_340523,安徽省,matched,subitem_13276,child_num 精确匹配
inheritor_2193,彭青莲,IV-58,IV-058_01_420000,湖北省,matched,subitem_13277,child_num 精确匹配
inheritor_2194,钟惠然,IV-58,IV-058_01_420000,湖北省,matched,subitem_13277,child_num 精确匹配
inheritor_2195,李春华,IV-59,IV-059_01_429005,湖北省,matched,subitem_13279,child_num 精确匹配
inheritor_2196,杨俊,IV-60,IV-060_01_421127,湖北省,matched,subitem_13281,child_num 精确匹配
inheritor_2197,辛书善,IV-61,IV-061_01_611000,陕西省,matched,subitem_13283,child_num 精确匹配
inheritor_2198,李洪湘,IV-62,IV-062_03_321324,江苏省,matched,subitem_13286,child_num 精确匹配
inheritor_2199,陶万侠,IV-62,IV-062_01_341300,安徽省,matched,subitem_13285,child_num 精确匹配
inheritor_2200,周斌,IV-62,IV-062_01_340300,安徽省,matched,subitem_13284,child_num 精确匹配
inheritor_2201,彭金花,IV-65,IV-065_03_360983,江西省,matched,subitem_13295,child_num 精确匹配
inheritor_2202,吕凤琴,IV-66,IV-066_01_370300,山东省,matched,subitem_13298,child_num 精确匹配
inheritor_2203,夏美华,IV-67,IV-067_01_370785,山东省,matched,subitem_13300,child_num 精确匹配
inheritor_2204,张秋兰,IV-68,IV-068_01_410000,河南省,matched,subitem_13301,child_num 精确匹配
inheritor_2205,张志学,IV-69,IV-069_01_620824,甘肃省,matched,subitem_13302,child_num 精确匹配
inheritor_2206,王芝兰,IV-70,IV-070_02_130726,河北省,matched,subitem_13310,child_num 精确匹配
inheritor_2207,孙贵明,IV-70,IV-070_02_140726,山西省,matched,subitem_13314,child_num 精确匹配
inheritor_2208,李英英,IV-70,IV-070_02_140427,山西省,matched,subitem_13312,child_num 精确匹配
inheritor_2209,吴翠花,IV-71,IV-071_03_140927,山西省,matched,subitem_13324,child_num 精确匹配
inheritor_2210,雷通霞,IV-71,IV-071_01_620000,甘肃省,matched,subitem_13321,child_num 精确匹配
inheritor_2211,边肖,IV-71,IV-071_01_620000,甘肃省,matched,subitem_13321,child_num 精确匹配
inheritor_2212,高乐美,IV-73,IV-073_03_150900,内蒙古自治区,matched,subitem_13332,child_num 精确匹配
inheritor_2213,周瑾,IV-76,IV-076_01_450000,广西壮族自治区,matched,subitem_13335,child_num 精确匹配
inheritor_2214,邵志庆,IV-78,IV-078_03_520115,贵州省,matched,subitem_13346,child_num 精确匹配
inheritor_2215,陈申华,IV-78,IV-078_02_532328,云南省,matched,subitem_13344,child_num 精确匹配
inheritor_2216,塔洛,IV-80,IV-080_02_513333,四川省,matched,subitem_13356,child_num 精确匹配
inheritor_2217,才让华旦,IV-80,IV-080_02_632600,青海省,matched,subitem_13358,child_num 精确匹配
inheritor_2218,农学良,IV-82,IV-082_02_532600,云南省,matched,subitem_13363,child_num 精确匹配
inheritor_2219,杨开远,IV-83,IV-083_03_450226,广西壮族自治区,matched,subitem_13366,child_num 精确匹配
inheritor_2220,黄成珍,IV-84,IV-084_01_522327,贵州省,matched,subitem_13367,child_num 精确匹配
inheritor_2221,王秋来,IV-87,IV-087_01_341024,安徽省,matched,subitem_13370,child_num 精确匹配
inheritor_2222,邹莉莉,IV-87,IV-087_04_ 360111,江西省,matched,subitem_13374,child_num 精确匹配
inheritor_2223,凌凤英,IV-89,IV-089_03_141021,山西省,matched,subitem_13385,child_num 精确匹配
inheritor_2224,唐茂华,IV-89,IV-089_01_341700,安徽省,matched,subitem_13377,child_num 精确匹配
inheritor_2225,邓玉书,IV-89,IV-089_02_422801,湖北省,matched,subitem_13382,child_num 精确匹配
inheritor_2226,龙景昌,IV-89,IV-089_01_431227,湖南省,matched,subitem_13379,child_num 精确匹配
inheritor_2227,聂满娥,IV-89,IV-089_01_431222,湖南省,matched,subitem_13378,child_num 精确匹配
inheritor_2228,王太保,IV-89,IV-089_04_431025,湖南省,matched,subitem_13389,child_num 精确匹配
inheritor_2229,杨朝忠,IV-89,IV-089_02_520325,贵州省,matched,subitem_13384,child_num 精确匹配
inheritor_2230,陈先松,IV-90,IV-090_01_520400,贵州省,matched,subitem_13391,child_num 精确匹配
inheritor_2231,路宝刚,IV-91,IV-091_02_110102,北京市,matched,subitem_13405,child_num 精确匹配
inheritor_2232,彭佐臣,IV-91,IV-091_01_130200,河北省,matched,subitem_13392,child_num 精确匹配
inheritor_2233,梁素芝,IV-91,IV-091_04_130225,河北省,matched,subitem_13425,child_num 精确匹配
inheritor_2234,李国华,IV-91,IV-091_03_150422,内蒙古自治区,matched,subitem_13420,child_num 精确匹配
inheritor_2235,吕正业,IV-91,IV-091_02_210300,辽宁省,matched,subitem_13407,child_num 精确匹配
inheritor_2236,林世敏,IV-91,IV-091_02_210881,辽宁省,matched,subitem_13408,child_num 精确匹配
inheritor_2237,王访,IV-91,IV-091_02_630000,四川省,matched,subitem_13418,child_num 精确匹配
inheritor_2238,刘满仓,IV-91,IV-091_04_621121,甘肃省,matched,subitem_13426,child_num 精确匹配
inheritor_2239,周邦辉,IV-91,IV-091_02_630000,青海省,matched,subitem_13418,child_num 精确匹配
inheritor_2240,许虹,IV-92,IV-092_03_320000,江苏省,matched,subitem_13448,child_num 精确匹配
inheritor_2241,张良华,IV-92,IV-092_03_330329,浙江省,matched,subitem_13449,child_num 精确匹配
inheritor_2242,金宗怀,IV-92,IV-092_03_330881,浙江省,matched,subitem_13450,child_num 精确匹配
inheritor_2243,李胜奕,IV-92,IV-092_01_350582,福建省,matched,subitem_13430,child_num 精确匹配
inheritor_2244,谭奇书,IV-92,IV-092_02_430111,湖南省,matched,subitem_13443,child_num 精确匹配
inheritor_2245,梁东兴,IV-92,IV-092_01_440981,广东省,matched,subitem_13433,child_num 精确匹配
inheritor_2246,李新贤,IV-92,IV-092_02_441400,广东省,matched,subitem_13444,child_num 精确匹配
inheritor_2247,崔克勤,IV-92,IV-092_03_440105,广东省,matched,subitem_13451,child_num 精确匹配
inheritor_2248,胡海,IV-92,IV-092_04_511025,四川省,matched,subitem_13453,child_num 精确匹配
inheritor_2249,贾俊霞,IV-93,IV-093_03_130683,河北省,matched,subitem_13456,child_num 精确匹配
inheritor_2250,解会谦,IV-94,IV-094_02_130529,河北省,matched,subitem_13460,child_num 精确匹配
inheritor_2251,李玉江,IV-94,IV-094_02_130428,河北省,matched,subitem_13457,child_num 精确匹配
inheritor_2252,崔彦生,IV-97,IV-097_02_130128,河北省,matched,subitem_13466,child_num 精确匹配
inheritor_2253,潘国梁,IV-99,IV-099_03_141000,山西省,matched,subitem_13473,child_num 精确匹配
inheritor_2254,李瑞芳,IV-99,IV-099_04_610103,陕西省,matched,subitem_13474,child_num 精确匹配
inheritor_2255,肖杰,IV-100,IV-100_02_210300,辽宁省,matched,subitem_13475,child_num 精确匹配
inheritor_2256,施月娥,IV-102,IV-102_02_310101,上海市,matched,subitem_13477,child_num 精确匹配
inheritor_2257,梁伟平,IV-102,IV-102_02_310101,上海市,matched,subitem_13477,child_num 精确匹配
inheritor_2258,荣光辉,IV-102,IV-102_03_320800,江苏省,matched,subitem_13479,child_num 精确匹配
inheritor_2259,周东亮,IV-103,IV-103_02_320101,江苏省,matched,subitem_13481,child_num 精确匹配
inheritor_2260,王建伟,IV-103,IV-103_02_320200,江苏省,matched,subitem_13482,child_num 精确匹配
inheritor_2261,霍一君,IV-104,IV-104_02_320700,江苏省,matched,subitem_13484,child_num 精确匹配
inheritor_2262,孙来来,IV-106,IV-106_02_330300,浙江省,matched,subitem_13487,child_num 精确匹配
inheritor_2263,姚百青,IV-109,IV-109_02_330600,浙江省,matched,subitem_13490,child_num 精确匹配
inheritor_2264,徐勤纳,IV-110,IV-110_02_330700,浙江省,matched,subitem_13491,child_num 精确匹配
inheritor_2265,周玉玲,IV-112,IV-112_02_340600,安徽省,matched,subitem_13494,child_num 精确匹配
inheritor_2266,魏桂凤,IV-112,IV-112_04_411522,河南省,matched,subitem_13507,child_num 精确匹配
inheritor_2267,万保英,IV-112,IV-112_02_421300,湖北省,matched,subitem_13498,child_num 精确匹配
inheritor_2268,曾美玲,IV-112,IV-112_02_421181,湖北省,matched,subitem_13497,child_num 精确匹配
inheritor_2269,胡锐诗,IV-112,IV-112_03_420600,湖北省,matched,subitem_13502,child_num 精确匹配
inheritor_2270,杜美霜,IV-112,IV-112_02_430700,湖南省,matched,subitem_13501,child_num 精确匹配
inheritor_2271,廖寒梅,IV-112,IV-112_03_430400,湖南省,matched,subitem_13505,child_num 精确匹配
inheritor_2272,李小嘉,IV-112,IV-112_03_430102,湖南省,matched,subitem_13504,child_num 精确匹配
inheritor_2273,付红伟,IV-113,IV-113_02_341600,安徽省,matched,subitem_13508,child_num 精确匹配
inheritor_2274,袁玲,IV-117,IV-117_02_370282,山东省,matched,subitem_13519,child_num 精确匹配
inheritor_2275,杜玉珍,IV-118,IV-118_02_370829,山东省,matched,subitem_13520,child_num 精确匹配
inheritor_2276,祝凤臣,IV-118,IV-118_02_371700,山东省,matched,subitem_13522,child_num 精确匹配
inheritor_2277,李长生,IV-119,IV-119_02_371200,山东省,matched,subitem_13523,child_num 精确匹配
inheritor_2278,何满堂,IV-122,IV-122_02_610523,陕西省,matched,subitem_13526,child_num 精确匹配
inheritor_2279,孙三民,IV-123,IV-123_02_411727,河南省,matched,subitem_13528,child_num 精确匹配
inheritor_2280,刘长科,IV-123,IV-123_02_410926,河南省,matched,subitem_13527,child_num 精确匹配
inheritor_2281,杨道运,IV-125,IV-125_02_422826,湖北省,matched,subitem_13531,child_num 精确匹配
inheritor_2282,左大玢,IV-127,IV-127_02_430102,湖南省,matched,subitem_13536,child_num 精确匹配
inheritor_2283,袁祁利,IV-128,IV-128_02_431121,湖南省,matched,subitem_13539,child_num 精确匹配
inheritor_2284,朱宏,IV-131,IV-131_02_520100,贵州省,matched,subitem_13543,child_num 精确匹配
inheritor_2285,王玉珍,IV-132,IV-132_02_530112,云南省,matched,subitem_13545,child_num 精确匹配
inheritor_2286,梁子华,IV-132,IV-132_02_530400,云南省,matched,subitem_13546,child_num 精确匹配
inheritor_2287,杨茂,IV-132,IV-132_02_530100,云南省,matched,subitem_13544,child_num 精确匹配
inheritor_2288,王祖芳,IV-135,IV-135_02_530522,云南省,matched,subitem_13549,child_num 精确匹配
inheritor_2289,普文学,IV-136,IV-136_02_532326,云南省,matched,subitem_13550,child_num 精确匹配
inheritor_2290,郭胖胖,IV-139,IV-139_03_140502,山西省,matched,subitem_13553,child_num 精确匹配
inheritor_2291,许丽娟,IV-141,IV-141_03_330500,浙江省,matched,subitem_13555,child_num 精确匹配
inheritor_2292,潘凤霞,IV-144,IV-144_03_360100,江西省,matched,subitem_13558,child_num 精确匹配
inheritor_2293,程家训,IV-145,IV-145_03_360427,江西省,matched,subitem_13559,child_num 精确匹配
inheritor_2294,周如文,IV-151,IV-151_03_530422,云南省,matched,subitem_13565,child_num 精确匹配
inheritor_2295,吴成全,IV-153,IV-153_03_610926,陕西省,matched,subitem_13567,child_num 精确匹配
inheritor_2296,王永兰,IV-155,IV-155_03_341200,安徽省,matched,subitem_13570,child_num 精确匹配
inheritor_2297,钱程,IV-156,IV-156_03_310101,上海市,matched,subitem_13571,child_num 精确匹配
inheritor_2298,朱丽珍,IV-157,IV-157_03_430802,湖南省,matched,subitem_13573,child_num 精确匹配
inheritor_2299,周文斌,IV-161,IV-161_04_360425,江西省,matched,subitem_13579,child_num 精确匹配
inheritor_2300,钟烈萱,IV-162,IV-162_04_360721,江西省,matched,subitem_13580,child_num 精确匹配
inheritor_2452,杨明坤,V-2,V-002_01_321000,江苏省,matched,subitem_13585,child_num 精确匹配
inheritor_2453,郝秀洁,V-5,V-005_04_120000,天津市,matched,subitem_13593,child_num 精确匹配
inheritor_2454,霍大顺,V-6,V-006_01_210100,辽宁省,matched,subitem_13594,child_num 精确匹配
inheritor_2455,陈世芳,V-6,V-006_02_210281,辽宁省,matched,subitem_13596,child_num 精确匹配
inheritor_2456,王连科,V-6,V-006_02_220182,吉林省,matched,subitem_13599,child_num 精确匹配
inheritor_2457,邱淑华,V-6,V-006_01_230000,黑龙江省,matched,subitem_13595,child_num 精确匹配
inheritor_2458,王振义,V-7,V-007_01_130921,河北省,matched,subitem_13601,child_num 精确匹配
inheritor_2459,王海燕,V-9,V-009_01_140400,山西省,matched,subitem_13603,child_num 精确匹配
inheritor_2460,倪万珠,V-10,V-010_01_120115,天津市,matched,subitem_13604,child_num 精确匹配
inheritor_2461,崔继昌,V-10,V-010_02_131000,河北省,matched,subitem_13605,child_num 精确匹配
inheritor_2462,王威学,V-19,V-019_01_622901,甘肃省,matched,subitem_13619,child_num 精确匹配
inheritor_2463,李洪盛,V-19,V-019_02_630100,青海省,matched,subitem_13620,child_num 精确匹配
inheritor_2464,马付芹,V-20,V-020_03_130423,河北省,matched,subitem_13622,child_num 精确匹配
inheritor_2465,陈胜利,V-20,V-020_01_410000,河南省,matched,subitem_13621,child_num 精确匹配
inheritor_2466,王振刚,V-21,V-021_02_371700,山东省,matched,subitem_13624,child_num 精确匹配
inheritor_2467,何淑玲,V-21,V-021_03_371725,山东省,matched,subitem_13625,child_num 精确匹配
inheritor_2468,陈振球,V-31,V-031_01_440606,广东省,matched,subitem_13637,child_num 精确匹配
inheritor_2469,李金楚,V-32,V-032_04_430723,湖南省,matched,subitem_13639,child_num 精确匹配
inheritor_2470,叶莉莉,V-38,V-038_03_320400,江苏省,matched,subitem_13654,child_num 精确匹配
inheritor_2471,徐长根,V-38,V-038_01_330100,浙江省,matched,subitem_13653,child_num 精确匹配
inheritor_2472,高洪胜,V-39,V-039_01_370000,山东省,matched,subitem_13655,child_num 精确匹配
inheritor_2473,甘珠尔,V-40,V-040_01_152222,内蒙古自治区,matched,subitem_13657,child_num 精确匹配
inheritor_2474,白扎力增,V-40,V-040_02_150500,内蒙古自治区,matched,subitem_13660,child_num 精确匹配
inheritor_2475,图木热,V-41,V-041_02_150722,内蒙古自治区,matched,subitem_13662,child_num 精确匹配
inheritor_2476,陶贵水,V-41,V-041_01_230000,黑龙江省,matched,subitem_13661,child_num 精确匹配
inheritor_2477,孟淑珍,V-43,V-043_01_230000,黑龙江省,matched,subitem_13664,child_num 精确匹配
inheritor_2478,沃斯尔汉·加尼木汉,V-45,V-045_02_620924,甘肃省,matched,subitem_13667,child_num 精确匹配
inheritor_2479,哈斯木汗·瓦特汗,V-45,V-045_01_654000,新疆维吾尔自治区,matched,subitem_13666,child_num 精确匹配
inheritor_2480,马志明,V-47,V-047_02_120000,天津市,matched,subitem_13671,child_num 精确匹配
inheritor_2481,种玉杰,V-48,V-048_02_110105,北京市,matched,subitem_13672,child_num 精确匹配
inheritor_2482,马增蕙,V-49,V-049_02_110105,北京市,matched,subitem_13675,child_num 精确匹配
inheritor_2483,陈祥源,V-56,V-056_02_330200,浙江省,matched,subitem_13682,child_num 精确匹配
inheritor_2484,范寿春,V-60,V-060_02_350203,福建省,matched,subitem_13689,child_num 精确匹配
inheritor_2485,付群刚,V-61,V-061_02_420100,湖北省,matched,subitem_13690,child_num 精确匹配
inheritor_2486,雍开全,V-63,V-063_02_360300,江西省,matched,subitem_13693,child_num 精确匹配
inheritor_2487,童双春,V-68,V-068_02_310101,上海市,matched,subitem_13700,child_num 精确匹配
inheritor_2488,叶吉淑,V-75,V-075_03_500000,重庆市,matched,subitem_13711,child_num 精确匹配
inheritor_2489,白明理,V-79,V-079_02_610830,陕西省,matched,subitem_13719,child_num 精确匹配
inheritor_2490,徐春华,V-81,V-081_02_320104,江苏省,matched,subitem_13721,child_num 精确匹配
inheritor_2491,王桂凤,V-82,V-082_02_330100,浙江省,matched,subitem_13722,child_num 精确匹配
inheritor_2492,张青敏,V-85,V-085_04_370828,山东省,matched,subitem_13727,child_num 精确匹配
inheritor_2493,卢登荣,V-89,V-089_02_610125,陕西省,matched,subitem_13732,child_num 精确匹配
inheritor_2494,丁长福,V-91,V-091_03_500101,重庆市,matched,subitem_13735,child_num 精确匹配
inheritor_2495,刘世红,V-93,V-093_02_630100,青海省,matched,subitem_13737,child_num 精确匹配
inheritor_2496,刘引红,V-98,V-098_03_140428,山西省,matched,subitem_13742,child_num 精确匹配
inheritor_2497,陈拴发,V-101,V-101_03_140525,山西省,matched,subitem_13745,child_num 精确匹配
inheritor_2498,金礼浩,V-102,V-102_03_211200,辽宁省,matched,subitem_13746,child_num 精确匹配
inheritor_2499,叶胜建,V-104,V-104_03_330225,浙江省,matched,subitem_13749,child_num 精确匹配
inheritor_2500,黄少梅,V-108,V-108_03_440100,广东省,matched,subitem_13753,child_num 精确匹配
inheritor_2501,区均祥,V-112,V-112_03_820000,澳门特别行政区,matched,subitem_13757,child_num 精确匹配
inheritor_2502,杨成兴,V-114,V-114_03_370826,山东省,matched,subitem_13759,child_num 精确匹配
inheritor_2503,籍薇,V-116,V-116_04_120000,天津市,matched,subitem_13762,child_num 精确匹配
inheritor_2504,朱友生,V-121,V-121_04_360830,江西省,matched,subitem_13767,child_num 精确匹配
inheritor_2505,邹昆山,V-124,V-124_04_430000,湖南省,matched,subitem_13770,child_num 精确匹配
inheritor_2506,李蔚琛,V-125,V-125_04_450300,广西壮族自治区,matched,subitem_13771,child_num 精确匹配
inheritor_2555,于金生,VI-1,VI-001_01_130928,河北省,matched,subitem_13774,child_num 精确匹配
inheritor_2556,郭建兵,VI-3,VI-003_02_130123,河北省,matched,subitem_13777,child_num 精确匹配
inheritor_2557,祝石梁,VI-3,VI-003_02_350783,福建省,matched,subitem_13779,child_num 精确匹配
inheritor_2558,赵伯林,VI-6,VI-006_04_330681,浙江省,matched,subitem_13785,child_num 精确匹配
inheritor_2559,郭贵增,VI-10,VI-010_02_130900a,河北省,matched,subitem_13790,child_num 精确匹配
inheritor_2560,翟维传,VI-11,VI-011_02_130429,河北省,matched,subitem_13796,child_num 精确匹配
inheritor_2561,和有禄,VI-11,VI-011_04_410825,河南省,matched,subitem_13800,child_num 精确匹配
inheritor_2562,哈森,VI-15,VI-015_01_150722,内蒙古自治区,matched,subitem_13806,child_num 精确匹配
inheritor_2563,哈达,VI-16,VI-016_04_152525,内蒙古自治区,matched,subitem_13808,child_num 精确匹配
inheritor_2564,孟克那生,VI-16,VI-016_04_654202,新疆维吾尔自治区,matched,subitem_13809,child_num 精确匹配
inheritor_2565,那日来,VI-20,VI-016_04_654202,内蒙古自治区,matched,subitem_13809,child_num 精确匹配
inheritor_2566,李勇,VI-21,VI-021_03_222401,吉林省,matched,subitem_13817,child_num 精确匹配
inheritor_2567,李有贵,VI-21,VI-021_03_530126,云南省,matched,subitem_13818,child_num 精确匹配
inheritor_2568,米曼·艾米拉,VI-21,VI-021_03_653128,新疆维吾尔自治区,matched,subitem_13819,child_num 精确匹配
inheritor_2569,王超,VI-23,VI-023_02_511181,四川省,matched,subitem_13821,child_num 精确匹配
inheritor_2570,刘敬儒,VI-25,VI-025_03_110102,北京市,matched,subitem_13824,child_num 精确匹配
inheritor_2571,宋光华,VI-26,VI-026_03_140726,山西省,matched,subitem_13827,child_num 精确匹配
inheritor_2572,穆金桥,VI-29,VI-029_03_140727,山西省,matched,subitem_13831,child_num 精确匹配
inheritor_2573,孙日成,VI-33,VI-033_04_370202,山东省,matched,subitem_13839,child_num 精确匹配
inheritor_2574,张业金,VI-35,VI-035_02_421182,湖北省,matched,subitem_13841,child_num 精确匹配
inheritor_2575,包仁欠本,VI-42,VI-042_02_630202,青海省,matched,subitem_13849,child_num 精确匹配
inheritor_2576,巴界·阿布力马金,VI-43,VI-043_04_654322,新疆维吾尔自治区,matched,subitem_13852,child_num 精确匹配
inheritor_2577,胡宗显,VI-45,VI-045_02_630223,青海省,matched,subitem_13854,child_num 精确匹配
inheritor_2578,张家棣,VI-46,VI-046_02_131026,河北省,matched,subitem_13855,child_num 精确匹配
inheritor_2579,乔天福,VI-49,VI-049_02_410900,河南省,matched,subitem_13859,child_num 精确匹配
inheritor_2580,刘俊昌,VI-50,VI-050_02_371422,山东省,matched,subitem_13860,child_num 精确匹配
inheritor_2581,贾天仓,VI-52,VI-052_02_140100,山西省,matched,subitem_13862,child_num 精确匹配
inheritor_2582,钱小占,VI-53,VI-053_02_330100,浙江省,matched,subitem_13863,child_num 精确匹配
inheritor_2583,楼玉龙,VI-53,VI-053_02_330783,浙江省,matched,subitem_13864,child_num 精确匹配
inheritor_2584,张文仲,VI-56,VI-056_03_120102,天津市,matched,subitem_13867,child_num 精确匹配
inheritor_2585,陈洪元,VI-59,VI-059_03_371728,山东省,matched,subitem_13870,child_num 精确匹配
inheritor_2586,刘海港,VI-60,VI-060_03_370784,山东省,matched,subitem_13872,child_num 精确匹配
inheritor_2587,申孝生,VI-61,VI-061_03_371581,山东省,matched,subitem_13873,child_num 精确匹配
inheritor_2588,韩海华,VI-67,VI-067_03_330402,浙江省,matched,subitem_13882,child_num 精确匹配
inheritor_2589,屠荣祥,VI-68,VI-068_03_330483,浙江省,matched,subitem_13883,child_num 精确匹配
inheritor_2590,满都拉,VI-71,VI-071_04_150524,内蒙古自治区,matched,subitem_13886,child_num 精确匹配
inheritor_2591,孙红喜,VI-76,VI-076_04_310110,上海市,matched,subitem_13891,child_num 精确匹配
inheritor_2592,林文辉,VI-78,VI-078_04_360881,江西省,matched,subitem_13893,child_num 精确匹配
inheritor_2593,晏西征,VI-80,VI-080_04_431322,湖南省,matched,subitem_13895,child_num 精确匹配
inheritor_2594,夏菊花,VI-81,VI-081_04_420100,湖北省,matched,subitem_13896,child_num 精确匹配
inheritor_2595,傅腾龙,VI-82,VI-082_04_110105,北京市,matched,subitem_13897,child_num 精确匹配
inheritor_2827,王祖德,VII-3,VII-003_01_320500,江苏省,matched,subitem_13902,child_num 精确匹配
inheritor_2828,颜仕国,VII-4,VII-004_01_350600,福建省,matched,subitem_13903,child_num 精确匹配
inheritor_2829,任鹤林,VII-7,VII-007_01_410200,河南省,matched,subitem_13906,child_num 精确匹配
inheritor_2830,钟建桐,VII-8,VII-008_01_430524,湖南省,matched,subitem_13907,child_num 精确匹配
inheritor_2831,刘国利,VII-8,VII-008_01_430524,湖南省,matched,subitem_13907,child_num 精确匹配
inheritor_2832,徐家辉,VII-10,VII-010_01_500228,重庆市,matched,subitem_13909,child_num 精确匹配
inheritor_2833,李芳福,VII-11,VII-011_01_510600,四川省,matched,subitem_13910,child_num 精确匹配
inheritor_2834,和世先,VII-13,VII-013_01_530700,云南省,matched,subitem_13912,child_num 精确匹配
inheritor_2835,拉孟,VII-14,VII-014_01_513300,四川省,matched,subitem_13913,child_num 精确匹配
inheritor_2836,次仁罗布,VII-14,VII-014_01_540000b,西藏自治区,matched,subitem_13915,child_num 精确匹配
inheritor_2837,扎西,VII-14,VII-014_01_540000b,西藏自治区,matched,subitem_13915,child_num 精确匹配
inheritor_2838,嘎德,VII-14,VII-014_02_542121,西藏自治区,matched,subitem_13917,child_num 精确匹配
inheritor_2839,米玛次仁,VII-14,VII-014_02_540127,西藏自治区,matched,subitem_13916,child_num 精确匹配
inheritor_2840,交巴加布,VII-14,VII-014_02_623027,甘肃省,matched,subitem_13918,child_num 精确匹配
inheritor_2841,韩月琴,VII-16,VII-016_02_210283,辽宁省,matched,subitem_13937,child_num 精确匹配
inheritor_2842,黄丽凤,VII-16,VII-016_02_350500,福建省,matched,subitem_13949,child_num 精确匹配
inheritor_2843,王德荣,VII-16,VII-016_02_371600,山东省,matched,subitem_13956,child_num 精确匹配
inheritor_2844,栾淑娟,VII-16,VII-016_02_370600,山东省,matched,subitem_13953,child_num 精确匹配
inheritor_2845,李爱荣,VII-16,VII-016_02_410782,河南省,matched,subitem_13957,child_num 精确匹配
inheritor_2846,姜文英,VII-16,VII-016_02_522629,贵州省,matched,subitem_13964,child_num 精确匹配
inheritor_2847,田彦兰,VII-16,VII-016_04_640000,宁夏回族自治区,matched,subitem_13976,child_num 精确匹配
inheritor_2848,伏兆娥,VII-16,VII-016_04_640000,宁夏回族自治区,matched,subitem_13976,child_num 精确匹配
inheritor_2849,郑蝴蝶,VII-16,VII-016_03_150200,内蒙古自治区,matched,subitem_13966,child_num 精确匹配
inheritor_2850,吴晓平,VII-18,VII-018_04_321000,江苏省,matched,subitem_13981,child_num 精确匹配
inheritor_2851,许炽光,VII-20,VII-020_01_440100,广东省,matched,subitem_13983,child_num 精确匹配
inheritor_2852,黄敏,VII-21,VII-021_02_500103,重庆市,matched,subitem_13986,child_num 精确匹配
inheritor_2853,孟德芝,VII-21,VII-021_01_510100,四川省,matched,subitem_13985,child_num 精确匹配
inheritor_2854,张桂英,VII-22,VII-022_01_522634,贵州省,matched,subitem_13989,child_num 精确匹配
inheritor_2855,王启萍,VII-22,VII-022_01_520100,贵州省,matched,subitem_13987,child_num 精确匹配
inheritor_2856,杨妹岩,VII-22,VII-022_01_522629,贵州省,matched,subitem_13988,child_num 精确匹配
inheritor_2857,龙女三九,VII-22,VII-022_01_522629,贵州省,matched,subitem_13988,child_num 精确匹配
inheritor_2858,王世福,VII-25,VII-025_02_340827,安徽省,matched,subitem_13996,child_num 精确匹配
inheritor_2859,杨春英,VII-25,VII-025_03_433122,湖南省,matched,subitem_13998,child_num 精确匹配
inheritor_2860,张爱光,VII-33,VII-033_01_331121,浙江省,matched,subitem_14010,child_num 精确匹配
inheritor_2861,刘同保,VII-34,VII-034_01_130634,河北省,matched,subitem_14011,child_num 精确匹配
inheritor_2862,刘红立,VII-34,VII-034_01_130634,河北省,matched,subitem_14011,child_num 精确匹配
inheritor_2863,陈礼忠,VII-35,VII-035_01_350100,福建省,matched,subitem_14012,child_num 精确匹配
inheritor_2864,吴正辉,VII-37,VII-037_01_341000,安徽省,matched,subitem_14014,child_num 精确匹配
inheritor_2865,俞友鸿,VII-37,VII-037_01_361130,江西省,matched,subitem_14015,child_num 精确匹配
inheritor_2866,穆永禄,VII-38,VII-038_01_622921,甘肃省,matched,subitem_14016,child_num 精确匹配
inheritor_2867,马风章,VII-38,VII-038_04_640400,宁夏回族自治区,matched,subitem_14018,child_num 精确匹配
inheritor_2868,卜文俊,VII-38,VII-038_04_640400,宁夏回族自治区,matched,subitem_14018,child_num 精确匹配
inheritor_2869,黄小明,VII-43,VII-043_01_330783,浙江省,matched,subitem_14026,child_num 精确匹配
inheritor_2870,季天渊,VII-44,VII-044_04_330329,浙江省,matched,subitem_14029,child_num 精确匹配
inheritor_2871,江碧峰,VII-44,VII-044_02_350500,福建省,matched,subitem_14028,child_num 精确匹配
inheritor_2872,赖明德,VII-45,VII-045_01_360300,江西省,matched,subitem_14030,child_num 精确匹配
inheritor_2873,王威,VII-46,VII-046_01_310114,上海市,matched,subitem_14031,child_num 精确匹配
inheritor_2874,洪建华,VII-46,VII-046_04_341004,安徽省,matched,subitem_14037,child_num 精确匹配
inheritor_2875,何华一,VII-46,VII-046_02_511523,四川省,matched,subitem_14036,child_num 精确匹配
inheritor_2876,双彦,VII-47,VII-047_04_110105,北京市,matched,subitem_14052,child_num 精确匹配
inheritor_2877,朱文茜,VII-47,VII-047_02_320500,江苏省,matched,subitem_14045,child_num 精确匹配
inheritor_2878,许述章,VII-47,VII-047_04_411626,河南省,matched,subitem_14053,child_num 精确匹配
inheritor_2879,吴维清,VII-47,VII-047_02_445103,广东省,matched,subitem_14047,child_num 精确匹配
inheritor_2880,王登书,VII-47,VII-047_02_522622,贵州省,matched,subitem_14049,child_num 精确匹配
inheritor_2881,胡新明,VII-47,VII-047_01_610322,陕西省,matched,subitem_14043,child_num 精确匹配
inheritor_2882,杨佳年,VII-47,VII-047_02_640423,宁夏回族自治区,matched,subitem_14050,child_num 精确匹配
inheritor_2883,生格,VII-48,VII-048_03_542100,西藏自治区,matched,subitem_14055,child_num 精确匹配
inheritor_2884,桓贡,VII-49,VII-049_01_632321,青海省,matched,subitem_14056,child_num 精确匹配
inheritor_2885,马元良,VII-50,VII-050_02_110101,北京市,matched,subitem_14062,child_num 精确匹配
inheritor_2886,汪筱文,VII-50,VII-050_02_320500,江苏省,matched,subitem_14065,child_num 精确匹配
inheritor_2887,王汝兰,VII-50,VII-050_01_331024,浙江省,matched,subitem_14058,child_num 精确匹配
inheritor_2888,胡金龙,VII-50,VII-050_01_330481,浙江省,matched,subitem_14057,child_num 精确匹配
inheritor_2889,林顺奎,VII-50,VII-050_04_330382,浙江省,matched,subitem_14072,child_num 精确匹配
inheritor_2890,许谦慎,VII-50,VII-050_01_350500,福建省,matched,subitem_14059,child_num 精确匹配
inheritor_2891,张俊涛,VII-50,VII-050_02_410200,河南省,matched,subitem_14067,child_num 精确匹配
inheritor_2892,张树祺,VII-50,VII-050_01_441900,广东省,matched,subitem_14060,child_num 精确匹配
inheritor_2893,刘耀生,VII-50,VII-050_02_445102,广东省,matched,subitem_14070,child_num 精确匹配
inheritor_2894,苏成军,VII-51,VII-051_02_341523,安徽省,matched,subitem_14075,child_num 精确匹配
inheritor_2895,陈清河,VII-51,VII-051_04_350524,福建省,matched,subitem_14083,child_num 精确匹配
inheritor_2896,田先敏,VII-51,VII-051_02_360481,江西省,matched,subitem_14076,child_num 精确匹配
inheritor_2897,危禄绵,VII-51,VII-051_03_430900,湖南省,matched,subitem_14081,child_num 精确匹配
inheritor_2898,谭素娟,VII-51,VII-051_03_451226,广西壮族自治区,matched,subitem_14082,child_num 精确匹配
inheritor_2899,陈云华,VII-51,VII-051_02_511425,四川省,matched,subitem_14079,child_num 精确匹配
inheritor_2900,赵思进,VII-51,VII-051_04_510184,四川省,matched,subitem_14084,child_num 精确匹配
inheritor_2901,陈素景,VII-52,VII-052_02_371702,山东省,matched,subitem_14087,child_num 精确匹配
inheritor_2902,王锡金,VII-52,VII-052_02_371721,山东省,matched,subitem_14088,child_num 精确匹配
inheritor_2903,张红霞,VII-53,VII-053_02_140522,山西省,matched,subitem_14090,child_num 精确匹配
inheritor_2904,董巧兰,VII-53,VII-053_02_140823,山西省,matched,subitem_14091,child_num 精确匹配
inheritor_2905,李成秀,VII-53,VII-053_04_141127,山西省,matched,subitem_14096,child_num 精确匹配
inheritor_2906,王群英,VII-54,VII-054_02_130425,河北省,matched,subitem_14097,child_num 精确匹配
inheritor_2907,陈焕彬,VII-54,VII-054_02_511129,四川省,matched,subitem_14101,child_num 精确匹配
inheritor_2908,赛勒汗·卡克木哈孜,VII-54,VII-054_03_654224,新疆维吾尔自治区,matched,subitem_14102,child_num 精确匹配
inheritor_2909,姜朝春,VII-55,VII-055_02_130531,河北省,matched,subitem_14103,child_num 精确匹配
inheritor_2910,潘同利,VII-55,VII-055_03_341522,安徽省,matched,subitem_14107,child_num 精确匹配
inheritor_2911,王国庆,VII-56,VII-056_02_411322,河南省,matched,subitem_14114,child_num 精确匹配
inheritor_2912,曹明珠,VII-56,VII-056_02_430181,湖南省,matched,subitem_14116,child_num 精确匹配
inheritor_2913,唐骏,VII-56,VII-056_02_510800,四川省,matched,subitem_14118,child_num 精确匹配
inheritor_2914,石永恩,VII-56,VII-056_02_512021,四川省,matched,subitem_14119,child_num 精确匹配
inheritor_2915,杨建明,VII-56,VII-056_04_610528,陕西省,matched,subitem_14123,child_num 精确匹配
inheritor_2916,鲍武文,VII-56,VII-056_04_610826,陕西省,matched,subitem_14124,child_num 精确匹配
inheritor_2917,崔磊,VII-57,VII-057_03_310000,上海市,matched,subitem_14130,child_num 精确匹配
inheritor_2918,洪荣辉,VII-57,VII-057_02_445200,广东省,matched,subitem_14129,child_num 精确匹配
inheritor_2919,李艳军,VII-58,VII-058_04_140830,山西省,matched,subitem_14139,child_num 精确匹配
inheritor_2920,刘节明,VII-58,VII-058_04_360803,江西省,matched,subitem_14140,child_num 精确匹配
inheritor_2921,熊应华,VII-58,VII-058_04_421224,湖北省,matched,subitem_14141,child_num 精确匹配
inheritor_2922,徐日龙,VII-58,VII-058_03_469023,海南省,matched,subitem_14137,child_num 精确匹配
inheritor_2923,段四兴,VII-58,VII-058_03_532931,云南省,matched,subitem_14138,child_num 精确匹配
inheritor_2924,韩志耀,VII-59,VII-059_04_210203,辽宁省,matched,subitem_14145,child_num 精确匹配
inheritor_2925,周建明,VII-59,VII-059_02_320500,江苏省,matched,subitem_14142,child_num 精确匹配
inheritor_2926,曾昭鸿,VII-59,VII-059_02_440183,广东省,matched,subitem_14144,child_num 精确匹配
inheritor_2927,李玉成,VII-61,VII-061_02_371500,山东省,matched,subitem_14147,child_num 精确匹配
inheritor_2928,盛一原,VII-62,VII-062_02_330784,浙江省,matched,subitem_14148,child_num 精确匹配
inheritor_2929,刘建强,VII-62,VII-062_04_360321,江西省,matched,subitem_14150,child_num 精确匹配
inheritor_2930,扎西顿珠,VII-64,VII-064_04_540000,西藏自治区,matched,subitem_14155,child_num 精确匹配
inheritor_2931,栾喜魁,VII-65,VII-065_02_371500,山东省,matched,subitem_14157,child_num 精确匹配
inheritor_2932,黄素明,VII-66,VII-066_04_441900,广东省,matched,subitem_14167,child_num 精确匹配
inheritor_2933,马文侠,VII-69,VII-069_04_230100,黑龙江省,matched,subitem_14171,child_num 精确匹配
inheritor_2934,蒋云花,VII-69,VII-069_02_330726,浙江省,matched,subitem_14170,child_num 精确匹配
inheritor_2935,聂远征,VII-69,VII-069_04_410922,河南省,matched,subitem_14172,child_num 精确匹配
inheritor_2936,邓友谱,VII-69,VII-069_04_429004,湖北省,matched,subitem_14173,child_num 精确匹配
inheritor_2937,徐全熙,VII-72,VII-072_02_630122,青海省,matched,subitem_14177,child_num 精确匹配
inheritor_2938,施成权,VII-73,VII-073_02_330300,浙江省,matched,subitem_14178,child_num 精确匹配
inheritor_2939,黄圣辉,VII-75,VII-075_02_420100,湖北省,matched,subitem_14180,child_num 精确匹配
inheritor_2940,李兴秀,VII-76,VII-076_02_513221,四川省,matched,subitem_14181,child_num 精确匹配
inheritor_2941,赵翠林,VII-77,VII-077_02_140581,山西省,matched,subitem_14182,child_num 精确匹配
inheritor_2942,张小红,VII-77,VII-077_04_360500,江西省,matched,subitem_14188,child_num 精确匹配
inheritor_2943,刘寿仙,VII-77,VII-077_02_421122,湖北省,matched,subitem_14184,child_num 精确匹配
inheritor_2944,蔡月娥,VII-77,VII-077_02_420222,湖北省,matched,subitem_14183,child_num 精确匹配
inheritor_2945,张菊花,VII-77,VII-077_02_510800,四川省,matched,subitem_14185,child_num 精确匹配
inheritor_2946,毕跃英,VII-78,VII-078_02_530126,云南省,matched,subitem_14189,child_num 精确匹配
inheritor_2947,夏丽云,VII-80,VII-080_02_210702,辽宁省,matched,subitem_14192,child_num 精确匹配
inheritor_2948,孙艳玲,VII-80,VII-080_04_231000,黑龙江省,matched,subitem_14195,child_num 精确匹配
inheritor_2949,刘雅梅,VII-80,VII-080_04_230230,黑龙江省,matched,subitem_14194,child_num 精确匹配
inheritor_2950,孟根其其格,VII-81,VII-081_04_152523,内蒙古自治区,matched,subitem_14197,child_num 精确匹配
inheritor_2951,布如力·斯开克,VII-82,VII-082_02_652922,新疆维吾尔自治区,matched,subitem_14198,child_num 精确匹配
inheritor_2952,常弘,VII-84,VII-084_03_110101,北京市,matched,subitem_14201,child_num 精确匹配
inheritor_2953,罗照英,VII-88,VII-088_02_429006,湖北省,matched,subitem_14206,child_num 精确匹配
inheritor_2954,谢炳华,VII-91,VII-091_02_330304,浙江省,matched,subitem_14212,child_num 精确匹配
inheritor_2955,曹季德,VII-94,VII-094_02_321200,江苏省,matched,subitem_14220,child_num 精确匹配
inheritor_2956,朱振清,VII-94,VII-094_03_320500,江苏省,matched,subitem_14223,child_num 精确匹配
inheritor_2957,洪观清,VII-94,VII-094_02_341021,安徽省,matched,subitem_14221,child_num 精确匹配
inheritor_2959,郝彦明,VII-96,VII-096_02_140423,山西省,matched,subitem_14227,child_num 精确匹配
inheritor_2960,梁德颂,VII-98,VII-098_03_433125,湖南省,matched,subitem_14232,child_num 精确匹配
inheritor_2961,周文虎,VII-100,VII-100_03_350525,福建省,matched,subitem_14234,child_num 精确匹配
inheritor_2962,李蔷,VII-103,VII-103_03_310115,上海市,matched,subitem_14237,child_num 精确匹配
inheritor_2963,邓菊花,VII-105,VII-105_03_440232,广东省,matched,subitem_14239,child_num 精确匹配
inheritor_2964,龙令香,VII-107,VII-107_03_522628,贵州省,matched,subitem_14241,child_num 精确匹配
inheritor_2965,刘秀花,VII-110,VII-110_04_110111,北京市,matched,subitem_14244,child_num 精确匹配
inheritor_2966,梁淑平,VII-110,VII-110_04_130626,河北省,matched,subitem_14245,child_num 精确匹配
inheritor_2967,蔡赛花,VII-112,VII-112_04_445100,广东省,matched,subitem_14248,child_num 精确匹配
inheritor_2968,吉克伍沙,VII-114,VII-114_04_513436,四川省,matched,subitem_14250,child_num 精确匹配
inheritor_2969,次旺仁增,VII-115,VII-115_04_542301,西藏自治区,matched,subitem_14251,child_num 精确匹配
inheritor_2970,樊继美,VII-117,VII-117_04_371322,山东省,matched,subitem_14253,child_num 精确匹配
inheritor_2971,包金山,VII-118,VII-118_04_150000,内蒙古自治区,matched,subitem_14254,child_num 精确匹配
inheritor_2972,格吐肯,VII-119,VII-119_04_650100,新疆维吾尔自治区,matched,subitem_14255,child_num 精确匹配
inheritor_2973,杜平,VII-120,VII-120_04_341200,安徽省,matched,subitem_14256,child_num 精确匹配
inheritor_3300,周桂珍,VIII-1,VIII-001_01_320282,江苏省,matched,subitem_14261,child_num 精确匹配
inheritor_3301,玉勐,VIII-5,VIII-005_01_532800,云南省,matched,subitem_14265,child_num 精确匹配
inheritor_3302,吐尔逊·肉斯塔木,VIII-6,VIII-006_01_653101,新疆维吾尔自治区,matched,subitem_14267,child_num 精确匹配
inheritor_3303,牙合甫江·玉素英,VIII-6,VIII-006_02_650100,新疆维吾尔自治区,matched,subitem_14269,child_num 精确匹配
inheritor_3304,张绍斌,VIII-9,VIII-009_01_331181,浙江省,matched,subitem_14272,child_num 精确匹配
inheritor_3305,陈明良,VIII-11,VIII-011_01_350526,福建省,matched,subitem_14274,child_num 精确匹配
inheritor_3306,许瑞峰,VIII-11,VIII-011_01_350526,福建省,matched,subitem_14274,child_num 精确匹配
inheritor_3307,周铁怀,VIII-12,VIII-012_01_610525,陕西省,matched,subitem_14275,child_num 精确匹配
inheritor_3308,郭俊,VIII-13,VIII-013_01_320100,江苏省,matched,subitem_14276,child_num 精确匹配
inheritor_3309,贺斌,VIII-16,VIII-016_01_510100,四川省,matched,subitem_14280,child_num 精确匹配
inheritor_3310,李村灵,VIII-20,VIII-020_01_451025,广西壮族自治区,matched,subitem_14288,child_num 精确匹配
inheritor_3311,嘎日,VIII-21,VIII-021_01_542200,西藏自治区,matched,subitem_14289,child_num 精确匹配
inheritor_3312,吾吉阿西木·吾舒尔,VIII-23,VIII-023_02_653123,新疆维吾尔自治区,matched,subitem_14294,child_num 精确匹配
inheritor_3313,周继明,VIII-24,VIII-024_04_330483,浙江省,matched,subitem_14299,child_num 精确匹配
inheritor_3314,蒋良寿,VIII-24,VIII-024_02_430523,湖南省,matched,subitem_14297,child_num 精确匹配
inheritor_3315,刘新建,VIII-24,VIII-024_02_433123,湖南省,matched,subitem_14298,child_num 精确匹配
inheritor_3316,杨芳,VIII-25,VIII-025_01_522636,贵州省,matched,subitem_14300,child_num 精确匹配
inheritor_3317,王月圆,VIII-25,VIII-025_02_520400,贵州省,matched,subitem_14301,child_num 精确匹配
inheritor_3318,张晓平,VIII-26,VIII-026_02_510300,四川省,matched,subitem_14305,child_num 精确匹配
inheritor_3319,段银开,VIII-26,VIII-026_01_532901,云南省,matched,subitem_14304,child_num 精确匹配
inheritor_3320,薛林根,VIII-27,VIII-027_01_320500,江苏省,matched,subitem_14306,child_num 精确匹配
inheritor_3321,钟彦鹏,VIII-28,VIII-028_04_360727,江西省,matched,subitem_14310,child_num 精确匹配
inheritor_3322,胡家旺,VIII-29,VIII-029_01_360000,江西省,matched,subitem_14311,child_num 精确匹配
inheritor_3323,杨求诗,VIII-30,VIII-030_01_450226,广西壮族自治区,matched,subitem_14313,child_num 精确匹配
inheritor_3324,杨光锦,VIII-30,VIII-030_02_522633,贵州省,matched,subitem_14315,child_num 精确匹配
inheritor_3325,王业财,VIII-35,VIII-035_04_62223,甘肃省,matched,subitem_14323,child_num 精确匹配
inheritor_3326,高庆民,VIII-37,VIII-037_01_331181,河南省,matched,subitem_14325,child_num 精确匹配
inheritor_3327,张忠尧,VIII-38,VIII-038_01_330100,浙江省,matched,subitem_14327,child_num 精确匹配
inheritor_3328,林陵祥,VIII-40,VIII-040_03_350981,福建省,matched,subitem_14334,child_num 精确匹配
inheritor_3329,杨正贵,VIII-40,VIII-040_02_522622,贵州省,matched,subitem_14333,child_num 精确匹配
inheritor_3330,邰引岩,VIII-40,VIII-040_02_522622,贵州省,matched,subitem_14333,child_num 精确匹配
inheritor_3331,母炳林,VIII-40,VIII-040_04_532932,云南省,matched,subitem_14338,child_num 精确匹配
inheritor_3332,寸发标,VIII-40,VIII-040_04_532932,云南省,matched,subitem_14338,child_num 精确匹配
inheritor_3333,马尕主麻,VIII-42,VIII-042_01_622927,甘肃省,matched,subitem_14340,child_num 精确匹配
inheritor_3334,冶洒力海,VIII-42,VIII-042_01_622927,甘肃省,matched,subitem_14340,child_num 精确匹配
inheritor_3335,李荣魁,VIII-43,VIII-043_01_110101,河北省,matched,subitem_14341,child_num 精确匹配
inheritor_3336,伊春光,VIII-44,VIII-044_02_650000,新疆维吾尔自治区,matched,subitem_14344,child_num 精确匹配
inheritor_3337,黄福华,VIII-45,VIII-045_04_350322,福建省,matched,subitem_14351,child_num 精确匹配
inheritor_3338,段怡村,VIII-48,VIII-048_01_620100,甘肃省,matched,subitem_14355,child_num 精确匹配
inheritor_3339,郑修钤,VIII-54,VIII-054_01_350100,福建省,matched,subitem_14362,child_num 精确匹配
inheritor_3340,王德才,VIII-61,VIII-061_04_141023,山西省,matched,subitem_14371,child_num 精确匹配
inheritor_3341,乔贵清,VIII-62,VIII-062_01_321100,江苏省,matched,subitem_14372,child_num 精确匹配
inheritor_3342,曹光华,VIII-65,VIII-065_01_341823,安徽省,matched,subitem_14376,child_num 精确匹配
inheritor_3343,章仕康,VIII-66,VIII-066_01_361124,江西省,matched,subitem_14377,child_num 精确匹配
inheritor_3344,张世峰,VIII-67,VIII-067_04_141023,山西省,matched,subitem_14382,child_num 精确匹配
inheritor_3345,潘玉华,VIII-67,VIII-067_01_522636,贵州省,matched,subitem_14380,child_num 精确匹配
inheritor_3346,林志文,VIII-71,VIII-071_04_330304,浙江省,matched,subitem_14392,child_num 精确匹配
inheritor_3347,刘仰根,VIII-71,VIII-071_02_350428,福建省,matched,subitem_14391,child_num 精确匹配
inheritor_3348,李志军,VIII-71,VIII-071_04_430524,湖南省,matched,subitem_14394,child_num 精确匹配
inheritor_3349,汪培坤,VIII-73,VIII-073_01_341002,安徽省,matched,subitem_14396,child_num 精确匹配
inheritor_3350,蔡永江,VIII-74,VIII-074_01_341021,安徽省,matched,subitem_14400,child_num 精确匹配
inheritor_3351,汪鸿欣,VIII-74,VIII-074_01_361130,江西省,matched,subitem_14401,child_num 精确匹配
inheritor_3352,杨焯忠,VIII-75,VIII-075_01_441200,广东省,matched,subitem_14402,child_num 精确匹配
inheritor_3353,魏立中,VIII-77,VIII-077_04_330103,浙江省,matched,subitem_14406,child_num 精确匹配
inheritor_3354,黄小建,VIII-78,VIII-078_03_330106,浙江省,matched,subitem_14409,child_num 精确匹配
inheritor_3355,夏吾他,VIII-78,VIII-078_03_632321,青海省,matched,subitem_14410,child_num 精确匹配
inheritor_3356,泽培,VIII-80,VIII-080_02_542122,西藏自治区,matched,subitem_14413,child_num 精确匹配
inheritor_3357,孙亚青,VIII-81,VIII-081_02_330100,浙江省,matched,subitem_14415,child_num 精确匹配
inheritor_3358,吴旭升,VIII-83,VIII-083_02_150785,内蒙古自治区,matched,subitem_14422,child_num 精确匹配
inheritor_3359,李海彦,VIII-86,VIII-086_02_610526,陕西省,matched,subitem_14430,child_num 精确匹配
inheritor_3360,王照良,VIII-87,VIII-087_01_469029,海南省,matched,subitem_14432,child_num 精确匹配
inheritor_3361,孔令民,VIII-88,VIII-088_03_110108b,北京市,multiple_candidates,subitem_14436;subitem_14438;subitem_14439,项目编号+省份存在多个候选
inheritor_3362,张效东,VIII-88,VIII-088_01_370700,山东省,matched,subitem_14434,child_num 精确匹配
inheritor_3363,王永辉,VIII-89,VIII-089_01_440100,广东省,matched,subitem_14440,child_num 精确匹配
inheritor_3364,谭广辉,VIII-97,VIII-097_02_440100,广东省,matched,subitem_14453,child_num 精确匹配
inheritor_3365,张宏亮,VIII-98,VIII-098_04_140321a,山西省,matched,subitem_14463,child_num 精确匹配
inheritor_3366,张文亮,VIII-98,VIII-098_04_140321b,山西省,matched,subitem_14464,child_num 精确匹配
inheritor_3367,李守才,VIII-98,VIII-098_04_320282,江苏省,matched,subitem_14465,child_num 精确匹配
inheritor_3368,谢华,VIII-98,VIII-098_04_445100,广东省,matched,subitem_14467,child_num 精确匹配
inheritor_3369,陆景平,VIII-98,VIII-098_02_450700,广西壮族自治区,matched,subitem_14454,child_num 精确匹配
inheritor_3370,梁先才,VIII-98,VIII-098_03_500226,重庆市,matched,subitem_14462,child_num 精确匹配
inheritor_3371,罗天锡,VIII-98,VIII-098_03_500226,重庆市,matched,subitem_14462,child_num 精确匹配
inheritor_3372,张禄麒,VIII-98,VIII-098_02_522727,贵州省,matched,subitem_14457,child_num 精确匹配
inheritor_3373,当珍批初,VIII-98,VIII-098_02_513337,云南省,matched,subitem_14456,child_num 精确匹配
inheritor_3374,陈绍康,VIII-98,VIII-098_02_532524,云南省,matched,subitem_14458,child_num 精确匹配
inheritor_3375,俞彩根,VIII-99,VIII-099_02_330110,浙江省,matched,subitem_14469,child_num 精确匹配
inheritor_3376,邵官兴,VIII-99,VIII-099_02_330104,浙江省,matched,subitem_14468,child_num 精确匹配
inheritor_3377,顾明琪,VIII-99,VIII-099_03_330503,浙江省,matched,subitem_14472,child_num 精确匹配
inheritor_3378,陈爱国,VIII-100,VIII-100_04_130533,河北省,matched,subitem_14480,child_num 精确匹配
inheritor_3379,王桂凤,VIII-100,VIII-100_03_330281,浙江省,matched,subitem_14478,child_num 精确匹配
inheritor_3380,李从会,VIII-100,VIII-100_04_513424,四川省,matched,subitem_14481,child_num 精确匹配
inheritor_3381,说各惹曲,VIII-101,VIII-101_02_513431,四川省,matched,subitem_14483,child_num 精确匹配
inheritor_3382,冬措,VIII-101,VIII-101_02_513333,四川省,matched,subitem_14482,child_num 精确匹配
inheritor_3383,李俭康,VIII-102,VIII-102_02_500226,重庆市,matched,subitem_14487,child_num 精确匹配
inheritor_3384,玉儿甩,VIII-106,VIII-106_02_532800,云南省,matched,subitem_14495,child_num 精确匹配
inheritor_3385,杨万仁,VIII-108,VIII-108_02_522635,贵州省,matched,subitem_14497,child_num 精确匹配
inheritor_3386,王国英,VIII-110,VIII-110_02_110000,北京市,matched,subitem_14500,child_num 精确匹配
inheritor_3387,刘静波,VIII-110,VIII-110_04_620502,甘肃省,matched,subitem_14504,child_num 精确匹配
inheritor_3388,张晓春,VIII-111,VIII-111_02_141122,山西省,matched,subitem_14505,child_num 精确匹配
inheritor_3389,丁和平,VIII-111,VIII-111_02_141122,宁夏回族自治区,matched,subitem_14505,child_num 精确匹配
inheritor_3390,丁跃成,VIII-111,VIII-111_02_141122,宁夏回族自治区,matched,subitem_14505,child_num 精确匹配
inheritor_3391,葛长云,VIII-112,VIII-112_02_231102,黑龙江省,matched,subitem_14508,child_num 精确匹配
inheritor_3392,艾买尔·吐尼牙孜,VIII-114,VIII-114_02_652924,新疆维吾尔自治区,matched,subitem_14510,child_num 精确匹配
inheritor_3393,王杰忠,VIII-117,VIII-117_04_140824,山西省,matched,subitem_14517,child_num 精确匹配
inheritor_3394,李建军,VIII-117,VIII-117_02_320100,江苏省,matched,subitem_14515,child_num 精确匹配
inheritor_3395,方学斌,VIII-117,VIII-117_02_321012,江苏省,matched,subitem_14516,child_num 精确匹配
inheritor_3396,尕玛代青,VIII-120,VIII-120_02_632700,青海省,matched,subitem_14523,child_num 精确匹配
inheritor_3397,赵基德,VIII-124,VIII-124_02_222400,吉林省,matched,subitem_14529,child_num 精确匹配
inheritor_3398,高占春,VIII-124,VIII-124_03_310112,上海市,matched,subitem_14537,child_num 精确匹配
inheritor_3399,蔡志强,VIII-124,VIII-124_02_350600,福建省,matched,subitem_14531,child_num 精确匹配
inheritor_3400,潘柔达,VIII-124,VIII-124_03_522601,贵州省,matched,subitem_14538,child_num 精确匹配
inheritor_3401,俸传诗,VIII-124,VIII-124_03_530902,云南省,matched,subitem_14539,child_num 精确匹配
inheritor_3402,万紫,VIII-126,VIII-126_02_110000,北京市,matched,subitem_14543,child_num 精确匹配
inheritor_3403,李爱珍,VIII-127,VIII-127_04_140824,山西省,matched,subitem_14551,child_num 精确匹配
inheritor_3404,丁国坤,VIII-127,VIII-127_03_361128,江西省,matched,subitem_14547,child_num 精确匹配
inheritor_3405,傅以周,VIII-127,VIII-127_03_441700,广东省,matched,subitem_14550,child_num 精确匹配
inheritor_3406,刘靖,VIII-129,VIII-129_02_340181,安徽省,matched,subitem_14554,child_num 精确匹配
inheritor_3407,佘征军,VIII-130,VIII-130_02_341800,安徽省,matched,subitem_14555,child_num 精确匹配
inheritor_3408,卢锁忠,VIII-133,VIII-133_03_640100,甘肃省,matched,subitem_14562,child_num 精确匹配
inheritor_3409,杨锡伟,VIII-134,VIII-134_02_350600,福建省,matched,subitem_14565,child_num 精确匹配
inheritor_3410,杨泽华,VIII-136,VIII-136_02_110101,未知,matched,subitem_14567,child_num 精确匹配
inheritor_3411,周海宽,VIII-136,VIII-136_02_110101,未知,matched,subitem_14567,child_num 精确匹配
inheritor_3412,单嘉玖,VIII-136,VIII-136_02_110101,未知,matched,subitem_14567,child_num 精确匹配
inheritor_3413,张旭光,VIII-136,VIII-136_02_110101,未知,matched,subitem_14567,child_num 精确匹配
inheritor_3414,李淑珍,VIII-136,VIII-136_02_110102,北京市,matched,subitem_14568,child_num 精确匹配
inheritor_3415,刘细秀,VIII-138,VIII-138_02_350902,福建省,matched,subitem_14575,child_num 精确匹配
inheritor_3416,黄宗财,VIII-138,VIII-138_04_350505,福建省,matched,subitem_14576,child_num 精确匹配
inheritor_3417,旦增曲扎,VIII-141,VIII-141_02_540123,西藏自治区,matched,subitem_14580,child_num 精确匹配
inheritor_3418,杨大金,VIII-144,VIII-144_02_510525,四川省,matched,subitem_14594,child_num 精确匹配
inheritor_3419,王浩平,VIII-145,VIII-145_02_320482,江苏省,matched,subitem_14598,child_num 精确匹配
inheritor_3420,吕敏湘,VIII-145,VIII-145_02_330700,浙江省,matched,subitem_14600,child_num 精确匹配
inheritor_3421,陈成忠,VIII-147,VIII-147_04_350104,福建省,matched,subitem_14604,child_num 精确匹配
inheritor_3422,施跃文,VIII-148,VIII-148_03_320506,江苏省,matched,subitem_14610,child_num 精确匹配
inheritor_3423,郑福年,VIII-148,VIII-148_03_330522,浙江省,matched,subitem_14611,child_num 精确匹配
inheritor_3424,廖永传,VIII-148,VIII-148_04_360729,江西省,matched,subitem_14613,child_num 精确匹配
inheritor_3425,方根民,VIII-148,VIII-148_04_361130,江西省,matched,subitem_14614,child_num 精确匹配
inheritor_3426,周祖宏,VIII-148,VIII-148_04_411500,河南省,matched,subitem_14615,child_num 精确匹配
inheritor_3427,杨胜伟,VIII-148,VIII-148_04_422801,湖北省,matched,subitem_14616,child_num 精确匹配
inheritor_3428,张子全,VIII-148,VIII-148_04_522701,贵州省,matched,subitem_14617,child_num 精确匹配
inheritor_3429,王昶,VIII-149,VIII-149_02_341024,安徽省,matched,subitem_14618,child_num 精确匹配
inheritor_3430,张成仁,VIII-149,VIII-149_04_530921,云南省,matched,subitem_14619,child_num 精确匹配
inheritor_3431,李胜夫,VIII-152,VIII-152_02_430923,湖南省,matched,subitem_14624,child_num 精确匹配
inheritor_3432,刘杏益,VIII-152,VIII-152_02_430900,湖南省,matched,subitem_14623,child_num 精确匹配
inheritor_3433,韦洁群,VIII-152,VIII-152_04_450421,广西壮族自治区,matched,subitem_14628,child_num 精确匹配
inheritor_3434,谭政,VIII-153,VIII-153_02_469003,海南省,matched,subitem_14630,child_num 精确匹配
inheritor_3435,陈思维,VIII-154,VIII-154_04_510522,四川省,matched,subitem_14635,child_num 精确匹配
inheritor_3436,曾凡玉,VIII-156,VIII-156_02_500000,重庆市,matched,subitem_14637,child_num 精确匹配
inheritor_3437,万绍碧,VIII-159,VIII-159_02_500102,重庆市,matched,subitem_14641,child_num 精确匹配
inheritor_3438,李辉忠,VIII-160,VIII-160_04_120103,天津市,matched,subitem_14646,child_num 精确匹配
inheritor_3439,李建钢,VIII-160,VIII-160_04_310114,上海市,matched,subitem_14647,child_num 精确匹配
inheritor_3440,王春花,VIII-162,VIII-162_02_370300,山东省,matched,subitem_14649,child_num 精确匹配
inheritor_3441,管升阔,VIII-166,VIII-166_03_530381,云南省,matched,subitem_14655,child_num 精确匹配
inheritor_3442,陈立新,VIII-168,VIII-168_02_110101,北京市,matched,subitem_14658,child_num 精确匹配
inheritor_3443,万春生,VIII-168,VIII-168_02_110102b,北京市,matched,subitem_14660,child_num 精确匹配
inheritor_3444,王天明,VIII-168,VIII-168_02_140728,山西省,matched,subitem_14662,child_num 精确匹配
inheritor_3445,亓飞,VIII-169,VIII-169_04_371202,山东省,matched,subitem_14665,child_num 精确匹配
inheritor_3446,李增林,VIII-174,VIII-174_02_110101,未知,matched,subitem_14670,child_num 精确匹配
inheritor_3447,吴生茂,VIII-174,VIII-174_02_110101,未知,matched,subitem_14670,child_num 精确匹配
inheritor_3448,李建国,VIII-174,VIII-174_02_110101,未知,matched,subitem_14670,child_num 精确匹配
inheritor_3449,白福春,VIII-174,VIII-174_02_110101,未知,matched,subitem_14670,child_num 精确匹配
inheritor_3450,胡淼,VIII-175,VIII-175_02_331126,浙江省,matched,subitem_14672,child_num 精确匹配
inheritor_3451,蒋钦全,VIII-179,VIII-179_02_350502,福建省,matched,subitem_14681,child_num 精确匹配
inheritor_3452,陈和永,VIII-179,VIII-179_04_350206,福建省,matched,subitem_14684,child_num 精确匹配
inheritor_3453,张和成,VIII-180,VIII-180_02_140829,山西省,matched,subitem_14685,child_num 精确匹配
inheritor_3454,王四虎,VIII-180,VIII-180_03_411222,河南省,matched,subitem_14687,child_num 精确匹配
inheritor_3455,李茂政,VIII-180,VIII-180_02_621000,甘肃省,matched,subitem_14686,child_num 精确匹配
inheritor_3456,斌巴,VIII-181,VIII-181_02_150725,内蒙古自治区,matched,subitem_14689,child_num 精确匹配
inheritor_3457,李廷怀,VIII-189,VIII-189_03_410482,河南省,matched,subitem_14705,child_num 精确匹配
inheritor_3458,王君子,VIII-189,VIII-189_03_410421,河南省,matched,subitem_14704,child_num 精确匹配
inheritor_3459,刘坤庭,VIII-191,VIII-191_03_430112,湖南省,matched,subitem_14707,child_num 精确匹配
inheritor_3460,金永才,VIII-195,VIII-195_03_532525,云南省,matched,subitem_14714,child_num 精确匹配
inheritor_3461,恽小钢,VIII-197,VIII-197_03_110101,未知,matched,subitem_14716,child_num 精确匹配
inheritor_3462,吕团结,VIII-197,VIII-197_03_110101,未知,matched,subitem_14716,child_num 精确匹配
inheritor_3463,仇庆年,VIII-198,VIII-198_03_320500,江苏省,matched,subitem_14717,child_num 精确匹配
inheritor_3464,杨文,VIII-200,VIII-200_04_341002,安徽省,matched,subitem_14721,child_num 精确匹配
inheritor_3465,郭文林,VIII-202,VIII-202_03_110101,未知,matched,subitem_14723,child_num 精确匹配
inheritor_3466,梁连起,VIII-205,VIII-205_03_130600,河北省,matched,subitem_14726,child_num 精确匹配
inheritor_3467,彭文瑜,VIII-206,VIII-206_03_370881,山东省,matched,subitem_14727,child_num 精确匹配
inheritor_3468,刘成柏,VIII-211,VIII-211_03_500240,重庆市,matched,subitem_14734,child_num 精确匹配
inheritor_3469,张志忠,VIII-213,VIII-213_04_130500,河北省,matched,subitem_14736,child_num 精确匹配
inheritor_3470,陈新华,VIII-214,VIII-214_04_300702,浙江省,matched,subitem_14737,child_num 精确匹配
inheritor_3471,刘品三,VIII-215,VIII-215_04_360800,江西省,matched,subitem_14738,child_num 精确匹配
inheritor_3472,李景洲,VIII-216,VIII-216_04_410185,河南省,matched,subitem_14739,child_num 精确匹配
inheritor_3473,柴战柱,VIII-217,VIII-217_04_410800,河南省,matched,subitem_14740,child_num 精确匹配
inheritor_3474,谢金英,VIII-218,VIII-218_04_445100,广东省,matched,subitem_14741,child_num 精确匹配
inheritor_3475,叶竹青,VIII-218,VIII-218_04_445100,广东省,matched,subitem_14741,child_num 精确匹配
inheritor_3476,王芝文,VIII-219,VIII-219_04_440500,广东省,matched,subitem_14742,child_num 精确匹配
inheritor_3477,蒋道银,VIII-220,VIII-220_04_310105,上海市,matched,subitem_14743,child_num 精确匹配
inheritor_3478,张宪忠,VIII-221,VIII-221_04_630000,青海省,matched,subitem_14744,child_num 精确匹配
inheritor_3479,李安民,VIII-222,VIII-222_04_140202,山西省,matched,subitem_14745,child_num 精确匹配
inheritor_3480,王津,VIII-223,VIII-223_04_110101,未知,matched,subitem_14746,child_num 精确匹配
inheritor_3481,李时亮,VIII-224,VIII-224_04_110102,北京市,matched,subitem_14747,child_num 精确匹配
inheritor_3482,黄欧,VIII-224,VIII-224_04_441900,广东省,matched,subitem_14748,child_num 精确匹配
inheritor_3483,陶高,VIII-226,VIII-226_04_152530,内蒙古自治区,matched,subitem_14750,child_num 精确匹配
inheritor_3484,刘敬贤,VIII-227,VIII-227_04_210100,辽宁省,matched,subitem_14751,child_num 精确匹配
inheritor_3485,王军,VIII-229,VIII-229_04_230112,黑龙江省,matched,subitem_14753,child_num 精确匹配
inheritor_3486,杨舜天,VIII-232,VIII-232_04_340400,安徽省,matched,subitem_14756,child_num 精确匹配
inheritor_3487,郭兰堂,VIII-234,VIII-234_04_370685,山东省,matched,subitem_14759,child_num 精确匹配
inheritor_3488,王丽珠,VIII-235,VIII-235_04_532503,云南省,matched,subitem_14760,child_num 精确匹配
inheritor_3489,祁伟成,VIII-237,VIII-237_04_140100,山西省,matched,subitem_14762,child_num 精确匹配
inheritor_3490,吴玉林,VIII-238,VIII-238_04_321000,江苏省,matched,subitem_14763,child_num 精确匹配
inheritor_3491,胥元明,VIII-241,VIII-241_04_622923,甘肃省,matched,subitem_14766,child_num 精确匹配
inheritor_3566,王建生,IX-2,IX-002_04_110102,北京市,matched,subitem_14774,child_num 精确匹配
inheritor_3567,吴以岭,IX-2,IX-002_04_130100,河北省,matched,subitem_14775,child_num 精确匹配
inheritor_3568,王红星,IX-2,IX-002_04_130600,河北省,matched,subitem_14776,child_num 精确匹配
inheritor_3569,陆德铭,IX-2,IX-002_04_310104,上海市,matched,subitem_14777,child_num 精确匹配
inheritor_3570,严蔚冰,IX-2,IX-002_04_310109,上海市,matched,subitem_14778,child_num 精确匹配
inheritor_3571,陆琴,IX-2,IX-002_04_321000,江苏省,matched,subitem_14780,child_num 精确匹配
inheritor_3572,董幼祺,IX-2,IX-002_04_330203,浙江省,matched,subitem_14781,child_num 精确匹配
inheritor_3573,郑铎,IX-2,IX-002_04_341021,安徽省,matched,subitem_14782,child_num 精确匹配
inheritor_3574,买建修,IX-2,IX-002_04_411602,河南省,matched,subitem_14783,child_num 精确匹配
inheritor_3575,毛顺卿,IX-2,IX-002_04_411729,河南省,matched,subitem_14784,child_num 精确匹配
inheritor_3576,镇水清,IX-2,IX-002_04_421202,湖北省,matched,subitem_14785,child_num 精确匹配
inheritor_3577,韩竞生,IX-2,IX-002_04_440400,广东省,matched,subitem_14787,child_num 精确匹配
inheritor_3578,陈荣钟,IX-2,IX-002_04_440300,广东省,matched,subitem_14786,child_num 精确匹配
inheritor_3579,王俊良,IX-3,IX-003_04_220500a,吉林省,matched,subitem_14792,child_num 精确匹配
inheritor_3581,李明焱,IX-3,IX-003_04_330723,浙江省,matched,subitem_14794,child_num 精确匹配
inheritor_3582,袁小平,IX-3,IX-003_04_360982,江西省,matched,subitem_14795,child_num 精确匹配
inheritor_3583,胡昌江,IX-3,IX-003_02_510100,四川省,matched,subitem_14791,child_num 精确匹配
inheritor_3584,郭玉凤,IX-4,IX-004_03_120111,天津市,matched,subitem_14804,child_num 精确匹配
inheritor_3585,李燕钰,IX-4,IX-004_04_120104,天津市,matched,subitem_14817,child_num 精确匹配
inheritor_3586,高强,IX-4,IX-004_04_120104b,天津市,matched,subitem_14818,child_num 精确匹配
inheritor_3587,马卫东,IX-4,IX-004_04_120106,天津市,matched,subitem_14819,child_num 精确匹配
inheritor_3588,刘文伟,IX-4,IX-004_04_120111,天津市,matched,subitem_14820,child_num 精确匹配
inheritor_3590,王燕铭,IX-4,IX-004_04_230104,黑龙江省,matched,subitem_14827,child_num 精确匹配
inheritor_3591,刘柏生,IX-4,IX-004_03_320281,江苏省,matched,subitem_14807,child_num 精确匹配
inheritor_3592,俞柏堂,IX-4,IX-004_04_330102,浙江省,matched,subitem_14828,child_num 精确匹配
inheritor_3593,廖志钟,IX-4,IX-004_03_441322,广东省,matched,subitem_14814,child_num 精确匹配
inheritor_3594,柯树泉,IX-4,IX-004_04_440500,广东省,matched,subitem_14830,child_num 精确匹配
inheritor_3595,殷树荣,IX-4,IX-004_03_500108,重庆市,matched,subitem_14815,child_num 精确匹配
inheritor_3596,张元昆,IX-4,IX-004_04_530100,云南省,matched,subitem_14831,child_num 精确匹配
inheritor_3597,马绪斌,IX-4,IX-004_04_610103,陕西省,matched,subitem_14832,child_num 精确匹配
inheritor_3598,郭诚杰,IX-5,IX-005_01_110108,未知,matched,subitem_14834,child_num 精确匹配
inheritor_3599,李鼎,IX-5,IX-005_01_110108,未知,matched,subitem_14834,child_num 精确匹配
inheritor_3600,石学敏,IX-5,IX-005_01_110108,未知,matched,subitem_14834,child_num 精确匹配
inheritor_3601,田从豁,IX-5,IX-005_01_110108,未知,matched,subitem_14834,child_num 精确匹配
inheritor_3602,张缙,IX-5,IX-005_01_110108,未知,matched,subitem_14834,child_num 精确匹配
inheritor_3603,陆焱垚,IX-5,IX-005_03_310104,上海市,matched,subitem_14836,child_num 精确匹配
inheritor_3604,金瑛,IX-5,IX-005_04_330800,浙江省,matched,subitem_14837,child_num 精确匹配
inheritor_3605,罗素兰,IX-6,IX-006_02_110105,北京市,matched,subitem_14840,child_num 精确匹配
inheritor_3606,苏继承,IX-6,IX-006_04_210381,辽宁省,matched,subitem_14848,child_num 精确匹配
inheritor_3607,石印玉,IX-6,IX-006_04_310115,上海市,matched,subitem_14849,child_num 精确匹配
inheritor_3608,章岩友,IX-6,IX-006_03_331000,浙江省,matched,subitem_14846,child_num 精确匹配
inheritor_3609,郭艳幸,IX-6,IX-006_02_410300,河南省,matched,subitem_14842,child_num 精确匹配
inheritor_3610,廖怀章,IX-6,IX-006_04_430522,湖南省,matched,subitem_14851,child_num 精确匹配
inheritor_3611,明珠,IX-9,IX-009_04_542200,西藏自治区,matched,subitem_14866,child_num 精确匹配
inheritor_3612,索南旺杰,IX-9,IX-009_02_623026,甘肃省,matched,subitem_14861,child_num 精确匹配
inheritor_3613,尼玛才让,IX-9,IX-009_04_630100,青海省,matched,subitem_14867,child_num 精确匹配
inheritor_3614,包斯琴,IX-12,IX-012_03_150100,内蒙古自治区,matched,subitem_14877,child_num 精确匹配
inheritor_3615,王布和,IX-12,IX-012_04_152222,内蒙古自治区,matched,subitem_14880,child_num 精确匹配
inheritor_3616,赵有辉,IX-14,IX-014_02_522633,贵州省,matched,subitem_14883,child_num 精确匹配
inheritor_3617,田兴秀,IX-15,IX-015_03_433124,湖南省,matched,subitem_14887,child_num 精确匹配
inheritor_3618,王增世,IX-15,IX-015_02_522634,贵州省,matched,subitem_14885,child_num 精确匹配
inheritor_3619,陈卫川,IX-17,IX-017_04_640300,宁夏回族自治区,matched,subitem_14891,child_num 精确匹配
inheritor_3620,阿布都克力木·阿布都热木,IX-21,IX-021_03_653125,新疆维吾尔自治区,matched,subitem_14898,child_num 精确匹配
inheritor_3621,吾尔阿力·赛塔尔汗,IX-23,IX-023_04_654300,新疆维吾尔自治区,matched,subitem_14903,child_num 精确匹配
inheritor_3623,巴合提别克·胡马尔哈吉,IX-23,IX-023_04_654300,新疆维吾尔自治区,matched,subitem_14903,child_num 精确匹配
inheritor_3685,谭国政,X-3,X-003_01_420527,湖北省,matched,subitem_14915,child_num 精确匹配
inheritor_3686,刘桂生,X-3,X-003_04_420700,湖北省,matched,subitem_14925,child_num 精确匹配
inheritor_3687,何信,X-5,X-005_02_440600,广东省,matched,subitem_14933,child_num 精确匹配
inheritor_3688,赵保忠,X-11,X-011_01_533124,云南省,matched,subitem_14949,child_num 精确匹配
inheritor_3689,卢超元,X-12,X-012_04_450122,广西壮族自治区,matched,subitem_14951,child_num 精确匹配
inheritor_3690,廖熙福,X-15,X-015_01_451200,广西壮族自治区,matched,subitem_14956,child_num 精确匹配
inheritor_3691,谢忠厚,X-16,X-016_01_451225,广西壮族自治区,matched,subitem_14957,child_num 精确匹配
inheritor_3692,余无子满,X-18,X-018_01_513200,四川省,matched,subitem_14959,child_num 精确匹配
inheritor_3693,王国光,X-23,X-023_01_533324,云南省,matched,subitem_14965,child_num 精确匹配
inheritor_3694,李汉良,X-24,X-024_01_533324,云南省,matched,subitem_14966,child_num 精确匹配
inheritor_3695,艾德买提·焦孜克,X-28,X-028_01_653131,新疆维吾尔自治区,matched,subitem_14971,child_num 精确匹配
inheritor_3696,郭日扎布,X-34,X-034_01_150600,内蒙古自治区,matched,subitem_14981,child_num 精确匹配
inheritor_3697,孔祥楷,X-35,X-035_03_330800,浙江省,matched,subitem_14983,child_num 精确匹配
inheritor_3698,马兆盛,X-36,X-036_04_120112,天津市,matched,subitem_14988,child_num 精确匹配
inheritor_3699,吴江,X-36,X-036_03_330322,浙江省,matched,subitem_14987,child_num 精确匹配
inheritor_3700,陈键铨,X-36,X-036_04_820000,澳门特别行政区,matched,subitem_14990,child_num 精确匹配
inheritor_3701,杨廷杰,X-37,X-037_01_620500,甘肃省,matched,subitem_14992,child_num 精确匹配
inheritor_3702,张乃林,X-38,X-038_01_130426,河北省,matched,subitem_14994,child_num 精确匹配
inheritor_3703,王世贵,X-38,X-038_03_620522,甘肃省,matched,subitem_14995,child_num 精确匹配
inheritor_3704,塔力普·库宛,X-49,X-049_01_653127,新疆维吾尔自治区,matched,subitem_15009,child_num 精确匹配
inheritor_3705,艾力亚斯·尕依提,X-49,X-049_02_652928,新疆维吾尔自治区,matched,subitem_15013,child_num 精确匹配
inheritor_3706,戴水平,X-52,X-052_01_360424,江西省,matched,subitem_15016,child_num 精确匹配
inheritor_3707,杨凤山,X-54,X-054_02_130121,河北省,matched,subitem_15020,child_num 精确匹配
inheritor_3708,赵志高,X-54,X-054_04_140702,山西省,matched,subitem_15027,child_num 精确匹配
inheritor_3709,吕春景,X-54,X-054_02_210521,辽宁省,matched,subitem_15022,child_num 精确匹配
inheritor_3710,孙书林,X-54,X-054_02_410621,河南省,matched,subitem_15025,child_num 精确匹配
inheritor_3711,李建中,X-54,X-054_02_610723,陕西省,matched,subitem_15026,child_num 精确匹配
inheritor_3712,曹纳木,X-55,X-055_01_150600,内蒙古自治区,matched,subitem_15028,child_num 精确匹配
inheritor_3713,朱清山,X-60,X-060_02_411081,河南省,matched,subitem_15039,child_num 精确匹配
inheritor_3714,韦真礼,X-61,X-061_01_451200,广西壮族自治区,matched,subitem_15040,child_num 精确匹配
inheritor_3715,杨文琴,X-65,X-065_02_520402,贵州省,matched,subitem_15048,child_num 精确匹配
inheritor_3716,熊光珍,X-65,X-065_02_520203,贵州省,matched,subitem_15046,child_num 精确匹配
inheritor_3717,何金秀,X-67,X-067_01_451221,广西壮族自治区,matched,subitem_15057,child_num 精确匹配
inheritor_3718,潘继凤,X-67,X-067_04_450328,广西壮族自治区,matched,subitem_15058,child_num 精确匹配
inheritor_3719,杨兴亚,X-68,X-068_04_331022,浙江省,matched,subitem_15063,child_num 精确匹配
inheritor_3720,吴海深,X-68,X-068_04_433124,湖南省,matched,subitem_15065,child_num 精确匹配
inheritor_3721,封万明,X-68,X-068_03_520623,贵州省,matched,subitem_15062,child_num 精确匹配
inheritor_3722,郭建明,X-71,X-071_02_130726,河北省,matched,subitem_15072,child_num 精确匹配
inheritor_3723,梁志福,X-71,X-071_04_130824,河北省,matched,subitem_15084,child_num 精确匹配
inheritor_3724,贾峰岳,X-71,X-071_02_141125,山西省,matched,subitem_15073,child_num 精确匹配
inheritor_3725,傅叶茂,X-71,X-071_04_330109,浙江省,matched,subitem_15085,child_num 精确匹配
inheritor_3726,童全灿,X-71,X-071_04_330226,浙江省,matched,subitem_15086,child_num 精确匹配
inheritor_3727,张向仁,X-71,X-071_04_370303,山东省,matched,subitem_15087,child_num 精确匹配
inheritor_3728,韩素莲,X-72,X-072_02_330225,浙江省,matched,subitem_15089,child_num 精确匹配
inheritor_3729,王巍岩,X-72,X-072_02_371082,山东省,matched,subitem_15092,child_num 精确匹配
inheritor_3730,吴牛振,X-77,X-077_03_433101,湖南省,matched,subitem_15099,child_num 精确匹配
inheritor_3731,王腊生,X-78,X-078_02_533100,云南省,matched,subitem_15100,child_num 精确匹配
inheritor_3732,再屯娜,X-80,X-080_02_654200,新疆维吾尔自治区,matched,subitem_15102,child_num 精确匹配
inheritor_3733,程忠信,X-84,X-084_03_330784,浙江省,matched,subitem_15130,child_num 精确匹配
inheritor_3734,吴吉山,X-85,X-085_03_210100,辽宁省,matched,subitem_15154,child_num 精确匹配
inheritor_3735,徐顺炜,X-85,X-085_02_330303,浙江省,matched,subitem_15146,child_num 精确匹配
inheritor_3736,黄光辉,X-85,X-085_02_350922,福建省,matched,subitem_15150,child_num 精确匹配
inheritor_3737,陈基坤,X-85,X-085_04_450700,广西壮族自治区,matched,subitem_15168,child_num 精确匹配
inheritor_3738,斯那品初,X-85,X-085_04_533422,云南省,matched,subitem_15175,child_num 精确匹配
inheritor_3739,刘仕美,X-85,X-085_04_532623,云南省,matched,subitem_15174,child_num 精确匹配
inheritor_3740,张庆明,X-85,X-085_04_640324,宁夏回族自治区,matched,subitem_15178,child_num 精确匹配
inheritor_3741,郑权光,X-85,X-085_04_820000a,澳门特别行政区,matched,subitem_15180,child_num 精确匹配
inheritor_3742,叶达,X-85,X-085_04_820000a,澳门特别行政区,matched,subitem_15180,child_num 精确匹配
inheritor_3743,加火加木措,X-86,X-086_02_632200,青海省,matched,subitem_15182,child_num 精确匹配
inheritor_3744,高裕民,X-87,X-087_02_140822,山西省,matched,subitem_15187,child_num 精确匹配
inheritor_3745,郝来喜,X-87,X-087_02_140923,山西省,matched,subitem_15188,child_num 精确匹配
inheritor_3746,姚汝明,X-87,X-087_02_320482,江苏省,matched,subitem_15190,child_num 精确匹配
inheritor_3747,李阳波,X-87,X-087_03_430681,湖南省,matched,subitem_15210,child_num 精确匹配
inheritor_3748,刘齐跃,X-87,X-087_04_431382,湖南省,matched,subitem_15213,child_num 精确匹配
inheritor_3749,梁尔敦,X-87,X-087_02_640423,宁夏回族自治区,matched,subitem_15208,child_num 精确匹配
inheritor_3750,杨建军,X-88,X-088_02_411725,河南省,matched,subitem_15214,child_num 精确匹配
inheritor_3751,刘一侠,X-90,X-090_03_330328,浙江省,matched,subitem_15220,child_num 精确匹配
inheritor_3752,诸葛议,X-90,X-090_04_330781,浙江省,matched,subitem_15224,child_num 精确匹配
inheritor_3753,陈敦和,X-90,X-090_04_341024,安徽省,matched,subitem_15225,child_num 精确匹配
inheritor_3754,额尔登达来,X-92,X-092_02_152900,内蒙古自治区,matched,subitem_15229,child_num 精确匹配
inheritor_3755,赵炳林,X-93,X-093_02_220621,吉林省,matched,subitem_15230,child_num 精确匹配
inheritor_3756,郭幸福,X-98,X-098_02_440400,广东省,matched,subitem_15238,child_num 精确匹配
inheritor_3757,巴拉嘎日玛,X-108,X-108_02_150000,内蒙古自治区,matched,subitem_15249,child_num 精确匹配
inheritor_3758,其木格,X-108,X-108_04_152530,内蒙古自治区,matched,subitem_15252,child_num 精确匹配
inheritor_3759,娜仁其其格,X-108,X-108_02_620923,甘肃省,matched,subitem_15250,child_num 精确匹配
inheritor_3760,俞玉兰,X-109,X-109_02_222400,吉林省,matched,subitem_15253,child_num 精确匹配
inheritor_3761,兰曲钗,X-110,X-110_02_350123,福建省,matched,subitem_15254,child_num 精确匹配
inheritor_3762,阿旺旦达,X-113,X-113_02_542227,西藏自治区,matched,subitem_15259,child_num 精确匹配
inheritor_3763,南布,X-113,X-113_02_542425,西藏自治区,matched,subitem_15260,child_num 精确匹配
inheritor_3764,次仁旺堆,X-113,X-113_02_542426,西藏自治区,matched,subitem_15261,child_num 精确匹配
inheritor_3765,加羊卓玛,X-113,X-113_04_632500,海南省,matched,subitem_15266,child_num 精确匹配
inheritor_3766,席秀忠,X-115,X-115_02_630223,青海省,matched,subitem_15268,child_num 精确匹配
inheritor_3767,马建新,X-116,X-116_02_630225,青海省,matched,subitem_15269,child_num 精确匹配
inheritor_3768,金艾斯古丽·努尔坦阿肯,X-118,X-118_02_654000,新疆维吾尔自治区,matched,subitem_15271,child_num 精确匹配
inheritor_3769,王书保,X-120,X-120_03_469002,海南省,matched,subitem_15275,child_num 精确匹配
inheritor_3770,相建峰,X-123,X-123_03_140881,山西省,matched,subitem_15279,child_num 精确匹配
inheritor_3771,赵玉玲,X-124,X-124_03_150784,内蒙古自治区,matched,subitem_15281,child_num 精确匹配
inheritor_3772,卢文学,X-133,X-133_03_532528,云南省,matched,subitem_15291,child_num 精确匹配
inheritor_3773,莫景海,X-139,X-139_03_230206,黑龙江省,matched,subitem_15299,child_num 精确匹配
inheritor_3774,蓝余根,X-139,X-139_04_331127,浙江省,matched,subitem_15306,child_num 精确匹配
inheritor_3775,库尔马西·胡特曼,X-143,X-143_03_653023,新疆维吾尔自治区,matched,subitem_15313,child_num 精确匹配
inheritor_3776,侯保兵,X-146,X-146_04_532523,云南省,matched,subitem_15316,child_num 精确匹配
inheritor_3777,嘎尔迪脑日布,X-147,X-147_04_150626,内蒙古自治区,matched,subitem_15317,child_num 精确匹配
inheritor_3778,白双虎,X-148,X-148_04_152223,内蒙古自治区,matched,subitem_15318,child_num 精确匹配
inheritor_3779,其木德,X-155,X-155_04_150725,内蒙古自治区,matched,subitem_15325,child_num 精确匹配
inheritor_3780,贾巴子则,X-156,X-156_04_513431,四川省,matched,subitem_15326,child_num 精确匹配
inheritor_3781,普玉珍,X-156,X-156_04_532300,云南省,matched,subitem_15327,child_num 精确匹配
inheritor_3782,王菁,X-157,X-157_04_520000,贵州省,matched,subitem_15328,child_num 精确匹配
inheritor_3783,夏尔汗·克力木,X-159,X-159_04_653024,新疆维吾尔自治区,matched,subitem_15330,child_num 精确匹配
inheritor_29839,王朝美,I-1,I-001_01_522622,贵州省,matched,subitem_12177,child_num 精确匹配
inheritor_29840,王启光,I-1,I-001_10_520181,贵州省,matched,subitem_23632,child_num 精确匹配
inheritor_29841,张洪珍,I-1,I-001_01_522630,贵州省,matched,subitem_12178,child_num 精确匹配
inheritor_29842,覃安业,I-2,I-002_01_451021,广西壮族自治区,matched,subitem_12180,child_num 精确匹配
inheritor_29843,骆玉华,I-7,I-007_01_411727,河南省,matched,subitem_12191,child_num 精确匹配
inheritor_29844,何士环(何世环),I-12,I-012_10_231124,黑龙江省,matched,subitem_23633,child_num 精确匹配
inheritor_29845,刘正坤,I-13,I-013_02_321282,江苏省,matched,subitem_12209,child_num 精确匹配
inheritor_29846,赵旭峰,I-13,I-013_01_620602,甘肃省,matched,subitem_12207,child_num 精确匹配
inheritor_29847,王丽娟,I-13,I-013_04_320500,江苏省,matched,subitem_12211,child_num 精确匹配
inheritor_29848,裴陆平,I-13,I-013_10_621126,甘肃省,matched,subitem_23634,child_num 精确匹配
inheritor_29849,王发礼,I-14,I-014_01_130182,河北省,matched,subitem_12212,child_num 精确匹配
inheritor_29850,唐建琴,I-22,I-022_02_320200,江苏省,matched,subitem_12222,child_num 精确匹配
inheritor_29851,杨晓峰,I-22,I-022_02_310118,上海市,matched,subitem_12221,child_num 精确匹配
inheritor_29852,江努日·图日干巴依(江努尔·图日干巴依),I-25,I-025_01_653000,新疆维吾尔自治区,matched,subitem_12227,child_num 精确匹配
inheritor_29853,满都来,I-26,I-026_01_652800,新疆维吾尔自治区,matched,subitem_12230,child_num 精确匹配
inheritor_29854,昆其克·恰克尔塔(查·功其克),I-27,I-027_01_650000,新疆维吾尔自治区,matched,subitem_12239,child_num 精确匹配
inheritor_29855,巴达玛仁钦,I-27,I-027_04_150423,内蒙古自治区,matched,subitem_12240,child_num 精确匹配
inheritor_29856,查欧,I-27,I-027_01_540000,西藏自治区,matched,subitem_12236,child_num 精确匹配
inheritor_29857,扎西多杰,I-27,I-027_01_540000,西藏自治区,matched,subitem_12236,child_num 精确匹配
inheritor_29858,张玉英,I-28,I-028_01_530126,云南省,matched,subitem_12241,child_num 精确匹配
inheritor_29859,雷国胜,I-30,I-030_01_350921,福建省,matched,subitem_12243,child_num 精确匹配
inheritor_29860,赵兴寿,I-31,I-031_01_420581,湖北省,matched,subitem_12244,child_num 精确匹配
inheritor_29861,张哲源,I-31,I-031_02_440515,广东省,matched,subitem_12245,child_num 精确匹配
inheritor_29862,池尚明,I-32,I-032_02_110229,北京市,matched,subitem_12246,child_num 精确匹配
inheritor_29863,李作权,I-48,I-048_02_420526,湖北省,matched,subitem_12277,child_num 精确匹配
inheritor_29864,崔勇,I-53,I-053_02_210102,辽宁省,matched,subitem_12285,child_num 精确匹配
inheritor_29865,龙再成,I-61,I-061_02_522600,贵州省,matched,subitem_12294,child_num 精确匹配
inheritor_29866,罗英,I-63,I-063_02_532300,云南省,matched,subitem_12296,child_num 精确匹配
inheritor_29867,依布拉英·亚克甫(依布拉音·亚合甫),I-71,I-071_02_650000,新疆维吾尔自治区,matched,subitem_12304,child_num 精确匹配
inheritor_29868,石云昌,I-73,I-073_02_522632,贵州省,matched,subitem_12308,child_num 精确匹配
inheritor_29869,陆顺红,I-82,I-082_02_451023,广西壮族自治区,matched,subitem_12321,child_num 精确匹配
inheritor_29870,萨伍提·麦乎提(萨吾提·马赫苏提),I-83,I-083_02_650100,新疆维吾尔自治区,matched,subitem_12322,child_num 精确匹配
inheritor_29871,朱金勇,I-91,I-091_03_513221,四川省,matched,subitem_12333,child_num 精确匹配
inheritor_29872,山西,I-114,I-114_10_620923,甘肃省,matched,subitem_23639,child_num 精确匹配
inheritor_29873,蓝永红,I-117,I-117_03_451228,广西壮族自治区,matched,subitem_12365,child_num 精确匹配
inheritor_29874,虾其仙,I-121,I-121_03_532504,云南省,matched,subitem_12369,child_num 精确匹配
inheritor_29875,胡万·那仁拜,I-125,I-125_10_654027,新疆维吾尔自治区,matched,subitem_23640,child_num 精确匹配
inheritor_29876,黄清华,I-131,I-131_04_411282,河南省,matched,subitem_12382,child_num 精确匹配
inheritor_29877,金地伍,I-141,I-141_04_513430,四川省,matched,subitem_12392,child_num 精确匹配
inheritor_29878,曾令兵,I-155,I-155_04_330822,浙江省,matched,subitem_12407,child_num 精确匹配
inheritor_29879,田如超,I-166,I-166_10_520628,贵州省,matched,subitem_23446,child_num 精确匹配
inheritor_29880,冀爱芳,II-1,II-001_01_140722,山西省,matched,subitem_12408,child_num 精确匹配
inheritor_29881,王永茂,II-2,II-002_01_140930,山西省,matched,subitem_12409,child_num 精确匹配
inheritor_29882,斯琴格日乐,II-3,II-003_10_152526,内蒙古自治区,matched,subitem_23641,child_num 精确匹配
inheritor_29883,闹尔再,II-3,II-003_02_652800,新疆维吾尔自治区,matched,subitem_12411,child_num 精确匹配
inheritor_29884,陈跃兰(陈月兰),II-5,II-005_01_340500,安徽省,matched,subitem_12416,child_num 精确匹配
inheritor_29885,郭德京,II-8,II-008_01_360732,江西省,matched,subitem_12421,child_num 精确匹配
inheritor_29886,万会知,II-9,II-009_01_420526,湖北省,matched,subitem_12422,child_num 精确匹配
inheritor_29887,向佐绒,II-10,II-010_01_430822,湖南省,matched,subitem_12423,child_num 精确匹配
inheritor_29888,童爱娜,II-11,II-011_01_441400,广东省,matched,subitem_12424,child_num 精确匹配
inheritor_29889,张远来,II-13,II-013_01_460200,海南省,matched,subitem_12426,child_num 精确匹配
inheritor_29890,王安银,II-18,II-018_01_610924,陕西省,matched,subitem_12433,child_num 精确匹配
inheritor_29891,白金花,II-19,II-019_01_620721,甘肃省,matched,subitem_12434,child_num 精确匹配
inheritor_29892,宋宝元,II-20,II-020_01_630121,青海省,matched,subitem_12438,child_num 精确匹配
inheritor_29893,张建军,II-20,II-020_01_640000,宁夏回族自治区,matched,subitem_12442,child_num 精确匹配
inheritor_29894,文香莲,II-20,II-020_01_622922,甘肃省,matched,subitem_12436,child_num 精确匹配
inheritor_29895,才合杰,II-21,II-021_01_632500,海南省,matched,subitem_12446,child_num 精确匹配
inheritor_29896,潘学文,II-23,II-023_01_431229,湖南省,matched,subitem_12449,child_num 精确匹配
inheritor_29897,冯广香,II-25,II-025_01_500114,重庆市,matched,subitem_12452,child_num 精确匹配
inheritor_29898,李德翠,II-27,II-027_02_420528,湖北省,matched,subitem_12458,child_num 精确匹配
inheritor_29899,肖世芹,II-27,II-027_02_420500,湖北省,matched,subitem_12456,child_num 精确匹配
inheritor_29900,张玉珍,II-27,II-027_04_320831,江苏省,matched,subitem_12462,child_num 精确匹配
inheritor_29901,吴长交(吴长姣),II-29,II-029_01_522632,贵州省,matched,subitem_12469,child_num 精确匹配
inheritor_29902,莫花美,II-30,II-030_02_450124,广西壮族自治区,matched,subitem_12473,child_num 精确匹配
inheritor_29903,欧玉梅,II-30,II-030_02_451123,广西壮族自治区,matched,subitem_12474,child_num 精确匹配
inheritor_29904,见车牙(见车亚),II-30,II-030_02_513224,四川省,matched,subitem_12476,child_num 精确匹配
inheritor_29905,泽英俊,II-30,II-030_04_513228,四川省,matched,subitem_12480,child_num 精确匹配
inheritor_29906,杨开员,II-30,II-030_02_522629,贵州省,matched,subitem_12477,child_num 精确匹配
inheritor_29907,黄苏平,II-33,II-033_01_430723,湖南省,matched,subitem_12483,child_num 精确匹配
inheritor_29908,徐毅,II-34,II-034_02_320600,江苏省,matched,subitem_12487,child_num 精确匹配
inheritor_29909,徐君跃,II-34,II-034_02_330100,浙江省,matched,subitem_12490,child_num 精确匹配
inheritor_29910,区君虹,II-34,II-034_02_440100,广东省,matched,subitem_12492,child_num 精确匹配
inheritor_29911,李明忠,II-34,II-034_10_152526,陕西省,matched,subitem_23642,child_num 精确匹配
inheritor_29912,包玉明,II-35,II-035_10_210900,辽宁省,matched,subitem_23643,child_num 精确匹配
inheritor_29913,青格勒,II-35,II-035_01_150000,内蒙古自治区,matched,subitem_12495,child_num 精确匹配
inheritor_29914,周本祥,II-37,II-037_04_341323,安徽省,matched,subitem_12525,child_num 精确匹配
inheritor_29915,谢海明(谢海民),II-37,II-037_02_360731,江西省,matched,subitem_12511,child_num 精确匹配
inheritor_29916,孙化洋,II-37,II-037_02_370883,山东省,matched,subitem_12513,child_num 精确匹配
inheritor_29917,姚希呐,II-37,II-037_02_130209,河北省,matched,subitem_12503,child_num 精确匹配
inheritor_29918,索忠秀,II-37,II-037_02_140428,山西省,matched,subitem_12507,child_num 精确匹配
inheritor_29919,陈海元,II-38,II-038_01_513223,四川省,matched,subitem_12526,child_num 精确匹配
inheritor_29920,于水龙,II-39,II-039_01_210000,辽宁省,matched,subitem_12527,child_num 精确匹配
inheritor_29921,魏喜明,II-42,II-042_01_330683,浙江省,matched,subitem_12533,child_num 精确匹配
inheritor_29922,刘广荣,II-44,II-044_02_321012,江苏省,matched,subitem_12538,child_num 精确匹配
inheritor_29923,张玉芳,II-45,II-045_02_371702,山东省,matched,subitem_12545,child_num 精确匹配
inheritor_29924,陈镇锡,II-50,II-050_01_445100,广东省,matched,subitem_12554,child_num 精确匹配
inheritor_29925,陈桂洲,II-50,II-050_01_440500,广东省,matched,subitem_12553,child_num 精确匹配
inheritor_29926,贺志灿,II-53,II-053_01_500228,重庆市,matched,subitem_12559,child_num 精确匹配
inheritor_29927,王德方,II-54,II-054_02_420529,湖北省,matched,subitem_12561,child_num 精确匹配
inheritor_29928,刘海民,II-55,II-055_01_130429,河北省,matched,subitem_12564,child_num 精确匹配
inheritor_29929,张勇,II-56,II-056_01_141000,山西省,matched,subitem_12565,child_num 精确匹配
inheritor_29930,樊祥富,II-58,II-058_01_140500,山西省,matched,subitem_12567,child_num 精确匹配
inheritor_29931,贾廷信,II-59,II-059_02_110115,北京市,matched,subitem_12572,child_num 精确匹配
inheritor_29932,李长林,II-59,II-059_02_130638,河北省,matched,subitem_12575,child_num 精确匹配
inheritor_29933,潘德森,II-59,II-059_02_131022,河北省,matched,subitem_12581,child_num 精确匹配
inheritor_29934,屈永增,II-65,II-065_01_110000,北京市,matched,subitem_12590,child_num 精确匹配
inheritor_29935,赵连武,II-69,II-069_01_420300,湖北省,matched,subitem_12594,child_num 精确匹配
inheritor_29936,艾买提·苏批(艾买提·苏皮),II-70,II-070_01_652200,新疆维吾尔自治区,matched,subitem_12597,child_num 精确匹配
inheritor_29937,玉山·买合木提,II-70,II-070_01_652122,新疆维吾尔自治区,matched,subitem_12596,child_num 精确匹配
inheritor_29938,卓圣翔,II-71,II-071_01_350200,福建省,matched,subitem_12599,child_num 精确匹配
inheritor_29939,李白燕,II-71,II-071_01_350500,福建省,matched,subitem_12600,child_num 精确匹配
inheritor_29940,刘宗训,II-72,II-072_01_350500,福建省,matched,subitem_12601,child_num 精确匹配
inheritor_29941,薛胜友,II-76,II-076_02_340322,安徽省,matched,subitem_12606,child_num 精确匹配
inheritor_29942,王凤琴,II-77,II-077_02_341500,安徽省,matched,subitem_12607,child_num 精确匹配
inheritor_29943,黄清芳,II-81,II-081_02_421003,湖北省,matched,subitem_12611,child_num 精确匹配
inheritor_29944,侯同贵,II-83,II-083_02_420381,湖北省,matched,subitem_12613,child_num 精确匹配
inheritor_29945,何建勋,II-84,II-084_02_500241,重庆市,matched,subitem_12614,child_num 精确匹配
inheritor_29946,严明军,II-98,II-098_02_420527,湖北省,matched,subitem_12635,child_num 精确匹配
inheritor_29947,柏文泰,II-103,II-103_02_371322,山东省,matched,subitem_12646,child_num 精确匹配
inheritor_29948,敖云别立格,II-105,II-105_10_152921,内蒙古自治区,matched,subitem_23646,child_num 精确匹配
inheritor_29949,侯青河,II-105,II-105_02_150500,内蒙古自治区,matched,subitem_12648,child_num 精确匹配
inheritor_29950,乌日娜,II-106,II-106_02_150724,内蒙古自治区,matched,subitem_12655,child_num 精确匹配
inheritor_29951,孟满荣,II-108,II-108_02_150722,内蒙古自治区,matched,subitem_12658,child_num 精确匹配
inheritor_29952,王取荣,II-111,II-111_02_469030,海南省,matched,subitem_12667,child_num 精确匹配
inheritor_29953,马金莲,II-115,II-115_02_620623,甘肃省,matched,subitem_12676,child_num 精确匹配
inheritor_29954,曼苏尔·杂克尔,II-117,II-117_02_653100,新疆维吾尔自治区,matched,subitem_12686,child_num 精确匹配
inheritor_29955,马成海,II-118,II-118_02_632221,青海省,matched,subitem_12688,child_num 精确匹配
inheritor_29956,周丽娟,II-119,II-119_02_310115,上海市,matched,subitem_12689,child_num 精确匹配
inheritor_29957,王臻,II-119,II-119_02_310230,上海市,matched,subitem_12690,child_num 精确匹配
inheritor_29958,刘玉新,II-122,II-122_02_120113,天津市,matched,subitem_12699,child_num 精确匹配
inheritor_29959,吴强,II-122,II-122_02_120103b,天津市,matched,subitem_12698,child_num 精确匹配
inheritor_29960,王国海,II-123,II-123_02_410200,河南省,matched,subitem_12705,child_num 精确匹配
inheritor_29961,薛宗峰(薛宗锋),II-123,II-123_02_410425,河南省,matched,subitem_12706,child_num 精确匹配
inheritor_29962,洪玉卿,II-123,II-123_10_371581,山东省,matched,subitem_23648,child_num 精确匹配
inheritor_29963,阿卜力孜·萨迪克(阿布力孜·斯迪克),II-127,II-127_02_650000,新疆维吾尔自治区,matched,subitem_12724,child_num 精确匹配
inheritor_29964,王建立(王健立),II-130,II-130_02_522325,贵州省,matched,subitem_12732,child_num 精确匹配
inheritor_29965,廓尘,II-138,II-138_02_320400,江苏省,matched,subitem_12743,child_num 精确匹配
inheritor_29966,心澄,II-138,II-138_04_321100,江苏省,matched,subitem_12754,child_num 精确匹配
inheritor_29967,伍虎勇,II-139,II-139_02_320200,江苏省,matched,subitem_12759,child_num 精确匹配
inheritor_29968,苏本栋,II-151,II-151_03_371700,山东省,matched,subitem_12787,child_num 精确匹配
inheritor_29969,舒信虎,II-157,II-157_10_330922,浙江省,matched,subitem_23650,child_num 精确匹配
inheritor_29970,黄晓,II-172,II-172_10_310230,上海市,matched,subitem_23449,child_num 精确匹配
inheritor_29971,毛呈祥,II-176,II-176_10_520623,贵州省,matched,subitem_23453,child_num 精确匹配
inheritor_29972,肯玉珍,II-177,II-177_10_533324,云南省,matched,subitem_23454,child_num 精确匹配
inheritor_29973,李绍伟,II-186,II-186_10_451400,广西壮族自治区,matched,subitem_23464,child_num 精确匹配
inheritor_29974,罗文军,II-187,II-187_10_530924,云南省,matched,subitem_23465,child_num 精确匹配
inheritor_29975,刘建平,III-2,III-002_10_990436,河北省,matched,subitem_23652,child_num 精确匹配
inheritor_29976,修建国,III-2,III-002_01_370687,山东省,matched,subitem_12816,child_num 精确匹配
inheritor_29977,李长喜,III-2,III-002_02_141182,山西省,matched,subitem_12820,child_num 精确匹配
inheritor_29978,巴恒金,III-2,III-002_01_210400,辽宁省,matched,subitem_12813,child_num 精确匹配
inheritor_29979,赵成海,III-2,III-002_10_220200,吉林省,matched,subitem_23653,child_num 精确匹配
inheritor_29980,王元清,III-2,III-002_04_110229,北京市,matched,subitem_12825,child_num 精确匹配
inheritor_29981,宋建亮,III-2,III-002_01_130322,河北省,matched,subitem_12812,child_num 精确匹配
inheritor_29982,袁贵林,III-2,III-002_01_210400,辽宁省,matched,subitem_12813,child_num 精确匹配
inheritor_29983,林惠宣,III-4,III-004_02_440600,广东省,matched,subitem_12844,child_num 精确匹配
inheritor_29984,梁志春,III-4,III-004_01_500000,重庆市,matched,subitem_12832,child_num 精确匹配
inheritor_29985,谭显均,III-4,III-004_10_511700,四川省,matched,subitem_23657,child_num 精确匹配
inheritor_29986,林长就,III-4,III-004_03_330329,浙江省,matched,subitem_12852,child_num 精确匹配
inheritor_29987,李承锋,III-4,III-004_10_430821,湖南省,matched,subitem_23656,child_num 精确匹配
inheritor_29988,黄金渐,III-4,III-004_02_442000,广东省,matched,subitem_12847,child_num 精确匹配
inheritor_29989,张光武,III-4,III-004_10_341022,安徽省,matched,subitem_23654,child_num 精确匹配
inheritor_29990,黄兴良,III-5,III-005_10_440306,广东省,matched,subitem_23658,child_num 精确匹配
inheritor_29991,赵雪林,III-5,III-005_03_310112,上海市,matched,subitem_12879,child_num 精确匹配
inheritor_29992,黎忠春,III-5,III-005_03_360722,江西省,matched,subitem_12880,child_num 精确匹配
inheritor_29993,赵伟斌,III-5,III-005_01_440100,广东省,matched,subitem_12869,child_num 精确匹配
inheritor_29994,李永茂,III-5,III-005_03_451021,广西壮族自治区,matched,subitem_12884,child_num 精确匹配
inheritor_29995,毛云锋,III-5,III-005_03_500243,重庆市,matched,subitem_12885,child_num 精确匹配
inheritor_29996,黄正权,III-5,III-005_02_522301,贵州省,matched,subitem_12878,child_num 精确匹配
inheritor_29997,马新建,III-5,III-005_02_411624,河南省,matched,subitem_12876,child_num 精确匹配
inheritor_29998,班用明,III-7,III-007_02_621222,甘肃省,matched,subitem_12897,child_num 精确匹配
inheritor_29999,肖亦萍,III-7,III-007_10_360300,江西省,matched,subitem_23660,child_num 精确匹配
inheritor_30000,彭秋生,III-7,III-007_02_440811,广东省,matched,subitem_12896,child_num 精确匹配
inheritor_30001,林忠诚(林松),III-8,III-008_01_440500,广东省,matched,subitem_12901,child_num 精确匹配
inheritor_30002,王吉先,III-9,III-009_02_210881,辽宁省,matched,subitem_12908,child_num 精确匹配
inheritor_30003,谭海则,III-13,III-013_01_610624,陕西省,matched,subitem_12916,child_num 精确匹配
inheritor_30004,田志信,III-17,III-017_01_433100,湖南省,matched,subitem_12922,child_num 精确匹配
inheritor_30005,王扎西(扎西),III-19,III-019_01_513335,四川省,matched,subitem_12929,child_num 精确匹配
inheritor_30006,次登,III-20,III-020_02_513325,四川省,matched,subitem_12936,child_num 精确匹配
inheritor_30007,扎西才仁,III-20,III-020_01_632700,青海省,matched,subitem_12934,child_num 精确匹配
inheritor_30008,钱富全,III-20,III-020_02_513226,四川省,matched,subitem_12935,child_num 精确匹配
inheritor_30009,土呷泽仁,III-20,III-020_02_513332,四川省,matched,subitem_12939,child_num 精确匹配
inheritor_30010,三宝,III-21,III-021_04_533400,云南省,matched,subitem_12944,child_num 精确匹配
inheritor_30011,马玉林,III-21,III-021_04_533400,云南省,matched,subitem_12944,child_num 精确匹配
inheritor_30012,李光得,III-23,III-023_04_522323,贵州省,matched,subitem_12960,child_num 精确匹配
inheritor_30013,祝英,III-23,III-023_01_520525,贵州省,matched,subitem_12953,child_num 精确匹配
inheritor_30014,吴玉华,III-28,III-028_01_150722,内蒙古自治区,matched,subitem_12971,child_num 精确匹配
inheritor_30015,阿旺顿珠,III-39,III-039_10_540100,西藏自治区,matched,subitem_23662,child_num 精确匹配
inheritor_30016,苏安福,III-42,III-042_03_140824,山西省,matched,subitem_13001,child_num 精确匹配
inheritor_30017,王成德,III-42,III-042_10_211400,辽宁省,matched,subitem_23664,child_num 精确匹配
inheritor_30018,柳学光,III-42,III-042_10_530426,云南省,matched,subitem_23666,child_num 精确匹配
inheritor_30019,刘锦棠,III-43,III-043_04_810000,香港特别行政区,matched,subitem_13011,child_num 精确匹配
inheritor_30020,韩志永(韩志勇),III-43,III-043_03_411422,河南省,matched,subitem_13007,child_num 精确匹配
inheritor_30021,谢玉球,III-43,III-043_03_440300b,广东省,matched,subitem_13009,child_num 精确匹配
inheritor_30022,张志明,III-43,III-043_03_440300a,广东省,matched,subitem_13008,child_num 精确匹配
inheritor_30023,刘伟团,III-43,III-043_03_441900,广东省,matched,subitem_13010,child_num 精确匹配
inheritor_30024,陈文世,III-45,III-045_02_350300,福建省,matched,subitem_13018,child_num 精确匹配
inheritor_30025,何武,III-45,III-045_02_360821,江西省,matched,subitem_13019,child_num 精确匹配
inheritor_30026,施观彬,III-45,III-045_02_331121,浙江省,matched,subitem_13016,child_num 精确匹配
inheritor_30027,杨海人,III-45,III-045_04_330523,浙江省,matched,subitem_13023,child_num 精确匹配
inheritor_30028,毛明康,III-45,III-045_10_421000,湖北省,matched,subitem_23668,child_num 精确匹配
inheritor_30029,孙元多,III-48,III-048_02_340421,安徽省,matched,subitem_13028,child_num 精确匹配
inheritor_30030,刘守红,III-52,III-052_02_422802,湖北省,matched,subitem_13032,child_num 精确匹配
inheritor_30031,谈森荣,III-58,III-058_03_440400,广东省,matched,subitem_13039,child_num 精确匹配
inheritor_30032,赵雄,III-60,III-060_02_431129,湖南省,matched,subitem_13041,child_num 精确匹配
inheritor_30033,盘金海,III-60,III-060_03_451324,广西壮族自治区,matched,subitem_13045,child_num 精确匹配
inheritor_30034,何炳义(何炳丽),III-68,III-068_02_513222,四川省,matched,subitem_13054,child_num 精确匹配
inheritor_30035,苏万朝,III-69,III-069_02_520527,贵州省,matched,subitem_13055,child_num 精确匹配
inheritor_30036,郭建荣,III-70,III-070_02_532927,云南省,matched,subitem_13056,child_num 精确匹配
inheritor_30037,仁增旺姆,III-80,III-080_02_542522,西藏自治区,matched,subitem_13068,child_num 精确匹配
inheritor_30038,扎西旺拉,III-82,III-082_02_542326,西藏自治区,matched,subitem_13071,child_num 精确匹配
inheritor_30039,朗加旺久,III-84,III-084_02_542423,西藏自治区,matched,subitem_13076,child_num 精确匹配
inheritor_30040,拉巴次仁,III-89,III-089_02_540124,西藏自治区,matched,subitem_13081,child_num 精确匹配
inheritor_30041,杨学明,III-91,III-091_02_623022,甘肃省,matched,subitem_13083,child_num 精确匹配
inheritor_30042,钟必武,III-98,III-098_03_430822,湖南省,matched,subitem_13098,child_num 精确匹配
inheritor_30043,王有春,III-101,III-101_03_469025,海南省,matched,subitem_13101,child_num 精确匹配
inheritor_30044,杨茂春,III-108,III-108_03_621126,甘肃省,matched,subitem_13108,child_num 精确匹配
inheritor_30045,李明珍,III-113,III-113_04_140722,山西省,matched,subitem_13113,child_num 精确匹配
inheritor_30046,白春杰,III-114,III-114_04_220721,吉林省,matched,subitem_13114,child_num 精确匹配
inheritor_30047,姚占楷,III-122,III-122_04_510525,四川省,matched,subitem_13123,child_num 精确匹配
inheritor_30048,李建光,III-127,III-127_04_532524,云南省,matched,subitem_13128,child_num 精确匹配
inheritor_30049,岩翁(张飞),III-128,III-128_04_533102,云南省,matched,subitem_13129,child_num 精确匹配
inheritor_30050,波益四,III-129,III-129_04_533323,云南省,matched,subitem_13130,child_num 精确匹配
inheritor_30051,热西提·吐尔逊,III-131,III-131_04_652101,新疆维吾尔自治区,matched,subitem_13132,child_num 精确匹配
inheritor_30052,李宗霖,III-135,III-135_10_350181,福建省,matched,subitem_23471,child_num 精确匹配
inheritor_30053,陈秀兴,III-137,III-137_10_469001,海南省,matched,subitem_23473,child_num 精确匹配
inheritor_30054,石光荣,III-140,III-140_10_522600,贵州省,matched,subitem_23476,child_num 精确匹配
inheritor_30055,赛丙,III-141,III-141_10_530000,云南省,matched,subitem_23477,child_num 精确匹配
inheritor_30056,阿娜,III-144,III-144_10_654201,新疆维吾尔自治区,matched,subitem_23480,child_num 精确匹配
inheritor_30057,周志刚,IV-1,IV-001_01_310000,上海市,matched,subitem_13135,child_num 精确匹配
inheritor_30058,孔爱萍,IV-1,IV-001_01_320000,江苏省,matched,subitem_13136,child_num 精确匹配
inheritor_30059,王奉梅,IV-1,IV-001_01_330000,浙江省,matched,subitem_13138,child_num 精确匹配
inheritor_30060,马玉森,IV-1,IV-001_01_110000,北京市,matched,subitem_13133,child_num 精确匹配
inheritor_30061,乔燕和,IV-1,IV-001_01_110000,北京市,matched,subitem_13133,child_num 精确匹配
inheritor_30062,李廷波,IV-4,IV-004_01_440500,广东省,matched,subitem_13142,child_num 精确匹配
inheritor_30063,吴勤国,IV-7,IV-007_01_330800,浙江省,matched,subitem_13149,child_num 精确匹配
inheritor_30064,王莺,IV-8,IV-008_01_330624,浙江省,matched,subitem_13155,child_num 精确匹配
inheritor_30065,黄荣华,IV-12,IV-012_01_500000,重庆市,matched,subitem_13160,child_num 精确匹配
inheritor_30066,刘芸,IV-12,IV-012_01_510000,四川省,matched,subitem_13161,child_num 精确匹配
inheritor_30067,李东桥,IV-16,IV-016_01_610000,陕西省,matched,subitem_13165,child_num 精确匹配
inheritor_30068,苏凤丽,IV-16,IV-016_02_620100,甘肃省,matched,subitem_13167,child_num 精确匹配
inheritor_30069,李梅,IV-16,IV-016_01_610000,陕西省,matched,subitem_13165,child_num 精确匹配
inheritor_30070,惠敏莉,IV-16,IV-016_01_610000,陕西省,matched,subitem_13165,child_num 精确匹配
inheritor_30071,栗桂莲,IV-18,IV-018_01_140000,山西省,matched,subitem_13171,child_num 精确匹配
inheritor_30072,宋转转,IV-18,IV-018_01_140000,山西省,matched,subitem_13171,child_num 精确匹配
inheritor_30073,董丽萍,IV-18,IV-018_02_130700,河北省,matched,subitem_13172,child_num 精确匹配
inheritor_30074,苗洁,IV-18,IV-018_01_140000,山西省,matched,subitem_13171,child_num 精确匹配
inheritor_30075,冯继忠,IV-18,IV-018_04_140700,山西省,matched,subitem_13176,child_num 精确匹配
inheritor_30076,姬荣生,IV-18,IV-018_01_140000,山西省,matched,subitem_13171,child_num 精确匹配
inheritor_30077,金世耀,IV-18,IV-018_01_140000,山西省,matched,subitem_13171,child_num 精确匹配
inheritor_30078,李萍,IV-18,IV-018_02_130700,河北省,matched,subitem_13172,child_num 精确匹配
inheritor_30079,陈素琴,IV-21,IV-021_01_140500,山西省,matched,subitem_13181,child_num 精确匹配
inheritor_30080,陈春,IV-22,IV-022_02_120103,天津市,matched,subitem_13185,child_num 精确匹配
inheritor_30081,刘凤岭,IV-22,IV-022_01_130000,河北省,matched,subitem_13183,child_num 精确匹配
inheritor_30082,周奎生(周魁生),IV-26,IV-026_02_371728,山东省,matched,subitem_13194,child_num 精确匹配
inheritor_30083,韩学荣,IV-26,IV-026_03_410621,河南省,matched,subitem_13196,child_num 精确匹配
inheritor_30084,申小梅,IV-27,IV-027_01_411600,河南省,matched,subitem_13197,child_num 精确匹配
inheritor_30085,杜镇杰,IV-28,IV-028_01_110000,北京市,matched,subitem_13201,child_num 精确匹配
inheritor_30086,李文敏,IV-28,IV-028_01_110000,北京市,matched,subitem_13201,child_num 精确匹配
inheritor_30087,杨少春,IV-28,IV-028_01_110000,北京市,matched,subitem_13201,child_num 精确匹配
inheritor_30088,刘习中,IV-28,IV-028_01_110102,未知,matched,subitem_13202,child_num 精确匹配
inheritor_30089,于魁智,IV-28,IV-028_01_110102,未知,matched,subitem_13202,child_num 精确匹配
inheritor_30090,王蓉蓉,IV-28,IV-028_01_110000,北京市,matched,subitem_13201,child_num 精确匹配
inheritor_30091,石晓亮,IV-28,IV-028_01_120000,天津市,matched,subitem_13203,child_num 精确匹配
inheritor_30092,奚中路,IV-28,IV-028_01_310000,上海市,matched,subitem_13205,child_num 精确匹配
inheritor_30093,白云明,IV-28,IV-028_01_370000,山东省,matched,subitem_13206,child_num 精确匹配
inheritor_30094,裴咏杰,IV-28,IV-028_02_420111,湖北省,matched,subitem_13207,child_num 精确匹配
inheritor_30095,龚苏萍,IV-28,IV-028_03_320000,江苏省,matched,subitem_13208,child_num 精确匹配
inheritor_30096,黄彩平,IV-31,IV-031_02_420324,湖北省,matched,subitem_13215,child_num 精确匹配
inheritor_30097,伍银莲,IV-33,IV-033_01_350800,福建省,matched,subitem_13217,child_num 精确匹配
inheritor_30098,刘茂林,IV-34,IV-034_01_430600,湖南省,matched,subitem_13218,child_num 精确匹配
inheritor_30099,李淑勤,IV-36,IV-036_01_440600,广东省,matched,subitem_13223,child_num 精确匹配
inheritor_30100,梁素梅,IV-36,IV-036_04_450100,广西壮族自治区,matched,subitem_13227,child_num 精确匹配
inheritor_30101,曾小敏,IV-36,IV-036_01_440104,广东省,matched,subitem_13222,child_num 精确匹配
inheritor_30102,唐光明,IV-38,IV-038_01_361026,江西省,matched,subitem_13229,child_num 精确匹配
inheritor_30103,林红阳,IV-39,IV-039_01_330726,浙江省,matched,subitem_13230,child_num 精确匹配
inheritor_30104,陈媛,IV-43,IV-043_01_370000,山东省,matched,subitem_13238,child_num 精确匹配
inheritor_30105,杨春伟,IV-43,IV-043_01_370000,山东省,matched,subitem_13238,child_num 精确匹配
inheritor_30106,常银良,IV-43,IV-043_02_410922,河南省,matched,subitem_13239,child_num 精确匹配
inheritor_30107,宋飞云,IV-44,IV-044_01_410526,河南省,matched,subitem_13240,child_num 精确匹配
inheritor_30108,陈德忠,IV-45,IV-045_01_350100,福建省,matched,subitem_13243,child_num 精确匹配
inheritor_30109,周虹,IV-45,IV-045_01_350100,福建省,matched,subitem_13243,child_num 精确匹配
inheritor_30110,刘宝平,IV-49,IV-049_03_141021,山西省,matched,subitem_13250,child_num 精确匹配
inheritor_30111,付梅,IV-50,IV-050_01_411400,河南省,matched,subitem_13252,child_num 精确匹配
inheritor_30112,马惠民,IV-51,IV-051_02_110106,北京市,matched,subitem_13260,child_num 精确匹配
inheritor_30113,李惟铨,IV-51,IV-051_02_110106,北京市,matched,subitem_13260,child_num 精确匹配
inheritor_30114,方亚芬,IV-53,IV-053_01_310000,上海市,matched,subitem_13266,child_num 精确匹配
inheritor_30115,吴凤花,IV-53,IV-053_01_330683,浙江省,matched,subitem_13267,child_num 精确匹配
inheritor_30116,李政成,IV-56,IV-056_01_321000,江苏省,matched,subitem_13271,child_num 精确匹配
inheritor_30117,夏青玲,IV-58,IV-058_01_420000,湖北省,matched,subitem_13277,child_num 精确匹配
inheritor_30118,凃崇华,IV-58,IV-058_01_420000,湖北省,matched,subitem_13277,child_num 精确匹配
inheritor_30119,李祖勋,IV-58,IV-058_01_420000,湖北省,matched,subitem_13277,child_num 精确匹配
inheritor_30120,吴培义,IV-59,IV-059_01_429005,湖北省,matched,subitem_13279,child_num 精确匹配
inheritor_30121,张辉,IV-60,IV-060_01_421127,湖北省,matched,subitem_13281,child_num 精确匹配
inheritor_30122,王琴,IV-60,IV-060_01_340800,安徽省,matched,subitem_13280,child_num 精确匹配
inheritor_30123,刘莉莉,IV-63,IV-063_02_371300,山东省,matched,subitem_13289,child_num 精确匹配
inheritor_30124,王晓红,IV-63,IV-063_02_320300,江苏省,matched,subitem_13288,child_num 精确匹配
inheritor_30125,陆逸红,IV-64,IV-064_01_350600,福建省,matched,subitem_13291,child_num 精确匹配
inheritor_30126,庄海蓉,IV-64,IV-064_01_350200,福建省,matched,subitem_13290,child_num 精确匹配
inheritor_30127,吴岚,IV-65,IV-065_03_361002,江西省,matched,subitem_13296,child_num 精确匹配
inheritor_30128,褚凤荣,IV-65,IV-065_03_360983,江西省,matched,subitem_13295,child_num 精确匹配
inheritor_30129,费丽君,IV-65,IV-065_02_420222,湖北省,matched,subitem_13294,child_num 精确匹配
inheritor_30130,张美香(张梅香),IV-67,IV-067_01_370281,山东省,matched,subitem_13299,child_num 精确匹配
inheritor_30131,刘青,IV-68,IV-068_01_410000,河南省,matched,subitem_13301,child_num 精确匹配
inheritor_30132,屈登梅,IV-70,IV-070_02_130726,河北省,matched,subitem_13310,child_num 精确匹配
inheritor_30133,张芬然,IV-70,IV-070_01_130682,河北省,matched,subitem_13307,child_num 精确匹配
inheritor_30134,季祥林,IV-71,IV-071_01_370683,山东省,matched,subitem_13319,child_num 精确匹配
inheritor_30135,范玉,IV-71,IV-071_01_140623,山西省,matched,subitem_13317,child_num 精确匹配
inheritor_30136,窦凤霞,IV-71,IV-071_01_620000,甘肃省,matched,subitem_13321,child_num 精确匹配
inheritor_30137,张美兰,IV-73,IV-073_01_140930,山西省,matched,subitem_13329,child_num 精确匹配
inheritor_30138,郝云婧,IV-73,IV-073_01_140930,山西省,matched,subitem_13329,child_num 精确匹配
inheritor_30139,段八旺,IV-73,IV-073_01_150100,内蒙古自治区,matched,subitem_13330,child_num 精确匹配
inheritor_30140,多单(登达),IV-80,IV-080_02_513330,四川省,matched,subitem_13355,child_num 精确匹配
inheritor_30141,边点旺久,IV-80,IV-080_01_540000a,西藏自治区,matched,subitem_13348,child_num 精确匹配
inheritor_30142,洛桑扎西,IV-80,IV-080_01_540000a,西藏自治区,matched,subitem_13348,child_num 精确匹配
inheritor_30143,王志军,IV-82,IV-082_02_532600,云南省,matched,subitem_13363,child_num 精确匹配
inheritor_30144,黄志元,IV-82,IV-082_01_450000,广西壮族自治区,matched,subitem_13362,child_num 精确匹配
inheritor_30145,吴胜华,IV-83,IV-083_01_522631,贵州省,matched,subitem_13364,child_num 精确匹配
inheritor_30146,金保,IV-86,IV-086_01_533100,云南省,matched,subitem_13369,child_num 精确匹配
inheritor_30147,田敏,IV-87,IV-087_04_330600,浙江省,matched,subitem_13373,child_num 精确匹配
inheritor_30148,王士龙,IV-87,IV-087_10_340223,安徽省,matched,subitem_23679,child_num 精确匹配
inheritor_30149,叶正初,IV-87,IV-087_01_341024,安徽省,matched,subitem_13370,child_num 精确匹配
inheritor_30150,丁守艮,IV-88,IV-088_01_140821,山西省,matched,subitem_13375,child_num 精确匹配
inheritor_30151,叶守兴,IV-90,IV-090_01_520400,贵州省,matched,subitem_13391,child_num 精确匹配
inheritor_30152,吕崇德,IV-91,IV-091_01_610500,陕西省,matched,subitem_13401,child_num 精确匹配
inheritor_30153,刘立新,IV-91,IV-091_03_130322,河北省,matched,subitem_13419,child_num 精确匹配
inheritor_30154,许子林,IV-91,IV-091_01_211382,辽宁省,matched,subitem_13396,child_num 精确匹配
inheritor_30155,高娟琴,IV-91,IV-091_01_330481,浙江省,matched,subitem_13397,child_num 精确匹配
inheritor_30156,严祖斌,IV-91,IV-091_01_429005,湖北省,matched,subitem_13398,child_num 精确匹配
inheritor_30157,马凤兰,IV-91,IV-091_10_210700,辽宁省,matched,subitem_23681,child_num 精确匹配
inheritor_30158,赵忠义,IV-91,IV-091_10_210700,辽宁省,matched,subitem_23681,child_num 精确匹配
inheritor_30159,何华平,IV-91,IV-091_02_511321,四川省,matched,subitem_13416,child_num 精确匹配
inheritor_30160,赵丽亚,IV-91,IV-091_01_130200,河北省,matched,subitem_13392,child_num 精确匹配
inheritor_30161,关海英,IV-91,IV-091_02_231221,黑龙江省,matched,subitem_13409,child_num 精确匹配
inheritor_30162,洪惠君,IV-92,IV-092_01_350600,福建省,matched,subitem_13431,child_num 精确匹配
inheritor_30163,熊国安,IV-92,IV-092_02_430111,湖南省,matched,subitem_13443,child_num 精确匹配
inheritor_30164,林尤盾,IV-92,IV-092_02_469005,海南省,matched,subitem_13446,child_num 精确匹配
inheritor_30165,陈为群,IV-92,IV-092_03_310106,上海市,matched,subitem_13447,child_num 精确匹配
inheritor_30166,李明卿,IV-92,IV-092_10_350800,福建省,matched,subitem_23682,child_num 精确匹配
inheritor_30167,应爱芳,IV-92,IV-092_02_330326,浙江省,matched,subitem_13441,child_num 精确匹配
inheritor_30168,黄晓华,IV-92,IV-092_10_420100,湖北省,matched,subitem_23683,child_num 精确匹配
inheritor_30169,陈俊龙,IV-92,IV-092_03_445200,广东省,matched,subitem_13452,child_num 精确匹配
inheritor_30170,蔡晓华,IV-92,IV-092_03_330329,浙江省,matched,subitem_13449,child_num 精确匹配
inheritor_30171,杜振忠,IV-93,IV-093_02_130600,河北省,matched,subitem_13455,child_num 精确匹配
inheritor_30172,李会林,IV-94,IV-094_02_130434,河北省,matched,subitem_13459,child_num 精确匹配
inheritor_30173,汤香平,IV-95,IV-095_02_130426,河北省,matched,subitem_13462,child_num 精确匹配
inheritor_30174,张莉,IV-97,IV-097_02_341300,安徽省,matched,subitem_13467,child_num 精确匹配
inheritor_30175,李杉,IV-98,IV-098_02_140481,山西省,matched,subitem_13469,child_num 精确匹配
inheritor_30176,焦瑞霞,IV-99,IV-099_04_610103,陕西省,matched,subitem_13474,child_num 精确匹配
inheritor_30177,闫慧芳,IV-99,IV-099_02_140800,山西省,matched,subitem_13470,child_num 精确匹配
inheritor_30178,陈澄,IV-102,IV-102_02_320900,江苏省,matched,subitem_13478,child_num 精确匹配
inheritor_30179,王书龙,IV-102,IV-102_02_320900,江苏省,matched,subitem_13478,child_num 精确匹配
inheritor_30180,黄静慧,IV-103,IV-103_02_320200,江苏省,matched,subitem_13482,child_num 精确匹配
inheritor_30181,章世杰,IV-106,IV-106_02_330300,浙江省,matched,subitem_13487,child_num 精确匹配
inheritor_30182,王锦文,IV-107,IV-107_02_330200,浙江省,matched,subitem_13488,child_num 精确匹配
inheritor_30183,施洁净,IV-109,IV-109_02_330600,浙江省,matched,subitem_13490,child_num 精确匹配
inheritor_30184,李赛俭,IV-112,IV-112_02_430500,湖南省,matched,subitem_13499,child_num 精确匹配
inheritor_30185,柳六荣,IV-112,IV-112_02_430600,湖南省,matched,subitem_13500,child_num 精确匹配
inheritor_30186,何相安,IV-112,IV-112_02_421300,湖北省,matched,subitem_13498,child_num 精确匹配
inheritor_30187,吴丽,IV-113,IV-113_02_341600,安徽省,matched,subitem_13508,child_num 精确匹配
inheritor_30188,俎书献,IV-113,IV-113_02_410526,河南省,matched,subitem_13511,child_num 精确匹配
inheritor_30189,董砚萍,IV-116,IV-116_02_370100,山东省,matched,subitem_13514,child_num 精确匹配
inheritor_30190,栾胜利,IV-116,IV-116_02_370112,山东省,matched,subitem_13515,child_num 精确匹配
inheritor_30191,苏智,IV-116,IV-116_02_370112,山东省,matched,subitem_13515,child_num 精确匹配
inheritor_30192,杨圣军,IV-118,IV-118_02_370900,山东省,matched,subitem_13521,child_num 精确匹配
inheritor_30193,张玉勇,IV-118,IV-118_02_371700,山东省,matched,subitem_13522,child_num 精确匹配
inheritor_30194,李红,IV-118,IV-118_02_370900,山东省,matched,subitem_13521,child_num 精确匹配
inheritor_30195,张克学,IV-119,IV-119_02_371200,山东省,matched,subitem_13523,child_num 精确匹配
inheritor_30196,燕玲(燕凌),IV-121,IV-121_02_320300,江苏省,matched,subitem_13525,child_num 精确匹配
inheritor_30197,王荣焕,IV-123,IV-123_04_411381,河南省,matched,subitem_13529,child_num 精确匹配
inheritor_30198,费建楚,IV-128,IV-128_02_430400,湖南省,matched,subitem_13537,child_num 精确匹配
inheritor_30199,申桂桃,IV-128,IV-128_02_430502,湖南省,matched,subitem_13538,child_num 精确匹配
inheritor_30200,张广武,IV-129,IV-129_02_441400,广东省,matched,subitem_13540,child_num 精确匹配
inheritor_30201,陈素珍,IV-130,IV-130_02_460100,海南省,matched,subitem_13541,child_num 精确匹配
inheritor_30202,李敏生,IV-133,IV-133_02_610524,陕西省,matched,subitem_13547,child_num 精确匹配
inheritor_30203,杨海兰,IV-139,IV-139_03_140502,山西省,matched,subitem_13553,child_num 精确匹配
inheritor_30204,高新发,IV-141,IV-141_03_330500,浙江省,matched,subitem_13555,child_num 精确匹配
inheritor_30205,李玉英,IV-143,IV-143_03_341225,安徽省,matched,subitem_13557,child_num 精确匹配
inheritor_30206,陈俐,IV-144,IV-144_03_360100,江西省,matched,subitem_13558,child_num 精确匹配
inheritor_30207,黄菊枝,IV-145,IV-145_03_360427,江西省,matched,subitem_13559,child_num 精确匹配
inheritor_30208,袁现英,IV-148,IV-148_03_410527,河南省,matched,subitem_13562,child_num 精确匹配
inheritor_30209,王汝刚,IV-156,IV-156_03_310101,上海市,matched,subitem_13571,child_num 精确匹配
inheritor_30210,陈永霞,IV-157,IV-157_10_500242,重庆市,multiple_candidates,subitem_23686;subitem_23687,child_num 精确匹配
inheritor_30211,李大富,IV-157,IV-157_04_510800,四川省,matched,subitem_13575,child_num 精确匹配
inheritor_30212,周昌智(周昌志),IV-157,IV-157_10_500242,贵州省,multiple_candidates,subitem_23686;subitem_23687,child_num 精确匹配
inheritor_30213,梁厚芳,IV-157,IV-157_04_431202,湖南省,matched,subitem_13574,child_num 精确匹配
inheritor_30214,黎岗,IV-157,IV-157_10_500242,贵州省,multiple_candidates,subitem_23686;subitem_23687,child_num 精确匹配
inheritor_30215,姚维云,IV-157,IV-157_10_500242,贵州省,multiple_candidates,subitem_23686;subitem_23687,child_num 精确匹配
inheritor_30216,姚艺民,IV-159,IV-159_04_140830,山西省,matched,subitem_13577,child_num 精确匹配
inheritor_30217,陈秀枝,IV-163,IV-163_10_130500,河北省,matched,subitem_23481,child_num 精确匹配
inheritor_30218,安静芳,IV-164,IV-164_10_220000,吉林省,matched,subitem_23482,child_num 精确匹配
inheritor_30219,赵彩霞,IV-165,IV-165_10_220700,吉林省,matched,subitem_23483,child_num 精确匹配
inheritor_30220,何美绪,IV-168,IV-168_10_510800,四川省,matched,subitem_23486,child_num 精确匹配
inheritor_30221,张杰兴,IV-169,IV-169_10_532929,云南省,matched,subitem_23488,child_num 精确匹配
inheritor_30222,普布,IV-170,IV-170_10_542300,西藏自治区,matched,subitem_23489,child_num 精确匹配
inheritor_30223,飞文基,IV-171,IV-171_10_820000,澳门特别行政区,matched,subitem_23490,child_num 精确匹配
inheritor_30224,高峻,V-1,V-001_02_310000,上海市,matched,subitem_13582,child_num 精确匹配
inheritor_30225,汪正华,V-1,V-001_03_320100,江苏省,matched,subitem_13583,child_num 精确匹配
inheritor_30226,姜庆玲,V-2,V-002_01_321000,江苏省,matched,subitem_13585,child_num 精确匹配
inheritor_30227,叶兆辰,V-3,V-003_01_350100,福建省,matched,subitem_13587,child_num 精确匹配
inheritor_30228,贾昌福,V-8,V-008_10_130224,河北省,matched,subitem_23688,child_num 精确匹配
inheritor_30229,张怀生,V-12,V-012_01_410300,河南省,matched,subitem_13608,child_num 精确匹配
inheritor_30230,王晗华,V-13,V-013_03_330326,浙江省,matched,subitem_13610,child_num 精确匹配
inheritor_30231,曹伯炎,V-14,V-014_01_610600,陕西省,matched,subitem_13611,child_num 精确匹配
inheritor_30232,陈晓岚,V-15,V-015_01_350100,福建省,matched,subitem_13612,child_num 精确匹配
inheritor_30233,胡化山,V-21,V-021_02_371700,山东省,matched,subitem_13624,child_num 精确匹配
inheritor_30234,刘静,V-32,V-032_04_430723,湖南省,matched,subitem_13639,child_num 精确匹配
inheritor_30235,王素珍,V-35,V-035_04_211000,辽宁省,matched,subitem_13649,child_num 精确匹配
inheritor_30236,张德力根(张德力格尔),V-40,V-040_01_150526,内蒙古自治区,matched,subitem_13656,child_num 精确匹配
inheritor_30237,鄂灵巧,V-41,V-041_02_150722,内蒙古自治区,matched,subitem_13662,child_num 精确匹配
inheritor_30238,葛玉霞,V-42,V-042_01_230000,黑龙江省,matched,subitem_13663,child_num 精确匹配
inheritor_30239,赵炎,V-47,V-047_02_110102,未知,matched,subitem_13669,child_num 精确匹配
inheritor_30240,常宝丰,V-47,V-047_02_120000,天津市,matched,subitem_13671,child_num 精确匹配
inheritor_30241,刘秀梅,V-49,V-049_10_130224,天津市,matched,subitem_23689,child_num 精确匹配
inheritor_30242,王德新(王超堂),V-53,V-053_02_330100,浙江省,matched,subitem_13679,child_num 精确匹配
inheritor_30243,康毅,V-59,V-059_02_310115,上海市,matched,subitem_13688,child_num 精确匹配
inheritor_30244,王显平,V-62,V-062_02_140423,山西省,matched,subitem_13692,child_num 精确匹配
inheritor_30245,姬玉香,V-64,V-064_02_411300,河南省,matched,subitem_13695,child_num 精确匹配
inheritor_30246,沈健丽,V-67,V-067_02_330212,浙江省,matched,subitem_13698,child_num 精确匹配
inheritor_30247,黄宪高,V-68,V-068_02_330100,浙江省,matched,subitem_13701,child_num 精确匹配
inheritor_30248,姚俐玲,V-70,V-070_02_420100,湖北省,matched,subitem_13703,child_num 精确匹配
inheritor_30249,陆先模,V-71,V-071_02_420529,湖北省,matched,subitem_13704,child_num 精确匹配
inheritor_30250,潘光正,V-76,V-076_02_500101,重庆市,matched,subitem_13712,child_num 精确匹配
inheritor_30251,马光华,V-77,V-077_03_500000,重庆市,matched,subitem_13715,child_num 精确匹配
inheritor_30252,黄玲玲,V-81,V-081_02_320104,江苏省,matched,subitem_13721,child_num 精确匹配
inheritor_30253,陈华春,V-83,V-083_02_330621,浙江省,matched,subitem_13723,child_num 精确匹配
inheritor_30254,李永俊,V-92,V-092_02_630100,青海省,matched,subitem_13736,child_num 精确匹配
inheritor_30255,少布(海青),V-95,V-095_02_150522,内蒙古自治区,matched,subitem_13739,child_num 精确匹配
inheritor_30256,努尔沙拉·阿铁别克(努尔沙拉·阿铁依别克,V-96,V-096_02_654000,新疆维吾尔自治区,matched,subitem_13740,child_num 精确匹配
inheritor_30257,鲍先平,V-98,V-098_03_140428,山西省,matched,subitem_13742,child_num 精确匹配
inheritor_30258,卢顶风,V-103,V-103_03_330784,浙江省,matched,subitem_13748,child_num 精确匹配
inheritor_30259,李仲球,V-109,V-109_03_441900,广东省,matched,subitem_13754,child_num 精确匹配
inheritor_30260,曾令弟,V-110,V-110_03_500000,重庆市,matched,subitem_13755,child_num 精确匹配
inheritor_30261,丁立新,V-114,V-114_03_370923,山东省,matched,subitem_13760,child_num 精确匹配
inheritor_30262,肖秋林,V-120,V-120_04_360731,江西省,matched,subitem_13766,child_num 精确匹配
inheritor_30263,邹华春,V-124,V-124_04_430000,湖南省,matched,subitem_13770,child_num 精确匹配
inheritor_30264,申海花,V-129,V-129_10_140424,山西省,matched,subitem_23492,child_num 精确匹配
inheritor_30265,侯安风,V-130,V-130_10_140524,山西省,matched,subitem_23493,child_num 精确匹配
inheritor_30266,牛崇祥,V-131,V-131_10_321302,江苏省,matched,subitem_23494,child_num 精确匹配
inheritor_30267,王东粉,V-136,V-136_10_411200,河南省,matched,subitem_23499,child_num 精确匹配
inheritor_30268,张亚辉,V-142,V-142_10_532901,云南省,matched,subitem_23505,child_num 精确匹配
inheritor_30269,杨正华(杨振华),V-142,V-142_10_532901,云南省,matched,subitem_23505,child_num 精确匹配
inheritor_30270,刘文龙,V-144,V-144_10_610000,陕西省,matched,subitem_23507,child_num 精确匹配
inheritor_30271,胡根基,VI-6,VI-006_02_330784,浙江省,matched,subitem_13783,child_num 精确匹配
inheritor_30272,覃献平,VI-8,VI-008_01_420300,湖北省,matched,subitem_13787,child_num 精确匹配
inheritor_30273,祁明松,VI-10,VI-010_02_130900b,河北省,matched,subitem_13791,child_num 精确匹配
inheritor_30274,孙婉容,VI-11,VI-011_10_110102,北京市,matched,subitem_23690,child_num 精确匹配
inheritor_30275,陈沛菊,VI-11,VI-011_01_410800,河南省,matched,subitem_13795,child_num 精确匹配
inheritor_30276,陈小星,VI-11,VI-011_01_410800,河南省,matched,subitem_13795,child_num 精确匹配
inheritor_30277,栾新春,VI-11,VI-011_10_130600,河北省,matched,subitem_23691,child_num 精确匹配
inheritor_30278,李剑方,VI-11,VI-011_04_130526,河北省,matched,subitem_13799,child_num 精确匹配
inheritor_30279,姚志平,VI-11,VI-011_02_130429,河北省,matched,subitem_13796,child_num 精确匹配
inheritor_30280,陈炳,VI-11,VI-011_01_410800,河南省,matched,subitem_13795,child_num 精确匹配
inheritor_30281,额日登巴雅尔,VI-16,VI-016_01_150000,内蒙古自治区,matched,subitem_13807,child_num 精确匹配
inheritor_30282,关贵林,VI-21,VI-021_10_210100,辽宁省,matched,subitem_23694,child_num 精确匹配
inheritor_30283,阿拉腾乌拉,VI-22,VI-022_02_152900,内蒙古自治区,matched,subitem_13820,child_num 精确匹配
inheritor_30284,邵智勇,VI-24,VI-024_02_610112,陕西省,matched,subitem_13822,child_num 精确匹配
inheritor_30285,高宝东,VI-26,VI-026_03_140726,山西省,matched,subitem_13827,child_num 精确匹配
inheritor_30286,布秉全,VI-26,VI-026_03_140726,山西省,matched,subitem_13827,child_num 精确匹配
inheritor_30287,王秀芬,VI-32,VI-032_02_371525,山东省,matched,subitem_13835,child_num 精确匹配
inheritor_30288,沙宗朝,VI-32,VI-032_02_371525,山东省,matched,subitem_13835,child_num 精确匹配
inheritor_30289,雷杰,VI-35,VI-035_04_421127,湖北省,matched,subitem_13842,child_num 精确匹配
inheritor_30290,陈忠杰,VI-36,VI-036_02_440705,广东省,matched,subitem_13843,child_num 精确匹配
inheritor_30291,房胜棠,VI-36,VI-036_10_310107,广东省,matched,subitem_23697,child_num 精确匹配
inheritor_30292,朱彦青,VI-41,VI-041_02_140900,山西省,matched,subitem_13848,child_num 精确匹配
inheritor_30293,李尖参,VI-42,VI-042_02_630202,青海省,matched,subitem_13849,child_num 精确匹配
inheritor_30294,扎哇,VI-43,VI-043_02_632700,青海省,matched,subitem_13851,child_num 精确匹配
inheritor_30295,金光侠,VI-54,VI-054_02_330600,浙江省,matched,subitem_13865,child_num 精确匹配
inheritor_30296,陈伟强,VI-58,VI-058_03_350100,福建省,matched,subitem_13869,child_num 精确匹配
inheritor_30297,陈静,VI-63,VI-063_03_341600,安徽省,matched,subitem_13875,child_num 精确匹配
inheritor_30298,李占华,VI-73,VI-073_04_110102,北京市,matched,subitem_13888,child_num 精确匹配
inheritor_30299,宋君杰,VI-74,VI-074_04_131102,河北省,matched,subitem_13889,child_num 精确匹配
inheritor_30300,郑祖杰,VI-77,VI-077_04_350100,福建省,matched,subitem_13892,child_num 精确匹配
inheritor_30301,吴卫民,VI-81,VI-081_04_420100,湖北省,matched,subitem_13896,child_num 精确匹配
inheritor_30302,王献坡,VI-82,VI-082_10_410421,河南省,matched,subitem_23704,child_num 精确匹配
inheritor_30303,周志丽,VI-82,VI-082_04_610100,陕西省,matched,subitem_13898,child_num 精确匹配
inheritor_30304,尼玛扎华,VI-83,VI-083_10_513200,四川省,matched,subitem_23509,child_num 精确匹配
inheritor_30305,高铁静,VI-85,VI-085_10_120110,天津市,matched,subitem_23511,child_num 精确匹配
inheritor_30306,颜勇,VI-87,VI-087_10_341600,安徽省,matched,subitem_23513,child_num 精确匹配
inheritor_30307,颜亮鸣,VI-89,VI-089_10_430300,湖南省,matched,subitem_23515,child_num 精确匹配
inheritor_30308,孔令春,VI-92,VI-092_10_130983,河北省,matched,subitem_23518,child_num 精确匹配
inheritor_30309,王福海,VI-93,VI-093_10_331023,浙江省,matched,subitem_23519,child_num 精确匹配
inheritor_30310,库兰·再依提那尔(库兰汗·兰塔),VI-103,VI-103_10_654325,新疆维吾尔自治区,matched,subitem_23529,child_num 精确匹配
inheritor_30311,李少春,VI-105,VI-105_10_530000,云南省,matched,subitem_23531,child_num 精确匹配
inheritor_30312,木天光,VI-105,VI-105_10_530000,云南省,matched,subitem_23531,child_num 精确匹配
inheritor_30313,杨文祥,VI-106,VI-106_10_120223,天津市,matched,subitem_23532,child_num 精确匹配
inheritor_30314,王文壮,VI-107,VI-107_10_120114,天津市,matched,subitem_23533,child_num 精确匹配
inheritor_30315,侯忠义,VI-108,VI-108_10_341221,安徽省,matched,subitem_23534,child_num 精确匹配
inheritor_30316,叶保芬(叶宝芬),VII-3,VII-003_01_320500,江苏省,matched,subitem_13902,child_num 精确匹配
inheritor_30317,杨乃东,VII-5,VII-005_01_370700,山东省,matched,subitem_13904,child_num 精确匹配
inheritor_30318,王树花,VII-6,VII-006_01_370785,山东省,matched,subitem_13905,child_num 精确匹配
inheritor_30319,张廷旭,VII-7,VII-007_01_410200,河南省,matched,subitem_13906,child_num 精确匹配
inheritor_30320,曲久,VII-14,VII-014_10_513300,四川省,matched,subitem_23705,child_num 精确匹配
inheritor_30321,格桑,VII-14,VII-014_02_542121,西藏自治区,matched,subitem_13917,child_num 精确匹配
inheritor_30322,尼玛,VII-14,VII-014_10_632700,青海省,matched,subitem_23712,child_num 精确匹配
inheritor_30323,土登伟色,VII-14,VII-014_10_632622,青海省,matched,subitem_23711,child_num 精确匹配
inheritor_30324,嘎玛丹增,VII-14,VII-014_10_540000,西藏自治区,matched,subitem_23706,child_num 精确匹配
inheritor_30325,罗珠巴松,VII-14,VII-014_02_542121,西藏自治区,matched,subitem_13917,child_num 精确匹配
inheritor_30326,杨志刚,VII-15,VII-015_02_110102,北京市,matched,subitem_13921,child_num 精确匹配
inheritor_30327,张广庆,VII-15,VII-015_04_370303,山东省,matched,subitem_13923,child_num 精确匹配
inheritor_30328,付清超(傅清超),VII-16,VII-016_10_231283,黑龙江省,matched,subitem_23714,child_num 精确匹配
inheritor_30329,廉正义,VII-16,VII-016_02_411224,河南省,matched,subitem_13958,child_num 精确匹配
inheritor_30330,韦帮粉(韦邦粉),VII-16,VII-016_04_522700,贵州省,matched,subitem_13974,child_num 精确匹配
inheritor_30331,何爱叶,VII-16,VII-016_03_610429,陕西省,matched,subitem_13968,child_num 精确匹配
inheritor_30332,张多堂,VII-16,VII-016_02_140223,山西省,matched,subitem_13935,child_num 精确匹配
inheritor_30333,刘吉英,VII-16,VII-016_02_210323,辽宁省,matched,subitem_13938,child_num 精确匹配
inheritor_30334,向亮晶,VII-16,VII-016_10_430923,湖南省,matched,subitem_23715,child_num 精确匹配
inheritor_30335,刘洁琼,VII-16,VII-016_03_610622,陕西省,matched,subitem_13969,child_num 精确匹配
inheritor_30336,高少萍,VII-16,VII-016_02_350623,福建省,matched,subitem_13950,child_num 精确匹配
inheritor_30337,石俊凤,VII-16,VII-016_01_130826,河北省,matched,subitem_13925,child_num 精确匹配
inheritor_30338,周冬梅,VII-16,VII-016_04_350722,福建省,matched,subitem_13973,child_num 精确匹配
inheritor_30339,齐秀花,VII-16,VII-016_02_370785,山东省,matched,subitem_13954,child_num 精确匹配
inheritor_30340,刘伟,VII-16,VII-016_03_620422,甘肃省,matched,subitem_13970,child_num 精确匹配
inheritor_30341,吕慧,VII-16,VII-016_04_140926,山西省,matched,subitem_13971,child_num 精确匹配
inheritor_30342,王银凤,VII-16,VII-016_10_140100,山西省,matched,subitem_23713,child_num 精确匹配
inheritor_30343,刘莲花,VII-16,VII-016_04_330122,浙江省,matched,subitem_13972,child_num 精确匹配
inheritor_30344,卢发良,VII-16,VII-016_01_330382,浙江省,matched,subitem_13929,child_num 精确匹配
inheritor_30345,池福新,VII-16,VII-016_02_420902,湖北省,matched,subitem_13961,child_num 精确匹配
inheritor_30346,马又甫,VII-16,VII-016_02_429004,湖北省,matched,subitem_13962,child_num 精确匹配
inheritor_30347,夏祖康,VII-16,VII-016_02_420700,湖北省,matched,subitem_13960,child_num 精确匹配
inheritor_30348,杨桂军,VII-16,VII-016_02_433122,湖南省,matched,subitem_13963,child_num 精确匹配
inheritor_30349,饶宝莲,VII-16,VII-016_01_440600,广东省,matched,subitem_13931,child_num 精确匹配
inheritor_30350,张湘明,VII-16,VII-016_01_445100,广东省,matched,subitem_13932,child_num 精确匹配
inheritor_30351,王西安,VII-16,VII-016_01_610624,陕西省,matched,subitem_13934,child_num 精确匹配
inheritor_30352,钱月芳,VII-17,VII-017_01_310117,上海市,matched,subitem_13977,child_num 精确匹配
inheritor_30353,孙燕云,VII-18,VII-018_10_320400,江苏省,matched,subitem_23716,child_num 精确匹配
inheritor_30354,李艳,VII-19,VII-019_01_430100,湖南省,matched,subitem_13982,child_num 精确匹配
inheritor_30355,李淑英,VII-20,VII-020_01_445100,广东省,matched,subitem_13984,child_num 精确匹配
inheritor_30356,黄伟雄,VII-20,VII-020_10_445100,广东省,matched,subitem_23717,child_num 精确匹配
inheritor_30357,伍洁仪,VII-20,VII-020_01_440100,广东省,matched,subitem_13983,child_num 精确匹配
inheritor_30358,彭世平,VII-21,VII-021_01_510100,四川省,matched,subitem_13985,child_num 精确匹配
inheritor_30359,吴英继,VII-22,VII-022_10_433124,湖南省,matched,subitem_23718,child_num 精确匹配
inheritor_30360,刘忠嫦,VII-22,VII-022_02_522601,贵州省,matched,subitem_13990,child_num 精确匹配
inheritor_30361,王金花,VII-22,VII-022_02_522601,贵州省,matched,subitem_13990,child_num 精确匹配
inheritor_30362,石丽平,VII-22,VII-022_10_520628,贵州省,matched,subitem_23719,child_num 精确匹配
inheritor_30363,井秋红,VII-26,VII-026_02_320300,江苏省,matched,subitem_14000,child_num 精确匹配
inheritor_30364,萧剑波,VII-27,VII-027_04_320412,江苏省,matched,subitem_14003,child_num 精确匹配
inheritor_30365,王树昌,VII-34,VII-034_01_130634,河北省,matched,subitem_14011,child_num 精确匹配
inheritor_30366,陈益晶,VII-35,VII-035_01_350100,福建省,matched,subitem_14012,child_num 精确匹配
inheritor_30367,李亚华,VII-36,VII-036_10_350206,福建省,matched,subitem_23721,child_num 精确匹配
inheritor_30368,吴德强,VII-36,VII-036_01_350521,福建省,matched,subitem_14013,child_num 精确匹配
inheritor_30369,张建奎,VII-36,VII-036_01_350521,福建省,matched,subitem_14013,child_num 精确匹配
inheritor_30370,沈占伟,VII-38,VII-038_01_622921,甘肃省,matched,subitem_14016,child_num 精确匹配
inheritor_30371,陈德丰,VII-40,VII-040_02_445200,广东省,matched,subitem_14022,child_num 精确匹配
inheritor_30372,金子松,VII-40,VII-040_01_445100,广东省,matched,subitem_14020,child_num 精确匹配
inheritor_30373,林汉旋,VII-40,VII-040_02_445200,广东省,matched,subitem_14022,child_num 精确匹配
inheritor_30374,彭国龙,VII-45,VII-045_01_360300,江西省,matched,subitem_14030,child_num 精确匹配
inheritor_30375,白坚忍(白坚仁),VII-46,VII-046_02_320400,江苏省,matched,subitem_14034,child_num 精确匹配
inheritor_30376,顾启望,VII-46,VII-046_02_331003,浙江省,matched,subitem_14035,child_num 精确匹配
inheritor_30377,柳成荫,VII-47,VII-047_01_320200,江苏省,matched,subitem_14041,child_num 精确匹配
inheritor_30378,李邦华,VII-50,VII-050_02_110105,北京市,matched,subitem_14063,child_num 精确匹配
inheritor_30379,陈棣桢,VII-50,VII-050_02_440600,广东省,matched,subitem_14069,child_num 精确匹配
inheritor_30380,丁志云,VII-51,VII-051_04_510184,四川省,matched,subitem_14084,child_num 精确匹配
inheritor_30381,胡正仁,VII-51,VII-051_02_330783,浙江省,matched,subitem_14074,child_num 精确匹配
inheritor_30382,吕成,VII-51,VII-051_01_330683,浙江省,matched,subitem_14073,child_num 精确匹配
inheritor_30383,王玓,VII-52,VII-052_10_120103,天津市,matched,subitem_23723,child_num 精确匹配
inheritor_30384,陈瑜,VII-52,VII-052_02_310104,上海市,matched,subitem_14086,child_num 精确匹配
inheritor_30385,袁建花,VII-53,VII-053_04_141127,山西省,matched,subitem_14096,child_num 精确匹配
inheritor_30386,杨玉兴,VII-54,VII-054_02_370683,山东省,matched,subitem_14100,child_num 精确匹配
inheritor_30387,杨进邦,VII-55,VII-055_10_371329,山东省,matched,subitem_23724,child_num 精确匹配
inheritor_30388,张万富,VII-55,VII-055_03_131022,河北省,matched,subitem_14105,child_num 精确匹配
inheritor_30389,袁嘉骐,VII-56,VII-056_10_420000,湖北省,matched,subitem_23726,child_num 精确匹配
inheritor_30390,刘能风,VII-56,VII-056_10_500225,重庆市,matched,subitem_23727,child_num 精确匹配
inheritor_30391,王石麟,VII-56,VII-056_02_370683,山东省,matched,subitem_14112,child_num 精确匹配
inheritor_30392,叶美三,VII-56,VII-056_02_440882,广东省,matched,subitem_14117,child_num 精确匹配
inheritor_30393,尹国安,VII-56,VII-056_02_420281,湖北省,matched,subitem_14115,child_num 精确匹配
inheritor_30394,胡杨,VII-56,VII-056_04_431228,湖南省,matched,subitem_14122,child_num 精确匹配
inheritor_30395,粱丙公(梁秉公),VII-56,VII-056_02_370829,山东省,matched,subitem_14113,child_num 精确匹配
inheritor_30396,才旦加,VII-56,VII-056_02_632323,青海省,matched,subitem_14120,child_num 精确匹配
inheritor_30397,陈继武,VII-56,VII-056_02_430181,湖南省,matched,subitem_14116,child_num 精确匹配
inheritor_30398,郭石林,VII-57,VII-057_02_110101,北京市,matched,subitem_14125,child_num 精确匹配
inheritor_30399,杨根连,VII-57,VII-057_02_110101,北京市,matched,subitem_14125,child_num 精确匹配
inheritor_30400,张铁城,VII-57,VII-057_02_110101,北京市,matched,subitem_14125,child_num 精确匹配
inheritor_30401,蒋喜,VII-57,VII-057_02_320500,江苏省,matched,subitem_14126,child_num 精确匹配
inheritor_30402,尹志强,VII-57,VII-057_02_440103,广东省,matched,subitem_14128,child_num 精确匹配
inheritor_30403,白玛占堆,VII-58,VII-058_10_542200,西藏自治区,matched,subitem_23732,child_num 精确匹配
inheritor_30404,张红萍,VII-58,VII-058_10_350500,福建省,matched,subitem_23729,child_num 精确匹配
inheritor_30405,郑春辉,VII-58,VII-058_03_350300,福建省,matched,subitem_14136,child_num 精确匹配
inheritor_30406,郑银聘,VII-58,VII-058_10_350500,福建省,matched,subitem_23729,child_num 精确匹配
inheritor_30407,刘斌,VII-59,VII-059_02_370700,山东省,matched,subitem_14143,child_num 精确匹配
inheritor_30408,吴名驹,VII-60,VII-060_02_460100,海南省,matched,subitem_14146,child_num 精确匹配
inheritor_30409,石岩,VII-62,VII-062_10_210700,辽宁省,matched,subitem_23733,child_num 精确匹配
inheritor_30410,王圣良,VII-62,VII-062_02_371200,山东省,matched,subitem_14149,child_num 精确匹配
inheritor_30411,赵国琦,VII-65,VII-065_02_141000,山西省,matched,subitem_14156,child_num 精确匹配
inheritor_30412,张荣强,VII-65,VII-065_02_511126,四川省,matched,subitem_14160,child_num 精确匹配
inheritor_30413,聂大勇,VII-66,VII-066_02_433123,湖南省,matched,subitem_14165,child_num 精确匹配
inheritor_30414,黎婉珍,VII-66,VII-066_02_440600,广东省,matched,subitem_14166,child_num 精确匹配
inheritor_30415,周合平,VII-66,VII-066_10_500224,重庆市,matched,subitem_23734,child_num 精确匹配
inheritor_30416,刘印玲,VII-66,VII-066_02_320382,江苏省,matched,subitem_14164,child_num 精确匹配
inheritor_30417,黄北,VII-67,VII-067_02_330382,浙江省,matched,subitem_14168,child_num 精确匹配
inheritor_30418,滑树林,VII-70,VII-070_10_110101,北京市,matched,subitem_23735,child_num 精确匹配
inheritor_30419,乔应菊,VII-72,VII-072_02_630122,青海省,matched,subitem_14177,child_num 精确匹配
inheritor_30420,林媞,VII-73,VII-073_02_330300,浙江省,matched,subitem_14178,child_num 精确匹配
inheritor_30421,程曼平(程曼萍),VII-74,VII-074_02_410200,河南省,matched,subitem_14179,child_num 精确匹配
inheritor_30422,李夏音,VII-77,VII-077_10_110101,宁夏回族自治区,matched,subitem_23736,child_num 精确匹配
inheritor_30423,阿依夏木·扎依提(阿依夏木汗·扎依提),VII-79,VII-079_02_652200,新疆维吾尔自治区,matched,subitem_14190,child_num 精确匹配
inheritor_30424,张立新,VII-80,VII-080_02_220500,吉林省,matched,subitem_14193,child_num 精确匹配
inheritor_30425,郑建琴,VII-85,VII-085_02_330300,浙江省,matched,subitem_14202,child_num 精确匹配
inheritor_30426,谢新建,VII-86,VII-086_02_371726,山东省,matched,subitem_14203,child_num 精确匹配
inheritor_30427,邹武,VII-89,VII-089_02_360100,江西省,matched,subitem_14208,child_num 精确匹配
inheritor_30428,陈国弦,VII-90,VII-090_02_350100,福建省,matched,subitem_14209,child_num 精确匹配
inheritor_30429,许少雄,VII-91,VII-091_02_440500,广东省,matched,subitem_14214,child_num 精确匹配
inheritor_30430,沈柏平,VII-94,VII-094_03_320500,江苏省,matched,subitem_14223,child_num 精确匹配
inheritor_30431,王如生,VII-94,VII-094_04_320682,江苏省,matched,subitem_14225,child_num 精确匹配
inheritor_30432,李小梅,VII-95,VII-095_02_140426,山西省,matched,subitem_14226,child_num 精确匹配
inheritor_30433,陈进德,VII-96,VII-096_10_640500,宁夏回族自治区,matched,subitem_23740,child_num 精确匹配
inheritor_30434,朱木兰,VII-97,VII-097_03_510114,四川省,matched,subitem_14231,child_num 精确匹配
inheritor_30435,邵悦文,VII-101,VII-101_03_140728,山西省,matched,subitem_14235,child_num 精确匹配
inheritor_30436,裘群珠,VII-104,VII-104_03_330212,浙江省,matched,subitem_14238,child_num 精确匹配
inheritor_30437,滕天一,VII-111,VII-111_04_130826,河北省,matched,subitem_14246,child_num 精确匹配
inheritor_30438,陈焕升,VII-116,VII-116_04_210400,辽宁省,matched,subitem_14252,child_num 精确匹配
inheritor_30439,龚振涛,VII-116,VII-116_04_210400,辽宁省,matched,subitem_14252,child_num 精确匹配
inheritor_30440,黄俊军,VII-120,VII-120_10_360681,江西省,matched,subitem_23743,child_num 精确匹配
inheritor_30441,李志辉,VII-123,VII-123_10_510184,四川省,matched,subitem_23536,child_num 精确匹配
inheritor_30442,陈良顺,VII-123,VII-123_10_610721,陕西省,matched,subitem_23537,child_num 精确匹配
inheritor_30443,格日勒,VII-124,VII-124_10_152921,内蒙古自治区,matched,subitem_23538,child_num 精确匹配
inheritor_30444,李哲,VII-125,VII-125_10_411303,河南省,matched,subitem_23539,child_num 精确匹配
inheritor_30445,陈伯余,VII-127,VII-127_10_320981,江苏省,matched,subitem_23541,child_num 精确匹配
inheritor_30446,孟永国,VII-127,VII-127_10_330302,浙江省,matched,subitem_23542,child_num 精确匹配
inheritor_30447,谢丽瑜,VII-128,VII-128_10_350200,福建省,matched,subitem_23543,child_num 精确匹配
inheritor_30448,阿西巫之莫,VII-130,VII-130_10_513400,四川省,matched,subitem_23545,child_num 精确匹配
inheritor_30449,韦树章,VII-131,VII-131_10_522300,贵州省,matched,subitem_23546,child_num 精确匹配
inheritor_30450,多杰措,VII-132,VII-132_10_632525,海南省,matched,subitem_23547,child_num 精确匹配
inheritor_30451,古丽娜孜·加尼木汗,VII-133,VII-133_10_652328,新疆维吾尔自治区,matched,subitem_23548,child_num 精确匹配
inheritor_30452,吴兆娥,VII-134,VII-134_10_320722,江苏省,matched,subitem_23549,child_num 精确匹配
inheritor_30453,陈银付,VII-135,VII-135_10_320982,江苏省,matched,subitem_23550,child_num 精确匹配
inheritor_30454,张德和,VII-136,VII-136_10_330225,浙江省,matched,subitem_23551,child_num 精确匹配
inheritor_30455,白耀华,VII-138,VII-138_10_450521,广西壮族自治区,matched,subitem_23553,child_num 精确匹配
inheritor_30456,顾绍培,VIII-1,VIII-001_01_320282,江苏省,matched,subitem_14261,child_num 精确匹配
inheritor_30457,范伟群,VIII-1,VIII-001_01_320282,江苏省,matched,subitem_14261,child_num 精确匹配
inheritor_30458,潘伯林(潘柏林),VIII-3,VIII-003_01_440600,广东省,matched,subitem_14263,child_num 精确匹配
inheritor_30459,刘梅珍,VIII-4,VIII-004_01_469026,海南省,matched,subitem_14264,child_num 精确匹配
inheritor_30460,冯绍兴,VIII-7,VIII-007_01_360200,江西省,matched,subitem_14270,child_num 精确匹配
inheritor_30461,吴江中,VIII-7,VIII-007_01_360200,江西省,matched,subitem_14270,child_num 精确匹配
inheritor_30462,陈爱明,VIII-9,VIII-009_01_331181,浙江省,matched,subitem_14272,child_num 精确匹配
inheritor_30463,刘忠阳,VIII-12,VIII-012_01_610525,陕西省,matched,subitem_14275,child_num 精确匹配
inheritor_30464,沈惠,VIII-14,VIII-014_01_320500,江苏省,matched,subitem_14278,child_num 精确匹配
inheritor_30465,马惠娟,VIII-15,VIII-015_01_320500,江苏省,matched,subitem_14279,child_num 精确匹配
inheritor_30466,王瑞妹,VIII-19,VIII-019_01_469025,海南省,matched,subitem_14285,child_num 精确匹配
inheritor_30467,胡春芳,VIII-19,VIII-019_01_469029,海南省,matched,subitem_14287,child_num 精确匹配
inheritor_30468,哀警卫,VIII-24,VIII-024_04_330483,浙江省,matched,subitem_14299,child_num 精确匹配
inheritor_30469,罗文珍,VIII-25,VIII-025_03_522622,贵州省,matched,subitem_14303,child_num 精确匹配
inheritor_30470,蔡群,VIII-25,VIII-025_10_520524,贵州省,matched,subitem_23744,child_num 精确匹配
inheritor_30471,熊宗会,VIII-25,VIII-025_03_511526,四川省,matched,subitem_14302,child_num 精确匹配
inheritor_30472,张羡尧,VIII-28,VIII-028_03_350627,福建省,matched,subitem_14308,child_num 精确匹配
inheritor_30473,葛才金,VIII-36,VIII-036_01_320100,江苏省,matched,subitem_14324,child_num 精确匹配
inheritor_30474,陈阿金,VIII-37,VIII-037_01_331181,浙江省,matched,subitem_14325,child_num 精确匹配
inheritor_30475,陈伟明,VIII-38,VIII-038_01_330100,浙江省,matched,subitem_14327,child_num 精确匹配
inheritor_30476,张家康,VIII-39,VIII-039_01_340200,安徽省,matched,subitem_14329,child_num 精确匹配
inheritor_30477,李正云,VIII-40,VIII-040_01_522634,贵州省,matched,subitem_14331,child_num 精确匹配
inheritor_30478,衣福成,VIII-43,VIII-043_01_110101,北京市,matched,subitem_14341,child_num 精确匹配
inheritor_30479,米振雄,VIII-43,VIII-043_01_110101,北京市,matched,subitem_14341,child_num 精确匹配
inheritor_30480,黄景仁,VIII-43,VIII-043_04_131028,河北省,matched,subitem_14342,child_num 精确匹配
inheritor_30481,王兆琪,VIII-45,VIII-045_10_110101,北京市,matched,subitem_23746,child_num 精确匹配
inheritor_30482,赛音都楞,VIII-46,VIII-046_02_150421,内蒙古自治区,matched,subitem_14353,child_num 精确匹配
inheritor_30483,何金成,VIII-50,VIII-050_02_620502,甘肃省,matched,subitem_14358,child_num 精确匹配
inheritor_30484,李志刚,VIII-50,VIII-050_01_110101,北京市,matched,subitem_14357,child_num 精确匹配
inheritor_30485,薛晓东,VIII-51,VIII-051_01_140728,山西省,matched,subitem_14359,child_num 精确匹配
inheritor_30486,张来喜,VIII-52,VIII-052_01_321000,江苏省,matched,subitem_14360,child_num 精确匹配
inheritor_30487,蔡超荣,VIII-55,VIII-055_01_350200,福建省,matched,subitem_14363,child_num 精确匹配
inheritor_30488,卿玉蓉,VIII-56,VIII-056_01_510100,四川省,matched,subitem_14364,child_num 精确匹配
inheritor_30489,严刚,VIII-57,VIII-057_01_520000,贵州省,matched,subitem_14365,child_num 精确匹配
inheritor_30490,任金素,VIII-57,VIII-057_01_520000,贵州省,matched,subitem_14365,child_num 精确匹配
inheritor_30491,胡志明,VIII-60,VIII-060_01_330600,浙江省,matched,subitem_14368,child_num 精确匹配
inheritor_30492,潘兴祥,VIII-60,VIII-060_01_330600,浙江省,matched,subitem_14368,child_num 精确匹配
inheritor_30493,王顺明,VIII-63,VIII-063_01_350782,福建省,matched,subitem_14373,child_num 精确匹配
inheritor_30494,刘汉朝,VIII-64,VIII-064_01_510300,四川省,matched,subitem_14374,child_num 精确匹配
inheritor_30495,汪息发,VIII-65,VIII-065_01_341823,安徽省,matched,subitem_14376,child_num 精确匹配
inheritor_30496,胡宗亮,VIII-67,VIII-067_01_520100,贵州省,matched,subitem_14378,child_num 精确匹配
inheritor_30497,和玉新,VIII-68,VIII-068_01_533421,云南省,matched,subitem_14384,child_num 精确匹配
inheritor_30498,金小页,VIII-68,VIII-068_01_530900,云南省,matched,subitem_14383,child_num 精确匹配
inheritor_30499,陈秀君,VIII-71,VIII-071_01_511126,四川省,matched,subitem_14390,child_num 精确匹配
inheritor_30500,项德胜,VIII-73,VIII-073_01_341021,安徽省,matched,subitem_14397,child_num 精确匹配
inheritor_30501,李平寒,VIII-76,VIII-076_01_360427,江西省,matched,subitem_14403,child_num 精确匹配
inheritor_30502,郑名川,VIII-77,VIII-077_02_310105,上海市,matched,subitem_14405,child_num 精确匹配
inheritor_30503,王明德,VIII-81,VIII-081_10_341822,安徽省,matched,subitem_23751,child_num 精确匹配
inheritor_30504,刘正文,VIII-81,VIII-081_10_430621,湖南省,matched,subitem_23752,child_num 精确匹配
inheritor_30505,李继宗,VIII-82,VIII-082_10_110102,北京市,matched,subitem_23753,child_num 精确匹配
inheritor_30506,张华,VIII-82,VIII-082_10_120102,天津市,matched,subitem_23754,child_num 精确匹配
inheritor_30507,阿基伦,VIII-83,VIII-083_01_150723,内蒙古自治区,matched,subitem_14420,child_num 精确匹配
inheritor_30508,王文奇,VIII-84,VIII-084_01_469029,海南省,matched,subitem_14424,child_num 精确匹配
inheritor_30509,杨红卫,VIII-88,VIII-088_01_370700,山东省,matched,subitem_14434,child_num 精确匹配
inheritor_30510,郑荣波,VIII-89,VIII-089_01_440100,广东省,matched,subitem_14440,child_num 精确匹配
inheritor_30511,王树宝,VIII-90,VIII-090_04_370881,山东省,matched,subitem_14446,child_num 精确匹配
inheritor_30512,苏永军,VIII-90,VIII-090_02_140000,山西省,matched,subitem_14444,child_num 精确匹配
inheritor_30513,刘开宝,VIII-90,VIII-090_02_140000,山西省,matched,subitem_14444,child_num 精确匹配
inheritor_30514,赵长安,VIII-90,VIII-090_02_110109,北京市,matched,subitem_14443,child_num 精确匹配
inheritor_30515,孙云浩,VIII-90,VIII-090_04_370304,山东省,matched,subitem_14445,child_num 精确匹配
inheritor_30516,景永祥,VIII-91,VIII-091_02_371581,山东省,matched,subitem_14447,child_num 精确匹配
inheritor_30517,庞永辉,VIII-92,VIII-092_02_130634,河北省,matched,subitem_14448,child_num 精确匹配
inheritor_30518,陈利,VIII-95,VIII-095_02_430281,湖南省,matched,subitem_14451,child_num 精确匹配
inheritor_30519,黄永平,VIII-95,VIII-095_02_430281,湖南省,matched,subitem_14451,child_num 精确匹配
inheritor_30520,吴维潮,VIII-96,VIII-096_02_445100,广东省,matched,subitem_14452,child_num 精确匹配
inheritor_30521,翟惠玲,VIII-97,VIII-097_02_440100,广东省,matched,subitem_14453,child_num 精确匹配
inheritor_30522,格里,VIII-98,VIII-098_02_513337,四川省,matched,subitem_14456,child_num 精确匹配
inheritor_30523,曾庆红,VIII-98,VIII-098_02_511822,四川省,matched,subitem_14455,child_num 精确匹配
inheritor_30524,章燕城,VIII-98,VIII-098_04_445100,广东省,matched,subitem_14467,child_num 精确匹配
inheritor_30525,刘玉华,VIII-98,VIII-098_03_469025,海南省,matched,subitem_14461,child_num 精确匹配
inheritor_30526,肖文桓,VIII-98,VIII-098_03_500226,重庆市,matched,subitem_14462,child_num 精确匹配
inheritor_30527,袁应德,VIII-98,VIII-098_02_532524,云南省,matched,subitem_14458,child_num 精确匹配
inheritor_30528,洪桂贞,VIII-99,VIII-099_02_330104,浙江省,matched,subitem_14468,child_num 精确匹配
inheritor_30529,郑小华,VIII-99,VIII-099_02_330500,浙江省,matched,subitem_14470,child_num 精确匹配
inheritor_30530,余艳平,VIII-100,VIII-100_10_140881,山西省,matched,subitem_23756,child_num 精确匹配
inheritor_30531,刘运娥,VIII-100,VIII-100_02_130428,河北省,matched,subitem_14474,child_num 精确匹配
inheritor_30532,郑运香,VIII-100,VIII-100_02_130428,河北省,matched,subitem_14474,child_num 精确匹配
inheritor_30533,苏锦芳,VIII-100,VIII-100_03_320600,江苏省,matched,subitem_14477,child_num 精确匹配
inheritor_30534,巴桑,VIII-101,VIII-101_10_542200,西藏自治区,matched,subitem_23758,child_num 精确匹配
inheritor_30535,刘爱玉,VIII-103,VIII-103_02_371726,山东省,matched,subitem_14489,child_num 精确匹配
inheritor_30536,潘英,VIII-105,VIII-105_03_522601,贵州省,matched,subitem_14493,child_num 精确匹配
inheritor_30537,文胜兰,VIII-105,VIII-105_02_522635,贵州省,matched,subitem_14492,child_num 精确匹配
inheritor_30538,黄田胜,VIII-107,VIII-107_02_440606,广东省,matched,subitem_14496,child_num 精确匹配
inheritor_30539,李玉坤,VIII-110,VIII-110_10_320682,江苏省,multiple_candidates,subitem_23759;subitem_23760,child_num 精确匹配
inheritor_30540,卢兴琼,VIII-110,VIII-110_04_511381,四川省,matched,subitem_14503,child_num 精确匹配
inheritor_30541,段丽珍,VIII-110,VIII-110_02_152921,内蒙古自治区,matched,subitem_14501,child_num 精确匹配
inheritor_30542,满古梅,VIII-112,VIII-112_02_150723,内蒙古自治区,matched,subitem_14507,child_num 精确匹配
inheritor_30543,赖淑芳,VIII-115,VIII-115_10_990437,四川省,matched,subitem_23761,child_num 精确匹配
inheritor_30544,朱军岷,VIII-119,VIII-119_02_330100,浙江省,matched,subitem_14519,child_num 精确匹配
inheritor_30545,根秋单贞,VIII-120,VIII-120_02_513331,四川省,matched,subitem_14520,child_num 精确匹配
inheritor_30546,李素芳,VIII-124,VIII-124_03_310112,上海市,matched,subitem_14537,child_num 精确匹配
inheritor_30547,龚耀宗,VIII-124,VIII-124_03_310112,上海市,matched,subitem_14537,child_num 精确匹配
inheritor_30548,索朗琼拉,VIII-124,VIII-124_04_542326,西藏自治区,matched,subitem_14540,child_num 精确匹配
inheritor_30549,金昌勋,VIII-124,VIII-124_02_222400,吉林省,matched,subitem_14529,child_num 精确匹配
inheritor_30550,罗冬元,VIII-124,VIII-124_10_430481,湖南省,matched,subitem_23763,child_num 精确匹配
inheritor_30551,高光友,VIII-128,VIII-128_02_520521,贵州省,matched,subitem_14553,child_num 精确匹配
inheritor_30552,马松胜,VIII-131,VIII-131_02_610116,陕西省,matched,subitem_14556,child_num 精确匹配
inheritor_30553,张瑞亨,VIII-132,VIII-132_02_440700,广东省,matched,subitem_14557,child_num 精确匹配
inheritor_30554,蔺涛,VIII-133,VIII-133_02_140825,山西省,matched,subitem_14559,child_num 精确匹配
inheritor_30555,赖建华,VIII-133,VIII-133_10_360735,江西省,matched,subitem_23766,child_num 精确匹配
inheritor_30556,符海贤,VIII-134,VIII-134_02_310106,上海市,matched,subitem_14564,child_num 精确匹配
inheritor_30557,王钏巧,VIII-135,VIII-135_02_330381,浙江省,matched,subitem_14566,child_num 精确匹配
inheritor_30558,王志仁,VIII-135,VIII-135_02_330381,浙江省,matched,subitem_14566,child_num 精确匹配
inheritor_30559,纪森发,VIII-136,VIII-136_03_320500,江苏省,matched,subitem_14571,child_num 精确匹配
inheritor_30560,万群,VIII-136,VIII-136_10_120000,天津市,matched,subitem_23768,child_num 精确匹配
inheritor_30561,王金玉,VIII-136,VIII-136_10_330200,浙江省,matched,subitem_23769,child_num 精确匹配
inheritor_30562,王启,VIII-136,VIII-136_02_110102,北京市,matched,subitem_14568,child_num 精确匹配
inheritor_30563,刘建明,VIII-136,VIII-136_02_110108,未知,matched,subitem_14570,child_num 精确匹配
inheritor_30564,冯沛朝,VIII-139,VIII-139_02_441900,广东省,matched,subitem_14577,child_num 精确匹配
inheritor_30565,戴根盛,VIII-140,VIII-140_10_361130,江西省,matched,subitem_23770,child_num 精确匹配
inheritor_30566,当曲旦增,VIII-141,VIII-141_10_542200,西藏自治区,matched,subitem_23771,child_num 精确匹配
inheritor_30567,周新虎,VIII-144,VIII-144_10_321300,江苏省,matched,subitem_23772,child_num 精确匹配
inheritor_30568,李天华,VIII-144,VIII-144_10_341600,安徽省,matched,subitem_23773,child_num 精确匹配
inheritor_30569,徐占成,VIII-144,VIII-144_02_510683,四川省,matched,subitem_14595,child_num 精确匹配
inheritor_30570,赵德义,VIII-144,VIII-144_10_370784,山东省,matched,subitem_23774,child_num 精确匹配
inheritor_30571,李泽霞,VIII-144,VIII-144_02_131100,河北省,matched,subitem_14588,child_num 精确匹配
inheritor_30572,卢振营,VIII-144,VIII-144_02_410421,河南省,matched,subitem_14592,child_num 精确匹配
inheritor_30573,赵东,VIII-144,VIII-144_02_511500,四川省,matched,subitem_14597,child_num 精确匹配
inheritor_30574,陈官唱,VIII-145,VIII-145_10_350923,福建省,matched,subitem_23779,child_num 精确匹配
inheritor_30575,李仲生,VIII-145,VIII-145_10_130625,河北省,matched,subitem_23778,child_num 精确匹配
inheritor_30576,傅天龙,VIII-147,VIII-147_04_350104,福建省,matched,subitem_14604,child_num 精确匹配
inheritor_30577,王德星,VIII-147,VIII-147_04_350104,福建省,matched,subitem_14604,child_num 精确匹配
inheritor_30578,樊生华,VIII-148,VIII-148_02_330100,浙江省,matched,subitem_14605,child_num 精确匹配
inheritor_30579,陈盛峰,VIII-148,VIII-148_10_320100,江苏省,matched,subitem_23780,child_num 精确匹配
inheritor_30580,陈达有,VIII-148,VIII-148_03_330523,浙江省,matched,subitem_14612,child_num 精确匹配
inheritor_30581,张跃华,VIII-148,VIII-148_10_511800,四川省,matched,subitem_23781,child_num 精确匹配
inheritor_30582,刘文新,VIII-148,VIII-148_04_411500,河南省,matched,subitem_14615,child_num 精确匹配
inheritor_30583,林鸿,VIII-149,VIII-149_10_350981,福建省,matched,subitem_23782,child_num 精确匹配
inheritor_30584,俞旦华,VIII-149,VIII-149_10_360424,江西省,matched,subitem_23783,child_num 精确匹配
inheritor_30585,张兴裕,VIII-150,VIII-150_10_350800,福建省,matched,subitem_23784,child_num 精确匹配
inheritor_30586,李兴昌,VIII-151,VIII-151_02_530821,云南省,matched,subitem_14621,child_num 精确匹配
inheritor_30587,陈国风,VIII-152,VIII-152_03_532900,云南省,matched,subitem_14626,child_num 精确匹配
inheritor_30588,贾根社,VIII-152,VIII-152_10_610400,陕西省,matched,subitem_23786,child_num 精确匹配
inheritor_30589,何建刚,VIII-152,VIII-152_10_420503,湖北省,matched,subitem_23785,child_num 精确匹配
inheritor_30590,张安秋,VIII-155,VIII-155_02_510124,四川省,matched,subitem_14636,child_num 精确匹配
inheritor_30591,贾志亮,VIII-160,VIII-160_10_331122,陕西省,multiple_candidates,subitem_23791;subitem_23792;subitem_23793,child_num 精确匹配
inheritor_30592,热西提·依米提,VIII-160,VIII-160_10_640521,新疆维吾尔自治区,multiple_candidates,subitem_23795;subitem_23796,child_num 精确匹配
inheritor_30593,哈塔木沙·努尔,VIII-160,VIII-160_10_640521,新疆维吾尔自治区,multiple_candidates,subitem_23795;subitem_23796,child_num 精确匹配
inheritor_30594,于振玲,VIII-160,VIII-160_10_640521,宁夏回族自治区,multiple_candidates,subitem_23795;subitem_23796,child_num 精确匹配
inheritor_30595,张志军,VIII-164,VIII-164_10_320100,江苏省,matched,subitem_23798,child_num 精确匹配
inheritor_30596,陈顺通,VIII-166,VIII-166_02_330700,浙江省,matched,subitem_14654,child_num 精确匹配
inheritor_30597,马国强,VIII-168,VIII-168_10_640300,宁夏回族自治区,matched,subitem_23799,child_num 精确匹配
inheritor_30598,曾家快,VIII-175,VIII-175_02_330329,浙江省,matched,subitem_14671,child_num 精确匹配
inheritor_30599,张月来,VIII-176,VIII-176_02_330600,浙江省,matched,subitem_14675,child_num 精确匹配
inheritor_30600,吕雄心,VIII-177,VIII-177_02_330783,浙江省,matched,subitem_14679,child_num 精确匹配
inheritor_30601,刘大山,VIII-179,VIII-179_02_350502,福建省,matched,subitem_14681,child_num 精确匹配
inheritor_30602,叶本营,VIII-179,VIII-179_02_350583,福建省,matched,subitem_14683,child_num 精确匹配
inheritor_30603,班凤斌,VIII-181,VIII-181_02_150900,内蒙古自治区,matched,subitem_14690,child_num 精确匹配
inheritor_30604,符那庆,VIII-182,VIII-182_02_469007,海南省,matched,subitem_14692,child_num 精确匹配
inheritor_30605,其米巴丹,VIII-186,VIII-186_02_513323,四川省,matched,subitem_14696,child_num 精确匹配
inheritor_30606,王国跃,VIII-186,VIII-186_03_513221,四川省,matched,subitem_14697,child_num 精确匹配
inheritor_30607,陈鹏飞,VIII-187,VIII-187_03_330682,浙江省,matched,subitem_14702,child_num 精确匹配
inheritor_30608,施珍,VIII-187,VIII-187_03_330282,浙江省,matched,subitem_14701,child_num 精确匹配
inheritor_30609,王河生,VIII-192,VIII-192_03_330300,浙江省,matched,subitem_14708,child_num 精确匹配
inheritor_30610,陈玉秋,VIII-193,VIII-193_10_220200,吉林省,matched,subitem_23801,child_num 精确匹配
inheritor_30611,巴图陶高,VIII-196,VIII-196_10_150824,内蒙古自治区,matched,subitem_23805,child_num 精确匹配
inheritor_30612,肖岗,VIII-196,VIII-196_10_140602,山西省,matched,subitem_23804,child_num 精确匹配
inheritor_30613,张珮琛,VIII-197,VIII-197_10_150824,上海市,matched,subitem_23806,child_num 精确匹配
inheritor_30614,周鹏程,VIII-200,VIII-200_10_360124,江西省,matched,subitem_23807,child_num 精确匹配
inheritor_30615,林振传,VIII-203,VIII-203_03_350982,福建省,matched,subitem_14724,child_num 精确匹配
inheritor_30616,万玉其,VIII-211,VIII-211_03_433127,湖南省,matched,subitem_14733,child_num 精确匹配
inheritor_30617,徐文奎,VIII-214,VIII-214_10_330802,浙江省,matched,subitem_23808,child_num 精确匹配
inheritor_30618,伍映山,VIII-215,VIII-215_04_360800,江西省,matched,subitem_14738,child_num 精确匹配
inheritor_30619,杨蕴,VIII-220,VIII-220_10_330802,上海市,matched,subitem_23809,child_num 精确匹配
inheritor_30620,林文溪,VIII-224,VIII-224_10_130622,福建省,multiple_candidates,subitem_23811;subitem_23812,child_num 精确匹配
inheritor_30621,周元昌,VIII-230,VIII-230_04_310101,上海市,matched,subitem_14754,child_num 精确匹配
inheritor_30622,任德峰,VIII-230,VIII-230_04_310101,上海市,matched,subitem_14754,child_num 精确匹配
inheritor_30623,陈乐平,VIII-239,VIII-239_04_360281,江西省,matched,subitem_14764,child_num 精确匹配
inheritor_30624,李建平,VIII-242,VIII-242_10_990434,山西省,matched,subitem_23555,child_num 精确匹配
inheritor_30625,梅国建,VIII-243,VIII-243_10_410423,河南省,matched,subitem_23556,child_num 精确匹配
inheritor_30626,吴中凤,VIII-244,VIII-244_10_110101,北京市,matched,subitem_23557,child_num 精确匹配
inheritor_30627,赵锡祥,VIII-246,VIII-246_10_330109,浙江省,matched,subitem_23559,child_num 精确匹配
inheritor_30628,蓝延蓝,VIII-247,VIII-247_10_331127,浙江省,matched,subitem_23560,child_num 精确匹配
inheritor_30629,娜汉,VIII-249,VIII-249_10_530829,云南省,matched,subitem_23562,child_num 精确匹配
inheritor_30630,胡志强,VIII-250,VIII-250_10_330784,浙江省,matched,subitem_23563,child_num 精确匹配
inheritor_30631,项绍清,VIII-251,VIII-251_10_421303,湖北省,matched,subitem_23564,child_num 精确匹配
inheritor_30632,谭志平,VIII-253,VIII-253_10_530722,云南省,matched,subitem_23566,child_num 精确匹配
inheritor_30633,何深,VIII-256,VIII-256_10_130626,河北省,matched,subitem_23569,child_num 精确匹配
inheritor_30634,乔秋云,VIII-260,VIII-260_10_621225,未知,matched,subitem_23573,child_num 精确匹配
inheritor_30635,刘新,VIII-261,VIII-261_10_321000,江苏省,matched,subitem_23574,child_num 精确匹配
inheritor_30636,李国伟,VIII-263,VIII-263_10_530000,云南省,matched,subitem_23576,child_num 精确匹配
inheritor_30637,赵伟,VIII-265,VIII-265_10_120115,天津市,matched,subitem_23578,child_num 精确匹配
inheritor_30638,钱建华,VIII-266,VIII-266_10_330182,浙江省,matched,subitem_23580,child_num 精确匹配
inheritor_30639,杨腊三,VIII-268,VIII-268_10_990435,云南省,matched,subitem_23582,child_num 精确匹配
inheritor_30640,张根东,VIII-270,VIII-270_10_340000,安徽省,matched,subitem_23584,child_num 精确匹配
inheritor_30641,方树光,VIII-271,VIII-271_10_445100,广东省,matched,subitem_23585,child_num 精确匹配
inheritor_30642,卢朝华,VIII-272,VIII-272_10_510000,四川省,matched,subitem_23586,child_num 精确匹配
inheritor_30643,徐孝洪,VIII-272,VIII-272_10_510000,四川省,matched,subitem_23586,child_num 精确匹配
inheritor_30644,易明珍,VIII-274,VIII-274_10_431229,湖南省,matched,subitem_23589,child_num 精确匹配
inheritor_30645,吴生忠,VIII-275,VIII-275_10_310101,上海市,matched,subitem_23590,child_num 精确匹配
inheritor_30646,龙付孙,VIII-277,VIII-277_10_450300,广西壮族自治区,matched,subitem_23596,child_num 精确匹配
inheritor_30647,区又生,VIII-277,VIII-277_10_440100,广东省,matched,subitem_23594,child_num 精确匹配
inheritor_30648,王静之,VIII-278,VIII-278_10_450400,广西壮族自治区,matched,subitem_23597,child_num 精确匹配
inheritor_30649,吴笃琴,VIII-279,VIII-279_10_522601,贵州省,matched,subitem_23598,child_num 精确匹配
inheritor_30650,詹和安,VIII-281,VIII-281_10_360222,江西省,matched,subitem_23600,child_num 精确匹配
inheritor_30651,纪传英,VIII-283,VIII-283_10_440507,广东省,matched,subitem_23602,child_num 精确匹配
inheritor_30652,阿西拉批,VIII-284,VIII-284_10_513400,四川省,matched,subitem_23603,child_num 精确匹配
inheritor_30653,卫东,VIII-285,VIII-285_10_632823,青海省,matched,subitem_23605,child_num 精确匹配
inheritor_30654,王顺利,VIII-286,VIII-286_10_632823,陕西省,matched,subitem_23606,child_num 精确匹配
inheritor_30655,马振仁,VIII-287,VIII-287_10_640400,宁夏回族自治区,matched,subitem_23607,child_num 精确匹配
inheritor_30656,唐旭东,IX-1,IX-001_01_110101,未知,matched,subitem_14767,child_num 精确匹配
inheritor_30657,严隽陶,IX-2,IX-002_10_140729,上海市,multiple_candidates,subitem_23816;subitem_23817;subitem_23818,child_num 精确匹配
inheritor_30658,丁义江,IX-2,IX-002_04_320104,江苏省,matched,subitem_14779,child_num 精确匹配
inheritor_30659,李艳,IX-2,IX-002_03_341000,安徽省,matched,subitem_14773,child_num 精确匹配
inheritor_30660,孔令誉,IX-2,IX-002_10_110105,北京市,matched,subitem_23814,child_num 精确匹配
inheritor_30661,王金贵,IX-2,IX-002_10_120104,天津市,matched,subitem_23815,child_num 精确匹配
inheritor_30662,王和鸣,IX-2,IX-002_10_341024,福建省,multiple_candidates,subitem_23820;subitem_23821,child_num 精确匹配
inheritor_30663,宋兆普,IX-2,IX-002_10_410482,河南省,matched,subitem_23823,child_num 精确匹配
inheritor_30664,钟磊,IX-2,IX-002_10_510000,四川省,matched,subitem_23825,child_num 精确匹配
inheritor_30665,滕英,IX-2,IX-002_10_341024,安徽省,multiple_candidates,subitem_23820;subitem_23821,child_num 精确匹配
inheritor_30666,郭华,IX-2,IX-002_10_140729,山西省,multiple_candidates,subitem_23816;subitem_23817;subitem_23818,child_num 精确匹配
inheritor_30667,房敏,IX-2,IX-002_10_140729,上海市,multiple_candidates,subitem_23816;subitem_23817;subitem_23818,child_num 精确匹配
inheritor_30668,张喜钦,IX-2,IX-002_10_410702,河南省,matched,subitem_23822,child_num 精确匹配
inheritor_30669,周超凡,IX-2,IX-002_01_110101,未知,matched,subitem_14768,child_num 精确匹配
inheritor_30670,陈柏忠,IX-3,IX-003_10_440705,广东省,matched,subitem_23829,child_num 精确匹配
inheritor_30671,康明轩,IX-3,IX-003_02_410800,河南省,matched,subitem_14790,child_num 精确匹配
inheritor_30672,肖永庆,IX-3,IX-003_01_110101a,未知,matched,subitem_14788,child_num 精确匹配
inheritor_30673,张义生,IX-3,IX-003_10_420102,湖北省,matched,subitem_23828,child_num 精确匹配
inheritor_30674,马祥海,IX-4,IX-004_10_120106,天津市,matched,subitem_23832,child_num 精确匹配
inheritor_30675,宋石墩,IX-4,IX-004_04_140825,山西省,matched,subitem_14823,child_num 精确匹配
inheritor_30676,王锋,IX-4,IX-004_04_140726,山西省,matched,subitem_14822,child_num 精确匹配
inheritor_30677,顾万霞,IX-4,IX-004_10_320600,江苏省,matched,subitem_23834,child_num 精确匹配
inheritor_30678,杜新磊,IX-4,IX-004_04_370811,山东省,matched,subitem_14829,child_num 精确匹配
inheritor_30679,黄龙祥,IX-5,IX-005_01_110101,未知,matched,subitem_14833,child_num 精确匹配
inheritor_30680,韩善明,IX-5,IX-005_10_421126,湖北省,multiple_candidates,subitem_23837;subitem_23838,child_num 精确匹配
inheritor_30681,陈秀华,IX-5,IX-005_10_421126,广东省,multiple_candidates,subitem_23837;subitem_23838,child_num 精确匹配
inheritor_30682,赵时碧,IX-5,IX-005_10_500103,重庆市,multiple_candidates,subitem_23839;subitem_23840,child_num 精确匹配
inheritor_30683,程红锋,IX-5,IX-005_10_500103,未知,multiple_candidates,subitem_23839;subitem_23840,child_num 精确匹配
inheritor_30684,杨金生,IX-5,IX-005_10_500103,未知,multiple_candidates,subitem_23839;subitem_23840,child_num 精确匹配
inheritor_30685,李飞跃,IX-6,IX-006_10_310000,上海市,matched,subitem_23842,child_num 精确匹配
inheritor_30686,詹红生,IX-6,IX-006_04_310115,上海市,matched,subitem_14849,child_num 精确匹配
inheritor_30687,林子顺,IX-6,IX-006_03_350104,福建省,matched,subitem_14847,child_num 精确匹配
inheritor_30688,朱立国,IX-6,IX-006_01_110101,未知,matched,subitem_14838,child_num 精确匹配
inheritor_30689,李涛,IX-6,IX-006_10_150100,内蒙古自治区,matched,subitem_23841,child_num 精确匹配
inheritor_30690,章允志,IX-6,IX-006_03_331000,浙江省,matched,subitem_14846,child_num 精确匹配
inheritor_30691,郭珈宜,IX-6,IX-006_02_410300,河南省,matched,subitem_14842,child_num 精确匹配
inheritor_30692,朱怀宇,IX-6,IX-006_10_500105,重庆市,matched,subitem_23845,child_num 精确匹配
inheritor_30693,徐泽三,IX-6,IX-006_10_371624,山东省,matched,subitem_23844,child_num 精确匹配
inheritor_30694,朱龙,IX-6,IX-006_10_610528,陕西省,matched,subitem_23846,child_num 精确匹配
inheritor_30695,赵小刚,IX-7,IX-007_01_110105,北京市,matched,subitem_14852,child_num 精确匹配
inheritor_30696,丁光明,IX-8,IX-008_01_330102,浙江省,matched,subitem_14853,child_num 精确匹配
inheritor_30697,旦松扎巴,IX-9,IX-009_10_542400,西藏自治区,matched,subitem_23848,child_num 精确匹配
inheritor_30698,雨觉,IX-9,IX-009_03_533400,云南省,matched,subitem_14865,child_num 精确匹配
inheritor_30699,多杰仁青,IX-9,IX-009_10_610528,西藏自治区,matched,subitem_23847,child_num 精确匹配
inheritor_30700,次仁罗布,IX-9,IX-009_10_610528,西藏自治区,matched,subitem_23847,child_num 精确匹配
inheritor_30701,看照加,IX-9,IX-009_02_623026,甘肃省,matched,subitem_14861,child_num 精确匹配
inheritor_30702,王成亚,IX-10,IX-010_10_630225,北京市,multiple_candidates,subitem_23850;subitem_23851,child_num 精确匹配
inheritor_30703,申屠银洪,IX-11,IX-011_10_330122,浙江省,matched,subitem_23852,child_num 精确匹配
inheritor_30704,卢其福,IX-11,IX-011_02_440113,广东省,matched,subitem_14874,child_num 精确匹配
inheritor_30705,胡达来,IX-12,IX-012_03_150522,内蒙古自治区,matched,subitem_14878,child_num 精确匹配
inheritor_30706,富玉兰,IX-12,IX-012_10_150500,内蒙古自治区,matched,subitem_23856,child_num 精确匹配
inheritor_30707,龙薪臣,IX-15,IX-015_10_522635,贵州省,matched,subitem_23857,child_num 精确匹配
inheritor_30708,陈堃,IX-17,IX-017_04_640300,宁夏回族自治区,matched,subitem_14891,child_num 精确匹配
inheritor_30709,吾斯曼·牙生,IX-21,IX-021_04_652101,新疆维吾尔自治区,matched,subitem_14901,child_num 精确匹配
inheritor_30710,向富昌,X-3,X-003_01_420527,湖北省,matched,subitem_14915,child_num 精确匹配
inheritor_30711,席兰兰,X-4,X-004_02_621225,甘肃省,matched,subitem_14927,child_num 精确匹配
inheritor_30712,蔡荣礼,X-8,X-008_02_533100,云南省,matched,subitem_14944,child_num 精确匹配
inheritor_30713,王秀平,X-10,X-010_03_520527,贵州省,matched,subitem_14948,child_num 精确匹配
inheritor_30714,何应贵,X-10,X-010_01_532300,云南省,matched,subitem_14947,child_num 精确匹配
inheritor_30715,赵光舜,X-14,X-014_10_431081,湖南省,matched,subitem_23863,child_num 精确匹配
inheritor_30716,邓敬万,X-14,X-014_01_440200,广东省,matched,subitem_14954,child_num 精确匹配
inheritor_30717,罗高英姐,X-18,X-018_01_513200,四川省,matched,subitem_14959,child_num 精确匹配
inheritor_30718,代鑫,X-26,X-026_01_520623,贵州省,matched,subitem_14969,child_num 精确匹配
inheritor_30719,李文广,X-35,X-035_01_370881,山东省,matched,subitem_14982,child_num 精确匹配
inheritor_30720,孔令立,X-35,X-035_03_330800,浙江省,matched,subitem_14983,child_num 精确匹配
inheritor_30721,李庆祥,X-36,X-036_04_120112,天津市,matched,subitem_14988,child_num 精确匹配
inheritor_30722,麦炽英,X-44,X-044_01_442000,广东省,matched,subitem_15002,child_num 精确匹配
inheritor_30723,卡孜木·哈得尔(卡孜木·哈的尔),X-49,X-049_02_652328,新疆维吾尔自治区,matched,subitem_15011,child_num 精确匹配
inheritor_30724,裴保林,X-54,X-054_02_130429,河北省,matched,subitem_15021,child_num 精确匹配
inheritor_30725,敖志红(阿尔斯楞),X-55,X-055_02_220721,吉林省,matched,subitem_15031,child_num 精确匹配
inheritor_30726,朱有洲,X-60,X-060_02_411081,河南省,matched,subitem_15039,child_num 精确匹配
inheritor_30727,詹国平,X-64,X-064_01_350521,福建省,matched,subitem_15043,child_num 精确匹配
inheritor_30728,姜老本,X-65,X-065_02_522632,贵州省,matched,subitem_15053,child_num 精确匹配
inheritor_30729,李素芳,X-67,X-067_01_451100,广西壮族自治区,matched,subitem_15056,child_num 精确匹配
inheritor_30730,封武,X-68,X-068_03_520623,贵州省,matched,subitem_15062,child_num 精确匹配
inheritor_30731,胡美月,X-69,X-069_01_431125,湖南省,matched,subitem_15067,child_num 精确匹配
inheritor_30732,杨胜昭,X-70,X-070_01_522700,贵州省,matched,subitem_15068,child_num 精确匹配
inheritor_30733,靳洪安,X-71,X-071_02_110116,北京市,matched,subitem_15070,child_num 精确匹配
inheritor_30734,严基树,X-71,X-071_10_420700,湖北省,matched,subitem_23874,child_num 精确匹配
inheritor_30735,赵世荣,X-71,X-071_02_630202,青海省,matched,subitem_15080,child_num 精确匹配
inheritor_30736,蓝仙兰,X-73,X-073_02_331127,浙江省,matched,subitem_15094,child_num 精确匹配
inheritor_30737,邝活发,X-81,X-081_02_440783,广东省,matched,subitem_15111,child_num 精确匹配
inheritor_30738,牛俊启,X-81,X-081_02_131081,河北省,matched,subitem_15105,child_num 精确匹配
inheritor_30739,王德凤,X-84,X-084_02_110109,北京市,matched,subitem_15119,child_num 精确匹配
inheritor_30740,骆炳根,X-84,X-084_10_441900,广东省,matched,subitem_23885,child_num 精确匹配
inheritor_30741,李耀辉,X-85,X-085_04_810000,香港特别行政区,matched,subitem_15179,child_num 精确匹配
inheritor_30742,罗盛宗,X-85,X-085_10_350203,澳门特别行政区,multiple_candidates,subitem_23890;subitem_23891,child_num 精确匹配
inheritor_30743,范忠义,X-90,X-090_02_141024,山西省,matched,subitem_15218,child_num 精确匹配
inheritor_30744,胡连刚,X-87,X-087_02_150121,内蒙古自治区,matched,subitem_15189,child_num 精确匹配
inheritor_30745,陈文山,X-87,X-087_02_441523,广东省,matched,subitem_15202,child_num 精确匹配
inheritor_30746,孙康福,X-87,X-087_02_440883,广东省,matched,subitem_15201,child_num 精确匹配
inheritor_30747,周兴光,X-87,X-087_02_330726,浙江省,matched,subitem_15191,child_num 精确匹配
inheritor_30748,黄学军,X-87,X-087_02_341521,安徽省,matched,subitem_15193,child_num 精确匹配
inheritor_30749,张国勤,X-87,X-087_02_640423,宁夏回族自治区,matched,subitem_15208,child_num 精确匹配
inheritor_30750,刘尚德,X-88,X-088_10_130726,河北省,matched,subitem_23893,child_num 精确匹配
inheritor_30751,许亨行,X-89,X-089_02_210600,辽宁省,matched,subitem_15215,child_num 精确匹配
inheritor_30752,曲比拉机,X-90,X-090_04_513436,四川省,matched,subitem_15226,child_num 精确匹配
inheritor_30753,布冬霞,X-91,X-091_02_150785,内蒙古自治区,matched,subitem_15228,child_num 精确匹配
inheritor_30754,敖云其木格,X-92,X-092_02_152900,内蒙古自治区,matched,subitem_15229,child_num 精确匹配
inheritor_30755,张文,X-94,X-094_02_220721,吉林省,matched,subitem_15231,child_num 精确匹配
inheritor_30756,徐亚乐,X-95,X-095_02_330521,浙江省,matched,subitem_15233,child_num 精确匹配
inheritor_30757,何小道(何晓道),X-98,X-098_02_330226,浙江省,matched,subitem_15237,child_num 精确匹配
inheritor_30758,洪美淑,X-99,X-099_02_222400,吉林省,matched,subitem_15239,child_num 精确匹配
inheritor_30759,雷明珍,X-104,X-104_02_511725,四川省,matched,subitem_15244,child_num 精确匹配
inheritor_30760,姜伍发,X-105,X-105_02_532931,云南省,matched,subitem_15245,child_num 精确匹配
inheritor_30761,叶汉钟,X-107,X-107_02_445100,广东省,matched,subitem_15247,child_num 精确匹配
inheritor_30762,周黎维,X-107,X-107_10_450332,广西壮族自治区,matched,subitem_23894,child_num 精确匹配
inheritor_30763,贾兰本,X-113,X-113_02_632221,青海省,matched,subitem_15264,child_num 精确匹配
inheritor_30764,刘芹英,X-119,X-119_02_110108,未知,matched,subitem_15272,child_num 精确匹配
inheritor_30765,王卫达,X-119,X-119_02_110108,未知,matched,subitem_15272,child_num 精确匹配
inheritor_30766,银巴,X-121,X-121_02_540000,西藏自治区,matched,subitem_15276,child_num 精确匹配
inheritor_30767,吉尔阿布,X-129,X-129_03_513400,四川省,matched,subitem_15287,child_num 精确匹配
inheritor_30768,雷其松,X-139,X-139_04_350921,福建省,matched,subitem_15307,child_num 精确匹配
inheritor_30769,吴玉梅,X-139,X-139_04_230881,黑龙江省,matched,subitem_15305,child_num 精确匹配
inheritor_30770,房伟华,X-139,X-139_04_441826,广东省,matched,subitem_15308,child_num 精确匹配
inheritor_30771,郭景林,X-139,X-139_03_230206,黑龙江省,matched,subitem_15299,child_num 精确匹配
inheritor_30772,古丽尼沙·依斯拉木汗,X-144,X-144_03_653131,新疆维吾尔自治区,matched,subitem_15314,child_num 精确匹配
inheritor_30773,吴美荣,X-154,X-154_04_150700,内蒙古自治区,matched,subitem_15324,child_num 精确匹配
inheritor_30774,吴正默,X-160,X-160_10_222405,吉林省,matched,subitem_23608,child_num 精确匹配
inheritor_30775,蒙灵,X-161,X-161_10_451227,广西壮族自治区,matched,subitem_23609,child_num 精确匹配
inheritor_30776,和桂生,X-166,X-166_10_530721,云南省,matched,subitem_23614,child_num 精确匹配
inheritor_30777,八才三,X-168,X-168_10_533321,云南省,matched,subitem_23616,child_num 精确匹配
inheritor_30778,陈有根,X-175,X-175_10_330727,浙江省,matched,subitem_23623,child_num 精确匹配
inheritor_30779,韦建廷,X-176,X-176_10_450124,广西壮族自治区,matched,subitem_23624,child_num 精确匹配
inheritor_30780,王才华,X-180,X-180_10_632802,青海省,matched,subitem_23628,child_num 精确匹配
